week,mode,prep,susceptible_1,acute_1,chronic_1,aids_1,dead_1,susceptible_2,acute_2,chronic_2,aids_2,dead_2,susceptible_3,acute_3,chronic_3,aids_3,dead_3,susceptible_4,acute_4,chronic_4,aids_4,dead_4,susceptible_5,acute_5,chronic_5,aids_5,dead_5,susceptible_6,acute_6,chronic_6,aids_6,dead_6,susceptible_7,acute_7,chronic_7,aids_7,dead_7,susceptible_8,acute_8,chronic_8,aids_8,dead_8,susceptible_9,acute_9,chronic_9,aids_9,dead_9,susceptible_10,acute_10,chronic_10,aids_10,dead_10,susceptible_11,acute_11,chronic_11,aids_11,dead_11,susceptible_12,acute_12,chronic_12,aids_12,dead_12,susceptible_13,acute_13,chronic_13,aids_13,dead_13,susceptible_14,acute_14,chronic_14,aids_14,dead_14,susceptible_15,acute_15,chronic_15,aids_15,dead_15,susceptible_16,acute_16,chronic_16,aids_16,dead_16,susceptible_17,acute_17,chronic_17,aids_17,dead_17,susceptible_18,acute_18,chronic_18,aids_18,dead_18,susceptible_19,acute_19,chronic_19,aids_19,dead_19,susceptible_20,acute_20,chronic_20,aids_20,dead_20,susceptible_21,acute_21,chronic_21,aids_21,dead_21,susceptible_22,acute_22,chronic_22,aids_22,dead_22,susceptible_23,acute_23,chronic_23,aids_23,dead_23,susceptible_24,acute_24,chronic_24,aids_24,dead_24,susceptible_25,acute_25,chronic_25,aids_25,dead_25,susceptible_26,acute_26,chronic_26,aids_26,dead_26,susceptible_27,acute_27,chronic_27,aids_27,dead_27,susceptible_28,acute_28,chronic_28,aids_28,dead_28,susceptible_29,acute_29,chronic_29,aids_29,dead_29,susceptible_30,acute_30,chronic_30,aids_30,dead_30,susceptible_31,acute_31,chronic_31,aids_31,dead_31,susceptible_32,acute_32,chronic_32,aids_32,dead_32,susceptible_33,acute_33,chronic_33,aids_33,dead_33,susceptible_34,acute_34,chronic_34,aids_34,dead_34,susceptible_35,acute_35,chronic_35,aids_35,dead_35,susceptible_36,acute_36,chronic_36,aids_36,dead_36,susceptible_37,acute_37,chronic_37,aids_37,dead_37,susceptible_38,acute_38,chronic_38,aids_38,dead_38,susceptible_39,acute_39,chronic_39,aids_39,dead_39,susceptible_40,acute_40,chronic_40,aids_40,dead_40,susceptible_41,acute_41,chronic_41,aids_41,dead_41,susceptible_42,acute_42,chronic_42,aids_42,dead_42,susceptible_43,acute_43,chronic_43,aids_43,dead_43,susceptible_44,acute_44,chronic_44,aids_44,dead_44,susceptible_45,acute_45,chronic_45,aids_45,dead_45,susceptible_46,acute_46,chronic_46,aids_46,dead_46,susceptible_47,acute_47,chronic_47,aids_47,dead_47,susceptible_48,acute_48,chronic_48,aids_48,dead_48,susceptible_49,acute_49,chronic_49,aids_49,dead_49,susceptible_50,acute_50,chronic_50,aids_50,dead_50
0,targeted_homosexual,0.2,890,110,0,0,0,890,110,0,0,0,890,110,0,0,0,890,110,0,0,0,890,110,0,0,0,890,110,0,0,0,890,110,0,0,0,890,110,0,0,0,890,110,0,0,0,890,110,0,0,0,890,110,0,0,0,890,110,0,0,0,890,110,0,0,0,890,110,0,0,0,890,110,0,0,0,890,110,0,0,0,890,110,0,0,0,890,110,0,0,0,890,110,0,0,0,890,110,0,0,0,890,110,0,0,0,890,110,0,0,0,890,110,0,0,0,890,110,0,0,0,890,110,0,0,0,890,110,0,0,0,890,110,0,0,0,890,110,0,0,0,890,110,0,0,0,890,110,0,0,0,890,110,0,0,0,890,110,0,0,0,890,110,0,0,0,890,110,0,0,0,890,110,0,0,0,890,110,0,0,0,890,110,0,0,0,890,110,0,0,0,890,110,0,0,0,890,110,0,0,0,890,110,0,0,0,890,110,0,0,0,890,110,0,0,0,890,110,0,0,0,890,110,0,0,0,890,110,0,0,0,890,110,0,0,0,890,110,0,0,0,890,110,0,0,0,890,110,0,0,0
1,targeted_homosexual,0.2,885,115,0,0,0,886,114,0,0,0,886,114,0,0,0,887,113,0,0,0,888,112,0,0,0,889,111,0,0,0,886,114,0,0,0,885,115,0,0,0,886,114,0,0,0,888,112,0,0,0,889,111,0,0,0,885,115,0,0,0,887,113,0,0,0,886,114,0,0,0,890,110,0,0,0,885,115,0,0,0,887,113,0,0,0,889,111,0,0,0,888,112,0,0,0,886,114,0,0,0,885,115,0,0,0,889,111,0,0,0,884,116,0,0,0,887,113,0,0,0,887,113,0,0,0,887,113,0,0,0,888,112,0,0,0,885,115,0,0,0,885,115,0,0,0,886,114,0,0,0,882,118,0,0,0,889,111,0,0,0,886,114,0,0,0,887,113,0,0,0,888,112,0,0,0,887,113,0,0,0,885,115,0,0,0,884,116,0,0,0,888,112,0,0,0,886,114,0,0,0,888,112,0,0,0,886,114,0,0,0,887,113,0,0,0,885,115,0,0,0,884,116,0,0,0,887,113,0,0,0,887,113,0,0,0,888,112,0,0,0,887,113,0,0,0,884,116,0,0,0
2,targeted_homosexual,0.2,883,117,0,0,0,882,118,0,0,0,882,118,0,0,0,884,116,0,0,0,884,116,0,0,0,889,111,0,0,0,883,117,0,0,0,881,119,0,0,0,882,118,0,0,0,886,114,0,0,0,885,115,0,0,0,884,116,0,0,0,881,119,0,0,0,883,117,0,0,0,887,113,0,0,0,880,120,0,0,0,884,116,0,0,0,884,116,0,0,0,887,113,0,0,0,883,117,0,0,0,881,119,0,0,0,885,115,0,0,0,880,120,0,0,0,883,117,0,0,0,886,114,0,0,0,883,117,0,0,0,883,117,0,0,0,882,118,0,0,0,884,116,0,0,0,883,117,0,0,0,879,121,0,0,0,886,114,0,0,0,884,116,0,0,0,885,115,0,0,0,881,119,0,0,0,881,119,0,0,0,883,117,0,0,0,884,116,0,0,0,888,112,0,0,0,883,117,0,0,0,884,116,0,0,0,884,116,0,0,0,882,118,0,0,0,882,118,0,0,0,882,118,0,0,0,885,115,0,0,0,886,114,0,0,0,888,112,0,0,0,885,115,0,0,0,882,118,0,0,0
3,targeted_homosexual,0.2,883,117,0,0,0,879,121,0,0,0,881,119,0,0,0,881,119,0,0,0,879,121,0,0,0,884,116,0,0,0,878,122,0,0,0,878,122,0,0,0,880,120,0,0,0,882,118,0,0,0,883,117,0,0,0,883,117,0,0,0,880,120,0,0,0,882,118,0,0,0,884,116,0,0,0,879,121,0,0,0,880,120,0,0,0,883,117,0,0,0,882,118,0,0,0,879,121,0,0,0,880,120,0,0,0,882,118,0,0,0,877,123,0,0,0,881,119,0,0,0,884,116,0,0,0,881,119,0,0,0,879,121,0,0,0,880,120,0,0,0,883,117,0,0,0,880,120,0,0,0,878,122,0,0,0,884,116,0,0,0,881,119,0,0,0,881,119,0,0,0,879,121,0,0,0,879,121,0,0,0,882,118,0,0,0,881,119,0,0,0,886,114,0,0,0,881,119,0,0,0,883,117,0,0,0,880,120,0,0,0,881,119,0,0,0,881,119,0,0,0,881,119,0,0,0,884,116,0,0,0,880,120,0,0,0,885,115,0,0,0,883,117,0,0,0,877,123,0,0,0
4,targeted_homosexual,0.2,879,121,0,0,0,875,125,0,0,0,877,123,0,0,0,875,125,0,0,0,878,122,0,0,0,882,118,0,0,0,878,122,0,0,0,875,125,0,0,0,877,123,0,0,0,880,120,0,0,0,879,121,0,0,0,878,122,0,0,0,879,121,0,0,0,880,120,0,0,0,881,119,0,0,0,875,125,0,0,0,878,122,0,0,0,879,121,0,0,0,881,119,0,0,0,878,122,0,0,0,875,125,0,0,0,878,122,0,0,0,876,124,0,0,0,877,123,0,0,0,880,120,0,0,0,880,120,0,0,0,876,124,0,0,0,878,122,0,0,0,879,121,0,0,0,875,125,0,0,0,878,122,0,0,0,880,120,0,0,0,877,123,0,0,0,879,121,0,0,0,877,123,0,0,0,878,122,0,0,0,881,119,0,0,0,878,122,0,0,0,882,118,0,0,0,878,122,0,0,0,880,120,0,0,0,878,122,0,0,0,879,121,0,0,0,880,120,0,0,0,879,121,0,0,0,879,121,0,0,0,876,124,0,0,0,880,120,0,0,0,878,122,0,0,0,876,124,0,0,0
5,targeted_homosexual,0.2,877,123,0,0,0,874,126,0,0,0,876,124,0,0,0,872,128,0,0,0,876,124,0,0,0,880,120,0,0,0,875,125,0,0,0,874,126,0,0,0,876,124,0,0,0,880,120,0,0,0,875,125,0,0,0,877,123,0,0,0,878,122,0,0,0,878,122,0,0,0,876,124,0,0,0,872,128,0,0,0,872,128,0,0,0,876,124,0,0,0,878,122,0,0,0,878,122,0,0,0,873,127,0,0,0,876,124,0,0,0,874,126,0,0,0,873,127,0,0,0,875,125,0,0,0,875,125,0,0,0,876,124,0,0,0,875,125,0,0,0,874,126,0,0,0,873,127,0,0,0,875,125,0,0,0,877,123,0,0,0,875,125,0,0,0,877,123,0,0,0,875,125,0,0,0,877,123,0,0,0,878,122,0,0,0,876,124,0,0,0,880,120,0,0,0,877,123,0,0,0,874,126,0,0,0,877,123,0,0,0,875,125,0,0,0,879,121,0,0,0,877,123,0,0,0,875,125,0,0,0,875,125,0,0,0,875,125,0,0,0,875,125,0,0,0,874,126,0,0,0
6,targeted_homosexual,0.2,875,125,0,0,0,873,127,0,0,0,875,125,0,0,0,868,132,0,0,0,875,125,0,0,0,877,123,0,0,0,871,129,0,0,0,874,126,0,0,0,873,127,0,0,0,879,121,0,0,0,869,131,0,0,0,874,126,0,0,0,874,126,0,0,0,875,125,0,0,0,875,125,0,0,0,867,133,0,0,0,871,129,0,0,0,873,127,0,0,0,876,124,0,0,0,878,122,0,0,0,873,127,0,0,0,876,124,0,0,0,871,129,0,0,0,867,133,0,0,0,874,126,0,0,0,871,129,0,0,0,874,126,0,0,0,870,130,0,0,0,870,130,0,0,0,871,129,0,0,0,871,129,0,0,0,875,125,0,0,0,874,126,0,0,0,874,126,0,0,0,873,127,0,0,0,873,127,0,0,0,876,124,0,0,0,872,128,0,0,0,877,123,0,0,0,874,126,0,0,0,870,130,0,0,0,877,123,0,0,0,872,128,0,0,0,879,121,0,0,0,874,126,0,0,0,869,131,0,0,0,873,127,0,0,0,872,128,0,0,0,874,126,0,0,0,872,128,0,0,0
7,targeted_homosexual,0.2,875,125,0,0,0,871,129,0,0,0,872,128,0,0,0,865,135,0,0,0,873,127,0,0,0,875,125,0,0,0,870,130,0,0,0,874,126,0,0,0,869,131,0,0,0,875,125,0,0,0,866,134,0,0,0,871,129,0,0,0,873,127,0,0,0,873,127,0,0,0,874,126,0,0,0,862,138,0,0,0,871,129,0,0,0,871,129,0,0,0,872,128,0,0,0,876,124,0,0,0,872,128,0,0,0,874,126,0,0,0,869,131,0,0,0,864,136,0,0,0,871,129,0,0,0,869,131,0,0,0,874,126,0,0,0,866,134,0,0,0,866,134,0,0,0,871,129,0,0,0,868,132,0,0,0,873,127,0,0,0,871,129,0,0,0,868,132,0,0,0,871,129,0,0,0,871,129,0,0,0,875,125,0,0,0,867,133,0,0,0,876,124,0,0,0,872,128,0,0,0,867,133,0,0,0,872,128,0,0,0,870,130,0,0,0,876,124,0,0,0,870,130,0,0,0,868,132,0,0,0,872,128,0,0,0,866,134,0,0,0,871,129,0,0,0,870,130,0,0,0
8,targeted_homosexual,0.2,873,127,0,0,0,868,132,0,0,0,871,129,0,0,0,862,138,0,0,0,868,132,0,0,0,872,128,0,0,0,867,133,0,0,0,874,126,0,0,0,868,132,0,0,0,873,127,0,0,0,863,137,0,0,0,870,130,0,0,0,872,128,0,0,0,869,131,0,0,0,872,128,0,0,0,862,138,0,0,0,866,134,0,0,0,869,131,0,0,0,872,128,0,0,0,873,127,0,0,0,868,132,0,0,0,873,127,0,0,0,864,136,0,0,0,862,138,0,0,0,868,132,0,0,0,868,132,0,0,0,873,127,0,0,0,865,135,0,0,0,866,134,0,0,0,869,131,0,0,0,866,134,0,0,0,869,131,0,0,0,867,133,0,0,0,865,135,0,0,0,870,130,0,0,0,867,133,0,0,0,875,125,0,0,0,864,136,0,0,0,873,127,0,0,0,871,129,0,0,0,864,136,0,0,0,872,128,0,0,0,868,132,0,0,0,873,127,0,0,0,868,132,0,0,0,865,135,0,0,0,868,132,0,0,0,863,137,0,0,0,870,130,0,0,0,870,130,0,0,0
9,targeted_homosexual,0.2,872,128,0,0,0,866,134,0,0,0,870,130,0,0,0,860,140,0,0,0,866,134,0,0,0,871,129,0,0,0,864,136,0,0,0,872,128,0,0,0,868,132,0,0,0,872,128,0,0,0,858,142,0,0,0,865,135,0,0,0,869,131,0,0,0,868,132,0,0,0,871,129,0,0,0,861,139,0,0,0,864,136,0,0,0,868,132,0,0,0,870,130,0,0,0,871,129,0,0,0,864,136,0,0,0,872,128,0,0,0,863,137,0,0,0,860,140,0,0,0,867,133,0,0,0,867,133,0,0,0,870,130,0,0,0,862,138,0,0,0,866,134,0,0,0,868,132,0,0,0,863,137,0,0,0,867,133,0,0,0,864,136,0,0,0,864,136,0,0,0,869,131,0,0,0,863,137,0,0,0,873,127,0,0,0,862,138,0,0,0,870,130,0,0,0,870,130,0,0,0,858,142,0,0,0,870,130,0,0,0,868,132,0,0,0,873,127,0,0,0,864,136,0,0,0,864,136,0,0,0,866,134,0,0,0,862,138,0,0,0,869,131,0,0,0,869,131,0,0,0
10,targeted_homosexual,0.2,869,131,0,0,0,866,134,0,0,0,870,130,0,0,0,853,147,0,0,0,863,137,0,0,0,871,129,0,0,0,863,137,0,0,0,869,131,0,0,0,867,133,0,0,0,869,131,0,0,0,857,143,0,0,0,864,136,0,0,0,869,131,0,0,0,865,135,0,0,0,869,131,0,0,0,857,143,0,0,0,863,137,0,0,0,868,132,0,0,0,864,136,0,0,0,871,129,0,0,0,864,136,0,0,0,871,129,0,0,0,862,138,0,0,0,858,142,0,0,0,861,139,0,0,0,864,136,0,0,0,868,132,0,0,0,860,140,0,0,0,864,136,0,0,0,866,134,0,0,0,862,138,0,0,0,864,136,0,0,0,861,139,0,0,0,863,137,0,0,0,866,134,0,0,0,863,137,0,0,0,872,128,0,0,0,858,142,0,0,0,870,130,0,0,0,868,132,0,0,0,857,143,0,0,0,869,131,0,0,0,868,132,0,0,0,871,129,0,0,0,864,136,0,0,0,862,138,0,0,0,861,139,0,0,0,860,140,0,0,0,867,133,0,0,0,867,133,0,0,0
11,targeted_homosexual,0.2,867,133,0,0,0,860,140,0,0,0,869,131,0,0,0,850,150,0,0,0,863,137,0,0,0,871,129,0,0,0,862,138,0,0,0,867,133,0,0,0,866,134,0,0,0,868,132,0,0,0,854,146,0,0,0,861,139,0,0,0,867,133,0,0,0,864,136,0,0,0,866,134,0,0,0,852,148,0,0,0,861,139,0,0,0,865,135,0,0,0,864,136,0,0,0,868,132,0,0,0,864,136,0,0,0,868,132,0,0,0,862,138,0,0,0,855,145,0,0,0,859,141,0,0,0,862,138,0,0,0,868,132,0,0,0,857,143,0,0,0,864,136,0,0,0,866,134,0,0,0,861,139,0,0,0,863,137,0,0,0,860,140,0,0,0,861,139,0,0,0,864,136,0,0,0,862,138,0,0,0,869,131,0,0,0,856,144,0,0,0,868,132,0,0,0,866,134,0,0,0,853,147,0,0,0,868,132,0,0,0,868,132,0,0,0,871,129,0,0,0,863,137,0,0,0,860,140,0,0,0,859,141,0,0,0,856,144,0,0,0,864,136,0,0,0,866,134,0,0,0
12,targeted_homosexual,0.2,867,133,0,0,0,857,143,0,0,0,868,132,0,0,0,850,150,0,0,0,863,137,0,0,0,869,131,0,0,0,860,140,0,0,0,864,136,0,0,0,864,136,0,0,0,867,133,0,0,0,850,150,0,0,0,860,140,0,0,0,866,134,0,0,0,862,138,0,0,0,864,136,0,0,0,849,151,0,0,0,860,140,0,0,0,862,138,0,0,0,863,137,0,0,0,866,134,0,0,0,864,136,0,0,0,866,134,0,0,0,861,139,0,0,0,850,150,0,0,0,858,142,0,0,0,860,140,0,0,0,866,134,0,0,0,854,146,0,0,0,861,139,0,0,0,866,134,0,0,0,860,140,0,0,0,861,139,0,0,0,858,142,0,0,0,857,143,0,0,0,863,137,0,0,0,860,140,0,0,0,865,135,0,0,0,854,146,0,0,0,867,133,0,0,0,865,135,0,0,0,851,149,0,0,0,866,134,0,0,0,868,132,0,0,0,868,132,0,0,0,860,140,0,0,0,857,143,0,0,0,859,141,0,0,0,856,144,0,0,0,863,137,0,0,0,862,138,0,0,0
13,targeted_homosexual,0.2,867,23,110,0,0,856,34,110,0,0,868,22,110,0,0,850,40,110,0,0,862,28,110,0,0,869,21,110,0,0,860,30,110,0,0,864,26,110,0,0,864,26,110,0,0,867,23,110,0,0,849,41,110,0,0,860,30,110,0,0,866,24,110,0,0,862,28,110,0,0,864,26,110,0,0,849,41,110,0,0,860,30,110,0,0,862,28,110,0,0,863,27,110,0,0,866,24,110,0,0,864,26,110,0,0,866,24,110,0,0,861,29,110,0,0,850,40,110,0,0,858,32,110,0,0,859,31,110,0,0,866,24,110,0,0,854,36,110,0,0,861,29,110,0,0,866,24,110,0,0,860,30,110,0,0,860,30,110,0,0,858,32,110,0,0,855,35,110,0,0,863,27,110,0,0,859,31,110,0,0,864,26,110,0,0,853,37,110,0,0,867,23,110,0,0,865,25,110,0,0,851,39,110,0,0,866,24,110,0,0,868,22,110,0,0,868,22,110,0,0,860,30,110,0,0,856,34,110,0,0,859,31,110,0,0,856,34,110,0,0,862,28,110,0,0,861,29,110,0,0
14,targeted_homosexual,0.2,867,18,115,0,0,856,30,114,0,0,868,18,114,0,0,850,37,113,0,0,861,27,112,0,0,869,20,111,0,0,860,26,114,0,0,864,21,115,0,0,864,22,114,0,0,866,22,112,0,0,848,41,111,0,0,860,25,115,0,0,863,24,113,0,0,862,24,114,0,0,862,28,110,0,0,849,36,115,0,0,860,27,113,0,0,862,27,111,0,0,862,26,112,0,0,865,21,114,0,0,863,22,115,0,0,866,23,111,0,0,861,23,116,0,0,849,38,113,0,0,858,29,113,0,0,859,28,113,0,0,865,23,112,0,0,853,32,115,0,0,861,24,115,0,0,866,20,114,0,0,860,22,118,0,0,860,29,111,0,0,858,28,114,0,0,855,32,113,0,0,861,27,112,0,0,858,29,113,0,0,864,21,115,0,0,851,33,116,0,0,867,21,112,0,0,865,21,114,0,0,851,37,112,0,0,866,20,114,0,0,868,19,113,0,0,868,17,115,0,0,860,24,116,0,0,856,31,113,0,0,857,30,113,0,0,856,32,112,0,0,862,25,113,0,0,861,23,116,0,0
15,targeted_homosexual,0.2,867,16,117,0,0,856,26,118,0,0,867,15,118,0,0,849,35,116,0,0,861,23,116,0,0,869,20,111,0,0,860,23,117,0,0,864,17,119,0,0,864,18,118,0,0,866,20,114,0,0,848,37,115,0,0,860,24,116,0,0,863,18,119,0,0,862,21,117,0,0,862,25,113,0,0,849,31,120,0,0,860,24,116,0,0,862,22,116,0,0,861,26,113,0,0,865,18,117,0,0,863,18,119,0,0,864,21,115,0,0,861,19,120,0,0,848,35,117,0,0,858,28,114,0,0,859,24,117,0,0,864,19,117,0,0,853,29,118,0,0,861,23,116,0,0,866,17,117,0,0,860,19,121,0,0,860,26,114,0,0,858,26,116,0,0,854,31,115,0,0,861,20,119,0,0,858,23,119,0,0,862,21,117,0,0,850,34,116,0,0,867,21,112,0,0,865,18,117,0,0,850,34,116,0,0,865,19,116,0,0,868,14,118,0,0,868,14,118,0,0,860,22,118,0,0,856,29,115,0,0,856,30,114,0,0,856,32,112,0,0,862,23,115,0,0,861,21,118,0,0
16,targeted_homosexual,0.2,867,16,117,0,0,854,25,121,0,0,867,14,119,0,0,849,32,119,0,0,861,18,121,0,0,869,15,116,0,0,860,18,122,0,0,864,14,122,0,0,864,16,120,0,0,866,16,118,0,0,848,35,117,0,0,860,23,117,0,0,863,17,120,0,0,862,20,118,0,0,862,22,116,0,0,849,30,121,0,0,859,21,120,0,0,862,21,117,0,0,861,21,118,0,0,865,14,121,0,0,863,17,120,0,0,864,18,118,0,0,861,16,123,0,0,848,33,119,0,0,856,28,116,0,0,859,22,119,0,0,864,15,121,0,0,853,27,120,0,0,861,22,117,0,0,866,14,120,0,0,860,18,122,0,0,860,24,116,0,0,858,23,119,0,0,854,27,119,0,0,861,18,121,0,0,858,21,121,0,0,861,21,118,0,0,850,31,119,0,0,867,19,114,0,0,865,16,119,0,0,850,33,117,0,0,864,16,120,0,0,868,13,119,0,0,867,14,119,0,0,860,21,119,0,0,856,28,116,0,0,856,24,120,0,0,856,29,115,0,0,861,22,117,0,0,861,16,123,0,0
17,targeted_homosexual,0.2,867,12,121,0,0,854,21,125,0,0,867,10,123,0,0,849,26,125,0,0,861,17,122,0,0,869,13,118,0,0,860,18,122,0,0,863,12,125,0,0,863,14,123,0,0,866,14,120,0,0,847,32,121,0,0,860,18,122,0,0,862,17,121,0,0,862,18,120,0,0,862,19,119,0,0,849,26,125,0,0,859,19,122,0,0,862,17,121,0,0,861,20,119,0,0,865,13,122,0,0,863,12,125,0,0,863,15,122,0,0,860,16,124,0,0,848,29,123,0,0,854,26,120,0,0,859,21,120,0,0,864,12,124,0,0,853,25,122,0,0,860,19,121,0,0,866,9,125,0,0,860,18,122,0,0,860,20,120,0,0,858,19,123,0,0,854,25,121,0,0,861,16,123,0,0,858,20,122,0,0,861,20,119,0,0,850,28,122,0,0,867,15,118,0,0,865,13,122,0,0,850,30,120,0,0,864,14,122,0,0,868,11,121,0,0,866,14,120,0,0,860,19,121,0,0,856,23,121,0,0,855,21,124,0,0,855,25,120,0,0,861,17,122,0,0,861,15,124,0,0
18,targeted_homosexual,0.2,867,10,123,0,0,854,20,126,0,0,867,9,124,0,0,849,23,128,0,0,861,15,124,0,0,869,11,120,0,0,860,15,125,0,0,862,12,126,0,0,863,13,124,0,0,866,14,120,0,0,847,28,125,0,0,860,17,123,0,0,862,16,122,0,0,862,16,122,0,0,862,14,124,0,0,849,23,128,0,0,859,13,128,0,0,862,14,124,0,0,861,17,122,0,0,865,13,122,0,0,863,10,127,0,0,863,13,124,0,0,860,14,126,0,0,848,25,127,0,0,854,21,125,0,0,859,16,125,0,0,864,12,124,0,0,852,23,125,0,0,860,14,126,0,0,866,7,127,0,0,859,16,125,0,0,860,17,123,0,0,858,17,125,0,0,853,24,123,0,0,861,14,125,0,0,858,19,123,0,0,861,17,122,0,0,850,26,124,0,0,867,13,120,0,0,865,12,123,0,0,850,24,126,0,0,864,13,123,0,0,868,7,125,0,0,866,13,121,0,0,859,18,123,0,0,856,19,125,0,0,855,20,125,0,0,855,20,125,0,0,861,14,125,0,0,861,13,126,0,0
19,targeted_homosexual,0.2,867,8,125,0,0,853,20,127,0,0,867,8,125,0,0,849,19,132,0,0,861,14,125,0,0,869,8,123,0,0,860,11,129,0,0,862,12,126,0,0,863,10,127,0,0,865,14,121,0,0,847,22,131,0,0,860,14,126,0,0,860,14,126,0,0,862,13,125,0,0,862,13,125,0,0,849,18,133,0,0,859,12,129,0,0,862,11,127,0,0,861,15,124,0,0,865,13,122,0,0,863,10,127,0,0,863,13,124,0,0,860,11,129,0,0,847,20,133,0,0,854,20,126,0,0,859,12,129,0,0,863,11,126,0,0,852,18,130,0,0,860,10,130,0,0,866,5,129,0,0,859,12,129,0,0,860,15,125,0,0,858,16,126,0,0,853,21,126,0,0,861,12,127,0,0,858,15,127,0,0,861,15,124,0,0,849,23,128,0,0,867,10,123,0,0,865,9,126,0,0,849,21,130,0,0,864,13,123,0,0,868,4,128,0,0,866,13,121,0,0,859,15,126,0,0,856,13,131,0,0,855,18,127,0,0,855,17,128,0,0,861,13,126,0,0,861,11,128,0,0
20,targeted_homosexual,0.2,867,8,125,0,0,853,18,129,0,0,867,5,128,0,0,849,16,135,0,0,861,12,127,0,0,869,6,125,0,0,860,10,130,0,0,862,12,126,0,0,863,6,131,0,0,865,10,125,0,0,846,20,134,0,0,860,11,129,0,0,860,13,127,0,0,862,11,127,0,0,862,12,126,0,0,849,13,138,0,0,859,12,129,0,0,862,9,129,0,0,861,11,128,0,0,864,12,124,0,0,863,9,128,0,0,862,12,126,0,0,860,9,131,0,0,847,17,136,0,0,854,17,129,0,0,858,11,131,0,0,863,11,126,0,0,852,14,134,0,0,860,6,134,0,0,866,5,129,0,0,859,9,132,0,0,860,13,127,0,0,858,13,129,0,0,853,15,132,0,0,861,10,129,0,0,858,13,129,0,0,861,14,125,0,0,847,20,133,0,0,867,9,124,0,0,865,7,128,0,0,848,19,133,0,0,864,8,128,0,0,868,2,130,0,0,866,10,124,0,0,859,11,130,0,0,856,12,132,0,0,855,17,128,0,0,855,11,134,0,0,860,11,129,0,0,861,9,130,0,0
21,targeted_homosexual,0.2,867,6,127,0,0,853,15,132,0,0,867,4,129,0,0,849,13,138,0,0,861,7,132,0,0,868,4,128,0,0,860,7,133,0,0,862,12,126,0,0,863,5,132,0,0,865,8,127,0,0,846,17,137,0,0,860,10,130,0,0,860,12,128,0,0,862,7,131,0,0,861,11,128,0,0,849,13,138,0,0,859,7,134,0,0,862,7,131,0,0,861,11,128,0,0,864,9,127,0,0,863,5,132,0,0,862,11,127,0,0,860,4,136,0,0,847,15,138,0,0,854,14,132,0,0,858,10,132,0,0,863,10,127,0,0,852,13,135,0,0,860,6,134,0,0,866,3,131,0,0,859,7,134,0,0,860,9,131,0,0,857,10,133,0,0,853,12,135,0,0,861,9,130,0,0,858,9,133,0,0,861,14,125,0,0,847,17,136,0,0,867,6,127,0,0,865,6,129,0,0,848,16,136,0,0,864,8,128,0,0,868,0,132,0,0,866,7,127,0,0,859,9,132,0,0,856,9,135,0,0,854,14,132,0,0,855,8,137,0,0,860,10,130,0,0,860,10,130,0,0
22,targeted_homosexual,0.2,867,5,128,0,0,853,13,134,0,0,867,3,130,0,0,849,11,140,0,0,861,5,134,0,0,867,4,129,0,0,860,4,136,0,0,862,10,128,0,0,863,5,132,0,0,865,7,128,0,0,846,12,142,0,0,860,5,135,0,0,860,9,131,0,0,862,6,132,0,0,861,10,129,0,0,849,12,139,0,0,859,5,136,0,0,861,7,132,0,0,861,9,130,0,0,864,7,129,0,0,863,1,136,0,0,861,11,128,0,0,860,3,137,0,0,847,13,140,0,0,854,13,133,0,0,858,9,133,0,0,863,7,130,0,0,852,10,138,0,0,860,6,134,0,0,866,2,132,0,0,859,4,137,0,0,860,7,133,0,0,857,7,136,0,0,853,11,136,0,0,860,9,131,0,0,858,5,137,0,0,861,12,127,0,0,847,15,138,0,0,867,3,130,0,0,865,5,130,0,0,848,10,142,0,0,864,6,130,0,0,868,0,132,0,0,866,7,127,0,0,859,5,136,0,0,856,8,136,0,0,854,12,134,0,0,855,7,138,0,0,860,9,131,0,0,860,9,131,0,0
23,targeted_homosexual,0.2,867,2,131,0,0,853,13,134,0,0,867,3,130,0,0,849,4,147,0,0,861,2,137,0,0,867,4,129,0,0,860,3,137,0,0,862,7,131,0,0,863,4,133,0,0,865,4,131,0,0,846,11,143,0,0,860,4,136,0,0,860,9,131,0,0,862,3,135,0,0,861,8,131,0,0,849,8,143,0,0,859,4,137,0,0,861,7,132,0,0,861,3,136,0,0,864,7,129,0,0,863,1,136,0,0,861,10,129,0,0,860,2,138,0,0,846,12,142,0,0,854,7,139,0,0,858,6,136,0,0,863,5,132,0,0,852,8,140,0,0,859,5,136,0,0,866,0,134,0,0,859,3,138,0,0,860,4,136,0,0,857,4,139,0,0,853,10,137,0,0,860,6,134,0,0,858,5,137,0,0,861,11,128,0,0,847,11,142,0,0,867,3,130,0,0,865,3,132,0,0,848,9,143,0,0,864,5,131,0,0,868,0,132,0,0,866,5,129,0,0,858,6,136,0,0,856,6,138,0,0,854,7,139,0,0,855,5,140,0,0,860,7,133,0,0,859,8,133,0,0
24,targeted_homosexual,0.2,867,0,133,0,0,853,7,140,0,0,867,2,131,0,0,849,1,150,0,0,861,2,137,0,0,867,4,129,0,0,860,2,138,0,0,862,5,133,0,0,863,3,134,0,0,865,3,132,0,0,846,8,146,0,0,860,1,139,0,0,860,7,133,0,0,862,2,136,0,0,861,5,134,0,0,849,3,148,0,0,859,2,139,0,0,861,4,135,0,0,861,3,136,0,0,864,4,132,0,0,863,1,136,0,0,861,7,132,0,0,860,2,138,0,0,846,9,145,0,0,854,5,141,0,0,858,4,138,0,0,861,7,132,0,0,851,6,143,0,0,859,5,136,0,0,866,0,134,0,0,859,2,139,0,0,860,3,137,0,0,857,3,140,0,0,853,8,139,0,0,859,5,136,0,0,858,4,138,0,0,861,8,131,0,0,847,9,144,0,0,867,1,132,0,0,865,1,134,0,0,848,5,147,0,0,864,4,132,0,0,868,0,132,0,0,866,5,129,0,0,858,5,137,0,0,856,4,140,0,0,854,5,141,0,0,855,1,144,0,0,860,4,136,0,0,859,7,134,0,0
25,targeted_homosexual,0.2,867,0,133,0,0,853,4,143,0,0,867,1,132,0,0,849,1,150,0,0,861,2,137,0,0,867,2,131,0,0,860,0,140,0,0,862,2,136,0,0,863,1,136,0,0,864,3,133,0,0,846,4,150,0,0,860,0,140,0,0,860,6,134,0,0,862,0,138,0,0,861,3,136,0,0,849,0,151,0,0,859,1,140,0,0,861,1,138,0,0,861,2,137,0,0,864,2,134,0,0,863,1,136,0,0,861,5,134,0,0,860,1,139,0,0,846,4,150,0,0,854,4,142,0,0,858,2,140,0,0,861,5,134,0,0,851,3,146,0,0,859,2,139,0,0,866,0,134,0,0,859,1,140,0,0,860,1,139,0,0,856,2,142,0,0,853,4,143,0,0,859,4,137,0,0,857,3,140,0,0,861,4,135,0,0,847,7,146,0,0,867,0,133,0,0,865,0,135,0,0,848,3,149,0,0,864,2,134,0,0,868,0,132,0,0,866,2,132,0,0,857,3,140,0,0,856,1,143,0,0,854,5,141,0,0,855,1,144,0,0,859,4,137,0,0,858,4,138,0,0
26,targeted_homosexual,0.2,867,0,133,0,0,853,3,144,0,0,867,1,132,0,0,848,2,150,0,0,861,1,138,0,0,867,2,131,0,0,860,0,140,0,0,862,2,136,0,0,863,1,136,0,0,864,3,133,0,0,846,3,151,0,0,860,0,140,0,0,860,6,134,0,0,862,0,138,0,0,861,3,136,0,0,849,0,151,0,0,859,1,140,0,0,861,1,138,0,0,861,2,137,0,0,864,2,134,0,0,863,1,136,0,0,861,5,134,0,0,860,1,139,0,0,846,4,150,0,0,854,4,142,0,0,858,1,141,0,0,861,5,134,0,0,850,4,146,0,0,859,2,139,0,0,866,0,134,0,0,859,1,140,0,0,860,0,140,0,0,856,2,142,0,0,853,2,145,0,0,859,4,137,0,0,857,2,141,0,0,861,3,136,0,0,847,6,147,0,0,867,0,133,0,0,865,0,135,0,0,848,3,149,0,0,864,2,134,0,0,868,0,132,0,0,866,2,132,0,0,857,3,140,0,0,856,0,144,0,0,854,5,141,0,0,855,1,144,0,0,859,3,138,0,0,857,4,139,0,0
27,targeted_homosexual,0.2,867,0,133,0,0,853,3,144,0,0,867,1,132,0,0,848,2,150,0,0,861,0,139,0,0,867,2,131,0,0,860,0,140,0,0,862,2,136,0,0,863,1,136,0,0,864,2,134,0,0,846,2,152,0,0,860,0,140,0,0,860,3,137,0,0,862,0,138,0,0,861,1,138,0,0,849,0,151,0,0,859,1,140,0,0,861,1,138,0,0,861,1,138,0,0,864,1,135,0,0,863,0,137,0,0,861,5,134,0,0,860,1,139,0,0,846,3,151,0,0,854,4,142,0,0,858,1,141,0,0,861,4,135,0,0,850,3,147,0,0,859,2,139,0,0,866,0,134,0,0,858,2,140,0,0,860,0,140,0,0,855,3,142,0,0,853,2,145,0,0,859,2,139,0,0,857,1,142,0,0,861,3,136,0,0,847,4,149,0,0,867,0,133,0,0,865,0,135,0,0,848,3,149,0,0,864,2,134,0,0,868,0,132,0,0,866,2,132,0,0,857,3,140,0,0,856,0,144,0,0,853,4,143,0,0,855,1,144,0,0,859,3,138,0,0,857,4,139,0,0
28,targeted_homosexual,0.2,867,0,133,0,0,853,3,144,0,0,867,0,133,0,0,848,1,151,0,0,861,0,139,0,0,867,2,131,0,0,859,1,140,0,0,862,2,136,0,0,863,1,136,0,0,864,2,134,0,0,846,2,152,0,0,860,0,140,0,0,860,3,137,0,0,862,0,138,0,0,861,1,138,0,0,849,0,151,0,0,859,1,140,0,0,861,1,138,0,0,861,0,139,0,0,864,1,135,0,0,863,0,137,0,0,861,3,136,0,0,860,1,139,0,0,846,2,152,0,0,854,4,142,0,0,858,1,141,0,0,861,3,136,0,0,850,3,147,0,0,859,2,139,0,0,866,0,134,0,0,858,2,140,0,0,860,0,140,0,0,855,3,142,0,0,853,1,146,0,0,859,2,139,0,0,857,1,142,0,0,861,1,138,0,0,847,3,150,0,0,867,0,133,0,0,865,0,135,0,0,848,2,150,0,0,864,1,135,0,0,868,0,132,0,0,866,2,132,0,0,857,3,140,0,0,856,0,144,0,0,853,3,144,0,0,854,2,144,0,0,859,3,138,0,0,857,4,139,0,0
29,targeted_homosexual,0.2,867,0,133,0,0,853,1,146,0,0,867,0,133,0,0,848,1,151,0,0,861,0,139,0,0,866,3,131,0,0,859,1,140,0,0,862,2,136,0,0,863,1,136,0,0,864,2,134,0,0,846,2,152,0,0,860,0,140,0,0,860,3,137,0,0,862,0,138,0,0,861,1,138,0,0,849,0,151,0,0,859,0,141,0,0,861,1,138,0,0,861,0,139,0,0,864,1,135,0,0,863,0,137,0,0,861,3,136,0,0,860,1,139,0,0,846,2,152,0,0,854,2,144,0,0,858,1,141,0,0,861,3,136,0,0,850,3,147,0,0,859,2,139,0,0,866,0,134,0,0,858,2,140,0,0,860,0,140,0,0,855,3,142,0,0,853,1,146,0,0,859,2,139,0,0,857,1,142,0,0,861,0,139,0,0,847,3,150,0,0,867,0,133,0,0,865,0,135,0,0,848,2,150,0,0,864,0,136,0,0,868,0,132,0,0,866,1,133,0,0,856,4,140,0,0,856,0,144,0,0,853,3,144,0,0,854,2,144,0,0,859,2,139,0,0,857,4,139,0,0
30,targeted_homosexual,0.2,867,0,133,0,0,853,1,146,0,0,867,0,133,0,0,848,1,151,0,0,861,0,139,0,0,866,3,131,0,0,858,2,140,0,0,862,1,137,0,0,863,0,137,0,0,864,2,134,0,0,846,1,153,0,0,860,0,140,0,0,859,3,138,0,0,862,0,138,0,0,861,1,138,0,0,849,0,151,0,0,859,0,141,0,0,861,1,138,0,0,861,0,139,0,0,864,1,135,0,0,863,0,137,0,0,861,2,137,0,0,860,0,140,0,0,846,2,152,0,0,854,0,146,0,0,858,1,141,0,0,861,3,136,0,0,850,3,147,0,0,859,1,140,0,0,866,0,134,0,0,858,2,140,0,0,859,1,140,0,0,855,3,142,0,0,853,1,146,0,0,859,2,139,0,0,857,1,142,0,0,861,0,139,0,0,847,3,150,0,0,867,0,133,0,0,865,0,135,0,0,848,2,150,0,0,864,0,136,0,0,868,0,132,0,0,866,0,134,0,0,855,5,140,0,0,856,0,144,0,0,853,2,145,0,0,854,1,145,0,0,859,2,139,0,0,857,4,139,0,0
31,targeted_homosexual,0.2,867,0,133,0,0,853,1,146,0,0,867,0,133,0,0,848,1,151,0,0,861,0,139,0,0,866,3,131,0,0,858,2,140,0,0,862,0,138,0,0,862,1,137,0,0,864,2,134,0,0,846,1,153,0,0,860,0,140,0,0,859,3,138,0,0,862,0,138,0,0,861,1,138,0,0,849,0,151,0,0,859,0,141,0,0,861,1,138,0,0,861,0,139,0,0,864,1,135,0,0,863,0,137,0,0,861,2,137,0,0,860,0,140,0,0,846,2,152,0,0,854,0,146,0,0,858,1,141,0,0,861,3,136,0,0,850,2,148,0,0,859,1,140,0,0,866,0,134,0,0,858,1,141,0,0,859,1,140,0,0,855,3,142,0,0,853,0,147,0,0,859,2,139,0,0,857,1,142,0,0,861,0,139,0,0,846,4,150,0,0,867,0,133,0,0,865,0,135,0,0,848,2,150,0,0,864,0,136,0,0,868,0,132,0,0,866,0,134,0,0,855,4,141,0,0,856,0,144,0,0,853,2,145,0,0,854,1,145,0,0,859,2,139,0,0,857,4,139,0,0
32,targeted_homosexual,0.2,867,0,133,0,0,853,0,147,0,0,867,0,133,0,0,847,2,151,0,0,861,0,139,0,0,865,4,131,0,0,858,2,140,0,0,862,0,138,0,0,862,1,137,0,0,864,1,135,0,0,846,1,153,0,0,860,0,140,0,0,859,1,140,0,0,862,0,138,0,0,861,1,138,0,0,849,0,151,0,0,859,0,141,0,0,861,1,138,0,0,861,0,139,0,0,864,1,135,0,0,863,0,137,0,0,861,2,137,0,0,860,0,140,0,0,846,1,153,0,0,854,0,146,0,0,858,1,141,0,0,861,2,137,0,0,850,2,148,0,0,859,1,140,0,0,866,0,134,0,0,858,1,141,0,0,859,1,140,0,0,855,3,142,0,0,853,0,147,0,0,859,2,139,0,0,857,1,142,0,0,861,0,139,0,0,846,3,151,0,0,867,0,133,0,0,865,0,135,0,0,848,1,151,0,0,864,0,136,0,0,868,0,132,0,0,866,0,134,0,0,855,4,141,0,0,856,0,144,0,0,853,2,145,0,0,854,1,145,0,0,859,2,139,0,0,857,4,139,0,0
33,targeted_homosexual,0.2,867,0,133,0,0,853,0,147,0,0,867,0,133,0,0,847,2,151,0,0,861,0,139,0,0,865,4,131,0,0,858,2,140,0,0,862,0,138,0,0,862,1,137,0,0,864,1,135,0,0,846,0,154,0,0,860,0,140,0,0,859,1,140,0,0,862,0,138,0,0,861,1,138,0,0,849,0,151,0,0,859,0,141,0,0,861,1,138,0,0,861,0,139,0,0,864,0,136,0,0,863,0,137,0,0,861,1,138,0,0,860,0,140,0,0,846,1,153,0,0,854,0,146,0,0,858,0,142,0,0,861,2,137,0,0,850,2,148,0,0,859,1,140,0,0,866,0,134,0,0,858,1,141,0,0,859,1,140,0,0,855,3,142,0,0,853,0,147,0,0,859,2,139,0,0,857,1,142,0,0,861,0,139,0,0,846,1,153,0,0,867,0,133,0,0,865,0,135,0,0,848,0,152,0,0,862,2,136,0,0,868,0,132,0,0,866,0,134,0,0,855,4,141,0,0,856,0,144,0,0,853,2,145,0,0,854,1,145,0,0,859,1,140,0,0,857,4,139,0,0
34,targeted_homosexual,0.2,867,0,133,0,0,853,0,147,0,0,867,0,133,0,0,847,2,151,0,0,861,0,139,0,0,865,3,132,0,0,858,2,140,0,0,862,0,138,0,0,862,1,137,0,0,864,1,135,0,0,846,0,154,0,0,859,1,140,0,0,859,1,140,0,0,862,0,138,0,0,861,0,139,0,0,849,0,151,0,0,859,0,141,0,0,861,1,138,0,0,861,0,139,0,0,864,0,136,0,0,863,0,137,0,0,861,1,138,0,0,860,0,140,0,0,846,1,153,0,0,854,0,146,0,0,858,0,142,0,0,861,2,137,0,0,850,2,148,0,0,859,1,140,0,0,866,0,134,0,0,858,1,141,0,0,859,1,140,0,0,855,2,143,0,0,853,0,147,0,0,859,2,139,0,0,857,1,142,0,0,861,0,139,0,0,846,1,153,0,0,867,0,133,0,0,865,0,135,0,0,848,0,152,0,0,862,2,136,0,0,868,0,132,0,0,866,0,134,0,0,855,4,141,0,0,856,0,144,0,0,853,1,146,0,0,854,1,145,0,0,859,1,140,0,0,857,3,140,0,0
35,targeted_homosexual,0.2,867,0,133,0,0,853,0,147,0,0,866,1,133,0,0,847,2,151,0,0,861,0,139,0,0,865,2,133,0,0,858,2,140,0,0,862,0,138,0,0,862,1,137,0,0,864,1,135,0,0,846,0,154,0,0,858,2,140,0,0,859,1,140,0,0,862,0,138,0,0,861,0,139,0,0,849,0,151,0,0,858,1,141,0,0,861,0,139,0,0,861,0,139,0,0,864,0,136,0,0,863,0,137,0,0,861,0,139,0,0,860,0,140,0,0,846,1,153,0,0,854,0,146,0,0,858,0,142,0,0,861,2,137,0,0,850,2,148,0,0,859,1,140,0,0,866,0,134,0,0,858,1,141,0,0,859,1,140,0,0,855,2,143,0,0,853,0,147,0,0,859,1,140,0,0,857,1,142,0,0,861,0,139,0,0,846,1,153,0,0,867,0,133,0,0,865,0,135,0,0,848,0,152,0,0,861,3,136,0,0,868,0,132,0,0,866,0,134,0,0,855,4,141,0,0,856,0,144,0,0,853,1,146,0,0,854,1,145,0,0,858,2,140,0,0,857,3,140,0,0
36,targeted_homosexual,0.2,867,0,133,0,0,853,0,147,0,0,866,1,133,0,0,847,2,151,0,0,861,0,139,0,0,865,2,133,0,0,858,2,140,0,0,862,0,138,0,0,861,2,137,0,0,863,2,135,0,0,846,0,154,0,0,858,2,140,0,0,859,1,140,0,0,862,0,138,0,0,861,0,139,0,0,849,0,151,0,0,858,1,141,0,0,861,0,139,0,0,861,0,139,0,0,864,0,136,0,0,863,0,137,0,0,861,0,139,0,0,860,0,140,0,0,846,0,154,0,0,854,0,146,0,0,858,0,142,0,0,861,2,137,0,0,850,2,148,0,0,859,0,141,0,0,866,0,134,0,0,858,1,141,0,0,859,1,140,0,0,855,2,143,0,0,853,0,147,0,0,859,1,140,0,0,857,1,142,0,0,861,0,139,0,0,846,1,153,0,0,867,0,133,0,0,865,0,135,0,0,848,0,152,0,0,861,3,136,0,0,868,0,132,0,0,866,0,134,0,0,855,3,142,0,0,856,0,144,0,0,853,1,146,0,0,854,1,145,0,0,858,2,140,0,0,857,2,141,0,0
37,targeted_homosexual,0.2,867,0,133,0,0,853,0,147,0,0,866,1,133,0,0,847,2,151,0,0,861,0,139,0,0,865,2,133,0,0,858,2,140,0,0,862,0,138,0,0,861,2,137,0,0,863,2,135,0,0,846,0,154,0,0,858,2,140,0,0,859,1,140,0,0,862,0,138,0,0,861,0,139,0,0,849,0,151,0,0,858,1,141,0,0,861,0,139,0,0,861,0,139,0,0,864,0,136,0,0,863,0,137,0,0,861,0,139,0,0,860,0,140,0,0,846,0,154,0,0,854,0,146,0,0,858,0,142,0,0,861,0,139,0,0,850,1,149,0,0,859,0,141,0,0,866,0,134,0,0,858,1,141,0,0,858,2,140,0,0,855,2,143,0,0,853,0,147,0,0,859,0,141,0,0,857,1,142,0,0,861,0,139,0,0,846,1,153,0,0,867,0,133,0,0,865,0,135,0,0,848,0,152,0,0,861,3,136,0,0,868,0,132,0,0,866,0,134,0,0,855,3,142,0,0,856,0,144,0,0,853,1,146,0,0,854,1,145,0,0,858,2,140,0,0,857,2,141,0,0
38,targeted_homosexual,0.2,867,0,133,0,0,853,0,147,0,0,866,1,133,0,0,847,2,151,0,0,861,0,139,0,0,865,2,133,0,0,858,2,140,0,0,862,0,138,0,0,861,2,137,0,0,863,1,136,0,0,846,0,154,0,0,858,2,140,0,0,859,1,140,0,0,861,1,138,0,0,861,0,139,0,0,849,0,151,0,0,858,1,141,0,0,861,0,139,0,0,861,0,139,0,0,864,0,136,0,0,863,0,137,0,0,861,0,139,0,0,860,0,140,0,0,846,0,154,0,0,854,0,146,0,0,858,0,142,0,0,861,0,139,0,0,850,1,149,0,0,859,0,141,0,0,866,0,134,0,0,858,1,141,0,0,858,2,140,0,0,855,1,144,0,0,853,0,147,0,0,859,0,141,0,0,857,0,143,0,0,861,0,139,0,0,846,1,153,0,0,867,0,133,0,0,865,0,135,0,0,848,0,152,0,0,861,3,136,0,0,868,0,132,0,0,866,0,134,0,0,855,2,143,0,0,856,0,144,0,0,853,1,146,0,0,854,1,145,0,0,858,1,141,0,0,857,1,142,0,0
39,targeted_homosexual,0.2,867,0,133,0,0,853,0,147,0,0,866,1,133,0,0,847,1,152,0,0,861,0,139,0,0,865,2,133,0,0,858,2,140,0,0,862,0,138,0,0,861,2,137,0,0,863,1,136,0,0,845,1,154,0,0,858,2,140,0,0,859,1,140,0,0,861,1,138,0,0,861,0,139,0,0,849,0,151,0,0,858,1,141,0,0,861,0,139,0,0,861,0,139,0,0,864,0,136,0,0,863,0,137,0,0,861,0,139,0,0,860,0,140,0,0,846,0,154,0,0,854,0,146,0,0,858,0,142,0,0,861,0,139,0,0,849,1,150,0,0,859,0,141,0,0,866,0,134,0,0,858,1,141,0,0,858,2,140,0,0,855,1,144,0,0,853,0,147,0,0,859,0,141,0,0,857,0,143,0,0,861,0,139,0,0,846,1,153,0,0,867,0,133,0,0,865,0,135,0,0,848,0,152,0,0,861,3,136,0,0,868,0,132,0,0,866,0,134,0,0,855,2,143,0,0,856,0,144,0,0,853,1,146,0,0,854,1,145,0,0,858,1,141,0,0,857,0,143,0,0
40,targeted_homosexual,0.2,867,0,133,0,0,853,0,147,0,0,866,1,133,0,0,847,1,152,0,0,861,0,139,0,0,865,2,133,0,0,858,2,140,0,0,862,0,138,0,0,861,2,137,0,0,863,1,136,0,0,845,1,154,0,0,858,2,140,0,0,859,1,140,0,0,861,1,138,0,0,861,0,139,0,0,849,0,151,0,0,858,1,141,0,0,861,0,139,0,0,861,0,139,0,0,864,0,136,0,0,863,0,137,0,0,861,0,139,0,0,860,0,140,0,0,846,0,154,0,0,854,0,146,0,0,858,0,142,0,0,861,0,139,0,0,849,1,150,0,0,859,0,141,0,0,866,0,134,0,0,858,0,142,0,0,858,2,140,0,0,855,0,145,0,0,853,0,147,0,0,859,0,141,0,0,857,0,143,0,0,861,0,139,0,0,846,1,153,0,0,867,0,133,0,0,865,0,135,0,0,848,0,152,0,0,861,3,136,0,0,868,0,132,0,0,866,0,134,0,0,855,2,143,0,0,856,0,144,0,0,853,0,147,0,0,854,1,145,0,0,858,1,141,0,0,857,0,143,0,0
41,targeted_homosexual,0.2,867,0,133,0,0,853,0,147,0,0,866,1,133,0,0,847,1,152,0,0,861,0,139,0,0,865,2,133,0,0,858,1,141,0,0,862,0,138,0,0,861,2,137,0,0,863,1,136,0,0,845,1,154,0,0,858,2,140,0,0,859,1,140,0,0,861,1,138,0,0,861,0,139,0,0,849,0,151,0,0,858,1,141,0,0,861,0,139,0,0,861,0,139,0,0,864,0,136,0,0,863,0,137,0,0,861,0,139,0,0,860,0,140,0,0,846,0,154,0,0,854,0,146,0,0,858,0,142,0,0,861,0,139,0,0,849,1,150,0,0,859,0,141,0,0,866,0,134,0,0,858,0,142,0,0,858,2,140,0,0,855,0,145,0,0,853,0,147,0,0,859,0,141,0,0,857,0,143,0,0,861,0,139,0,0,846,1,153,0,0,867,0,133,0,0,865,0,135,0,0,848,0,152,0,0,861,3,136,0,0,868,0,132,0,0,866,0,134,0,0,855,2,143,0,0,856,0,144,0,0,853,0,147,0,0,854,0,146,0,0,858,1,141,0,0,857,0,143,0,0
42,targeted_homosexual,0.2,867,0,133,0,0,853,0,147,0,0,866,1,133,0,0,847,1,152,0,0,861,0,139,0,0,865,1,134,0,0,858,1,141,0,0,862,0,138,0,0,861,2,137,0,0,863,1,136,0,0,845,1,154,0,0,858,2,140,0,0,859,1,140,0,0,861,1,138,0,0,861,0,139,0,0,849,0,151,0,0,858,1,141,0,0,861,0,139,0,0,861,0,139,0,0,864,0,136,0,0,863,0,137,0,0,861,0,139,0,0,860,0,140,0,0,846,0,154,0,0,854,0,146,0,0,858,0,142,0,0,861,0,139,0,0,849,1,150,0,0,859,0,141,0,0,866,0,134,0,0,858,0,142,0,0,858,2,140,0,0,855,0,145,0,0,853,0,147,0,0,859,0,141,0,0,857,0,143,0,0,861,0,139,0,0,846,1,153,0,0,867,0,133,0,0,865,0,135,0,0,848,0,152,0,0,861,3,136,0,0,868,0,132,0,0,866,0,134,0,0,855,1,144,0,0,856,0,144,0,0,853,0,147,0,0,854,0,146,0,0,858,1,141,0,0,857,0,143,0,0
43,targeted_homosexual,0.2,867,0,133,0,0,853,0,147,0,0,866,1,133,0,0,847,1,152,0,0,861,0,139,0,0,865,1,134,0,0,858,0,142,0,0,862,0,138,0,0,861,2,137,0,0,863,1,136,0,0,845,1,154,0,0,858,2,140,0,0,859,0,141,0,0,861,1,138,0,0,861,0,139,0,0,849,0,151,0,0,858,1,141,0,0,861,0,139,0,0,861,0,139,0,0,864,0,136,0,0,863,0,137,0,0,861,0,139,0,0,860,0,140,0,0,846,0,154,0,0,854,0,146,0,0,858,0,142,0,0,859,2,139,0,0,849,1,150,0,0,859,0,141,0,0,866,0,134,0,0,858,0,142,0,0,858,1,141,0,0,855,0,145,0,0,853,0,147,0,0,859,0,141,0,0,857,0,143,0,0,861,0,139,0,0,846,1,153,0,0,867,0,133,0,0,865,0,135,0,0,848,0,152,0,0,861,3,136,0,0,868,0,132,0,0,866,0,134,0,0,855,0,145,0,0,856,0,144,0,0,853,0,147,0,0,854,0,146,0,0,858,1,141,0,0,857,0,143,0,0
44,targeted_homosexual,0.2,867,0,133,0,0,853,0,147,0,0,866,1,133,0,0,847,1,152,0,0,861,0,139,0,0,865,1,134,0,0,858,0,142,0,0,862,0,138,0,0,861,1,138,0,0,863,1,136,0,0,845,1,154,0,0,858,2,140,0,0,859,0,141,0,0,861,1,138,0,0,861,0,139,0,0,849,0,151,0,0,858,1,141,0,0,861,0,139,0,0,861,0,139,0,0,864,0,136,0,0,863,0,137,0,0,861,0,139,0,0,860,0,140,0,0,846,0,154,0,0,854,0,146,0,0,858,0,142,0,0,859,2,139,0,0,849,1,150,0,0,859,0,141,0,0,866,0,134,0,0,858,0,142,0,0,858,1,141,0,0,855,0,145,0,0,852,1,147,0,0,858,1,141,0,0,857,0,143,0,0,861,0,139,0,0,846,0,154,0,0,867,0,133,0,0,865,0,135,0,0,848,0,152,0,0,861,3,136,0,0,868,0,132,0,0,866,0,134,0,0,855,0,145,0,0,856,0,144,0,0,853,0,147,0,0,854,0,146,0,0,858,1,141,0,0,857,0,143,0,0
45,targeted_homosexual,0.2,867,0,133,0,0,852,1,147,0,0,866,1,133,0,0,847,0,153,0,0,861,0,139,0,0,865,0,135,0,0,858,0,142,0,0,862,0,138,0,0,861,1,138,0,0,863,1,136,0,0,845,1,154,0,0,858,2,140,0,0,859,0,141,0,0,861,1,138,0,0,860,1,139,0,0,849,0,151,0,0,858,1,141,0,0,861,0,139,0,0,861,0,139,0,0,864,0,136,0,0,863,0,137,0,0,861,0,139,0,0,860,0,140,0,0,845,1,154,0,0,854,0,146,0,0,858,0,142,0,0,859,2,139,0,0,849,1,150,0,0,859,0,141,0,0,866,0,134,0,0,858,0,142,0,0,858,1,141,0,0,855,0,145,0,0,852,1,147,0,0,858,1,141,0,0,857,0,143,0,0,860,1,139,0,0,846,0,154,0,0,867,0,133,0,0,865,0,135,0,0,848,0,152,0,0,861,3,136,0,0,868,0,132,0,0,866,0,134,0,0,855,0,145,0,0,856,0,144,0,0,853,0,147,0,0,854,0,146,0,0,857,2,141,0,0,857,0,143,0,0
46,targeted_homosexual,0.2,867,0,133,0,0,852,1,147,0,0,866,1,133,0,0,847,0,153,0,0,861,0,139,0,0,865,0,135,0,0,858,0,142,0,0,862,0,138,0,0,861,1,138,0,0,863,1,136,0,0,844,2,154,0,0,858,2,140,0,0,859,0,141,0,0,861,1,138,0,0,860,1,139,0,0,849,0,151,0,0,858,1,141,0,0,861,0,139,0,0,861,0,139,0,0,864,0,136,0,0,863,0,137,0,0,861,0,139,0,0,860,0,140,0,0,845,1,154,0,0,854,0,146,0,0,858,0,142,0,0,859,2,139,0,0,849,1,150,0,0,859,0,141,0,0,866,0,134,0,0,858,0,142,0,0,858,1,141,0,0,855,0,145,0,0,852,1,147,0,0,858,1,141,0,0,857,0,143,0,0,860,1,139,0,0,846,0,154,0,0,867,0,133,0,0,865,0,135,0,0,848,0,152,0,0,861,1,138,0,0,868,0,132,0,0,866,0,134,0,0,855,0,145,0,0,856,0,144,0,0,853,0,147,0,0,854,0,146,0,0,857,2,141,0,0,857,0,143,0,0
47,targeted_homosexual,0.2,867,0,133,0,0,852,1,147,0,0,866,1,133,0,0,847,0,153,0,0,861,0,139,0,0,865,0,135,0,0,858,0,142,0,0,861,1,138,0,0,861,1,138,0,0,863,1,136,0,0,843,3,154,0,0,858,1,141,0,0,859,0,141,0,0,860,2,138,0,0,860,1,139,0,0,849,0,151,0,0,858,1,141,0,0,861,0,139,0,0,860,1,139,0,0,864,0,136,0,0,863,0,137,0,0,861,0,139,0,0,860,0,140,0,0,845,1,154,0,0,854,0,146,0,0,858,0,142,0,0,859,2,139,0,0,849,1,150,0,0,859,0,141,0,0,866,0,134,0,0,858,0,142,0,0,858,1,141,0,0,855,0,145,0,0,852,1,147,0,0,858,1,141,0,0,857,0,143,0,0,860,1,139,0,0,846,0,154,0,0,867,0,133,0,0,865,0,135,0,0,848,0,152,0,0,861,1,138,0,0,868,0,132,0,0,866,0,134,0,0,855,0,145,0,0,856,0,144,0,0,853,0,147,0,0,854,0,146,0,0,857,2,141,0,0,857,0,143,0,0
48,targeted_homosexual,0.2,867,0,133,0,0,852,1,147,0,0,866,0,134,0,0,847,0,153,0,0,861,0,139,0,0,865,0,135,0,0,858,0,142,0,0,861,1,138,0,0,861,1,138,0,0,863,1,136,0,0,843,3,154,0,0,858,0,142,0,0,859,0,141,0,0,860,2,138,0,0,860,1,139,0,0,849,0,151,0,0,858,0,142,0,0,861,0,139,0,0,860,1,139,0,0,864,0,136,0,0,863,0,137,0,0,861,0,139,0,0,860,0,140,0,0,845,1,154,0,0,854,0,146,0,0,858,0,142,0,0,859,2,139,0,0,849,1,150,0,0,859,0,141,0,0,866,0,134,0,0,858,0,142,0,0,858,1,141,0,0,855,0,145,0,0,852,1,147,0,0,858,1,141,0,0,857,0,143,0,0,860,1,139,0,0,846,0,154,0,0,867,0,133,0,0,865,0,135,0,0,848,0,152,0,0,861,0,139,0,0,868,0,132,0,0,865,1,134,0,0,854,1,145,0,0,856,0,144,0,0,852,1,147,0,0,854,0,146,0,0,857,1,142,0,0,857,0,143,0,0
49,targeted_homosexual,0.2,867,0,133,0,0,852,1,147,0,0,866,0,134,0,0,847,0,153,0,0,861,0,139,0,0,865,0,135,0,0,858,0,142,0,0,861,1,138,0,0,861,0,139,0,0,863,0,137,0,0,843,3,154,0,0,858,0,142,0,0,859,0,141,0,0,860,2,138,0,0,860,1,139,0,0,849,0,151,0,0,858,0,142,0,0,861,0,139,0,0,860,1,139,0,0,864,0,136,0,0,863,0,137,0,0,861,0,139,0,0,860,0,140,0,0,844,2,154,0,0,854,0,146,0,0,858,0,142,0,0,859,2,139,0,0,849,1,150,0,0,859,0,141,0,0,866,0,134,0,0,858,0,142,0,0,858,1,141,0,0,855,0,145,0,0,852,1,147,0,0,858,1,141,0,0,857,0,143,0,0,860,1,139,0,0,846,0,154,0,0,867,0,133,0,0,865,0,135,0,0,848,0,152,0,0,861,0,139,0,0,868,0,132,0,0,865,1,134,0,0,854,1,145,0,0,856,0,144,0,0,852,1,147,0,0,854,0,146,0,0,857,1,142,0,0,857,0,143,0,0
50,targeted_homosexual,0.2,867,0,133,0,0,852,1,147,0,0,866,0,134,0,0,847,0,153,0,0,861,0,139,0,0,865,0,135,0,0,858,0,142,0,0,861,1,138,0,0,861,0,139,0,0,863,0,137,0,0,843,3,154,0,0,858,0,142,0,0,859,0,141,0,0,860,2,138,0,0,860,1,139,0,0,849,0,151,0,0,858,0,142,0,0,861,0,139,0,0,859,2,139,0,0,864,0,136,0,0,863,0,137,0,0,861,0,139,0,0,860,0,140,0,0,844,2,154,0,0,854,0,146,0,0,858,0,142,0,0,859,2,139,0,0,849,1,150,0,0,859,0,141,0,0,866,0,134,0,0,858,0,142,0,0,858,0,142,0,0,855,0,145,0,0,852,1,147,0,0,858,1,141,0,0,857,0,143,0,0,860,1,139,0,0,846,0,154,0,0,867,0,133,0,0,865,0,135,0,0,848,0,152,0,0,861,0,139,0,0,868,0,132,0,0,865,1,134,0,0,854,1,145,0,0,856,0,144,0,0,852,1,147,0,0,854,0,146,0,0,857,1,142,0,0,857,0,143,0,0
51,targeted_homosexual,0.2,867,0,133,0,0,852,1,147,0,0,866,0,134,0,0,847,0,153,0,0,861,0,139,0,0,865,0,135,0,0,858,0,142,0,0,861,1,138,0,0,861,0,139,0,0,863,0,137,0,0,843,3,154,0,0,858,0,142,0,0,859,0,141,0,0,860,1,139,0,0,860,1,139,0,0,849,0,151,0,0,858,0,142,0,0,861,0,139,0,0,859,2,139,0,0,864,0,136,0,0,863,0,137,0,0,861,0,139,0,0,860,0,140,0,0,844,2,154,0,0,854,0,146,0,0,858,0,142,0,0,859,2,139,0,0,849,1,150,0,0,859,0,141,0,0,866,0,134,0,0,858,0,142,0,0,858,0,142,0,0,855,0,145,0,0,851,2,147,0,0,858,1,141,0,0,857,0,143,0,0,860,1,139,0,0,846,0,154,0,0,867,0,133,0,0,865,0,135,0,0,848,0,152,0,0,861,0,139,0,0,868,0,132,0,0,865,1,134,0,0,854,1,145,0,0,856,0,144,0,0,852,1,147,0,0,854,0,146,0,0,857,1,142,0,0,856,1,143,0,0
52,targeted_homosexual,0.2,867,0,133,0,0,851,2,147,0,0,866,0,134,0,0,847,0,153,0,0,861,0,139,0,0,865,0,135,0,0,858,0,142,0,0,861,1,138,0,0,861,0,139,0,0,863,0,137,0,0,843,2,155,0,0,858,0,142,0,0,859,0,141,0,0,860,1,139,0,0,860,1,139,0,0,849,0,151,0,0,858,0,142,0,0,861,0,139,0,0,859,2,139,0,0,864,0,136,0,0,863,0,137,0,0,861,0,139,0,0,860,0,140,0,0,843,3,154,0,0,854,0,146,0,0,858,0,142,0,0,859,2,139,0,0,849,0,151,0,0,859,0,141,0,0,866,0,134,0,0,858,0,142,0,0,858,0,142,0,0,855,0,145,0,0,851,2,147,0,0,858,1,141,0,0,857,0,143,0,0,860,1,139,0,0,846,0,154,0,0,867,0,133,0,0,865,0,135,0,0,848,0,152,0,0,861,0,139,0,0,868,0,132,0,0,865,1,134,0,0,854,1,145,0,0,856,0,144,0,0,851,2,147,0,0,854,0,146,0,0,857,1,142,0,0,856,1,143,0,0
53,targeted_homosexual,0.2,867,0,133,0,0,851,2,147,0,0,866,0,134,0,0,847,0,153,0,0,860,1,139,0,0,865,0,135,0,0,858,0,142,0,0,861,1,138,0,0,861,0,139,0,0,863,0,137,0,0,843,2,155,0,0,858,0,142,0,0,859,0,141,0,0,860,1,139,0,0,860,1,139,0,0,849,0,151,0,0,858,0,142,0,0,861,0,139,0,0,859,2,139,0,0,864,0,136,0,0,862,1,137,0,0,861,0,139,0,0,860,0,140,0,0,843,3,154,0,0,853,1,146,0,0,858,0,142,0,0,859,2,139,0,0,849,0,151,0,0,859,0,141,0,0,866,0,134,0,0,858,0,142,0,0,858,0,142,0,0,855,0,145,0,0,851,2,147,0,0,858,1,141,0,0,857,0,143,0,0,860,1,139,0,0,846,0,154,0,0,867,0,133,0,0,865,0,135,0,0,848,0,152,0,0,861,0,139,0,0,868,0,132,0,0,865,1,134,0,0,854,1,145,0,0,856,0,144,0,0,851,2,147,0,0,854,0,146,0,0,857,1,142,0,0,855,2,143,0,0
54,targeted_homosexual,0.2,867,0,133,0,0,851,2,147,0,0,866,0,134,0,0,847,0,153,0,0,860,1,139,0,0,865,0,135,0,0,858,0,142,0,0,861,1,138,0,0,861,0,139,0,0,863,0,137,0,0,843,2,155,0,0,858,0,142,0,0,859,0,141,0,0,859,2,139,0,0,860,1,139,0,0,849,0,151,0,0,858,0,142,0,0,861,0,139,0,0,859,2,139,0,0,864,0,136,0,0,862,1,137,0,0,861,0,139,0,0,860,0,140,0,0,843,3,154,0,0,853,1,146,0,0,858,0,142,0,0,859,2,139,0,0,849,0,151,0,0,859,0,141,0,0,866,0,134,0,0,858,0,142,0,0,858,0,142,0,0,855,0,145,0,0,851,2,147,0,0,858,1,141,0,0,857,0,143,0,0,860,1,139,0,0,846,0,154,0,0,867,0,133,0,0,865,0,135,0,0,848,0,152,0,0,861,0,139,0,0,868,0,132,0,0,865,1,134,0,0,854,1,145,0,0,856,0,144,0,0,850,3,147,0,0,854,0,146,0,0,857,1,142,0,0,855,2,143,0,0
55,targeted_homosexual,0.2,867,0,133,0,0,851,2,147,0,0,866,0,134,0,0,847,0,153,0,0,860,1,139,0,0,865,0,135,0,0,858,0,142,0,0,861,1,138,0,0,861,0,139,0,0,863,0,137,0,0,843,2,155,0,0,858,0,142,0,0,859,0,141,0,0,859,2,139,0,0,860,1,139,0,0,849,0,151,0,0,858,0,142,0,0,861,0,139,0,0,859,2,139,0,0,864,0,136,0,0,862,1,137,0,0,860,1,139,0,0,860,0,140,0,0,843,3,154,0,0,853,1,146,0,0,858,0,142,0,0,859,2,139,0,0,849,0,151,0,0,859,0,141,0,0,866,0,134,0,0,858,0,142,0,0,858,0,142,0,0,855,0,145,0,0,851,2,147,0,0,858,1,141,0,0,857,0,143,0,0,860,1,139,0,0,846,0,154,0,0,867,0,133,0,0,865,0,135,0,0,848,0,152,0,0,861,0,139,0,0,868,0,132,0,0,865,1,134,0,0,854,1,145,0,0,856,0,144,0,0,850,3,147,0,0,854,0,146,0,0,857,1,142,0,0,855,2,143,0,0
56,targeted_homosexual,0.2,867,0,133,0,0,851,2,147,0,0,866,0,134,0,0,847,0,153,0,0,860,1,139,0,0,865,0,135,0,0,858,0,142,0,0,861,1,138,0,0,861,0,139,0,0,863,0,137,0,0,843,2,155,0,0,858,0,142,0,0,858,1,141,0,0,859,2,139,0,0,860,1,139,0,0,849,0,151,0,0,858,0,142,0,0,861,0,139,0,0,859,2,139,0,0,864,0,136,0,0,862,1,137,0,0,860,1,139,0,0,860,0,140,0,0,843,3,154,0,0,853,1,146,0,0,858,0,142,0,0,859,0,141,0,0,849,0,151,0,0,859,0,141,0,0,866,0,134,0,0,858,0,142,0,0,858,0,142,0,0,855,0,145,0,0,851,2,147,0,0,858,1,141,0,0,857,0,143,0,0,860,1,139,0,0,846,0,154,0,0,867,0,133,0,0,865,0,135,0,0,848,0,152,0,0,861,0,139,0,0,868,0,132,0,0,865,1,134,0,0,854,1,145,0,0,856,0,144,0,0,850,3,147,0,0,854,0,146,0,0,857,1,142,0,0,855,2,143,0,0
57,targeted_homosexual,0.2,867,0,133,0,0,851,2,147,0,0,866,0,134,0,0,847,0,153,0,0,860,1,139,0,0,865,0,135,0,0,858,0,142,0,0,861,1,138,0,0,861,0,139,0,0,863,0,137,0,0,843,2,155,0,0,858,0,142,0,0,858,1,141,0,0,859,2,139,0,0,859,2,139,0,0,849,0,151,0,0,858,0,142,0,0,861,0,139,0,0,859,2,139,0,0,864,0,136,0,0,862,1,137,0,0,860,1,139,0,0,860,0,140,0,0,843,3,154,0,0,852,2,146,0,0,858,0,142,0,0,859,0,141,0,0,849,0,151,0,0,858,1,141,0,0,866,0,134,0,0,858,0,142,0,0,857,1,142,0,0,855,0,145,0,0,850,2,148,0,0,858,0,142,0,0,857,0,143,0,0,860,1,139,0,0,846,0,154,0,0,867,0,133,0,0,865,0,135,0,0,848,0,152,0,0,860,1,139,0,0,868,0,132,0,0,865,1,134,0,0,854,1,145,0,0,856,0,144,0,0,850,3,147,0,0,854,0,146,0,0,857,1,142,0,0,855,2,143,0,0
58,targeted_homosexual,0.2,867,0,133,0,0,851,1,148,0,0,866,0,134,0,0,847,0,153,0,0,860,1,139,0,0,865,0,135,0,0,858,0,142,0,0,861,1,138,0,0,861,0,139,0,0,863,0,137,0,0,843,2,155,0,0,858,0,142,0,0,858,1,141,0,0,859,2,139,0,0,859,1,140,0,0,849,0,151,0,0,858,0,142,0,0,861,0,139,0,0,859,2,139,0,0,864,0,136,0,0,862,1,137,0,0,860,1,139,0,0,860,0,140,0,0,843,2,155,0,0,852,2,146,0,0,858,0,142,0,0,859,0,141,0,0,849,0,151,0,0,858,1,141,0,0,866,0,134,0,0,858,0,142,0,0,857,1,142,0,0,855,0,145,0,0,850,2,148,0,0,858,0,142,0,0,857,0,143,0,0,860,0,140,0,0,846,0,154,0,0,867,0,133,0,0,865,0,135,0,0,848,0,152,0,0,860,1,139,0,0,868,0,132,0,0,865,1,134,0,0,854,1,145,0,0,856,0,144,0,0,850,3,147,0,0,854,0,146,0,0,857,0,143,0,0,855,2,143,0,0
59,targeted_homosexual,0.2,867,0,133,0,0,851,1,148,0,0,866,0,134,0,0,847,0,153,0,0,860,1,139,0,0,865,0,135,0,0,858,0,142,0,0,861,1,138,0,0,861,0,139,0,0,863,0,137,0,0,843,1,156,0,0,858,0,142,0,0,858,1,141,0,0,859,2,139,0,0,859,1,140,0,0,849,0,151,0,0,858,0,142,0,0,861,0,139,0,0,859,2,139,0,0,864,0,136,0,0,862,1,137,0,0,860,1,139,0,0,860,0,140,0,0,843,2,155,0,0,852,2,146,0,0,858,0,142,0,0,859,0,141,0,0,849,0,151,0,0,858,1,141,0,0,866,0,134,0,0,858,0,142,0,0,857,1,142,0,0,855,0,145,0,0,850,2,148,0,0,858,0,142,0,0,857,0,143,0,0,860,0,140,0,0,846,0,154,0,0,867,0,133,0,0,865,0,135,0,0,848,0,152,0,0,860,1,139,0,0,868,0,132,0,0,865,1,134,0,0,854,1,145,0,0,856,0,144,0,0,850,3,147,0,0,854,0,146,0,0,857,0,143,0,0,855,2,143,0,0
60,targeted_homosexual,0.2,867,0,133,0,0,851,1,148,0,0,866,0,134,0,0,847,0,153,0,0,860,1,139,0,0,865,0,135,0,0,858,0,142,0,0,861,0,139,0,0,861,0,139,0,0,863,0,137,0,0,843,0,157,0,0,858,0,142,0,0,858,1,141,0,0,859,1,140,0,0,859,1,140,0,0,849,0,151,0,0,858,0,142,0,0,861,0,139,0,0,859,1,140,0,0,864,0,136,0,0,862,1,137,0,0,860,1,139,0,0,860,0,140,0,0,843,2,155,0,0,851,3,146,0,0,858,0,142,0,0,859,0,141,0,0,849,0,151,0,0,858,1,141,0,0,866,0,134,0,0,858,0,142,0,0,857,1,142,0,0,855,0,145,0,0,850,2,148,0,0,858,0,142,0,0,857,0,143,0,0,860,0,140,0,0,846,0,154,0,0,867,0,133,0,0,865,0,135,0,0,848,0,152,0,0,859,2,139,0,0,868,0,132,0,0,865,1,134,0,0,854,1,145,0,0,856,0,144,0,0,850,3,147,0,0,854,0,146,0,0,857,0,143,0,0,855,2,143,0,0
61,targeted_homosexual,0.2,867,0,133,0,0,851,1,148,0,0,866,0,134,0,0,847,0,153,0,0,860,1,139,0,0,865,0,135,0,0,858,0,142,0,0,861,0,139,0,0,861,0,139,0,0,863,0,137,0,0,843,0,157,0,0,858,0,142,0,0,858,1,141,0,0,859,1,140,0,0,859,1,140,0,0,849,0,151,0,0,858,0,142,0,0,861,0,139,0,0,859,1,140,0,0,864,0,136,0,0,862,1,137,0,0,860,1,139,0,0,860,0,140,0,0,843,2,155,0,0,851,3,146,0,0,858,0,142,0,0,859,0,141,0,0,849,0,151,0,0,858,1,141,0,0,866,0,134,0,0,858,0,142,0,0,857,1,142,0,0,855,0,145,0,0,850,2,148,0,0,857,1,142,0,0,857,0,143,0,0,860,0,140,0,0,846,0,154,0,0,867,0,133,0,0,865,0,135,0,0,848,0,152,0,0,859,2,139,0,0,868,0,132,0,0,865,0,135,0,0,854,0,146,0,0,856,0,144,0,0,850,2,148,0,0,854,0,146,0,0,857,0,143,0,0,855,2,143,0,0
62,targeted_homosexual,0.2,867,0,133,0,0,851,1,148,0,0,866,0,134,0,0,847,0,153,0,0,860,1,139,0,0,865,0,135,0,0,857,1,142,0,0,861,0,139,0,0,861,0,139,0,0,863,0,137,0,0,843,0,157,0,0,858,0,142,0,0,858,1,141,0,0,859,1,140,0,0,859,1,140,0,0,849,0,151,0,0,858,0,142,0,0,861,0,139,0,0,859,1,140,0,0,864,0,136,0,0,862,1,137,0,0,860,1,139,0,0,860,0,140,0,0,843,1,156,0,0,851,3,146,0,0,858,0,142,0,0,859,0,141,0,0,849,0,151,0,0,858,1,141,0,0,866,0,134,0,0,858,0,142,0,0,857,1,142,0,0,855,0,145,0,0,850,2,148,0,0,857,1,142,0,0,857,0,143,0,0,860,0,140,0,0,846,0,154,0,0,866,1,133,0,0,865,0,135,0,0,848,0,152,0,0,859,2,139,0,0,868,0,132,0,0,865,0,135,0,0,854,0,146,0,0,856,0,144,0,0,850,2,148,0,0,854,0,146,0,0,857,0,143,0,0,855,2,143,0,0
63,targeted_homosexual,0.2,867,0,133,0,0,851,1,148,0,0,866,0,134,0,0,847,0,153,0,0,860,1,139,0,0,865,0,135,0,0,857,1,142,0,0,861,0,139,0,0,861,0,139,0,0,863,0,137,0,0,843,0,157,0,0,857,1,142,0,0,858,1,141,0,0,859,1,140,0,0,858,2,140,0,0,848,1,151,0,0,858,0,142,0,0,861,0,139,0,0,859,0,141,0,0,864,0,136,0,0,862,1,137,0,0,860,1,139,0,0,860,0,140,0,0,843,1,156,0,0,851,3,146,0,0,858,0,142,0,0,859,0,141,0,0,849,0,151,0,0,858,1,141,0,0,866,0,134,0,0,858,0,142,0,0,857,1,142,0,0,855,0,145,0,0,850,2,148,0,0,857,1,142,0,0,857,0,143,0,0,860,0,140,0,0,846,0,154,0,0,866,1,133,0,0,865,0,135,0,0,848,0,152,0,0,858,3,139,0,0,868,0,132,0,0,865,0,135,0,0,854,0,146,0,0,856,0,144,0,0,850,2,148,0,0,853,1,146,0,0,857,0,143,0,0,855,2,143,0,0
64,targeted_homosexual,0.2,867,0,133,0,0,851,1,148,0,0,866,0,134,0,0,847,0,153,0,0,860,1,139,0,0,865,0,135,0,0,857,1,142,0,0,861,0,139,0,0,861,0,139,0,0,863,0,137,0,0,843,0,157,0,0,857,1,142,0,0,858,1,141,0,0,859,1,140,0,0,858,2,140,0,0,848,1,151,0,0,858,0,142,0,0,861,0,139,0,0,859,0,141,0,0,864,0,136,0,0,862,1,137,0,0,860,1,139,0,0,860,0,140,0,0,843,1,156,0,0,851,3,146,0,0,858,0,142,0,0,859,0,141,0,0,848,1,151,0,0,858,1,141,0,0,866,0,134,0,0,858,0,142,0,0,857,1,142,0,0,855,0,145,0,0,850,1,149,0,0,857,1,142,0,0,857,0,143,0,0,860,0,140,0,0,846,0,154,0,0,866,1,133,0,0,865,0,135,0,0,848,0,152,0,0,858,3,139,0,0,868,0,132,0,0,865,0,135,0,0,854,0,146,0,0,856,0,144,0,0,850,2,148,0,0,853,1,146,0,0,857,0,143,0,0,854,2,144,0,0
65,targeted_homosexual,0.2,867,0,133,0,0,851,0,149,0,0,866,0,134,0,0,847,0,153,0,0,860,1,139,0,0,865,0,135,0,0,857,1,142,0,0,861,0,139,0,0,861,0,139,0,0,863,0,137,0,0,843,0,157,0,0,857,1,142,0,0,858,1,141,0,0,859,1,140,0,0,858,2,140,0,0,848,1,151,0,0,858,0,142,0,0,861,0,139,0,0,859,0,141,0,0,864,0,136,0,0,862,1,137,0,0,860,1,139,0,0,860,0,140,0,0,843,0,157,0,0,851,3,146,0,0,858,0,142,0,0,859,0,141,0,0,848,1,151,0,0,858,1,141,0,0,866,0,134,0,0,858,0,142,0,0,857,1,142,0,0,855,0,145,0,0,850,1,149,0,0,857,1,142,0,0,857,0,143,0,0,860,0,140,0,0,846,0,154,0,0,866,1,133,0,0,865,0,135,0,0,848,0,152,0,0,858,3,139,0,0,868,0,132,0,0,865,0,135,0,0,854,0,146,0,0,856,0,144,0,0,850,1,149,0,0,853,1,146,0,0,857,0,143,0,0,854,2,144,0,0
66,targeted_homosexual,0.2,867,0,133,0,0,851,0,149,0,0,866,0,134,0,0,847,0,153,0,0,860,0,140,0,0,865,0,135,0,0,857,1,142,0,0,861,0,139,0,0,861,0,139,0,0,863,0,137,0,0,843,0,157,0,0,857,1,142,0,0,858,1,141,0,0,859,1,140,0,0,858,2,140,0,0,848,1,151,0,0,858,0,142,0,0,861,0,139,0,0,859,0,141,0,0,864,0,136,0,0,862,0,138,0,0,860,1,139,0,0,860,0,140,0,0,843,0,157,0,0,851,2,147,0,0,858,0,142,0,0,859,0,141,0,0,848,1,151,0,0,858,1,141,0,0,866,0,134,0,0,858,0,142,0,0,857,1,142,0,0,855,0,145,0,0,850,1,149,0,0,857,1,142,0,0,857,0,143,0,0,860,0,140,0,0,846,0,154,0,0,866,1,133,0,0,864,1,135,0,0,847,1,152,0,0,858,3,139,0,0,868,0,132,0,0,865,0,135,0,0,854,0,146,0,0,856,0,144,0,0,850,1,149,0,0,853,1,146,0,0,857,0,143,0,0,854,1,145,0,0
67,targeted_homosexual,0.2,867,0,133,0,0,851,0,149,0,0,866,0,134,0,0,847,0,153,0,0,859,1,140,0,0,865,0,135,0,0,856,2,142,0,0,861,0,139,0,0,861,0,139,0,0,863,0,137,0,0,843,0,157,0,0,857,1,142,0,0,858,1,141,0,0,859,0,141,0,0,858,2,140,0,0,848,1,151,0,0,858,0,142,0,0,861,0,139,0,0,859,0,141,0,0,864,0,136,0,0,862,0,138,0,0,860,1,139,0,0,860,0,140,0,0,843,0,157,0,0,851,2,147,0,0,857,1,142,0,0,859,0,141,0,0,848,1,151,0,0,858,1,141,0,0,865,1,134,0,0,858,0,142,0,0,857,1,142,0,0,855,0,145,0,0,850,1,149,0,0,857,1,142,0,0,857,0,143,0,0,860,0,140,0,0,846,0,154,0,0,866,1,133,0,0,864,1,135,0,0,846,2,152,0,0,858,3,139,0,0,868,0,132,0,0,865,0,135,0,0,854,0,146,0,0,856,0,144,0,0,850,0,150,0,0,853,1,146,0,0,857,0,143,0,0,854,1,145,0,0
68,targeted_homosexual,0.2,867,0,133,0,0,851,0,149,0,0,866,0,134,0,0,847,0,153,0,0,859,1,140,0,0,865,0,135,0,0,856,2,142,0,0,861,0,139,0,0,861,0,139,0,0,863,0,137,0,0,843,0,157,0,0,857,1,142,0,0,858,1,141,0,0,859,0,141,0,0,858,2,140,0,0,848,1,151,0,0,858,0,142,0,0,861,0,139,0,0,859,0,141,0,0,864,0,136,0,0,862,0,138,0,0,860,0,140,0,0,859,1,140,0,0,843,0,157,0,0,851,2,147,0,0,857,1,142,0,0,859,0,141,0,0,848,1,151,0,0,858,1,141,0,0,864,2,134,0,0,858,0,142,0,0,857,1,142,0,0,855,0,145,0,0,850,1,149,0,0,857,1,142,0,0,857,0,143,0,0,860,0,140,0,0,846,0,154,0,0,866,1,133,0,0,864,1,135,0,0,846,2,152,0,0,858,3,139,0,0,868,0,132,0,0,865,0,135,0,0,854,0,146,0,0,856,0,144,0,0,850,0,150,0,0,853,1,146,0,0,857,0,143,0,0,854,1,145,0,0
69,targeted_homosexual,0.2,867,0,133,0,0,851,0,149,0,0,866,0,134,0,0,847,0,153,0,0,859,1,140,0,0,865,0,135,0,0,856,2,142,0,0,861,0,139,0,0,861,0,139,0,0,863,0,137,0,0,843,0,157,0,0,856,2,142,0,0,858,0,142,0,0,859,0,141,0,0,858,2,140,0,0,848,1,151,0,0,858,0,142,0,0,861,0,139,0,0,859,0,141,0,0,864,0,136,0,0,862,0,138,0,0,859,1,140,0,0,859,1,140,0,0,843,0,157,0,0,851,2,147,0,0,857,1,142,0,0,859,0,141,0,0,848,1,151,0,0,858,1,141,0,0,864,2,134,0,0,858,0,142,0,0,857,1,142,0,0,855,0,145,0,0,850,1,149,0,0,857,1,142,0,0,857,0,143,0,0,860,0,140,0,0,846,0,154,0,0,866,1,133,0,0,864,1,135,0,0,846,2,152,0,0,858,3,139,0,0,868,0,132,0,0,865,0,135,0,0,854,0,146,0,0,856,0,144,0,0,850,0,150,0,0,853,1,146,0,0,856,1,143,0,0,854,1,145,0,0
70,targeted_homosexual,0.2,867,0,133,0,0,851,0,149,0,0,866,0,134,0,0,847,0,153,0,0,859,1,140,0,0,865,0,135,0,0,856,2,142,0,0,861,0,139,0,0,861,0,139,0,0,863,0,137,0,0,843,0,157,0,0,856,2,142,0,0,858,0,142,0,0,859,0,141,0,0,858,1,141,0,0,848,1,151,0,0,858,0,142,0,0,861,0,139,0,0,859,0,141,0,0,864,0,136,0,0,862,0,138,0,0,859,1,140,0,0,859,1,140,0,0,843,0,157,0,0,851,1,148,0,0,857,1,142,0,0,859,0,141,0,0,848,1,151,0,0,858,0,142,0,0,864,2,134,0,0,858,0,142,0,0,857,0,143,0,0,855,0,145,0,0,850,0,150,0,0,857,1,142,0,0,857,0,143,0,0,860,0,140,0,0,846,0,154,0,0,866,1,133,0,0,864,1,135,0,0,846,2,152,0,0,858,2,140,0,0,868,0,132,0,0,865,0,135,0,0,854,0,146,0,0,856,0,144,0,0,850,0,150,0,0,853,1,146,0,0,856,1,143,0,0,854,1,145,0,0
71,targeted_homosexual,0.2,867,0,133,0,0,851,0,149,0,0,866,0,134,0,0,847,0,153,0,0,859,1,140,0,0,865,0,135,0,0,856,2,142,0,0,861,0,139,0,0,861,0,139,0,0,863,0,137,0,0,843,0,157,0,0,856,2,142,0,0,857,1,142,0,0,859,0,141,0,0,858,1,141,0,0,848,1,151,0,0,858,0,142,0,0,861,0,139,0,0,859,0,141,0,0,864,0,136,0,0,862,0,138,0,0,859,1,140,0,0,858,2,140,0,0,843,0,157,0,0,851,1,148,0,0,857,1,142,0,0,859,0,141,0,0,848,1,151,0,0,858,0,142,0,0,864,2,134,0,0,858,0,142,0,0,857,0,143,0,0,855,0,145,0,0,850,0,150,0,0,857,1,142,0,0,857,0,143,0,0,860,0,140,0,0,846,0,154,0,0,866,1,133,0,0,864,1,135,0,0,846,2,152,0,0,858,2,140,0,0,868,0,132,0,0,865,0,135,0,0,854,0,146,0,0,856,0,144,0,0,850,0,150,0,0,853,1,146,0,0,856,1,143,0,0,854,1,145,0,0
72,targeted_homosexual,0.2,867,0,133,0,0,851,0,149,0,0,866,0,134,0,0,847,0,153,0,0,859,1,140,0,0,865,0,135,0,0,856,2,142,0,0,861,0,139,0,0,861,0,139,0,0,863,0,137,0,0,843,0,157,0,0,856,2,142,0,0,857,1,142,0,0,859,0,141,0,0,858,1,141,0,0,848,1,151,0,0,858,0,142,0,0,861,0,139,0,0,859,0,141,0,0,864,0,136,0,0,862,0,138,0,0,859,1,140,0,0,858,2,140,0,0,843,0,157,0,0,851,1,148,0,0,857,1,142,0,0,859,0,141,0,0,848,1,151,0,0,858,0,142,0,0,864,2,134,0,0,858,0,142,0,0,857,0,143,0,0,855,0,145,0,0,850,0,150,0,0,857,1,142,0,0,857,0,143,0,0,860,0,140,0,0,845,1,154,0,0,866,1,133,0,0,864,1,135,0,0,846,2,152,0,0,858,2,140,0,0,868,0,132,0,0,865,0,135,0,0,854,0,146,0,0,856,0,144,0,0,850,0,150,0,0,853,1,146,0,0,856,1,143,0,0,854,1,145,0,0
73,targeted_homosexual,0.2,867,0,133,0,0,851,0,149,0,0,866,0,134,0,0,847,0,153,0,0,859,1,140,0,0,865,0,135,0,0,856,2,142,0,0,861,0,139,0,0,861,0,139,0,0,863,0,137,0,0,843,0,157,0,0,856,2,142,0,0,857,1,142,0,0,859,0,141,0,0,858,1,141,0,0,848,1,151,0,0,858,0,142,0,0,861,0,139,0,0,859,0,141,0,0,864,0,136,0,0,862,0,138,0,0,859,1,140,0,0,858,2,140,0,0,843,0,157,0,0,851,0,149,0,0,857,1,142,0,0,859,0,141,0,0,848,1,151,0,0,858,0,142,0,0,864,2,134,0,0,858,0,142,0,0,857,0,143,0,0,855,0,145,0,0,850,0,150,0,0,856,2,142,0,0,857,0,143,0,0,860,0,140,0,0,845,1,154,0,0,866,1,133,0,0,864,1,135,0,0,846,2,152,0,0,858,1,141,0,0,868,0,132,0,0,865,0,135,0,0,854,0,146,0,0,856,0,144,0,0,850,0,150,0,0,853,1,146,0,0,856,1,143,0,0,854,1,145,0,0
74,targeted_homosexual,0.2,867,0,133,0,0,851,0,149,0,0,866,0,134,0,0,847,0,153,0,0,859,1,140,0,0,865,0,135,0,0,856,2,142,0,0,861,0,139,0,0,861,0,139,0,0,863,0,137,0,0,843,0,157,0,0,856,2,142,0,0,857,1,142,0,0,859,0,141,0,0,858,1,141,0,0,848,1,151,0,0,858,0,142,0,0,861,0,139,0,0,859,0,141,0,0,864,0,136,0,0,862,0,138,0,0,859,1,140,0,0,858,2,140,0,0,843,0,157,0,0,851,0,149,0,0,857,1,142,0,0,859,0,141,0,0,848,1,151,0,0,858,0,142,0,0,864,2,134,0,0,858,0,142,0,0,857,0,143,0,0,855,0,145,0,0,850,0,150,0,0,856,1,143,0,0,857,0,143,0,0,860,0,140,0,0,845,1,154,0,0,866,1,133,0,0,864,1,135,0,0,846,2,152,0,0,857,2,141,0,0,868,0,132,0,0,865,0,135,0,0,854,0,146,0,0,856,0,144,0,0,850,0,150,0,0,853,1,146,0,0,856,1,143,0,0,854,1,145,0,0
75,targeted_homosexual,0.2,867,0,133,0,0,851,0,149,0,0,866,0,134,0,0,847,0,153,0,0,859,1,140,0,0,865,0,135,0,0,856,1,143,0,0,861,0,139,0,0,861,0,139,0,0,863,0,137,0,0,843,0,157,0,0,856,2,142,0,0,857,1,142,0,0,859,0,141,0,0,858,1,141,0,0,848,1,151,0,0,858,0,142,0,0,861,0,139,0,0,859,0,141,0,0,864,0,136,0,0,862,0,138,0,0,859,1,140,0,0,857,3,140,0,0,843,0,157,0,0,851,0,149,0,0,857,1,142,0,0,859,0,141,0,0,848,1,151,0,0,858,0,142,0,0,864,2,134,0,0,858,0,142,0,0,857,0,143,0,0,855,0,145,0,0,850,0,150,0,0,856,1,143,0,0,857,0,143,0,0,860,0,140,0,0,845,1,154,0,0,866,0,134,0,0,864,1,135,0,0,846,2,152,0,0,857,2,141,0,0,868,0,132,0,0,865,0,135,0,0,854,0,146,0,0,856,0,144,0,0,850,0,150,0,0,853,1,146,0,0,855,2,143,0,0,854,1,145,0,0
76,targeted_homosexual,0.2,867,0,133,0,0,850,1,149,0,0,866,0,134,0,0,847,0,153,0,0,859,1,140,0,0,865,0,135,0,0,856,1,143,0,0,861,0,139,0,0,861,0,139,0,0,863,0,137,0,0,843,0,157,0,0,856,1,143,0,0,857,1,142,0,0,859,0,141,0,0,858,0,142,0,0,848,0,152,0,0,858,0,142,0,0,861,0,139,0,0,859,0,141,0,0,864,0,136,0,0,862,0,138,0,0,859,1,140,0,0,857,3,140,0,0,843,0,157,0,0,851,0,149,0,0,857,1,142,0,0,859,0,141,0,0,848,1,151,0,0,858,0,142,0,0,864,2,134,0,0,858,0,142,0,0,857,0,143,0,0,855,0,145,0,0,850,0,150,0,0,856,1,143,0,0,857,0,143,0,0,860,0,140,0,0,845,1,154,0,0,866,0,134,0,0,864,1,135,0,0,846,2,152,0,0,857,1,142,0,0,868,0,132,0,0,865,0,135,0,0,854,0,146,0,0,856,0,144,0,0,850,0,150,0,0,853,0,147,0,0,855,2,143,0,0,853,2,145,0,0
77,targeted_homosexual,0.2,867,0,133,0,0,850,1,149,0,0,866,0,134,0,0,847,0,153,0,0,859,1,140,0,0,865,0,135,0,0,856,1,143,0,0,861,0,139,0,0,861,0,139,0,0,863,0,137,0,0,843,0,157,0,0,856,1,143,0,0,857,1,142,0,0,859,0,141,0,0,858,0,142,0,0,847,1,152,0,0,858,0,142,0,0,861,0,139,0,0,859,0,141,0,0,864,0,136,0,0,861,1,138,0,0,859,1,140,0,0,857,3,140,0,0,843,0,157,0,0,851,0,149,0,0,857,1,142,0,0,859,0,141,0,0,848,0,152,0,0,858,0,142,0,0,864,2,134,0,0,858,0,142,0,0,857,0,143,0,0,855,0,145,0,0,850,0,150,0,0,856,1,143,0,0,857,0,143,0,0,860,0,140,0,0,845,1,154,0,0,866,0,134,0,0,864,1,135,0,0,845,3,152,0,0,857,1,142,0,0,868,0,132,0,0,865,0,135,0,0,854,0,146,0,0,856,0,144,0,0,850,0,150,0,0,853,0,147,0,0,855,2,143,0,0,853,1,146,0,0
78,targeted_homosexual,0.2,867,0,133,0,0,850,1,149,0,0,866,0,134,0,0,847,0,153,0,0,859,1,140,0,0,865,0,135,0,0,856,1,143,0,0,861,0,139,0,0,861,0,139,0,0,863,0,137,0,0,843,0,157,0,0,856,1,143,0,0,857,1,142,0,0,859,0,141,0,0,858,0,142,0,0,847,1,152,0,0,858,0,142,0,0,861,0,139,0,0,859,0,141,0,0,864,0,136,0,0,861,1,138,0,0,859,1,140,0,0,857,3,140,0,0,843,0,157,0,0,851,0,149,0,0,857,1,142,0,0,859,0,141,0,0,848,0,152,0,0,858,0,142,0,0,863,3,134,0,0,858,0,142,0,0,857,0,143,0,0,855,0,145,0,0,850,0,150,0,0,856,1,143,0,0,857,0,143,0,0,860,0,140,0,0,844,2,154,0,0,866,0,134,0,0,864,1,135,0,0,844,4,152,0,0,857,1,142,0,0,868,0,132,0,0,865,0,135,0,0,854,0,146,0,0,856,0,144,0,0,850,0,150,0,0,853,0,147,0,0,855,2,143,0,0,853,1,146,0,0
79,targeted_homosexual,0.2,867,0,133,0,0,850,1,149,0,0,866,0,134,0,0,847,0,153,0,0,859,1,140,0,0,865,0,135,0,0,856,1,143,0,0,861,0,139,0,0,861,0,139,0,0,863,0,137,0,0,843,0,157,0,0,856,1,143,0,0,857,1,142,0,0,859,0,141,0,0,858,0,142,0,0,847,1,152,0,0,858,0,142,0,0,861,0,139,0,0,859,0,141,0,0,864,0,136,0,0,861,1,138,0,0,859,1,140,0,0,857,3,140,0,0,843,0,157,0,0,851,0,149,0,0,857,1,142,0,0,859,0,141,0,0,848,0,152,0,0,858,0,142,0,0,863,3,134,0,0,858,0,142,0,0,857,0,143,0,0,855,0,145,0,0,850,0,150,0,0,856,1,143,0,0,857,0,143,0,0,860,0,140,0,0,844,2,154,0,0,866,0,134,0,0,864,0,136,0,0,844,3,153,0,0,857,1,142,0,0,868,0,132,0,0,865,0,135,0,0,854,0,146,0,0,856,0,144,0,0,850,0,150,0,0,853,0,147,0,0,855,2,143,0,0,853,1,146,0,0
80,targeted_homosexual,0.2,867,0,133,0,0,849,2,149,0,0,865,1,134,0,0,847,0,153,0,0,859,0,141,0,0,865,0,135,0,0,856,0,144,0,0,861,0,139,0,0,861,0,139,0,0,863,0,137,0,0,843,0,157,0,0,856,1,143,0,0,857,1,142,0,0,859,0,141,0,0,858,0,142,0,0,847,1,152,0,0,858,0,142,0,0,861,0,139,0,0,859,0,141,0,0,864,0,136,0,0,861,1,138,0,0,859,1,140,0,0,857,3,140,0,0,843,0,157,0,0,851,0,149,0,0,857,0,143,0,0,859,0,141,0,0,848,0,152,0,0,858,0,142,0,0,863,2,135,0,0,858,0,142,0,0,857,0,143,0,0,855,0,145,0,0,850,0,150,0,0,856,1,143,0,0,857,0,143,0,0,860,0,140,0,0,844,2,154,0,0,866,0,134,0,0,864,0,136,0,0,844,2,154,0,0,857,1,142,0,0,868,0,132,0,0,865,0,135,0,0,854,0,146,0,0,856,0,144,0,0,850,0,150,0,0,853,0,147,0,0,855,2,143,0,0,853,1,146,0,0
81,targeted_homosexual,0.2,867,0,133,0,0,849,2,149,0,0,865,1,134,0,0,847,0,153,0,0,859,0,141,0,0,865,0,135,0,0,856,0,144,0,0,861,0,139,0,0,861,0,139,0,0,863,0,137,0,0,843,0,157,0,0,856,1,143,0,0,857,1,142,0,0,859,0,141,0,0,858,0,142,0,0,847,1,152,0,0,858,0,142,0,0,861,0,139,0,0,859,0,141,0,0,864,0,136,0,0,861,1,138,0,0,859,1,140,0,0,856,3,141,0,0,843,0,157,0,0,851,0,149,0,0,857,0,143,0,0,859,0,141,0,0,848,0,152,0,0,858,0,142,0,0,863,1,136,0,0,858,0,142,0,0,857,0,143,0,0,855,0,145,0,0,850,0,150,0,0,856,1,143,0,0,857,0,143,0,0,859,1,140,0,0,843,3,154,0,0,866,0,134,0,0,864,0,136,0,0,844,2,154,0,0,857,1,142,0,0,868,0,132,0,0,865,0,135,0,0,854,0,146,0,0,856,0,144,0,0,850,0,150,0,0,853,0,147,0,0,855,2,143,0,0,853,1,146,0,0
82,targeted_homosexual,0.2,867,0,133,0,0,849,2,149,0,0,865,1,134,0,0,847,0,153,0,0,859,0,141,0,0,865,0,135,0,0,856,0,144,0,0,861,0,139,0,0,861,0,139,0,0,863,0,137,0,0,843,0,157,0,0,856,0,144,0,0,857,1,142,0,0,859,0,141,0,0,858,0,142,0,0,847,1,152,0,0,858,0,142,0,0,861,0,139,0,0,859,0,141,0,0,864,0,136,0,0,861,1,138,0,0,859,0,141,0,0,856,3,141,0,0,843,0,157,0,0,851,0,149,0,0,857,0,143,0,0,859,0,141,0,0,848,0,152,0,0,858,0,142,0,0,863,1,136,0,0,858,0,142,0,0,857,0,143,0,0,855,0,145,0,0,850,0,150,0,0,856,1,143,0,0,857,0,143,0,0,859,1,140,0,0,843,3,154,0,0,866,0,134,0,0,864,0,136,0,0,844,2,154,0,0,857,1,142,0,0,868,0,132,0,0,865,0,135,0,0,854,0,146,0,0,856,0,144,0,0,850,0,150,0,0,853,0,147,0,0,855,1,144,0,0,853,1,146,0,0
83,targeted_homosexual,0.2,867,0,133,0,0,849,2,149,0,0,865,1,134,0,0,847,0,153,0,0,859,0,141,0,0,864,1,135,0,0,856,0,144,0,0,861,0,139,0,0,861,0,139,0,0,863,0,137,0,0,843,0,157,0,0,856,0,144,0,0,857,1,142,0,0,859,0,141,0,0,858,0,142,0,0,847,1,152,0,0,858,0,142,0,0,861,0,139,0,0,859,0,141,0,0,864,0,136,0,0,861,1,138,0,0,858,1,141,0,0,856,3,141,0,0,843,0,157,0,0,851,0,149,0,0,857,0,143,0,0,859,0,141,0,0,848,0,152,0,0,858,0,142,0,0,863,1,136,0,0,858,0,142,0,0,857,0,143,0,0,855,0,145,0,0,850,0,150,0,0,856,1,143,0,0,857,0,143,0,0,859,1,140,0,0,842,4,154,0,0,866,0,134,0,0,864,0,136,0,0,844,2,154,0,0,857,1,142,0,0,868,0,132,0,0,865,0,135,0,0,854,0,146,0,0,856,0,144,0,0,850,0,150,0,0,853,0,147,0,0,855,1,144,0,0,853,1,146,0,0
84,targeted_homosexual,0.2,867,0,133,0,0,849,2,149,0,0,865,1,134,0,0,847,0,153,0,0,859,0,141,0,0,864,1,135,0,0,856,0,144,0,0,861,0,139,0,0,861,0,139,0,0,863,0,137,0,0,843,0,157,0,0,855,1,144,0,0,857,0,143,0,0,859,0,141,0,0,858,0,142,0,0,847,1,152,0,0,858,0,142,0,0,861,0,139,0,0,858,1,141,0,0,864,0,136,0,0,861,1,138,0,0,858,1,141,0,0,856,2,142,0,0,843,0,157,0,0,851,0,149,0,0,857,0,143,0,0,859,0,141,0,0,847,1,152,0,0,858,0,142,0,0,863,1,136,0,0,858,0,142,0,0,857,0,143,0,0,855,0,145,0,0,850,0,150,0,0,856,1,143,0,0,857,0,143,0,0,859,1,140,0,0,842,4,154,0,0,866,0,134,0,0,864,0,136,0,0,844,2,154,0,0,857,1,142,0,0,868,0,132,0,0,865,0,135,0,0,854,0,146,0,0,856,0,144,0,0,850,0,150,0,0,853,0,147,0,0,855,1,144,0,0,853,1,146,0,0
85,targeted_homosexual,0.2,867,0,133,0,0,849,2,149,0,0,865,1,134,0,0,847,0,153,0,0,858,1,141,0,0,864,1,135,0,0,856,0,144,0,0,861,0,139,0,0,861,0,139,0,0,863,0,137,0,0,843,0,157,0,0,855,1,144,0,0,857,0,143,0,0,859,0,141,0,0,858,0,142,0,0,847,1,152,0,0,858,0,142,0,0,861,0,139,0,0,858,1,141,0,0,864,0,136,0,0,861,1,138,0,0,858,1,141,0,0,856,2,142,0,0,843,0,157,0,0,851,0,149,0,0,857,0,143,0,0,859,0,141,0,0,847,1,152,0,0,858,0,142,0,0,863,1,136,0,0,858,0,142,0,0,857,0,143,0,0,855,0,145,0,0,850,0,150,0,0,856,1,143,0,0,857,0,143,0,0,859,1,140,0,0,842,3,155,0,0,866,0,134,0,0,864,0,136,0,0,844,2,154,0,0,857,1,142,0,0,868,0,132,0,0,865,0,135,0,0,854,0,146,0,0,856,0,144,0,0,850,0,150,0,0,853,0,147,0,0,855,1,144,0,0,853,1,146,0,0
86,targeted_homosexual,0.2,867,0,133,0,0,849,2,149,0,0,865,1,134,0,0,847,0,153,0,0,858,1,141,0,0,864,1,135,0,0,856,0,144,0,0,861,0,139,0,0,861,0,139,0,0,862,1,137,0,0,843,0,157,0,0,855,1,144,0,0,857,0,143,0,0,859,0,141,0,0,858,0,142,0,0,847,1,152,0,0,858,0,142,0,0,861,0,139,0,0,858,1,141,0,0,864,0,136,0,0,861,1,138,0,0,858,1,141,0,0,856,2,142,0,0,843,0,157,0,0,851,0,149,0,0,857,0,143,0,0,859,0,141,0,0,847,1,152,0,0,858,0,142,0,0,863,1,136,0,0,858,0,142,0,0,857,0,143,0,0,855,0,145,0,0,850,0,150,0,0,856,0,144,0,0,857,0,143,0,0,859,1,140,0,0,842,3,155,0,0,866,0,134,0,0,864,0,136,0,0,844,2,154,0,0,857,1,142,0,0,868,0,132,0,0,865,0,135,0,0,854,0,146,0,0,856,0,144,0,0,850,0,150,0,0,853,0,147,0,0,855,1,144,0,0,853,1,146,0,0
87,targeted_homosexual,0.2,867,0,133,0,0,849,2,149,0,0,865,1,134,0,0,847,0,153,0,0,858,1,141,0,0,864,1,135,0,0,856,0,144,0,0,861,0,139,0,0,861,0,139,0,0,862,1,137,0,0,843,0,157,0,0,855,1,144,0,0,857,0,143,0,0,859,0,141,0,0,858,0,142,0,0,847,1,152,0,0,858,0,142,0,0,861,0,139,0,0,858,1,141,0,0,864,0,136,0,0,861,1,138,0,0,858,1,141,0,0,856,2,142,0,0,843,0,157,0,0,851,0,149,0,0,857,0,143,0,0,859,0,141,0,0,847,1,152,0,0,858,0,142,0,0,862,2,136,0,0,858,0,142,0,0,857,0,143,0,0,855,0,145,0,0,850,0,150,0,0,856,0,144,0,0,857,0,143,0,0,859,1,140,0,0,842,3,155,0,0,866,0,134,0,0,864,0,136,0,0,844,2,154,0,0,857,0,143,0,0,868,0,132,0,0,865,0,135,0,0,854,0,146,0,0,856,0,144,0,0,849,1,150,0,0,853,0,147,0,0,855,1,144,0,0,853,1,146,0,0
88,targeted_homosexual,0.2,867,0,133,0,0,849,2,149,0,0,865,1,134,0,0,847,0,153,0,0,858,1,141,0,0,864,1,135,0,0,855,1,144,0,0,861,0,139,0,0,861,0,139,0,0,862,1,137,0,0,843,0,157,0,0,855,1,144,0,0,857,0,143,0,0,859,0,141,0,0,857,1,142,0,0,847,1,152,0,0,858,0,142,0,0,861,0,139,0,0,857,2,141,0,0,864,0,136,0,0,861,1,138,0,0,858,1,141,0,0,856,1,143,0,0,843,0,157,0,0,851,0,149,0,0,857,0,143,0,0,859,0,141,0,0,847,1,152,0,0,858,0,142,0,0,862,2,136,0,0,858,0,142,0,0,857,0,143,0,0,855,0,145,0,0,850,0,150,0,0,856,0,144,0,0,857,0,143,0,0,859,1,140,0,0,842,3,155,0,0,866,0,134,0,0,864,0,136,0,0,844,2,154,0,0,857,0,143,0,0,868,0,132,0,0,865,0,135,0,0,854,0,146,0,0,855,1,144,0,0,849,1,150,0,0,853,0,147,0,0,855,0,145,0,0,853,1,146,0,0
89,targeted_homosexual,0.2,867,0,133,0,0,849,1,150,0,0,865,1,134,0,0,847,0,153,0,0,858,1,141,0,0,864,1,135,0,0,855,1,144,0,0,861,0,139,0,0,861,0,139,0,0,862,1,137,0,0,843,0,157,0,0,855,1,144,0,0,857,0,143,0,0,859,0,141,0,0,857,1,142,0,0,847,1,152,0,0,858,0,142,0,0,861,0,139,0,0,857,2,141,0,0,864,0,136,0,0,861,1,138,0,0,856,3,141,0,0,856,1,143,0,0,843,0,157,0,0,851,0,149,0,0,857,0,143,0,0,859,0,141,0,0,847,1,152,0,0,858,0,142,0,0,862,2,136,0,0,858,0,142,0,0,857,0,143,0,0,855,0,145,0,0,850,0,150,0,0,856,0,144,0,0,857,0,143,0,0,859,1,140,0,0,842,3,155,0,0,866,0,134,0,0,864,0,136,0,0,843,3,154,0,0,857,0,143,0,0,868,0,132,0,0,865,0,135,0,0,854,0,146,0,0,855,1,144,0,0,849,1,150,0,0,853,0,147,0,0,855,0,145,0,0,853,0,147,0,0
90,targeted_homosexual,0.2,867,0,133,0,0,849,1,150,0,0,865,1,134,0,0,847,0,153,0,0,858,1,141,0,0,864,1,135,0,0,855,1,144,0,0,861,0,139,0,0,861,0,139,0,0,862,1,137,0,0,843,0,157,0,0,855,1,144,0,0,857,0,143,0,0,859,0,141,0,0,857,1,142,0,0,847,0,153,0,0,857,1,142,0,0,861,0,139,0,0,857,2,141,0,0,864,0,136,0,0,861,0,139,0,0,856,3,141,0,0,856,1,143,0,0,843,0,157,0,0,851,0,149,0,0,857,0,143,0,0,859,0,141,0,0,847,1,152,0,0,858,0,142,0,0,862,2,136,0,0,858,0,142,0,0,857,0,143,0,0,854,1,145,0,0,850,0,150,0,0,856,0,144,0,0,857,0,143,0,0,859,1,140,0,0,842,3,155,0,0,866,0,134,0,0,864,0,136,0,0,843,2,155,0,0,857,0,143,0,0,868,0,132,0,0,865,0,135,0,0,854,0,146,0,0,855,1,144,0,0,849,1,150,0,0,853,0,147,0,0,855,0,145,0,0,853,0,147,0,0
91,targeted_homosexual,0.2,867,0,133,0,0,849,1,150,0,0,865,1,134,0,0,847,0,153,0,0,858,1,141,0,0,864,1,135,0,0,854,2,144,0,0,861,0,139,0,0,861,0,139,0,0,862,1,137,0,0,843,0,157,0,0,855,1,144,0,0,857,0,143,0,0,859,0,141,0,0,857,1,142,0,0,847,0,153,0,0,857,1,142,0,0,861,0,139,0,0,857,2,141,0,0,864,0,136,0,0,861,0,139,0,0,856,3,141,0,0,856,1,143,0,0,843,0,157,0,0,851,0,149,0,0,857,0,143,0,0,859,0,141,0,0,847,1,152,0,0,858,0,142,0,0,862,1,137,0,0,858,0,142,0,0,857,0,143,0,0,854,1,145,0,0,850,0,150,0,0,856,0,144,0,0,857,0,143,0,0,858,2,140,0,0,842,2,156,0,0,866,0,134,0,0,864,0,136,0,0,843,1,156,0,0,857,0,143,0,0,868,0,132,0,0,865,0,135,0,0,854,0,146,0,0,855,1,144,0,0,849,1,150,0,0,853,0,147,0,0,855,0,145,0,0,853,0,147,0,0
92,targeted_homosexual,0.2,867,0,133,0,0,849,1,150,0,0,865,1,134,0,0,847,0,153,0,0,858,1,141,0,0,864,1,135,0,0,854,2,144,0,0,861,0,139,0,0,861,0,139,0,0,862,1,137,0,0,843,0,157,0,0,855,1,144,0,0,857,0,143,0,0,859,0,141,0,0,857,1,142,0,0,847,0,153,0,0,857,1,142,0,0,861,0,139,0,0,856,3,141,0,0,864,0,136,0,0,861,0,139,0,0,856,3,141,0,0,856,1,143,0,0,843,0,157,0,0,851,0,149,0,0,857,0,143,0,0,859,0,141,0,0,847,1,152,0,0,858,0,142,0,0,862,1,137,0,0,858,0,142,0,0,857,0,143,0,0,854,1,145,0,0,850,0,150,0,0,856,0,144,0,0,857,0,143,0,0,858,2,140,0,0,842,2,156,0,0,866,0,134,0,0,864,0,136,0,0,843,1,156,0,0,857,0,143,0,0,868,0,132,0,0,865,0,135,0,0,854,0,146,0,0,855,1,144,0,0,849,1,150,0,0,853,0,147,0,0,855,0,145,0,0,853,0,147,0,0
93,targeted_homosexual,0.2,867,0,133,0,0,849,0,151,0,0,864,1,135,0,0,847,0,153,0,0,858,1,141,0,0,864,1,135,0,0,854,2,144,0,0,860,1,139,0,0,861,0,139,0,0,862,1,137,0,0,843,0,157,0,0,854,2,144,0,0,857,0,143,0,0,859,0,141,0,0,857,1,142,0,0,847,0,153,0,0,857,1,142,0,0,861,0,139,0,0,856,3,141,0,0,864,0,136,0,0,861,0,139,0,0,856,3,141,0,0,856,1,143,0,0,843,0,157,0,0,851,0,149,0,0,857,0,143,0,0,859,0,141,0,0,847,1,152,0,0,858,0,142,0,0,862,1,137,0,0,858,0,142,0,0,857,0,143,0,0,854,1,145,0,0,850,0,150,0,0,856,0,144,0,0,857,0,143,0,0,858,2,140,0,0,841,3,156,0,0,866,0,134,0,0,863,1,136,0,0,843,1,156,0,0,857,0,143,0,0,868,0,132,0,0,865,0,135,0,0,854,0,146,0,0,855,1,144,0,0,849,1,150,0,0,853,0,147,0,0,855,0,145,0,0,853,0,147,0,0
94,targeted_homosexual,0.2,867,0,133,0,0,849,0,151,0,0,864,1,135,0,0,847,0,153,0,0,858,1,141,0,0,864,1,135,0,0,854,2,144,0,0,860,1,139,0,0,861,0,139,0,0,862,1,137,0,0,843,0,157,0,0,854,2,144,0,0,857,0,143,0,0,859,0,141,0,0,857,1,142,0,0,847,0,153,0,0,857,1,142,0,0,861,0,139,0,0,856,3,141,0,0,864,0,136,0,0,861,0,139,0,0,856,3,141,0,0,856,0,144,0,0,843,0,157,0,0,851,0,149,0,0,857,0,143,0,0,859,0,141,0,0,846,2,152,0,0,858,0,142,0,0,862,1,137,0,0,858,0,142,0,0,857,0,143,0,0,854,1,145,0,0,850,0,150,0,0,856,0,144,0,0,857,0,143,0,0,858,1,141,0,0,841,2,157,0,0,866,0,134,0,0,863,1,136,0,0,843,1,156,0,0,857,0,143,0,0,868,0,132,0,0,865,0,135,0,0,854,0,146,0,0,855,1,144,0,0,849,1,150,0,0,852,1,147,0,0,855,0,145,0,0,853,0,147,0,0
95,targeted_homosexual,0.2,867,0,133,0,0,849,0,151,0,0,864,1,135,0,0,847,0,153,0,0,858,1,141,0,0,864,1,135,0,0,854,2,144,0,0,860,1,139,0,0,861,0,139,0,0,862,1,137,0,0,843,0,157,0,0,854,2,144,0,0,857,0,143,0,0,859,0,141,0,0,857,1,142,0,0,847,0,153,0,0,857,1,142,0,0,861,0,139,0,0,856,3,141,0,0,864,0,136,0,0,861,0,139,0,0,856,3,141,0,0,856,0,144,0,0,843,0,157,0,0,851,0,149,0,0,857,0,143,0,0,859,0,141,0,0,846,2,152,0,0,858,0,142,0,0,862,1,137,0,0,858,0,142,0,0,857,0,143,0,0,854,1,145,0,0,850,0,150,0,0,856,0,144,0,0,857,0,143,0,0,858,1,141,0,0,841,2,157,0,0,866,0,134,0,0,863,1,136,0,0,843,1,156,0,0,857,0,143,0,0,868,0,132,0,0,865,0,135,0,0,854,0,146,0,0,855,1,144,0,0,849,1,150,0,0,852,1,147,0,0,855,0,145,0,0,852,1,147,0,0
96,targeted_homosexual,0.2,867,0,133,0,0,849,0,151,0,0,864,1,135,0,0,847,0,153,0,0,858,1,141,0,0,864,0,136,0,0,854,2,144,0,0,860,1,139,0,0,861,0,139,0,0,862,1,137,0,0,843,0,157,0,0,854,2,144,0,0,857,0,143,0,0,859,0,141,0,0,857,1,142,0,0,847,0,153,0,0,857,1,142,0,0,861,0,139,0,0,855,4,141,0,0,864,0,136,0,0,861,0,139,0,0,856,2,142,0,0,856,0,144,0,0,843,0,157,0,0,851,0,149,0,0,857,0,143,0,0,859,0,141,0,0,846,2,152,0,0,858,0,142,0,0,862,1,137,0,0,858,0,142,0,0,857,0,143,0,0,854,1,145,0,0,850,0,150,0,0,856,0,144,0,0,857,0,143,0,0,858,1,141,0,0,841,1,158,0,0,865,1,134,0,0,863,1,136,0,0,843,1,156,0,0,857,0,143,0,0,868,0,132,0,0,865,0,135,0,0,854,0,146,0,0,855,1,144,0,0,849,1,150,0,0,852,1,147,0,0,855,0,145,0,0,852,1,147,0,0
97,targeted_homosexual,0.2,867,0,133,0,0,849,0,151,0,0,864,1,135,0,0,847,0,153,0,0,858,1,141,0,0,864,0,136,0,0,854,2,144,0,0,860,1,139,0,0,861,0,139,0,0,862,1,137,0,0,843,0,157,0,0,854,1,145,0,0,857,0,143,0,0,859,0,141,0,0,857,1,142,0,0,847,0,153,0,0,857,1,142,0,0,861,0,139,0,0,855,3,142,0,0,864,0,136,0,0,861,0,139,0,0,856,2,142,0,0,856,0,144,0,0,843,0,157,0,0,851,0,149,0,0,857,0,143,0,0,859,0,141,0,0,845,2,153,0,0,858,0,142,0,0,862,1,137,0,0,858,0,142,0,0,857,0,143,0,0,854,1,145,0,0,850,0,150,0,0,856,0,144,0,0,857,0,143,0,0,858,1,141,0,0,841,1,158,0,0,865,1,134,0,0,863,1,136,0,0,843,1,156,0,0,857,0,143,0,0,868,0,132,0,0,865,0,135,0,0,854,0,146,0,0,855,1,144,0,0,849,1,150,0,0,852,1,147,0,0,855,0,145,0,0,852,1,147,0,0
98,targeted_homosexual,0.2,867,0,133,0,0,849,0,151,0,0,864,1,135,0,0,847,0,153,0,0,858,0,142,0,0,864,0,136,0,0,854,2,144,0,0,860,1,139,0,0,861,0,139,0,0,862,1,137,0,0,843,0,157,0,0,854,1,145,0,0,857,0,143,0,0,859,0,141,0,0,857,1,142,0,0,847,0,153,0,0,857,1,142,0,0,861,0,139,0,0,855,3,142,0,0,864,0,136,0,0,861,0,139,0,0,856,2,142,0,0,856,0,144,0,0,843,0,157,0,0,851,0,149,0,0,857,0,143,0,0,859,0,141,0,0,845,2,153,0,0,858,0,142,0,0,862,1,137,0,0,858,0,142,0,0,857,0,143,0,0,854,1,145,0,0,850,0,150,0,0,856,0,144,0,0,857,0,143,0,0,858,1,141,0,0,841,1,158,0,0,865,1,134,0,0,863,1,136,0,0,843,1,156,0,0,857,0,143,0,0,868,0,132,0,0,865,0,135,0,0,854,0,146,0,0,855,1,144,0,0,849,1,150,0,0,852,1,147,0,0,855,0,145,0,0,852,1,147,0,0
99,targeted_homosexual,0.2,867,0,133,0,0,849,0,151,0,0,864,1,135,0,0,847,0,153,0,0,858,0,142,0,0,864,0,136,0,0,854,2,144,0,0,860,1,139,0,0,861,0,139,0,0,862,0,138,0,0,843,0,157,0,0,853,2,145,0,0,857,0,143,0,0,859,0,141,0,0,857,1,142,0,0,847,0,153,0,0,857,1,142,0,0,861,0,139,0,0,855,3,142,0,0,864,0,136,0,0,861,0,139,0,0,856,2,142,0,0,856,0,144,0,0,843,0,157,0,0,851,0,149,0,0,856,1,143,0,0,859,0,141,0,0,845,2,153,0,0,858,0,142,0,0,862,1,137,0,0,858,0,142,0,0,857,0,143,0,0,854,1,145,0,0,850,0,150,0,0,856,0,144,0,0,857,0,143,0,0,858,1,141,0,0,841,1,158,0,0,865,1,134,0,0,863,1,136,0,0,843,1,156,0,0,856,1,143,0,0,868,0,132,0,0,865,0,135,0,0,854,0,146,0,0,855,1,144,0,0,849,1,150,0,0,852,1,147,0,0,855,0,145,0,0,852,1,147,0,0
100,targeted_homosexual,0.2,866,1,133,0,0,849,0,151,0,0,864,1,135,0,0,847,0,153,0,0,858,0,142,0,0,864,0,136,0,0,854,2,144,0,0,860,1,139,0,0,861,0,139,0,0,862,0,138,0,0,843,0,157,0,0,853,2,145,0,0,857,0,143,0,0,859,0,141,0,0,857,1,142,0,0,847,0,153,0,0,857,1,142,0,0,861,0,139,0,0,855,3,142,0,0,864,0,136,0,0,861,0,139,0,0,856,2,142,0,0,856,0,144,0,0,843,0,157,0,0,850,1,149,0,0,856,1,143,0,0,858,1,141,0,0,845,2,153,0,0,858,0,142,0,0,862,0,138,0,0,858,0,142,0,0,857,0,143,0,0,854,1,145,0,0,850,0,150,0,0,856,0,144,0,0,857,0,143,0,0,858,1,141,0,0,841,1,158,0,0,865,1,134,0,0,863,1,136,0,0,843,1,156,0,0,856,1,143,0,0,868,0,132,0,0,865,0,135,0,0,854,0,146,0,0,855,1,144,0,0,849,0,151,0,0,852,1,147,0,0,855,0,145,0,0,851,2,147,0,0
101,targeted_homosexual,0.2,865,2,133,0,0,848,1,151,0,0,864,1,135,0,0,847,0,153,0,0,858,0,142,0,0,864,0,136,0,0,854,1,145,0,0,860,1,139,0,0,861,0,139,0,0,861,1,138,0,0,843,0,157,0,0,853,2,145,0,0,857,0,143,0,0,859,0,141,0,0,857,0,143,0,0,847,0,153,0,0,857,1,142,0,0,861,0,139,0,0,855,2,143,0,0,864,0,136,0,0,861,0,139,0,0,856,2,142,0,0,856,0,144,0,0,843,0,157,0,0,850,1,149,0,0,856,1,143,0,0,858,1,141,0,0,844,3,153,0,0,858,0,142,0,0,862,0,138,0,0,858,0,142,0,0,857,0,143,0,0,854,1,145,0,0,850,0,150,0,0,856,0,144,0,0,857,0,143,0,0,857,2,141,0,0,841,1,158,0,0,865,1,134,0,0,863,1,136,0,0,843,1,156,0,0,856,1,143,0,0,868,0,132,0,0,865,0,135,0,0,854,0,146,0,0,855,0,145,0,0,849,0,151,0,0,852,1,147,0,0,855,0,145,0,0,851,2,147,0,0
102,targeted_homosexual,0.2,865,2,133,0,0,848,1,151,0,0,864,1,135,0,0,847,0,153,0,0,858,0,142,0,0,864,0,136,0,0,854,1,145,0,0,860,1,139,0,0,861,0,139,0,0,861,1,138,0,0,843,0,157,0,0,853,2,145,0,0,857,0,143,0,0,859,0,141,0,0,857,0,143,0,0,847,0,153,0,0,857,1,142,0,0,861,0,139,0,0,855,2,143,0,0,864,0,136,0,0,861,0,139,0,0,856,0,144,0,0,856,0,144,0,0,843,0,157,0,0,850,1,149,0,0,856,1,143,0,0,858,1,141,0,0,844,3,153,0,0,858,0,142,0,0,862,0,138,0,0,858,0,142,0,0,857,0,143,0,0,854,1,145,0,0,850,0,150,0,0,856,0,144,0,0,857,0,143,0,0,857,2,141,0,0,841,1,158,0,0,865,1,134,0,0,863,1,136,0,0,843,0,157,0,0,856,1,143,0,0,868,0,132,0,0,865,0,135,0,0,854,0,146,0,0,855,0,145,0,0,849,0,151,0,0,852,1,147,0,0,854,1,145,0,0,850,3,147,0,0
103,targeted_homosexual,0.2,865,2,133,0,0,848,1,151,0,0,864,1,135,0,0,847,0,153,0,0,857,1,142,0,0,864,0,136,0,0,854,1,145,0,0,860,1,139,0,0,861,0,139,0,0,861,1,138,0,0,843,0,157,0,0,853,2,145,0,0,857,0,143,0,0,859,0,141,0,0,857,0,143,0,0,847,0,153,0,0,857,0,143,0,0,861,0,139,0,0,855,2,143,0,0,864,0,136,0,0,861,0,139,0,0,855,1,144,0,0,856,0,144,0,0,843,0,157,0,0,849,2,149,0,0,856,1,143,0,0,858,1,141,0,0,844,3,153,0,0,858,0,142,0,0,862,0,138,0,0,858,0,142,0,0,857,0,143,0,0,854,0,146,0,0,850,0,150,0,0,856,0,144,0,0,857,0,143,0,0,857,2,141,0,0,841,1,158,0,0,865,1,134,0,0,861,3,136,0,0,843,0,157,0,0,856,1,143,0,0,868,0,132,0,0,865,0,135,0,0,854,0,146,0,0,855,0,145,0,0,849,0,151,0,0,852,1,147,0,0,854,1,145,0,0,850,3,147,0,0
104,targeted_homosexual,0.2,865,2,133,0,0,848,1,151,0,0,864,1,135,0,0,847,0,153,0,0,857,1,142,0,0,864,0,136,0,0,854,0,146,0,0,860,1,139,0,0,860,1,139,0,0,861,1,138,0,0,843,0,157,0,0,853,2,145,0,0,857,0,143,0,0,859,0,141,0,0,857,0,143,0,0,847,0,153,0,0,857,0,143,0,0,861,0,139,0,0,855,2,143,0,0,864,0,136,0,0,861,0,139,0,0,855,1,144,0,0,856,0,144,0,0,843,0,157,0,0,849,2,149,0,0,856,1,143,0,0,858,1,141,0,0,844,3,153,0,0,858,0,142,0,0,862,0,138,0,0,858,0,142,0,0,857,0,143,0,0,854,0,146,0,0,850,0,150,0,0,856,0,144,0,0,857,0,143,0,0,857,1,142,0,0,841,1,158,0,0,865,1,134,0,0,860,4,136,0,0,843,0,157,0,0,855,2,143,0,0,868,0,132,0,0,865,0,135,0,0,854,0,146,0,0,855,0,145,0,0,849,0,151,0,0,852,1,147,0,0,854,1,145,0,0,850,3,147,0,0
105,targeted_homosexual,0.2,865,2,133,0,0,848,1,151,0,0,864,1,135,0,0,847,0,153,0,0,857,1,142,0,0,864,0,136,0,0,854,0,146,0,0,860,1,139,0,0,860,1,139,0,0,861,1,138,0,0,843,0,157,0,0,853,2,145,0,0,857,0,143,0,0,859,0,141,0,0,857,0,143,0,0,847,0,153,0,0,857,0,143,0,0,861,0,139,0,0,855,1,144,0,0,864,0,136,0,0,861,0,139,0,0,855,1,144,0,0,856,0,144,0,0,843,0,157,0,0,849,2,149,0,0,856,1,143,0,0,858,1,141,0,0,844,3,153,0,0,857,1,142,0,0,862,0,138,0,0,858,0,142,0,0,857,0,143,0,0,854,0,146,0,0,850,0,150,0,0,856,0,144,0,0,857,0,143,0,0,857,1,142,0,0,841,1,158,0,0,865,1,134,0,0,860,4,136,0,0,843,0,157,0,0,855,2,143,0,0,868,0,132,0,0,865,0,135,0,0,854,0,146,0,0,855,0,145,0,0,849,0,151,0,0,852,1,147,0,0,854,1,145,0,0,850,3,147,0,0
106,targeted_homosexual,0.2,864,3,133,0,0,847,2,151,0,0,864,0,136,0,0,847,0,153,0,0,857,1,142,0,0,864,0,136,0,0,854,0,146,0,0,860,0,140,0,0,859,2,139,0,0,861,1,138,0,0,843,0,157,0,0,853,1,146,0,0,857,0,143,0,0,859,0,141,0,0,857,0,143,0,0,847,0,153,0,0,857,0,143,0,0,861,0,139,0,0,855,1,144,0,0,864,0,136,0,0,861,0,139,0,0,855,1,144,0,0,856,0,144,0,0,843,0,157,0,0,849,2,149,0,0,856,1,143,0,0,858,1,141,0,0,844,3,153,0,0,857,1,142,0,0,862,0,138,0,0,858,0,142,0,0,857,0,143,0,0,854,0,146,0,0,850,0,150,0,0,856,0,144,0,0,857,0,143,0,0,857,1,142,0,0,841,0,159,0,0,865,1,134,0,0,860,3,137,0,0,843,0,157,0,0,855,2,143,0,0,867,1,132,0,0,865,0,135,0,0,854,0,146,0,0,855,0,145,0,0,849,0,151,0,0,852,1,147,0,0,854,1,145,0,0,850,3,147,0,0
107,targeted_homosexual,0.2,864,3,133,0,0,847,2,151,0,0,864,0,136,0,0,847,0,153,0,0,857,1,142,0,0,864,0,136,0,0,854,0,146,0,0,860,0,140,0,0,859,2,139,0,0,860,2,138,0,0,843,0,157,0,0,853,1,146,0,0,857,0,143,0,0,859,0,141,0,0,857,0,143,0,0,847,0,153,0,0,857,0,143,0,0,861,0,139,0,0,855,1,144,0,0,863,1,136,0,0,861,0,139,0,0,855,1,144,0,0,856,0,144,0,0,843,0,157,0,0,849,2,149,0,0,856,1,143,0,0,858,1,141,0,0,844,2,154,0,0,857,1,142,0,0,862,0,138,0,0,858,0,142,0,0,857,0,143,0,0,854,0,146,0,0,850,0,150,0,0,856,0,144,0,0,857,0,143,0,0,857,1,142,0,0,841,0,159,0,0,865,1,134,0,0,859,4,137,0,0,843,0,157,0,0,855,2,143,0,0,866,2,132,0,0,865,0,135,0,0,854,0,146,0,0,855,0,145,0,0,849,0,151,0,0,852,0,148,0,0,854,1,145,0,0,850,3,147,0,0
108,targeted_homosexual,0.2,864,3,133,0,0,847,2,151,0,0,864,0,136,0,0,847,0,153,0,0,857,1,142,0,0,864,0,136,0,0,854,0,146,0,0,860,0,140,0,0,859,2,139,0,0,860,2,138,0,0,843,0,157,0,0,853,1,146,0,0,857,0,143,0,0,859,0,141,0,0,857,0,143,0,0,847,0,153,0,0,857,0,143,0,0,861,0,139,0,0,855,1,144,0,0,863,1,136,0,0,861,0,139,0,0,855,1,144,0,0,856,0,144,0,0,843,0,157,0,0,849,2,149,0,0,856,1,143,0,0,858,1,141,0,0,844,2,154,0,0,857,1,142,0,0,861,1,138,0,0,858,0,142,0,0,857,0,143,0,0,854,0,146,0,0,850,0,150,0,0,856,0,144,0,0,857,0,143,0,0,857,1,142,0,0,841,0,159,0,0,865,1,134,0,0,859,4,137,0,0,843,0,157,0,0,855,2,143,0,0,866,2,132,0,0,865,0,135,0,0,854,0,146,0,0,855,0,145,0,0,849,0,151,0,0,852,0,148,0,0,854,1,145,0,0,850,2,148,0,0
109,targeted_homosexual,0.2,864,3,133,0,0,847,2,151,0,0,864,0,136,0,0,847,0,153,0,0,857,1,142,0,0,864,0,136,0,0,854,0,146,0,0,859,1,140,0,0,859,2,139,0,0,860,2,138,0,0,842,1,157,0,0,853,1,146,0,0,857,0,143,0,0,859,0,141,0,0,857,0,143,0,0,846,1,153,0,0,857,0,143,0,0,861,0,139,0,0,855,0,145,0,0,863,1,136,0,0,861,0,139,0,0,855,1,144,0,0,856,0,144,0,0,843,0,157,0,0,849,2,149,0,0,856,1,143,0,0,858,1,141,0,0,844,2,154,0,0,857,1,142,0,0,861,1,138,0,0,858,0,142,0,0,857,0,143,0,0,854,0,146,0,0,850,0,150,0,0,856,0,144,0,0,857,0,143,0,0,857,1,142,0,0,841,0,159,0,0,865,0,135,0,0,858,5,137,0,0,843,0,157,0,0,854,3,143,0,0,866,2,132,0,0,865,0,135,0,0,854,0,146,0,0,855,0,145,0,0,849,0,151,0,0,852,0,148,0,0,854,1,145,0,0,850,2,148,0,0
110,targeted_homosexual,0.2,864,3,133,0,0,847,2,151,0,0,864,0,136,0,0,847,0,153,0,0,857,1,142,0,0,864,0,136,0,0,854,0,146,0,0,859,1,140,0,0,859,2,139,0,0,860,2,138,0,0,842,1,157,0,0,853,1,146,0,0,857,0,143,0,0,859,0,141,0,0,857,0,143,0,0,846,1,153,0,0,857,0,143,0,0,861,0,139,0,0,855,0,145,0,0,863,1,136,0,0,861,0,139,0,0,855,1,144,0,0,856,0,144,0,0,843,0,157,0,0,848,3,149,0,0,856,1,143,0,0,858,1,141,0,0,844,1,155,0,0,857,1,142,0,0,861,1,138,0,0,858,0,142,0,0,857,0,143,0,0,854,0,146,0,0,850,0,150,0,0,856,0,144,0,0,857,0,143,0,0,857,1,142,0,0,841,0,159,0,0,865,0,135,0,0,858,5,137,0,0,843,0,157,0,0,854,3,143,0,0,866,2,132,0,0,865,0,135,0,0,854,0,146,0,0,855,0,145,0,0,849,0,151,0,0,852,0,148,0,0,854,1,145,0,0,850,2,148,0,0
111,targeted_homosexual,0.2,864,3,133,0,0,847,2,151,0,0,864,0,136,0,0,847,0,153,0,0,857,1,142,0,0,864,0,136,0,0,854,0,146,0,0,859,1,140,0,0,859,2,139,0,0,860,2,138,0,0,842,1,157,0,0,853,1,146,0,0,857,0,143,0,0,859,0,141,0,0,857,0,143,0,0,846,1,153,0,0,857,0,143,0,0,861,0,139,0,0,855,0,145,0,0,863,1,136,0,0,861,0,139,0,0,855,1,144,0,0,856,0,144,0,0,843,0,157,0,0,848,3,149,0,0,856,1,143,0,0,858,1,141,0,0,844,1,155,0,0,857,1,142,0,0,861,1,138,0,0,858,0,142,0,0,857,0,143,0,0,854,0,146,0,0,850,0,150,0,0,856,0,144,0,0,857,0,143,0,0,857,1,142,0,0,841,0,159,0,0,865,0,135,0,0,858,5,137,0,0,843,0,157,0,0,854,3,143,0,0,866,2,132,0,0,865,0,135,0,0,854,0,146,0,0,855,0,145,0,0,849,0,151,0,0,852,0,148,0,0,854,1,145,0,0,850,2,148,0,0
112,targeted_homosexual,0.2,864,3,133,0,0,847,2,151,0,0,864,0,136,0,0,847,0,153,0,0,856,2,142,0,0,864,0,136,0,0,853,1,146,0,0,859,1,140,0,0,859,2,139,0,0,860,2,138,0,0,842,1,157,0,0,853,0,147,0,0,857,0,143,0,0,859,0,141,0,0,857,0,143,0,0,846,1,153,0,0,857,0,143,0,0,861,0,139,0,0,855,0,145,0,0,863,1,136,0,0,861,0,139,0,0,855,1,144,0,0,856,0,144,0,0,843,0,157,0,0,848,3,149,0,0,856,0,144,0,0,858,1,141,0,0,844,1,155,0,0,856,2,142,0,0,861,1,138,0,0,858,0,142,0,0,857,0,143,0,0,854,0,146,0,0,850,0,150,0,0,856,0,144,0,0,856,1,143,0,0,857,1,142,0,0,841,0,159,0,0,865,0,135,0,0,858,5,137,0,0,843,0,157,0,0,854,2,144,0,0,866,2,132,0,0,865,0,135,0,0,854,0,146,0,0,855,0,145,0,0,849,0,151,0,0,852,0,148,0,0,854,1,145,0,0,850,2,148,0,0
113,targeted_homosexual,0.2,864,2,134,0,0,847,2,151,0,0,864,0,136,0,0,847,0,153,0,0,856,2,142,0,0,864,0,136,0,0,853,1,146,0,0,859,1,140,0,0,859,2,139,0,0,860,2,138,0,0,842,1,157,0,0,853,0,147,0,0,857,0,143,0,0,859,0,141,0,0,857,0,143,0,0,845,2,153,0,0,857,0,143,0,0,861,0,139,0,0,855,0,145,0,0,863,1,136,0,0,861,0,139,0,0,855,1,144,0,0,856,0,144,0,0,843,0,157,0,0,848,2,150,0,0,856,0,144,0,0,858,0,142,0,0,844,1,155,0,0,855,3,142,0,0,861,1,138,0,0,858,0,142,0,0,857,0,143,0,0,854,0,146,0,0,850,0,150,0,0,856,0,144,0,0,856,1,143,0,0,857,1,142,0,0,841,0,159,0,0,865,0,135,0,0,858,5,137,0,0,843,0,157,0,0,854,2,144,0,0,866,2,132,0,0,865,0,135,0,0,854,0,146,0,0,855,0,145,0,0,849,0,151,0,0,852,0,148,0,0,854,1,145,0,0,850,1,149,0,0
114,targeted_homosexual,0.2,864,1,135,0,0,847,1,152,0,0,864,0,136,0,0,847,0,153,0,0,856,2,142,0,0,864,0,136,0,0,853,1,146,0,0,859,1,140,0,0,859,2,139,0,0,860,1,139,0,0,842,1,157,0,0,853,0,147,0,0,857,0,143,0,0,859,0,141,0,0,857,0,143,0,0,845,2,153,0,0,857,0,143,0,0,861,0,139,0,0,855,0,145,0,0,863,1,136,0,0,861,0,139,0,0,854,2,144,0,0,856,0,144,0,0,842,1,157,0,0,848,2,150,0,0,856,0,144,0,0,858,0,142,0,0,844,0,156,0,0,855,3,142,0,0,861,1,138,0,0,858,0,142,0,0,857,0,143,0,0,854,0,146,0,0,850,0,150,0,0,856,0,144,0,0,855,2,143,0,0,857,0,143,0,0,841,0,159,0,0,865,0,135,0,0,858,5,137,0,0,843,0,157,0,0,854,2,144,0,0,866,2,132,0,0,865,0,135,0,0,854,0,146,0,0,855,0,145,0,0,849,0,151,0,0,852,0,148,0,0,854,1,145,0,0,850,1,149,0,0
115,targeted_homosexual,0.2,864,1,135,0,0,847,1,152,0,0,864,0,136,0,0,847,0,153,0,0,856,2,142,0,0,864,0,136,0,0,853,1,146,0,0,859,1,140,0,0,859,2,139,0,0,860,1,139,0,0,842,1,157,0,0,853,0,147,0,0,857,0,143,0,0,859,0,141,0,0,857,0,143,0,0,845,2,153,0,0,857,0,143,0,0,861,0,139,0,0,855,0,145,0,0,863,1,136,0,0,861,0,139,0,0,854,2,144,0,0,856,0,144,0,0,842,1,157,0,0,848,2,150,0,0,856,0,144,0,0,858,0,142,0,0,844,0,156,0,0,855,3,142,0,0,861,1,138,0,0,858,0,142,0,0,857,0,143,0,0,854,0,146,0,0,850,0,150,0,0,856,0,144,0,0,855,2,143,0,0,857,0,143,0,0,841,0,159,0,0,865,0,135,0,0,858,5,137,0,0,843,0,157,0,0,853,3,144,0,0,866,2,132,0,0,865,0,135,0,0,854,0,146,0,0,855,0,145,0,0,849,0,151,0,0,852,0,148,0,0,854,0,146,0,0,850,0,150,0,0
116,targeted_homosexual,0.2,864,1,135,0,0,847,1,152,0,0,864,0,136,0,0,847,0,153,0,0,856,1,143,0,0,864,0,136,0,0,853,1,146,0,0,859,1,140,0,0,859,2,139,0,0,860,1,139,0,0,842,1,157,0,0,853,0,147,0,0,857,0,143,0,0,859,0,141,0,0,857,0,143,0,0,844,3,153,0,0,857,0,143,0,0,861,0,139,0,0,855,0,145,0,0,863,1,136,0,0,861,0,139,0,0,854,1,145,0,0,856,0,144,0,0,842,1,157,0,0,848,1,151,0,0,856,0,144,0,0,858,0,142,0,0,844,0,156,0,0,855,3,142,0,0,861,1,138,0,0,858,0,142,0,0,857,0,143,0,0,854,0,146,0,0,850,0,150,0,0,856,0,144,0,0,855,2,143,0,0,857,0,143,0,0,841,0,159,0,0,865,0,135,0,0,858,3,139,0,0,843,0,157,0,0,853,3,144,0,0,866,2,132,0,0,865,0,135,0,0,854,0,146,0,0,855,0,145,0,0,849,0,151,0,0,852,0,148,0,0,854,0,146,0,0,850,0,150,0,0
117,targeted_homosexual,0.2,864,1,135,0,0,847,1,152,0,0,864,0,136,0,0,847,0,153,0,0,856,1,143,0,0,864,0,136,0,0,853,1,146,0,0,859,1,140,0,0,859,1,140,0,0,860,1,139,0,0,842,1,157,0,0,853,0,147,0,0,857,0,143,0,0,859,0,141,0,0,857,0,143,0,0,844,3,153,0,0,857,0,143,0,0,861,0,139,0,0,855,0,145,0,0,863,1,136,0,0,861,0,139,0,0,854,1,145,0,0,856,0,144,0,0,842,1,157,0,0,848,1,151,0,0,856,0,144,0,0,858,0,142,0,0,844,0,156,0,0,855,3,142,0,0,861,1,138,0,0,858,0,142,0,0,857,0,143,0,0,854,0,146,0,0,850,0,150,0,0,856,0,144,0,0,855,2,143,0,0,857,0,143,0,0,841,0,159,0,0,865,0,135,0,0,858,2,140,0,0,843,0,157,0,0,853,2,145,0,0,866,2,132,0,0,865,0,135,0,0,854,0,146,0,0,855,0,145,0,0,849,0,151,0,0,852,0,148,0,0,854,0,146,0,0,850,0,150,0,0
118,targeted_homosexual,0.2,864,1,135,0,0,847,1,152,0,0,864,0,136,0,0,847,0,153,0,0,856,1,143,0,0,864,0,136,0,0,853,1,146,0,0,859,1,140,0,0,859,1,140,0,0,860,1,139,0,0,842,1,157,0,0,853,0,147,0,0,857,0,143,0,0,859,0,141,0,0,857,0,143,0,0,844,3,153,0,0,857,0,143,0,0,861,0,139,0,0,855,0,145,0,0,863,1,136,0,0,861,0,139,0,0,854,1,145,0,0,856,0,144,0,0,842,1,157,0,0,848,1,151,0,0,856,0,144,0,0,858,0,142,0,0,844,0,156,0,0,855,2,143,0,0,861,1,138,0,0,858,0,142,0,0,857,0,143,0,0,854,0,146,0,0,850,0,150,0,0,856,0,144,0,0,855,2,143,0,0,857,0,143,0,0,841,0,159,0,0,865,0,135,0,0,858,2,140,0,0,843,0,157,0,0,853,2,145,0,0,866,2,132,0,0,865,0,135,0,0,853,1,146,0,0,855,0,145,0,0,849,0,151,0,0,852,0,148,0,0,854,0,146,0,0,850,0,150,0,0
119,targeted_homosexual,0.2,864,0,136,0,0,847,0,153,0,0,864,0,136,0,0,847,0,153,0,0,856,1,143,0,0,864,0,136,0,0,853,1,146,0,0,859,1,140,0,0,859,0,141,0,0,860,1,139,0,0,842,1,157,0,0,853,0,147,0,0,857,0,143,0,0,859,0,141,0,0,857,0,143,0,0,844,3,153,0,0,857,0,143,0,0,861,0,139,0,0,855,0,145,0,0,863,1,136,0,0,861,0,139,0,0,854,1,145,0,0,856,0,144,0,0,842,1,157,0,0,848,1,151,0,0,856,0,144,0,0,858,0,142,0,0,844,0,156,0,0,855,2,143,0,0,861,1,138,0,0,858,0,142,0,0,857,0,143,0,0,854,0,146,0,0,850,0,150,0,0,856,0,144,0,0,855,2,143,0,0,857,0,143,0,0,841,0,159,0,0,865,0,135,0,0,858,2,140,0,0,843,0,157,0,0,853,2,145,0,0,866,1,133,0,0,865,0,135,0,0,853,1,146,0,0,855,0,145,0,0,849,0,151,0,0,852,0,148,0,0,854,0,146,0,0,850,0,150,0,0
120,targeted_homosexual,0.2,863,1,136,0,0,847,0,153,0,0,864,0,136,0,0,847,0,153,0,0,856,1,143,0,0,864,0,136,0,0,853,1,146,0,0,859,1,140,0,0,859,0,141,0,0,860,0,140,0,0,842,1,157,0,0,853,0,147,0,0,857,0,143,0,0,859,0,141,0,0,857,0,143,0,0,844,3,153,0,0,857,0,143,0,0,861,0,139,0,0,855,0,145,0,0,863,0,137,0,0,861,0,139,0,0,854,1,145,0,0,856,0,144,0,0,842,1,157,0,0,848,1,151,0,0,856,0,144,0,0,858,0,142,0,0,844,0,156,0,0,855,2,143,0,0,861,1,138,0,0,858,0,142,0,0,857,0,143,0,0,854,0,146,0,0,850,0,150,0,0,856,0,144,0,0,855,2,143,0,0,857,0,143,0,0,841,0,159,0,0,865,0,135,0,0,858,1,141,0,0,843,0,157,0,0,853,2,145,0,0,866,0,134,0,0,865,0,135,0,0,853,1,146,0,0,855,0,145,0,0,849,0,151,0,0,852,0,148,0,0,854,0,146,0,0,849,1,150,0,0
121,targeted_homosexual,0.2,863,1,136,0,0,847,0,153,0,0,864,0,136,0,0,847,0,153,0,0,856,1,143,0,0,864,0,136,0,0,853,1,146,0,0,859,1,140,0,0,859,0,141,0,0,860,0,140,0,0,842,1,157,0,0,853,0,147,0,0,857,0,143,0,0,859,0,141,0,0,857,0,143,0,0,844,3,153,0,0,857,0,143,0,0,861,0,139,0,0,855,0,145,0,0,863,0,137,0,0,861,0,139,0,0,854,1,145,0,0,856,0,144,0,0,842,1,157,0,0,848,1,151,0,0,856,0,144,0,0,858,0,142,0,0,844,0,156,0,0,855,2,143,0,0,861,0,139,0,0,858,0,142,0,0,857,0,143,0,0,854,0,146,0,0,850,0,150,0,0,856,0,144,0,0,855,2,143,0,0,857,0,143,0,0,841,0,159,0,0,865,0,135,0,0,858,1,141,0,0,843,0,157,0,0,853,2,145,0,0,866,0,134,0,0,865,0,135,0,0,853,1,146,0,0,855,0,145,0,0,849,0,151,0,0,852,0,148,0,0,854,0,146,0,0,849,1,150,0,0
122,targeted_homosexual,0.2,863,1,136,0,0,847,0,153,0,0,863,1,136,0,0,847,0,153,0,0,856,1,143,0,0,864,0,136,0,0,853,1,146,0,0,859,0,141,0,0,859,0,141,0,0,860,0,140,0,0,842,0,158,0,0,853,0,147,0,0,857,0,143,0,0,859,0,141,0,0,857,0,143,0,0,844,2,154,0,0,857,0,143,0,0,861,0,139,0,0,855,0,145,0,0,863,0,137,0,0,861,0,139,0,0,854,1,145,0,0,856,0,144,0,0,842,1,157,0,0,848,1,151,0,0,856,0,144,0,0,858,0,142,0,0,844,0,156,0,0,855,2,143,0,0,861,0,139,0,0,858,0,142,0,0,857,0,143,0,0,854,0,146,0,0,850,0,150,0,0,856,0,144,0,0,855,2,143,0,0,857,0,143,0,0,841,0,159,0,0,865,0,135,0,0,858,0,142,0,0,843,0,157,0,0,853,1,146,0,0,866,0,134,0,0,865,0,135,0,0,853,1,146,0,0,855,0,145,0,0,849,0,151,0,0,852,0,148,0,0,854,0,146,0,0,849,1,150,0,0
123,targeted_homosexual,0.2,863,1,136,0,0,847,0,153,0,0,863,1,136,0,0,847,0,153,0,0,856,1,143,0,0,864,0,136,0,0,853,1,146,0,0,859,0,141,0,0,859,0,141,0,0,860,0,140,0,0,842,0,158,0,0,853,0,147,0,0,857,0,143,0,0,859,0,141,0,0,856,1,143,0,0,844,2,154,0,0,857,0,143,0,0,861,0,139,0,0,855,0,145,0,0,863,0,137,0,0,861,0,139,0,0,854,1,145,0,0,856,0,144,0,0,841,2,157,0,0,848,0,152,0,0,856,0,144,0,0,858,0,142,0,0,844,0,156,0,0,855,2,143,0,0,861,0,139,0,0,858,0,142,0,0,857,0,143,0,0,853,1,146,0,0,850,0,150,0,0,856,0,144,0,0,855,2,143,0,0,857,0,143,0,0,841,0,159,0,0,865,0,135,0,0,858,0,142,0,0,843,0,157,0,0,853,1,146,0,0,866,0,134,0,0,865,0,135,0,0,853,1,146,0,0,855,0,145,0,0,849,0,151,0,0,852,0,148,0,0,854,0,146,0,0,849,1,150,0,0
124,targeted_homosexual,0.2,863,1,136,0,0,847,0,153,0,0,863,1,136,0,0,847,0,153,0,0,856,1,143,0,0,864,0,136,0,0,853,1,146,0,0,859,0,141,0,0,859,0,141,0,0,860,0,140,0,0,842,0,158,0,0,853,0,147,0,0,857,0,143,0,0,859,0,141,0,0,856,1,143,0,0,844,2,154,0,0,857,0,143,0,0,861,0,139,0,0,855,0,145,0,0,863,0,137,0,0,861,0,139,0,0,854,1,145,0,0,856,0,144,0,0,841,2,157,0,0,848,0,152,0,0,856,0,144,0,0,858,0,142,0,0,844,0,156,0,0,855,2,143,0,0,861,0,139,0,0,858,0,142,0,0,857,0,143,0,0,853,1,146,0,0,850,0,150,0,0,856,0,144,0,0,855,2,143,0,0,857,0,143,0,0,841,0,159,0,0,865,0,135,0,0,857,1,142,0,0,843,0,157,0,0,853,1,146,0,0,866,0,134,0,0,865,0,135,0,0,853,1,146,0,0,855,0,145,0,0,849,0,151,0,0,852,0,148,0,0,854,0,146,0,0,849,1,150,0,0
125,targeted_homosexual,0.2,863,1,136,0,0,847,0,153,0,0,863,1,136,0,0,847,0,153,0,0,856,0,144,0,0,864,0,136,0,0,853,0,147,0,0,859,0,141,0,0,859,0,141,0,0,860,0,140,0,0,842,0,158,0,0,853,0,147,0,0,857,0,143,0,0,859,0,141,0,0,855,2,143,0,0,844,2,154,0,0,857,0,143,0,0,861,0,139,0,0,855,0,145,0,0,863,0,137,0,0,861,0,139,0,0,854,1,145,0,0,856,0,144,0,0,841,2,157,0,0,848,0,152,0,0,856,0,144,0,0,858,0,142,0,0,844,0,156,0,0,855,1,144,0,0,861,0,139,0,0,858,0,142,0,0,857,0,143,0,0,852,2,146,0,0,850,0,150,0,0,856,0,144,0,0,855,1,144,0,0,857,0,143,0,0,841,0,159,0,0,865,0,135,0,0,857,1,142,0,0,843,0,157,0,0,853,1,146,0,0,866,0,134,0,0,865,0,135,0,0,853,1,146,0,0,855,0,145,0,0,849,0,151,0,0,852,0,148,0,0,854,0,146,0,0,849,1,150,0,0
126,targeted_homosexual,0.2,863,1,136,0,0,847,0,153,0,0,863,1,136,0,0,847,0,153,0,0,856,0,144,0,0,864,0,136,0,0,853,0,147,0,0,859,0,141,0,0,858,1,141,0,0,860,0,140,0,0,842,0,158,0,0,853,0,147,0,0,857,0,143,0,0,859,0,141,0,0,855,2,143,0,0,843,2,155,0,0,857,0,143,0,0,861,0,139,0,0,855,0,145,0,0,863,0,137,0,0,861,0,139,0,0,854,1,145,0,0,856,0,144,0,0,841,2,157,0,0,848,0,152,0,0,856,0,144,0,0,858,0,142,0,0,844,0,156,0,0,855,0,145,0,0,861,0,139,0,0,858,0,142,0,0,857,0,143,0,0,852,2,146,0,0,850,0,150,0,0,856,0,144,0,0,855,1,144,0,0,857,0,143,0,0,841,0,159,0,0,865,0,135,0,0,857,1,142,0,0,843,0,157,0,0,853,1,146,0,0,866,0,134,0,0,865,0,135,0,0,853,1,146,0,0,855,0,145,0,0,849,0,151,0,0,852,0,148,0,0,854,0,146,0,0,849,1,150,0,0
127,targeted_homosexual,0.2,863,1,136,0,0,847,0,153,0,0,863,1,136,0,0,847,0,153,0,0,856,0,144,0,0,864,0,136,0,0,853,0,147,0,0,859,0,141,0,0,858,1,141,0,0,860,0,140,0,0,841,1,158,0,0,853,0,147,0,0,857,0,143,0,0,859,0,141,0,0,855,2,143,0,0,843,2,155,0,0,857,0,143,0,0,861,0,139,0,0,855,0,145,0,0,863,0,137,0,0,860,1,139,0,0,854,0,146,0,0,856,0,144,0,0,841,1,158,0,0,848,0,152,0,0,856,0,144,0,0,857,1,142,0,0,844,0,156,0,0,855,0,145,0,0,861,0,139,0,0,858,0,142,0,0,857,0,143,0,0,852,2,146,0,0,850,0,150,0,0,856,0,144,0,0,855,0,145,0,0,857,0,143,0,0,841,0,159,0,0,865,0,135,0,0,857,1,142,0,0,843,0,157,0,0,853,1,146,0,0,866,0,134,0,0,865,0,135,0,0,853,1,146,0,0,855,0,145,0,0,849,0,151,0,0,852,0,148,0,0,854,0,146,0,0,849,1,150,0,0
128,targeted_homosexual,0.2,863,1,136,0,0,847,0,153,0,0,863,1,136,0,0,847,0,153,0,0,856,0,144,0,0,864,0,136,0,0,853,0,147,0,0,859,0,141,0,0,858,1,141,0,0,860,0,140,0,0,841,1,158,0,0,853,0,147,0,0,857,0,143,0,0,859,0,141,0,0,855,2,143,0,0,843,2,155,0,0,857,0,143,0,0,861,0,139,0,0,855,0,145,0,0,863,0,137,0,0,860,1,139,0,0,854,0,146,0,0,856,0,144,0,0,841,1,158,0,0,848,0,152,0,0,856,0,144,0,0,857,1,142,0,0,844,0,156,0,0,855,0,145,0,0,861,0,139,0,0,857,1,142,0,0,857,0,143,0,0,852,2,146,0,0,850,0,150,0,0,856,0,144,0,0,855,0,145,0,0,857,0,143,0,0,841,0,159,0,0,865,0,135,0,0,857,1,142,0,0,843,0,157,0,0,853,0,147,0,0,866,0,134,0,0,865,0,135,0,0,853,1,146,0,0,855,0,145,0,0,849,0,151,0,0,852,0,148,0,0,854,0,146,0,0,849,1,150,0,0
129,targeted_homosexual,0.2,863,1,136,0,0,847,0,153,0,0,863,1,136,0,0,847,0,153,0,0,856,0,144,0,0,864,0,136,0,0,853,0,147,0,0,859,0,141,0,0,858,1,141,0,0,860,0,140,0,0,841,1,158,0,0,853,0,147,0,0,857,0,143,0,0,859,0,141,0,0,855,2,143,0,0,843,1,156,0,0,857,0,143,0,0,861,0,139,0,0,855,0,145,0,0,863,0,137,0,0,860,1,139,0,0,854,0,146,0,0,856,0,144,0,0,841,1,158,0,0,848,0,152,0,0,856,0,144,0,0,857,1,142,0,0,844,0,156,0,0,855,0,145,0,0,861,0,139,0,0,857,1,142,0,0,857,0,143,0,0,852,2,146,0,0,850,0,150,0,0,856,0,144,0,0,855,0,145,0,0,857,0,143,0,0,841,0,159,0,0,865,0,135,0,0,857,1,142,0,0,843,0,157,0,0,853,0,147,0,0,866,0,134,0,0,865,0,135,0,0,853,1,146,0,0,855,0,145,0,0,849,0,151,0,0,851,1,148,0,0,854,0,146,0,0,849,1,150,0,0
130,targeted_homosexual,0.2,863,1,136,0,0,847,0,153,0,0,863,1,136,0,0,847,0,153,0,0,856,0,144,0,0,864,0,136,0,0,853,0,147,0,0,859,0,141,0,0,858,1,141,0,0,860,0,140,0,0,841,1,158,0,0,853,0,147,0,0,857,0,143,0,0,859,0,141,0,0,855,2,143,0,0,843,1,156,0,0,857,0,143,0,0,861,0,139,0,0,855,0,145,0,0,863,0,137,0,0,860,1,139,0,0,854,0,146,0,0,856,0,144,0,0,841,1,158,0,0,848,0,152,0,0,856,0,144,0,0,857,1,142,0,0,844,0,156,0,0,855,0,145,0,0,860,1,139,0,0,857,1,142,0,0,857,0,143,0,0,852,2,146,0,0,850,0,150,0,0,855,1,144,0,0,855,0,145,0,0,857,0,143,0,0,841,0,159,0,0,865,0,135,0,0,857,1,142,0,0,843,0,157,0,0,853,0,147,0,0,865,1,134,0,0,865,0,135,0,0,853,1,146,0,0,855,0,145,0,0,849,0,151,0,0,851,1,148,0,0,854,0,146,0,0,849,1,150,0,0
131,targeted_homosexual,0.2,863,1,136,0,0,847,0,153,0,0,863,1,136,0,0,847,0,153,0,0,856,0,144,0,0,864,0,136,0,0,853,0,147,0,0,859,0,141,0,0,858,1,141,0,0,860,0,140,0,0,841,1,158,0,0,853,0,147,0,0,857,0,143,0,0,859,0,141,0,0,854,3,143,0,0,843,1,156,0,0,857,0,143,0,0,861,0,139,0,0,855,0,145,0,0,863,0,137,0,0,860,1,139,0,0,854,0,146,0,0,856,0,144,0,0,841,1,158,0,0,848,0,152,0,0,856,0,144,0,0,857,1,142,0,0,844,0,156,0,0,855,0,145,0,0,860,1,139,0,0,857,1,142,0,0,856,1,143,0,0,852,2,146,0,0,850,0,150,0,0,855,1,144,0,0,855,0,145,0,0,857,0,143,0,0,841,0,159,0,0,865,0,135,0,0,857,1,142,0,0,843,0,157,0,0,853,0,147,0,0,865,1,134,0,0,865,0,135,0,0,853,0,147,0,0,855,0,145,0,0,849,0,151,0,0,851,1,148,0,0,854,0,146,0,0,849,1,150,0,0
132,targeted_homosexual,0.2,863,1,136,0,0,847,0,153,0,0,863,1,136,0,0,847,0,153,0,0,856,0,144,0,0,864,0,136,0,0,853,0,147,0,0,859,0,141,0,0,858,1,141,0,0,859,1,140,0,0,840,2,158,0,0,853,0,147,0,0,857,0,143,0,0,859,0,141,0,0,854,3,143,0,0,843,1,156,0,0,857,0,143,0,0,861,0,139,0,0,855,0,145,0,0,863,0,137,0,0,860,1,139,0,0,854,0,146,0,0,856,0,144,0,0,841,1,158,0,0,848,0,152,0,0,856,0,144,0,0,857,1,142,0,0,844,0,156,0,0,855,0,145,0,0,860,1,139,0,0,857,1,142,0,0,856,1,143,0,0,852,2,146,0,0,850,0,150,0,0,855,1,144,0,0,855,0,145,0,0,857,0,143,0,0,840,1,159,0,0,865,0,135,0,0,857,1,142,0,0,843,0,157,0,0,853,0,147,0,0,865,1,134,0,0,865,0,135,0,0,853,0,147,0,0,855,0,145,0,0,849,0,151,0,0,851,1,148,0,0,854,0,146,0,0,849,1,150,0,0
133,targeted_homosexual,0.2,863,0,137,0,0,847,0,153,0,0,863,1,136,0,0,847,0,153,0,0,856,0,144,0,0,864,0,136,0,0,852,1,147,0,0,859,0,141,0,0,858,1,141,0,0,859,1,140,0,0,840,2,158,0,0,853,0,147,0,0,857,0,143,0,0,859,0,141,0,0,854,3,143,0,0,843,1,156,0,0,857,0,143,0,0,861,0,139,0,0,855,0,145,0,0,863,0,137,0,0,860,1,139,0,0,854,0,146,0,0,856,0,144,0,0,841,1,158,0,0,848,0,152,0,0,856,0,144,0,0,857,1,142,0,0,844,0,156,0,0,855,0,145,0,0,860,1,139,0,0,857,1,142,0,0,856,1,143,0,0,852,2,146,0,0,850,0,150,0,0,855,1,144,0,0,855,0,145,0,0,857,0,143,0,0,840,1,159,0,0,865,0,135,0,0,857,1,142,0,0,843,0,157,0,0,853,0,147,0,0,865,1,134,0,0,865,0,135,0,0,853,0,147,0,0,855,0,145,0,0,849,0,151,0,0,851,1,148,0,0,854,0,146,0,0,849,0,151,0,0
134,targeted_homosexual,0.2,863,0,137,0,0,847,0,153,0,0,863,1,136,0,0,847,0,153,0,0,856,0,144,0,0,864,0,136,0,0,852,1,147,0,0,859,0,141,0,0,858,1,141,0,0,859,1,140,0,0,840,2,158,0,0,853,0,147,0,0,857,0,143,0,0,859,0,141,0,0,853,4,143,0,0,843,1,156,0,0,857,0,143,0,0,861,0,139,0,0,855,0,145,0,0,863,0,137,0,0,860,1,139,0,0,854,0,146,0,0,856,0,144,0,0,841,1,158,0,0,848,0,152,0,0,856,0,144,0,0,857,1,142,0,0,844,0,156,0,0,855,0,145,0,0,860,1,139,0,0,857,1,142,0,0,856,1,143,0,0,852,2,146,0,0,850,0,150,0,0,855,1,144,0,0,855,0,145,0,0,857,0,143,0,0,840,1,159,0,0,865,0,135,0,0,857,1,142,0,0,843,0,157,0,0,853,0,147,0,0,865,1,134,0,0,865,0,135,0,0,853,0,147,0,0,855,0,145,0,0,849,0,151,0,0,851,1,148,0,0,854,0,146,0,0,849,0,151,0,0
135,targeted_homosexual,0.2,863,0,137,0,0,847,0,153,0,0,863,0,137,0,0,847,0,153,0,0,856,0,144,0,0,864,0,136,0,0,852,1,147,0,0,859,0,141,0,0,858,1,141,0,0,859,1,140,0,0,840,2,158,0,0,853,0,147,0,0,857,0,143,0,0,859,0,141,0,0,853,4,143,0,0,843,1,156,0,0,857,0,143,0,0,861,0,139,0,0,855,0,145,0,0,863,0,137,0,0,860,1,139,0,0,854,0,146,0,0,856,0,144,0,0,841,1,158,0,0,848,0,152,0,0,856,0,144,0,0,857,1,142,0,0,844,0,156,0,0,855,0,145,0,0,860,1,139,0,0,857,1,142,0,0,856,1,143,0,0,852,2,146,0,0,850,0,150,0,0,855,1,144,0,0,855,0,145,0,0,857,0,143,0,0,840,1,159,0,0,865,0,135,0,0,857,1,142,0,0,843,0,157,0,0,853,0,147,0,0,865,1,134,0,0,865,0,135,0,0,853,0,147,0,0,855,0,145,0,0,849,0,151,0,0,851,1,148,0,0,854,0,146,0,0,849,0,151,0,0
136,targeted_homosexual,0.2,863,0,137,0,0,847,0,153,0,0,863,0,137,0,0,847,0,153,0,0,856,0,144,0,0,864,0,136,0,0,852,1,147,0,0,859,0,141,0,0,858,1,141,0,0,859,1,140,0,0,840,2,158,0,0,853,0,147,0,0,857,0,143,0,0,859,0,141,0,0,852,4,144,0,0,843,1,156,0,0,857,0,143,0,0,861,0,139,0,0,855,0,145,0,0,863,0,137,0,0,860,1,139,0,0,854,0,146,0,0,856,0,144,0,0,841,0,159,0,0,848,0,152,0,0,856,0,144,0,0,857,1,142,0,0,844,0,156,0,0,855,0,145,0,0,860,1,139,0,0,857,1,142,0,0,856,1,143,0,0,852,1,147,0,0,850,0,150,0,0,855,1,144,0,0,855,0,145,0,0,857,0,143,0,0,840,1,159,0,0,865,0,135,0,0,857,1,142,0,0,843,0,157,0,0,853,0,147,0,0,865,1,134,0,0,865,0,135,0,0,853,0,147,0,0,855,0,145,0,0,849,0,151,0,0,851,1,148,0,0,854,0,146,0,0,849,0,151,0,0
137,targeted_homosexual,0.2,863,0,137,0,0,847,0,153,0,0,863,0,137,0,0,847,0,153,0,0,856,0,144,0,0,864,0,136,0,0,852,1,147,0,0,859,0,141,0,0,858,1,141,0,0,859,1,140,0,0,840,2,158,0,0,853,0,147,0,0,857,0,143,0,0,859,0,141,0,0,852,4,144,0,0,843,1,156,0,0,857,0,143,0,0,861,0,139,0,0,855,0,145,0,0,863,0,137,0,0,860,1,139,0,0,854,0,146,0,0,856,0,144,0,0,841,0,159,0,0,848,0,152,0,0,856,0,144,0,0,857,1,142,0,0,844,0,156,0,0,855,0,145,0,0,860,1,139,0,0,857,1,142,0,0,856,1,143,0,0,852,1,147,0,0,850,0,150,0,0,855,1,144,0,0,855,0,145,0,0,857,0,143,0,0,840,1,159,0,0,865,0,135,0,0,857,0,143,0,0,843,0,157,0,0,853,0,147,0,0,865,1,134,0,0,865,0,135,0,0,853,0,147,0,0,855,0,145,0,0,849,0,151,0,0,851,1,148,0,0,854,0,146,0,0,849,0,151,0,0
138,targeted_homosexual,0.2,863,0,137,0,0,847,0,153,0,0,863,0,137,0,0,847,0,153,0,0,856,0,144,0,0,864,0,136,0,0,852,1,147,0,0,859,0,141,0,0,858,1,141,0,0,859,1,140,0,0,840,2,158,0,0,853,0,147,0,0,857,0,143,0,0,859,0,141,0,0,852,3,145,0,0,843,1,156,0,0,857,0,143,0,0,861,0,139,0,0,855,0,145,0,0,863,0,137,0,0,860,1,139,0,0,854,0,146,0,0,856,0,144,0,0,841,0,159,0,0,848,0,152,0,0,856,0,144,0,0,857,1,142,0,0,844,0,156,0,0,855,0,145,0,0,860,1,139,0,0,857,1,142,0,0,856,1,143,0,0,851,1,148,0,0,850,0,150,0,0,855,1,144,0,0,855,0,145,0,0,857,0,143,0,0,840,1,159,0,0,865,0,135,0,0,857,0,143,0,0,843,0,157,0,0,853,0,147,0,0,865,1,134,0,0,865,0,135,0,0,853,0,147,0,0,855,0,145,0,0,849,0,151,0,0,851,1,148,0,0,854,0,146,0,0,849,0,151,0,0
139,targeted_homosexual,0.2,863,0,137,0,0,847,0,153,0,0,863,0,137,0,0,847,0,153,0,0,856,0,144,0,0,864,0,136,0,0,852,1,147,0,0,859,0,141,0,0,858,0,142,0,0,859,1,140,0,0,840,2,158,0,0,853,0,147,0,0,857,0,143,0,0,859,0,141,0,0,852,3,145,0,0,843,0,157,0,0,857,0,143,0,0,861,0,139,0,0,855,0,145,0,0,863,0,137,0,0,860,1,139,0,0,854,0,146,0,0,856,0,144,0,0,841,0,159,0,0,848,0,152,0,0,856,0,144,0,0,857,1,142,0,0,844,0,156,0,0,854,1,145,0,0,860,1,139,0,0,857,1,142,0,0,856,1,143,0,0,851,1,148,0,0,850,0,150,0,0,855,1,144,0,0,855,0,145,0,0,857,0,143,0,0,840,1,159,0,0,865,0,135,0,0,857,0,143,0,0,843,0,157,0,0,853,0,147,0,0,865,1,134,0,0,865,0,135,0,0,853,0,147,0,0,855,0,145,0,0,849,0,151,0,0,851,1,148,0,0,854,0,146,0,0,849,0,151,0,0
140,targeted_homosexual,0.2,863,0,137,0,0,847,0,153,0,0,863,0,137,0,0,847,0,153,0,0,856,0,144,0,0,864,0,136,0,0,852,1,147,0,0,859,0,141,0,0,858,0,142,0,0,859,1,140,0,0,840,1,159,0,0,853,0,147,0,0,857,0,143,0,0,859,0,141,0,0,852,3,145,0,0,843,0,157,0,0,857,0,143,0,0,861,0,139,0,0,855,0,145,0,0,863,0,137,0,0,860,0,140,0,0,854,0,146,0,0,856,0,144,0,0,841,0,159,0,0,848,0,152,0,0,856,0,144,0,0,857,0,143,0,0,844,0,156,0,0,854,1,145,0,0,860,1,139,0,0,857,1,142,0,0,856,1,143,0,0,850,2,148,0,0,850,0,150,0,0,855,1,144,0,0,855,0,145,0,0,857,0,143,0,0,840,1,159,0,0,865,0,135,0,0,857,0,143,0,0,843,0,157,0,0,853,0,147,0,0,865,1,134,0,0,865,0,135,0,0,853,0,147,0,0,855,0,145,0,0,849,0,151,0,0,851,1,148,0,0,854,0,146,0,0,849,0,151,0,0
141,targeted_homosexual,0.2,863,0,137,0,0,847,0,153,0,0,863,0,137,0,0,847,0,153,0,0,856,0,144,0,0,864,0,136,0,0,852,1,147,0,0,859,0,141,0,0,858,0,142,0,0,859,1,140,0,0,840,1,159,0,0,853,0,147,0,0,857,0,143,0,0,859,0,141,0,0,852,3,145,0,0,843,0,157,0,0,857,0,143,0,0,861,0,139,0,0,855,0,145,0,0,863,0,137,0,0,860,0,140,0,0,854,0,146,0,0,856,0,144,0,0,841,0,159,0,0,848,0,152,0,0,856,0,144,0,0,857,0,143,0,0,844,0,156,0,0,854,1,145,0,0,860,1,139,0,0,857,0,143,0,0,856,1,143,0,0,849,3,148,0,0,850,0,150,0,0,855,1,144,0,0,855,0,145,0,0,857,0,143,0,0,840,1,159,0,0,865,0,135,0,0,857,0,143,0,0,843,0,157,0,0,853,0,147,0,0,865,1,134,0,0,865,0,135,0,0,852,1,147,0,0,855,0,145,0,0,849,0,151,0,0,851,1,148,0,0,854,0,146,0,0,849,0,151,0,0
142,targeted_homosexual,0.2,862,1,137,0,0,847,0,153,0,0,863,0,137,0,0,847,0,153,0,0,856,0,144,0,0,864,0,136,0,0,852,1,147,0,0,859,0,141,0,0,858,0,142,0,0,859,1,140,0,0,840,1,159,0,0,853,0,147,0,0,857,0,143,0,0,859,0,141,0,0,852,3,145,0,0,843,0,157,0,0,857,0,143,0,0,861,0,139,0,0,855,0,145,0,0,863,0,137,0,0,860,0,140,0,0,854,0,146,0,0,856,0,144,0,0,841,0,159,0,0,848,0,152,0,0,856,0,144,0,0,857,0,143,0,0,844,0,156,0,0,854,1,145,0,0,860,1,139,0,0,857,0,143,0,0,856,1,143,0,0,849,3,148,0,0,850,0,150,0,0,855,1,144,0,0,855,0,145,0,0,857,0,143,0,0,840,1,159,0,0,865,0,135,0,0,857,0,143,0,0,843,0,157,0,0,853,0,147,0,0,865,1,134,0,0,865,0,135,0,0,852,1,147,0,0,855,0,145,0,0,849,0,151,0,0,851,0,149,0,0,854,0,146,0,0,849,0,151,0,0
143,targeted_homosexual,0.2,862,1,137,0,0,847,0,153,0,0,863,0,137,0,0,847,0,153,0,0,856,0,144,0,0,864,0,136,0,0,852,1,147,0,0,859,0,141,0,0,858,0,142,0,0,859,1,140,0,0,840,1,159,0,0,853,0,147,0,0,857,0,143,0,0,859,0,141,0,0,852,3,145,0,0,843,0,157,0,0,857,0,143,0,0,861,0,139,0,0,855,0,145,0,0,863,0,137,0,0,860,0,140,0,0,854,0,146,0,0,856,0,144,0,0,841,0,159,0,0,848,0,152,0,0,856,0,144,0,0,857,0,143,0,0,844,0,156,0,0,854,1,145,0,0,860,0,140,0,0,857,0,143,0,0,856,1,143,0,0,848,4,148,0,0,849,1,150,0,0,855,0,145,0,0,855,0,145,0,0,857,0,143,0,0,840,1,159,0,0,865,0,135,0,0,857,0,143,0,0,843,0,157,0,0,853,0,147,0,0,865,0,135,0,0,865,0,135,0,0,852,1,147,0,0,855,0,145,0,0,848,1,151,0,0,851,0,149,0,0,854,0,146,0,0,849,0,151,0,0
144,targeted_homosexual,0.2,862,1,137,0,0,847,0,153,0,0,863,0,137,0,0,847,0,153,0,0,856,0,144,0,0,864,0,136,0,0,852,1,147,0,0,859,0,141,0,0,858,0,142,0,0,859,1,140,0,0,840,1,159,0,0,853,0,147,0,0,857,0,143,0,0,859,0,141,0,0,852,2,146,0,0,843,0,157,0,0,857,0,143,0,0,861,0,139,0,0,855,0,145,0,0,863,0,137,0,0,860,0,140,0,0,854,0,146,0,0,856,0,144,0,0,841,0,159,0,0,848,0,152,0,0,856,0,144,0,0,857,0,143,0,0,844,0,156,0,0,854,1,145,0,0,860,0,140,0,0,857,0,143,0,0,856,0,144,0,0,848,4,148,0,0,849,1,150,0,0,855,0,145,0,0,855,0,145,0,0,857,0,143,0,0,840,1,159,0,0,865,0,135,0,0,857,0,143,0,0,843,0,157,0,0,853,0,147,0,0,865,0,135,0,0,864,1,135,0,0,852,1,147,0,0,855,0,145,0,0,848,1,151,0,0,851,0,149,0,0,854,0,146,0,0,849,0,151,0,0
145,targeted_homosexual,0.2,862,1,137,0,0,847,0,153,0,0,863,0,137,0,0,847,0,153,0,0,856,0,144,0,0,864,0,136,0,0,852,1,147,0,0,859,0,141,0,0,858,0,142,0,0,859,0,141,0,0,840,0,160,0,0,853,0,147,0,0,857,0,143,0,0,859,0,141,0,0,852,2,146,0,0,843,0,157,0,0,857,0,143,0,0,861,0,139,0,0,855,0,145,0,0,862,1,137,0,0,860,0,140,0,0,854,0,146,0,0,856,0,144,0,0,841,0,159,0,0,848,0,152,0,0,856,0,144,0,0,857,0,143,0,0,844,0,156,0,0,852,3,145,0,0,860,0,140,0,0,857,0,143,0,0,856,0,144,0,0,848,4,148,0,0,849,1,150,0,0,855,0,145,0,0,855,0,145,0,0,857,0,143,0,0,840,0,160,0,0,865,0,135,0,0,857,0,143,0,0,843,0,157,0,0,853,0,147,0,0,865,0,135,0,0,864,1,135,0,0,852,1,147,0,0,855,0,145,0,0,848,1,151,0,0,851,0,149,0,0,854,0,146,0,0,849,0,151,0,0
146,targeted_homosexual,0.2,862,1,137,0,0,847,0,153,0,0,863,0,137,0,0,847,0,153,0,0,856,0,144,0,0,864,0,136,0,0,852,0,148,0,0,859,0,141,0,0,858,0,142,0,0,859,0,141,0,0,840,0,160,0,0,853,0,147,0,0,857,0,143,0,0,859,0,141,0,0,852,2,146,0,0,843,0,157,0,0,857,0,143,0,0,861,0,139,0,0,855,0,145,0,0,862,1,137,0,0,860,0,140,0,0,854,0,146,0,0,856,0,144,0,0,841,0,159,0,0,848,0,152,0,0,856,0,144,0,0,857,0,143,0,0,844,0,156,0,0,852,3,145,0,0,860,0,140,0,0,857,0,143,0,0,856,0,144,0,0,848,4,148,0,0,849,1,150,0,0,855,0,145,0,0,855,0,145,0,0,857,0,143,0,0,840,0,160,0,0,865,0,135,0,0,857,0,143,0,0,843,0,157,0,0,853,0,147,0,0,865,0,135,0,0,864,1,135,0,0,852,1,147,0,0,855,0,145,0,0,848,1,151,0,0,851,0,149,0,0,854,0,146,0,0,849,0,151,0,0
147,targeted_homosexual,0.2,862,1,137,0,0,847,0,153,0,0,863,0,137,0,0,847,0,153,0,0,856,0,144,0,0,864,0,136,0,0,852,0,148,0,0,859,0,141,0,0,858,0,142,0,0,859,0,141,0,0,840,0,160,0,0,853,0,147,0,0,857,0,143,0,0,859,0,141,0,0,852,1,147,0,0,843,0,157,0,0,857,0,143,0,0,861,0,139,0,0,855,0,145,0,0,862,1,137,0,0,860,0,140,0,0,854,0,146,0,0,856,0,144,0,0,841,0,159,0,0,848,0,152,0,0,856,0,144,0,0,857,0,143,0,0,844,0,156,0,0,852,3,145,0,0,860,0,140,0,0,857,0,143,0,0,856,0,144,0,0,848,4,148,0,0,849,1,150,0,0,855,0,145,0,0,855,0,145,0,0,857,0,143,0,0,840,0,160,0,0,865,0,135,0,0,857,0,143,0,0,843,0,157,0,0,853,0,147,0,0,865,0,135,0,0,864,1,135,0,0,851,2,147,0,0,855,0,145,0,0,847,2,151,0,0,851,0,149,0,0,854,0,146,0,0,849,0,151,0,0
148,targeted_homosexual,0.2,862,1,137,0,0,847,0,153,0,0,863,0,137,0,0,847,0,153,0,0,856,0,144,0,0,864,0,136,0,0,851,1,148,0,0,859,0,141,0,0,858,0,142,0,0,859,0,141,0,0,840,0,160,0,0,853,0,147,0,0,857,0,143,0,0,859,0,141,0,0,852,1,147,0,0,843,0,157,0,0,857,0,143,0,0,861,0,139,0,0,855,0,145,0,0,862,1,137,0,0,860,0,140,0,0,854,0,146,0,0,856,0,144,0,0,841,0,159,0,0,848,0,152,0,0,856,0,144,0,0,857,0,143,0,0,844,0,156,0,0,852,3,145,0,0,860,0,140,0,0,857,0,143,0,0,856,0,144,0,0,848,4,148,0,0,849,1,150,0,0,855,0,145,0,0,855,0,145,0,0,857,0,143,0,0,840,0,160,0,0,865,0,135,0,0,857,0,143,0,0,843,0,157,0,0,853,0,147,0,0,865,0,135,0,0,864,1,135,0,0,851,2,147,0,0,855,0,145,0,0,847,2,151,0,0,851,0,149,0,0,854,0,146,0,0,849,0,151,0,0
149,targeted_homosexual,0.2,862,1,137,0,0,847,0,153,0,0,863,0,137,0,0,847,0,153,0,0,856,0,144,0,0,864,0,136,0,0,851,1,148,0,0,859,0,141,0,0,858,0,142,0,0,859,0,141,0,0,840,0,160,0,0,853,0,147,0,0,857,0,143,0,0,859,0,141,0,0,852,0,148,0,0,843,0,157,0,0,857,0,143,0,0,861,0,139,0,0,855,0,145,0,0,862,1,137,0,0,860,0,140,0,0,854,0,146,0,0,856,0,144,0,0,841,0,159,0,0,848,0,152,0,0,855,1,144,0,0,857,0,143,0,0,844,0,156,0,0,852,3,145,0,0,860,0,140,0,0,857,0,143,0,0,856,0,144,0,0,848,4,148,0,0,849,1,150,0,0,855,0,145,0,0,855,0,145,0,0,857,0,143,0,0,840,0,160,0,0,865,0,135,0,0,857,0,143,0,0,843,0,157,0,0,853,0,147,0,0,865,0,135,0,0,864,1,135,0,0,851,2,147,0,0,855,0,145,0,0,847,2,151,0,0,851,0,149,0,0,854,0,146,0,0,849,0,151,0,0
150,targeted_homosexual,0.2,862,1,137,0,0,847,0,153,0,0,863,0,137,0,0,847,0,153,0,0,856,0,144,0,0,864,0,136,0,0,851,1,148,0,0,859,0,141,0,0,858,0,142,0,0,859,0,141,0,0,840,0,160,0,0,853,0,147,0,0,857,0,143,0,0,859,0,141,0,0,852,0,148,0,0,843,0,157,0,0,857,0,143,0,0,861,0,139,0,0,855,0,145,0,0,862,1,137,0,0,860,0,140,0,0,854,0,146,0,0,856,0,144,0,0,841,0,159,0,0,848,0,152,0,0,855,1,144,0,0,857,0,143,0,0,844,0,156,0,0,852,3,145,0,0,860,0,140,0,0,857,0,143,0,0,856,0,144,0,0,847,5,148,0,0,849,1,150,0,0,855,0,145,0,0,855,0,145,0,0,857,0,143,0,0,840,0,160,0,0,865,0,135,0,0,857,0,143,0,0,843,0,157,0,0,853,0,147,0,0,865,0,135,0,0,864,1,135,0,0,851,2,147,0,0,855,0,145,0,0,847,2,151,0,0,851,0,149,0,0,854,0,146,0,0,848,1,151,0,0
151,targeted_homosexual,0.2,862,1,137,0,0,847,0,153,0,0,863,0,137,0,0,847,0,153,0,0,856,0,144,0,0,864,0,136,0,0,850,2,148,0,0,859,0,141,0,0,858,0,142,0,0,859,0,141,0,0,840,0,160,0,0,853,0,147,0,0,857,0,143,0,0,859,0,141,0,0,852,0,148,0,0,843,0,157,0,0,857,0,143,0,0,861,0,139,0,0,855,0,145,0,0,862,1,137,0,0,860,0,140,0,0,854,0,146,0,0,856,0,144,0,0,841,0,159,0,0,848,0,152,0,0,855,1,144,0,0,857,0,143,0,0,844,0,156,0,0,852,3,145,0,0,860,0,140,0,0,857,0,143,0,0,856,0,144,0,0,847,4,149,0,0,849,1,150,0,0,855,0,145,0,0,855,0,145,0,0,857,0,143,0,0,840,0,160,0,0,865,0,135,0,0,857,0,143,0,0,843,0,157,0,0,853,0,147,0,0,865,0,135,0,0,864,1,135,0,0,851,2,147,0,0,855,0,145,0,0,847,2,151,0,0,851,0,149,0,0,854,0,146,0,0,848,1,151,0,0
152,targeted_homosexual,0.2,862,1,137,0,0,847,0,153,0,0,863,0,137,0,0,847,0,153,0,0,856,0,144,0,0,864,0,136,0,0,850,2,148,0,0,859,0,141,0,0,858,0,142,0,0,859,0,141,0,0,840,0,160,0,0,853,0,147,0,0,857,0,143,0,0,859,0,141,0,0,852,0,148,0,0,843,0,157,0,0,857,0,143,0,0,861,0,139,0,0,855,0,145,0,0,862,1,137,0,0,860,0,140,0,0,854,0,146,0,0,856,0,144,0,0,841,0,159,0,0,848,0,152,0,0,855,1,144,0,0,857,0,143,0,0,844,0,156,0,0,852,2,146,0,0,860,0,140,0,0,857,0,143,0,0,856,0,144,0,0,847,4,149,0,0,848,2,150,0,0,855,0,145,0,0,855,0,145,0,0,857,0,143,0,0,840,0,160,0,0,865,0,135,0,0,857,0,143,0,0,843,0,157,0,0,853,0,147,0,0,865,0,135,0,0,864,1,135,0,0,851,2,147,0,0,855,0,145,0,0,847,2,151,0,0,851,0,149,0,0,854,0,146,0,0,848,1,151,0,0
153,targeted_homosexual,0.2,862,1,137,0,0,847,0,153,0,0,863,0,137,0,0,847,0,153,0,0,856,0,144,0,0,864,0,136,0,0,850,2,148,0,0,859,0,141,0,0,858,0,142,0,0,859,0,141,0,0,840,0,160,0,0,853,0,147,0,0,857,0,143,0,0,858,1,141,0,0,852,0,148,0,0,843,0,157,0,0,857,0,143,0,0,861,0,139,0,0,855,0,145,0,0,862,1,137,0,0,860,0,140,0,0,854,0,146,0,0,856,0,144,0,0,841,0,159,0,0,848,0,152,0,0,855,1,144,0,0,857,0,143,0,0,844,0,156,0,0,852,2,146,0,0,860,0,140,0,0,857,0,143,0,0,856,0,144,0,0,847,3,150,0,0,848,2,150,0,0,855,0,145,0,0,855,0,145,0,0,857,0,143,0,0,840,0,160,0,0,865,0,135,0,0,857,0,143,0,0,843,0,157,0,0,853,0,147,0,0,865,0,135,0,0,864,1,135,0,0,851,2,147,0,0,855,0,145,0,0,847,2,151,0,0,851,0,149,0,0,854,0,146,0,0,848,1,151,0,0
154,targeted_homosexual,0.2,862,1,137,0,0,847,0,153,0,0,863,0,137,0,0,847,0,153,0,0,856,0,144,0,0,864,0,136,0,0,850,2,148,0,0,859,0,141,0,0,858,0,142,0,0,859,0,141,0,0,840,0,160,0,0,853,0,147,0,0,857,0,143,0,0,858,1,141,0,0,852,0,148,0,0,843,0,157,0,0,857,0,143,0,0,861,0,139,0,0,855,0,145,0,0,862,1,137,0,0,860,0,140,0,0,854,0,146,0,0,856,0,144,0,0,841,0,159,0,0,848,0,152,0,0,855,1,144,0,0,857,0,143,0,0,844,0,156,0,0,852,2,146,0,0,860,0,140,0,0,857,0,143,0,0,856,0,144,0,0,847,2,151,0,0,848,2,150,0,0,855,0,145,0,0,855,0,145,0,0,857,0,143,0,0,840,0,160,0,0,865,0,135,0,0,857,0,143,0,0,843,0,157,0,0,853,0,147,0,0,865,0,135,0,0,864,1,135,0,0,851,1,148,0,0,855,0,145,0,0,847,2,151,0,0,851,0,149,0,0,854,0,146,0,0,848,1,151,0,0
155,targeted_homosexual,0.2,862,0,138,0,0,847,0,153,0,0,863,0,137,0,0,847,0,153,0,0,856,0,144,0,0,864,0,136,0,0,850,2,148,0,0,859,0,141,0,0,858,0,142,0,0,859,0,141,0,0,840,0,160,0,0,853,0,147,0,0,857,0,143,0,0,858,1,141,0,0,852,0,148,0,0,843,0,157,0,0,857,0,143,0,0,861,0,139,0,0,855,0,145,0,0,862,1,137,0,0,860,0,140,0,0,854,0,146,0,0,856,0,144,0,0,841,0,159,0,0,848,0,152,0,0,855,1,144,0,0,857,0,143,0,0,844,0,156,0,0,852,2,146,0,0,860,0,140,0,0,857,0,143,0,0,856,0,144,0,0,847,2,151,0,0,848,2,150,0,0,855,0,145,0,0,855,0,145,0,0,857,0,143,0,0,840,0,160,0,0,865,0,135,0,0,857,0,143,0,0,843,0,157,0,0,853,0,147,0,0,865,0,135,0,0,864,1,135,0,0,851,1,148,0,0,855,0,145,0,0,847,2,151,0,0,851,0,149,0,0,854,0,146,0,0,848,1,151,0,0
156,targeted_homosexual,0.2,862,0,138,0,0,847,0,153,0,0,863,0,137,0,0,847,0,153,0,0,856,0,144,0,0,864,0,136,0,0,850,2,148,0,0,859,0,141,0,0,858,0,142,0,0,859,0,141,0,0,840,0,160,0,0,853,0,147,0,0,857,0,143,0,0,858,1,141,0,0,852,0,148,0,0,843,0,157,0,0,857,0,143,0,0,861,0,139,0,0,855,0,145,0,0,862,1,137,0,0,860,0,140,0,0,854,0,146,0,0,856,0,144,0,0,841,0,159,0,0,848,0,152,0,0,855,1,144,0,0,857,0,143,0,0,844,0,156,0,0,852,2,146,0,0,860,0,140,0,0,857,0,143,0,0,856,0,144,0,0,847,1,152,0,0,848,1,151,0,0,855,0,145,0,0,855,0,145,0,0,857,0,143,0,0,840,0,160,0,0,865,0,135,0,0,857,0,143,0,0,843,0,157,0,0,853,0,147,0,0,865,0,135,0,0,864,1,135,0,0,851,1,148,0,0,855,0,145,0,0,847,1,152,0,0,851,0,149,0,0,854,0,146,0,0,848,1,151,0,0
157,targeted_homosexual,0.2,862,0,138,0,0,847,0,153,0,0,863,0,137,0,0,847,0,153,0,0,856,0,144,0,0,864,0,136,0,0,850,2,148,0,0,859,0,141,0,0,858,0,142,0,0,859,0,141,0,0,840,0,160,0,0,853,0,147,0,0,857,0,143,0,0,858,1,141,0,0,852,0,148,0,0,843,0,157,0,0,857,0,143,0,0,861,0,139,0,0,855,0,145,0,0,862,1,137,0,0,860,0,140,0,0,854,0,146,0,0,856,0,144,0,0,841,0,159,0,0,848,0,152,0,0,855,1,144,0,0,857,0,143,0,0,844,0,156,0,0,852,2,146,0,0,860,0,140,0,0,857,0,143,0,0,856,0,144,0,0,847,1,152,0,0,848,1,151,0,0,855,0,145,0,0,855,0,145,0,0,857,0,143,0,0,840,0,160,0,0,865,0,135,0,0,857,0,143,0,0,843,0,157,0,0,853,0,147,0,0,865,0,135,0,0,864,0,136,0,0,851,1,148,0,0,855,0,145,0,0,847,1,152,0,0,851,0,149,0,0,854,0,146,0,0,848,1,151,0,0
158,targeted_homosexual,0.2,862,0,138,0,0,847,0,153,0,0,863,0,137,0,0,847,0,153,0,0,856,0,144,0,0,864,0,136,0,0,850,2,148,0,0,859,0,141,0,0,858,0,142,0,0,859,0,141,0,0,840,0,160,0,0,853,0,147,0,0,857,0,143,0,0,858,1,141,0,0,852,0,148,0,0,843,0,157,0,0,857,0,143,0,0,861,0,139,0,0,855,0,145,0,0,862,0,138,0,0,860,0,140,0,0,854,0,146,0,0,856,0,144,0,0,841,0,159,0,0,848,0,152,0,0,855,1,144,0,0,857,0,143,0,0,844,0,156,0,0,852,0,148,0,0,860,0,140,0,0,857,0,143,0,0,856,0,144,0,0,847,1,152,0,0,848,1,151,0,0,855,0,145,0,0,855,0,145,0,0,857,0,143,0,0,840,0,160,0,0,865,0,135,0,0,857,0,143,0,0,843,0,157,0,0,853,0,147,0,0,865,0,135,0,0,864,0,136,0,0,851,1,148,0,0,855,0,145,0,0,847,1,152,0,0,851,0,149,0,0,854,0,146,0,0,848,1,151,0,0
159,targeted_homosexual,0.2,862,0,138,0,0,847,0,153,0,0,863,0,137,0,0,847,0,153,0,0,856,0,144,0,0,864,0,136,0,0,850,2,148,0,0,859,0,141,0,0,858,0,142,0,0,859,0,141,0,0,840,0,160,0,0,853,0,147,0,0,857,0,143,0,0,858,1,141,0,0,852,0,148,0,0,843,0,157,0,0,856,1,143,0,0,861,0,139,0,0,855,0,145,0,0,862,0,138,0,0,860,0,140,0,0,854,0,146,0,0,856,0,144,0,0,841,0,159,0,0,848,0,152,0,0,855,1,144,0,0,857,0,143,0,0,844,0,156,0,0,852,0,148,0,0,860,0,140,0,0,857,0,143,0,0,856,0,144,0,0,847,1,152,0,0,848,1,151,0,0,855,0,145,0,0,855,0,145,0,0,857,0,143,0,0,840,0,160,0,0,865,0,135,0,0,857,0,143,0,0,843,0,157,0,0,853,0,147,0,0,865,0,135,0,0,864,0,136,0,0,851,1,148,0,0,855,0,145,0,0,847,1,152,0,0,851,0,149,0,0,854,0,146,0,0,848,1,151,0,0
160,targeted_homosexual,0.2,862,0,138,0,0,847,0,153,0,0,863,0,137,0,0,847,0,153,0,0,856,0,144,0,0,864,0,136,0,0,850,2,148,0,0,859,0,141,0,0,858,0,142,0,0,859,0,141,0,0,840,0,160,0,0,853,0,147,0,0,857,0,143,0,0,858,1,141,0,0,852,0,148,0,0,843,0,157,0,0,856,1,143,0,0,861,0,139,0,0,855,0,145,0,0,862,0,138,0,0,860,0,140,0,0,854,0,146,0,0,856,0,144,0,0,841,0,159,0,0,848,0,152,0,0,855,1,144,0,0,856,1,143,0,0,844,0,156,0,0,852,0,148,0,0,860,0,140,0,0,857,0,143,0,0,856,0,144,0,0,847,1,152,0,0,848,1,151,0,0,855,0,145,0,0,855,0,145,0,0,857,0,143,0,0,840,0,160,0,0,865,0,135,0,0,857,0,143,0,0,843,0,157,0,0,853,0,147,0,0,865,0,135,0,0,864,0,136,0,0,851,0,149,0,0,855,0,145,0,0,847,0,153,0,0,851,0,149,0,0,854,0,146,0,0,848,1,151,0,0
161,targeted_homosexual,0.2,862,0,138,0,0,847,0,153,0,0,863,0,137,0,0,847,0,153,0,0,856,0,144,0,0,864,0,136,0,0,850,1,149,0,0,859,0,141,0,0,858,0,142,0,0,859,0,141,0,0,840,0,160,0,0,852,1,147,0,0,857,0,143,0,0,858,1,141,0,0,852,0,148,0,0,843,0,157,0,0,855,2,143,0,0,861,0,139,0,0,855,0,145,0,0,862,0,138,0,0,860,0,140,0,0,854,0,146,0,0,856,0,144,0,0,841,0,159,0,0,848,0,152,0,0,855,1,144,0,0,856,1,143,0,0,844,0,156,0,0,852,0,148,0,0,860,0,140,0,0,857,0,143,0,0,856,0,144,0,0,847,1,152,0,0,848,1,151,0,0,855,0,145,0,0,855,0,145,0,0,857,0,143,0,0,840,0,160,0,0,865,0,135,0,0,857,0,143,0,0,843,0,157,0,0,853,0,147,0,0,865,0,135,0,0,864,0,136,0,0,850,1,149,0,0,855,0,145,0,0,847,0,153,0,0,851,0,149,0,0,854,0,146,0,0,848,1,151,0,0
162,targeted_homosexual,0.2,861,1,138,0,0,847,0,153,0,0,863,0,137,0,0,847,0,153,0,0,856,0,144,0,0,864,0,136,0,0,850,1,149,0,0,859,0,141,0,0,858,0,142,0,0,859,0,141,0,0,840,0,160,0,0,852,1,147,0,0,857,0,143,0,0,858,1,141,0,0,852,0,148,0,0,843,0,157,0,0,854,3,143,0,0,861,0,139,0,0,855,0,145,0,0,862,0,138,0,0,860,0,140,0,0,854,0,146,0,0,856,0,144,0,0,841,0,159,0,0,848,0,152,0,0,855,0,145,0,0,856,1,143,0,0,844,0,156,0,0,851,1,148,0,0,860,0,140,0,0,857,0,143,0,0,856,0,144,0,0,847,1,152,0,0,848,1,151,0,0,855,0,145,0,0,855,0,145,0,0,857,0,143,0,0,840,0,160,0,0,865,0,135,0,0,857,0,143,0,0,843,0,157,0,0,853,0,147,0,0,865,0,135,0,0,864,0,136,0,0,850,1,149,0,0,855,0,145,0,0,847,0,153,0,0,851,0,149,0,0,854,0,146,0,0,848,1,151,0,0
163,targeted_homosexual,0.2,861,1,138,0,0,847,0,153,0,0,863,0,137,0,0,847,0,153,0,0,856,0,144,0,0,864,0,136,0,0,850,1,149,0,0,859,0,141,0,0,858,0,142,0,0,859,0,141,0,0,840,0,160,0,0,852,1,147,0,0,856,1,143,0,0,858,1,141,0,0,852,0,148,0,0,843,0,157,0,0,854,3,143,0,0,861,0,139,0,0,855,0,145,0,0,862,0,138,0,0,860,0,140,0,0,854,0,146,0,0,856,0,144,0,0,841,0,159,0,0,848,0,152,0,0,855,0,145,0,0,856,1,143,0,0,844,0,156,0,0,851,1,148,0,0,860,0,140,0,0,857,0,143,0,0,856,0,144,0,0,847,0,153,0,0,848,1,151,0,0,855,0,145,0,0,855,0,145,0,0,857,0,143,0,0,840,0,160,0,0,865,0,135,0,0,857,0,143,0,0,843,0,157,0,0,853,0,147,0,0,865,0,135,0,0,864,0,136,0,0,850,1,149,0,0,855,0,145,0,0,847,0,153,0,0,851,0,149,0,0,854,0,146,0,0,848,0,152,0,0
164,targeted_homosexual,0.2,861,1,138,0,0,847,0,153,0,0,863,0,137,0,0,847,0,153,0,0,856,0,144,0,0,864,0,136,0,0,850,0,150,0,0,859,0,141,0,0,858,0,142,0,0,859,0,141,0,0,840,0,160,0,0,852,1,147,0,0,856,1,143,0,0,858,1,141,0,0,852,0,148,0,0,843,0,157,0,0,854,3,143,0,0,861,0,139,0,0,855,0,145,0,0,862,0,138,0,0,860,0,140,0,0,854,0,146,0,0,856,0,144,0,0,841,0,159,0,0,848,0,152,0,0,855,0,145,0,0,856,1,143,0,0,844,0,156,0,0,851,1,148,0,0,860,0,140,0,0,857,0,143,0,0,856,0,144,0,0,847,0,153,0,0,848,1,151,0,0,855,0,145,0,0,855,0,145,0,0,857,0,143,0,0,840,0,160,0,0,865,0,135,0,0,857,0,143,0,0,843,0,157,0,0,853,0,147,0,0,865,0,135,0,0,864,0,136,0,0,850,1,149,0,0,855,0,145,0,0,847,0,153,0,0,851,0,149,0,0,854,0,146,0,0,848,0,152,0,0
165,targeted_homosexual,0.2,861,1,138,0,0,847,0,153,0,0,863,0,137,0,0,847,0,153,0,0,856,0,144,0,0,864,0,136,0,0,850,0,150,0,0,859,0,141,0,0,858,0,142,0,0,859,0,141,0,0,840,0,160,0,0,852,1,147,0,0,856,1,143,0,0,858,1,141,0,0,852,0,148,0,0,843,0,157,0,0,854,3,143,0,0,861,0,139,0,0,855,0,145,0,0,862,0,138,0,0,860,0,140,0,0,854,0,146,0,0,856,0,144,0,0,841,0,159,0,0,848,0,152,0,0,855,0,145,0,0,856,1,143,0,0,844,0,156,0,0,851,1,148,0,0,860,0,140,0,0,857,0,143,0,0,856,0,144,0,0,847,0,153,0,0,848,0,152,0,0,855,0,145,0,0,855,0,145,0,0,857,0,143,0,0,840,0,160,0,0,865,0,135,0,0,857,0,143,0,0,843,0,157,0,0,853,0,147,0,0,865,0,135,0,0,864,0,136,0,0,850,1,149,0,0,855,0,145,0,0,847,0,153,0,0,851,0,149,0,0,854,0,146,0,0,848,0,152,0,0
166,targeted_homosexual,0.2,861,1,138,0,0,847,0,153,0,0,863,0,137,0,0,847,0,153,0,0,856,0,144,0,0,864,0,136,0,0,850,0,150,0,0,859,0,141,0,0,858,0,142,0,0,859,0,141,0,0,840,0,160,0,0,852,1,147,0,0,856,1,143,0,0,858,0,142,0,0,852,0,148,0,0,843,0,157,0,0,853,4,143,0,0,861,0,139,0,0,855,0,145,0,0,862,0,138,0,0,860,0,140,0,0,854,0,146,0,0,856,0,144,0,0,841,0,159,0,0,848,0,152,0,0,855,0,145,0,0,856,1,143,0,0,844,0,156,0,0,851,1,148,0,0,860,0,140,0,0,857,0,143,0,0,856,0,144,0,0,847,0,153,0,0,848,0,152,0,0,855,0,145,0,0,855,0,145,0,0,857,0,143,0,0,840,0,160,0,0,865,0,135,0,0,857,0,143,0,0,843,0,157,0,0,853,0,147,0,0,865,0,135,0,0,864,0,136,0,0,850,1,149,0,0,855,0,145,0,0,847,0,153,0,0,851,0,149,0,0,854,0,146,0,0,848,0,152,0,0
167,targeted_homosexual,0.2,861,1,138,0,0,847,0,153,0,0,863,0,137,0,0,847,0,153,0,0,856,0,144,0,0,864,0,136,0,0,850,0,150,0,0,859,0,141,0,0,858,0,142,0,0,859,0,141,0,0,840,0,160,0,0,852,1,147,0,0,856,1,143,0,0,858,0,142,0,0,852,0,148,0,0,843,0,157,0,0,853,4,143,0,0,861,0,139,0,0,855,0,145,0,0,862,0,138,0,0,860,0,140,0,0,854,0,146,0,0,856,0,144,0,0,841,0,159,0,0,848,0,152,0,0,855,0,145,0,0,856,1,143,0,0,844,0,156,0,0,851,1,148,0,0,860,0,140,0,0,857,0,143,0,0,856,0,144,0,0,847,0,153,0,0,848,0,152,0,0,855,0,145,0,0,855,0,145,0,0,857,0,143,0,0,840,0,160,0,0,865,0,135,0,0,857,0,143,0,0,843,0,157,0,0,853,0,147,0,0,865,0,135,0,0,864,0,136,0,0,850,1,149,0,0,855,0,145,0,0,847,0,153,0,0,851,0,149,0,0,854,0,146,0,0,848,0,152,0,0
168,targeted_homosexual,0.2,861,1,138,0,0,847,0,153,0,0,862,1,137,0,0,847,0,153,0,0,856,0,144,0,0,864,0,136,0,0,850,0,150,0,0,859,0,141,0,0,858,0,142,0,0,859,0,141,0,0,840,0,160,0,0,851,2,147,0,0,856,1,143,0,0,858,0,142,0,0,852,0,148,0,0,843,0,157,0,0,853,4,143,0,0,861,0,139,0,0,855,0,145,0,0,862,0,138,0,0,860,0,140,0,0,854,0,146,0,0,856,0,144,0,0,841,0,159,0,0,848,0,152,0,0,855,0,145,0,0,856,1,143,0,0,844,0,156,0,0,851,1,148,0,0,860,0,140,0,0,857,0,143,0,0,856,0,144,0,0,847,0,153,0,0,848,0,152,0,0,855,0,145,0,0,855,0,145,0,0,856,1,143,0,0,840,0,160,0,0,865,0,135,0,0,857,0,143,0,0,843,0,157,0,0,853,0,147,0,0,865,0,135,0,0,864,0,136,0,0,850,1,149,0,0,855,0,145,0,0,847,0,153,0,0,851,0,149,0,0,854,0,146,0,0,848,0,152,0,0
169,targeted_homosexual,0.2,861,1,138,0,0,847,0,153,0,0,862,1,137,0,0,847,0,153,0,0,856,0,144,0,0,864,0,136,0,0,850,0,150,0,0,859,0,141,0,0,858,0,142,0,0,859,0,141,0,0,840,0,160,0,0,851,2,147,0,0,856,1,143,0,0,858,0,142,0,0,852,0,148,0,0,843,0,157,0,0,852,5,143,0,0,861,0,139,0,0,855,0,145,0,0,862,0,138,0,0,860,0,140,0,0,854,0,146,0,0,856,0,144,0,0,841,0,159,0,0,848,0,152,0,0,855,0,145,0,0,856,1,143,0,0,844,0,156,0,0,850,2,148,0,0,860,0,140,0,0,857,0,143,0,0,856,0,144,0,0,847,0,153,0,0,848,0,152,0,0,855,0,145,0,0,855,0,145,0,0,856,1,143,0,0,840,0,160,0,0,865,0,135,0,0,857,0,143,0,0,843,0,157,0,0,853,0,147,0,0,865,0,135,0,0,864,0,136,0,0,850,1,149,0,0,855,0,145,0,0,847,0,153,0,0,851,0,149,0,0,854,0,146,0,0,848,0,152,0,0
170,targeted_homosexual,0.2,861,1,138,0,0,847,0,153,0,0,862,1,137,0,0,847,0,153,0,0,856,0,144,0,0,864,0,136,0,0,850,0,150,0,0,859,0,141,0,0,858,0,142,0,0,859,0,141,0,0,840,0,160,0,0,851,2,147,0,0,856,1,143,0,0,858,0,142,0,0,852,0,148,0,0,843,0,157,0,0,852,5,143,0,0,861,0,139,0,0,855,0,145,0,0,862,0,138,0,0,860,0,140,0,0,854,0,146,0,0,856,0,144,0,0,841,0,159,0,0,848,0,152,0,0,855,0,145,0,0,856,1,143,0,0,844,0,156,0,0,850,2,148,0,0,860,0,140,0,0,857,0,143,0,0,856,0,144,0,0,847,0,153,0,0,848,0,152,0,0,855,0,145,0,0,855,0,145,0,0,856,1,143,0,0,840,0,160,0,0,865,0,135,0,0,856,1,143,0,0,843,0,157,0,0,853,0,147,0,0,865,0,135,0,0,864,0,136,0,0,849,2,149,0,0,855,0,145,0,0,847,0,153,0,0,851,0,149,0,0,854,0,146,0,0,848,0,152,0,0
171,targeted_homosexual,0.2,861,1,138,0,0,847,0,153,0,0,862,1,137,0,0,847,0,153,0,0,856,0,144,0,0,864,0,136,0,0,850,0,150,0,0,859,0,141,0,0,858,0,142,0,0,859,0,141,0,0,840,0,160,0,0,851,2,147,0,0,856,1,143,0,0,858,0,142,0,0,852,0,148,0,0,843,0,157,0,0,852,5,143,0,0,861,0,139,0,0,855,0,145,0,0,862,0,138,0,0,860,0,140,0,0,854,0,146,0,0,856,0,144,0,0,841,0,159,0,0,848,0,152,0,0,855,0,145,0,0,856,1,143,0,0,844,0,156,0,0,850,2,148,0,0,860,0,140,0,0,857,0,143,0,0,856,0,144,0,0,847,0,153,0,0,848,0,152,0,0,855,0,145,0,0,855,0,145,0,0,856,1,143,0,0,840,0,160,0,0,865,0,135,0,0,856,1,143,0,0,843,0,157,0,0,853,0,147,0,0,865,0,135,0,0,864,0,136,0,0,849,2,149,0,0,855,0,145,0,0,847,0,153,0,0,851,0,149,0,0,854,0,146,0,0,848,0,152,0,0
172,targeted_homosexual,0.2,861,1,138,0,0,847,0,153,0,0,862,1,137,0,0,847,0,153,0,0,856,0,144,0,0,864,0,136,0,0,850,0,150,0,0,859,0,141,0,0,858,0,142,0,0,859,0,141,0,0,840,0,160,0,0,851,2,147,0,0,856,1,143,0,0,858,0,142,0,0,852,0,148,0,0,843,0,157,0,0,852,4,144,0,0,861,0,139,0,0,855,0,145,0,0,862,0,138,0,0,860,0,140,0,0,854,0,146,0,0,856,0,144,0,0,841,0,159,0,0,848,0,152,0,0,855,0,145,0,0,856,1,143,0,0,844,0,156,0,0,849,3,148,0,0,860,0,140,0,0,857,0,143,0,0,856,0,144,0,0,847,0,153,0,0,848,0,152,0,0,855,0,145,0,0,854,1,145,0,0,856,1,143,0,0,840,0,160,0,0,865,0,135,0,0,856,1,143,0,0,843,0,157,0,0,853,0,147,0,0,865,0,135,0,0,864,0,136,0,0,849,2,149,0,0,855,0,145,0,0,847,0,153,0,0,851,0,149,0,0,854,0,146,0,0,848,0,152,0,0
173,targeted_homosexual,0.2,861,1,138,0,0,847,0,153,0,0,862,1,137,0,0,847,0,153,0,0,856,0,144,0,0,864,0,136,0,0,850,0,150,0,0,859,0,141,0,0,858,0,142,0,0,859,0,141,0,0,840,0,160,0,0,851,2,147,0,0,856,1,143,0,0,858,0,142,0,0,852,0,148,0,0,843,0,157,0,0,852,4,144,0,0,861,0,139,0,0,855,0,145,0,0,862,0,138,0,0,860,0,140,0,0,854,0,146,0,0,856,0,144,0,0,841,0,159,0,0,848,0,152,0,0,855,0,145,0,0,856,0,144,0,0,844,0,156,0,0,848,4,148,0,0,860,0,140,0,0,857,0,143,0,0,856,0,144,0,0,847,0,153,0,0,848,0,152,0,0,855,0,145,0,0,854,1,145,0,0,856,1,143,0,0,840,0,160,0,0,865,0,135,0,0,856,1,143,0,0,843,0,157,0,0,852,1,147,0,0,865,0,135,0,0,864,0,136,0,0,849,2,149,0,0,855,0,145,0,0,847,0,153,0,0,851,0,149,0,0,854,0,146,0,0,848,0,152,0,0
174,targeted_homosexual,0.2,861,1,138,0,0,847,0,153,0,0,862,1,137,0,0,847,0,153,0,0,856,0,144,0,0,864,0,136,0,0,850,0,150,0,0,859,0,141,0,0,858,0,142,0,0,858,1,141,0,0,840,0,160,0,0,851,1,148,0,0,856,1,143,0,0,858,0,142,0,0,852,0,148,0,0,843,0,157,0,0,852,3,145,0,0,861,0,139,0,0,854,1,145,0,0,862,0,138,0,0,860,0,140,0,0,854,0,146,0,0,856,0,144,0,0,841,0,159,0,0,848,0,152,0,0,855,0,145,0,0,856,0,144,0,0,844,0,156,0,0,848,4,148,0,0,860,0,140,0,0,857,0,143,0,0,856,0,144,0,0,847,0,153,0,0,848,0,152,0,0,855,0,145,0,0,854,1,145,0,0,856,1,143,0,0,840,0,160,0,0,865,0,135,0,0,856,1,143,0,0,843,0,157,0,0,852,1,147,0,0,865,0,135,0,0,864,0,136,0,0,849,1,150,0,0,855,0,145,0,0,847,0,153,0,0,851,0,149,0,0,854,0,146,0,0,848,0,152,0,0
175,targeted_homosexual,0.2,861,0,139,0,0,847,0,153,0,0,862,1,137,0,0,847,0,153,0,0,856,0,144,0,0,864,0,136,0,0,850,0,150,0,0,859,0,141,0,0,858,0,142,0,0,858,1,141,0,0,840,0,160,0,0,851,1,148,0,0,856,1,143,0,0,858,0,142,0,0,852,0,148,0,0,843,0,157,0,0,852,2,146,0,0,861,0,139,0,0,854,1,145,0,0,862,0,138,0,0,860,0,140,0,0,854,0,146,0,0,856,0,144,0,0,841,0,159,0,0,848,0,152,0,0,855,0,145,0,0,856,0,144,0,0,844,0,156,0,0,848,3,149,0,0,860,0,140,0,0,857,0,143,0,0,855,1,144,0,0,847,0,153,0,0,848,0,152,0,0,855,0,145,0,0,854,1,145,0,0,856,1,143,0,0,840,0,160,0,0,865,0,135,0,0,856,1,143,0,0,843,0,157,0,0,852,1,147,0,0,865,0,135,0,0,864,0,136,0,0,849,1,150,0,0,855,0,145,0,0,847,0,153,0,0,851,0,149,0,0,854,0,146,0,0,848,0,152,0,0
176,targeted_homosexual,0.2,861,0,139,0,0,847,0,153,0,0,862,1,137,0,0,847,0,153,0,0,856,0,144,0,0,864,0,136,0,0,850,0,150,0,0,859,0,141,0,0,858,0,142,0,0,858,1,141,0,0,840,0,160,0,0,851,1,148,0,0,856,0,144,0,0,858,0,142,0,0,852,0,148,0,0,843,0,157,0,0,852,2,146,0,0,861,0,139,0,0,854,1,145,0,0,862,0,138,0,0,860,0,140,0,0,854,0,146,0,0,856,0,144,0,0,841,0,159,0,0,848,0,152,0,0,855,0,145,0,0,856,0,144,0,0,844,0,156,0,0,848,3,149,0,0,860,0,140,0,0,857,0,143,0,0,855,1,144,0,0,847,0,153,0,0,848,0,152,0,0,855,0,145,0,0,854,1,145,0,0,856,1,143,0,0,840,0,160,0,0,865,0,135,0,0,856,1,143,0,0,843,0,157,0,0,852,1,147,0,0,865,0,135,0,0,864,0,136,0,0,849,1,150,0,0,855,0,145,0,0,847,0,153,0,0,851,0,149,0,0,854,0,146,0,0,848,0,152,0,0
177,targeted_homosexual,0.2,861,0,139,0,0,847,0,153,0,0,862,1,137,0,0,847,0,153,0,0,856,0,144,0,0,864,0,136,0,0,850,0,150,0,0,859,0,141,0,0,858,0,142,0,0,858,1,141,0,0,840,0,160,0,0,851,1,148,0,0,856,0,144,0,0,858,0,142,0,0,852,0,148,0,0,843,0,157,0,0,852,2,146,0,0,861,0,139,0,0,854,1,145,0,0,862,0,138,0,0,860,0,140,0,0,854,0,146,0,0,856,0,144,0,0,841,0,159,0,0,848,0,152,0,0,855,0,145,0,0,856,0,144,0,0,844,0,156,0,0,848,3,149,0,0,860,0,140,0,0,857,0,143,0,0,855,1,144,0,0,847,0,153,0,0,848,0,152,0,0,855,0,145,0,0,854,1,145,0,0,856,1,143,0,0,840,0,160,0,0,865,0,135,0,0,856,1,143,0,0,843,0,157,0,0,852,1,147,0,0,865,0,135,0,0,864,0,136,0,0,849,1,150,0,0,855,0,145,0,0,847,0,153,0,0,851,0,149,0,0,854,0,146,0,0,848,0,152,0,0
178,targeted_homosexual,0.2,861,0,139,0,0,847,0,153,0,0,862,1,137,0,0,847,0,153,0,0,856,0,144,0,0,864,0,136,0,0,850,0,150,0,0,859,0,141,0,0,858,0,142,0,0,858,1,141,0,0,840,0,160,0,0,851,1,148,0,0,856,0,144,0,0,858,0,142,0,0,852,0,148,0,0,843,0,157,0,0,852,2,146,0,0,861,0,139,0,0,854,1,145,0,0,862,0,138,0,0,860,0,140,0,0,854,0,146,0,0,856,0,144,0,0,841,0,159,0,0,848,0,152,0,0,855,0,145,0,0,856,0,144,0,0,844,0,156,0,0,848,3,149,0,0,860,0,140,0,0,857,0,143,0,0,855,1,144,0,0,847,0,153,0,0,848,0,152,0,0,855,0,145,0,0,854,1,145,0,0,856,1,143,0,0,839,1,160,0,0,865,0,135,0,0,856,1,143,0,0,843,0,157,0,0,852,1,147,0,0,865,0,135,0,0,864,0,136,0,0,849,1,150,0,0,855,0,145,0,0,847,0,153,0,0,851,0,149,0,0,854,0,146,0,0,848,0,152,0,0
179,targeted_homosexual,0.2,861,0,139,0,0,847,0,153,0,0,862,1,137,0,0,847,0,153,0,0,856,0,144,0,0,864,0,136,0,0,850,0,150,0,0,859,0,141,0,0,858,0,142,0,0,858,1,141,0,0,840,0,160,0,0,851,1,148,0,0,856,0,144,0,0,858,0,142,0,0,852,0,148,0,0,843,0,157,0,0,852,1,147,0,0,861,0,139,0,0,854,1,145,0,0,862,0,138,0,0,860,0,140,0,0,854,0,146,0,0,856,0,144,0,0,841,0,159,0,0,848,0,152,0,0,855,0,145,0,0,856,0,144,0,0,844,0,156,0,0,848,3,149,0,0,860,0,140,0,0,857,0,143,0,0,855,1,144,0,0,847,0,153,0,0,848,0,152,0,0,855,0,145,0,0,854,1,145,0,0,856,1,143,0,0,839,1,160,0,0,865,0,135,0,0,856,1,143,0,0,843,0,157,0,0,852,1,147,0,0,865,0,135,0,0,864,0,136,0,0,849,1,150,0,0,855,0,145,0,0,847,0,153,0,0,851,0,149,0,0,854,0,146,0,0,848,0,152,0,0
180,targeted_homosexual,0.2,861,0,139,0,0,847,0,153,0,0,862,1,137,0,0,847,0,153,0,0,856,0,144,0,0,864,0,136,0,0,850,0,150,0,0,859,0,141,0,0,858,0,142,0,0,858,1,141,0,0,840,0,160,0,0,851,1,148,0,0,856,0,144,0,0,858,0,142,0,0,852,0,148,0,0,843,0,157,0,0,852,1,147,0,0,860,1,139,0,0,854,1,145,0,0,862,0,138,0,0,860,0,140,0,0,854,0,146,0,0,856,0,144,0,0,841,0,159,0,0,848,0,152,0,0,855,0,145,0,0,856,0,144,0,0,844,0,156,0,0,848,3,149,0,0,860,0,140,0,0,857,0,143,0,0,855,1,144,0,0,847,0,153,0,0,848,0,152,0,0,855,0,145,0,0,854,1,145,0,0,856,1,143,0,0,839,1,160,0,0,865,0,135,0,0,856,1,143,0,0,843,0,157,0,0,852,1,147,0,0,865,0,135,0,0,864,0,136,0,0,849,1,150,0,0,855,0,145,0,0,846,1,153,0,0,851,0,149,0,0,854,0,146,0,0,848,0,152,0,0
181,targeted_homosexual,0.2,861,0,139,0,0,847,0,153,0,0,862,0,138,0,0,847,0,153,0,0,856,0,144,0,0,864,0,136,0,0,850,0,150,0,0,859,0,141,0,0,858,0,142,0,0,858,1,141,0,0,840,0,160,0,0,851,0,149,0,0,856,0,144,0,0,858,0,142,0,0,852,0,148,0,0,843,0,157,0,0,852,1,147,0,0,860,1,139,0,0,854,1,145,0,0,862,0,138,0,0,860,0,140,0,0,854,0,146,0,0,856,0,144,0,0,841,0,159,0,0,848,0,152,0,0,855,0,145,0,0,856,0,144,0,0,844,0,156,0,0,848,3,149,0,0,860,0,140,0,0,857,0,143,0,0,855,1,144,0,0,847,0,153,0,0,848,0,152,0,0,855,0,145,0,0,854,1,145,0,0,856,0,144,0,0,839,1,160,0,0,865,0,135,0,0,856,1,143,0,0,843,0,157,0,0,852,1,147,0,0,865,0,135,0,0,864,0,136,0,0,849,1,150,0,0,855,0,145,0,0,846,1,153,0,0,851,0,149,0,0,854,0,146,0,0,848,0,152,0,0
182,targeted_homosexual,0.2,861,0,139,0,0,847,0,153,0,0,862,0,138,0,0,847,0,153,0,0,856,0,144,0,0,864,0,136,0,0,850,0,150,0,0,859,0,141,0,0,858,0,142,0,0,858,1,141,0,0,840,0,160,0,0,851,0,149,0,0,856,0,144,0,0,858,0,142,0,0,852,0,148,0,0,843,0,157,0,0,852,0,148,0,0,860,1,139,0,0,854,1,145,0,0,862,0,138,0,0,860,0,140,0,0,854,0,146,0,0,856,0,144,0,0,840,1,159,0,0,848,0,152,0,0,855,0,145,0,0,856,0,144,0,0,844,0,156,0,0,848,2,150,0,0,860,0,140,0,0,857,0,143,0,0,855,1,144,0,0,847,0,153,0,0,848,0,152,0,0,855,0,145,0,0,854,1,145,0,0,856,0,144,0,0,839,1,160,0,0,865,0,135,0,0,856,1,143,0,0,843,0,157,0,0,852,1,147,0,0,865,0,135,0,0,864,0,136,0,0,849,1,150,0,0,855,0,145,0,0,846,1,153,0,0,851,0,149,0,0,854,0,146,0,0,847,1,152,0,0
183,targeted_homosexual,0.2,861,0,139,0,0,847,0,153,0,0,862,0,138,0,0,847,0,153,0,0,856,0,144,0,0,864,0,136,0,0,850,0,150,0,0,859,0,141,0,0,858,0,142,0,0,858,1,141,0,0,840,0,160,0,0,851,0,149,0,0,856,0,144,0,0,858,0,142,0,0,852,0,148,0,0,843,0,157,0,0,852,0,148,0,0,860,1,139,0,0,854,1,145,0,0,862,0,138,0,0,860,0,140,0,0,854,0,146,0,0,856,0,144,0,0,840,1,159,0,0,848,0,152,0,0,855,0,145,0,0,856,0,144,0,0,844,0,156,0,0,848,2,150,0,0,860,0,140,0,0,857,0,143,0,0,855,1,144,0,0,847,0,153,0,0,848,0,152,0,0,855,0,145,0,0,854,1,145,0,0,856,0,144,0,0,839,1,160,0,0,865,0,135,0,0,856,0,144,0,0,843,0,157,0,0,852,1,147,0,0,865,0,135,0,0,864,0,136,0,0,849,0,151,0,0,855,0,145,0,0,846,1,153,0,0,851,0,149,0,0,854,0,146,0,0,847,1,152,0,0
184,targeted_homosexual,0.2,861,0,139,0,0,847,0,153,0,0,862,0,138,0,0,847,0,153,0,0,856,0,144,0,0,864,0,136,0,0,850,0,150,0,0,859,0,141,0,0,858,0,142,0,0,858,1,141,0,0,840,0,160,0,0,851,0,149,0,0,856,0,144,0,0,858,0,142,0,0,852,0,148,0,0,843,0,157,0,0,852,0,148,0,0,859,2,139,0,0,854,1,145,0,0,862,0,138,0,0,860,0,140,0,0,854,0,146,0,0,856,0,144,0,0,840,1,159,0,0,848,0,152,0,0,855,0,145,0,0,856,0,144,0,0,843,1,156,0,0,848,2,150,0,0,860,0,140,0,0,857,0,143,0,0,855,1,144,0,0,847,0,153,0,0,848,0,152,0,0,855,0,145,0,0,854,1,145,0,0,856,0,144,0,0,839,1,160,0,0,865,0,135,0,0,856,0,144,0,0,843,0,157,0,0,852,1,147,0,0,865,0,135,0,0,864,0,136,0,0,849,0,151,0,0,855,0,145,0,0,846,1,153,0,0,851,0,149,0,0,854,0,146,0,0,847,1,152,0,0
185,targeted_homosexual,0.2,861,0,139,0,0,847,0,153,0,0,861,1,138,0,0,847,0,153,0,0,856,0,144,0,0,864,0,136,0,0,850,0,150,0,0,859,0,141,0,0,858,0,142,0,0,858,1,141,0,0,840,0,160,0,0,851,0,149,0,0,856,0,144,0,0,858,0,142,0,0,852,0,148,0,0,843,0,157,0,0,852,0,148,0,0,859,2,139,0,0,854,1,145,0,0,862,0,138,0,0,860,0,140,0,0,854,0,146,0,0,856,0,144,0,0,840,1,159,0,0,848,0,152,0,0,855,0,145,0,0,856,0,144,0,0,843,1,156,0,0,848,1,151,0,0,859,1,140,0,0,857,0,143,0,0,854,2,144,0,0,847,0,153,0,0,848,0,152,0,0,855,0,145,0,0,854,0,146,0,0,856,0,144,0,0,839,1,160,0,0,865,0,135,0,0,856,0,144,0,0,843,0,157,0,0,852,1,147,0,0,865,0,135,0,0,864,0,136,0,0,849,0,151,0,0,855,0,145,0,0,846,1,153,0,0,851,0,149,0,0,854,0,146,0,0,847,1,152,0,0
186,targeted_homosexual,0.2,861,0,139,0,0,847,0,153,0,0,861,1,138,0,0,847,0,153,0,0,856,0,144,0,0,864,0,136,0,0,850,0,150,0,0,859,0,141,0,0,858,0,142,0,0,858,1,141,0,0,840,0,160,0,0,851,0,149,0,0,856,0,144,0,0,858,0,142,0,0,852,0,148,0,0,843,0,157,0,0,852,0,148,0,0,859,2,139,0,0,854,1,145,0,0,862,0,138,0,0,860,0,140,0,0,854,0,146,0,0,856,0,144,0,0,840,1,159,0,0,848,0,152,0,0,855,0,145,0,0,856,0,144,0,0,843,1,156,0,0,848,0,152,0,0,859,1,140,0,0,857,0,143,0,0,854,2,144,0,0,847,0,153,0,0,848,0,152,0,0,854,1,145,0,0,854,0,146,0,0,856,0,144,0,0,839,1,160,0,0,865,0,135,0,0,856,0,144,0,0,843,0,157,0,0,852,0,148,0,0,865,0,135,0,0,864,0,136,0,0,849,0,151,0,0,855,0,145,0,0,846,1,153,0,0,851,0,149,0,0,854,0,146,0,0,847,1,152,0,0
187,targeted_homosexual,0.2,861,0,139,0,0,847,0,153,0,0,861,1,138,0,0,847,0,153,0,0,856,0,144,0,0,864,0,136,0,0,850,0,150,0,0,859,0,141,0,0,858,0,142,0,0,858,0,142,0,0,840,0,160,0,0,851,0,149,0,0,856,0,144,0,0,858,0,142,0,0,852,0,148,0,0,843,0,157,0,0,852,0,148,0,0,859,2,139,0,0,854,0,146,0,0,862,0,138,0,0,860,0,140,0,0,853,1,146,0,0,856,0,144,0,0,840,1,159,0,0,848,0,152,0,0,855,0,145,0,0,856,0,144,0,0,843,1,156,0,0,848,0,152,0,0,859,1,140,0,0,857,0,143,0,0,854,2,144,0,0,847,0,153,0,0,848,0,152,0,0,854,1,145,0,0,854,0,146,0,0,856,0,144,0,0,839,1,160,0,0,865,0,135,0,0,856,0,144,0,0,843,0,157,0,0,852,0,148,0,0,865,0,135,0,0,864,0,136,0,0,849,0,151,0,0,855,0,145,0,0,846,1,153,0,0,851,0,149,0,0,854,0,146,0,0,847,1,152,0,0
188,targeted_homosexual,0.2,861,0,139,0,0,847,0,153,0,0,861,1,138,0,0,847,0,153,0,0,856,0,144,0,0,864,0,136,0,0,850,0,150,0,0,859,0,141,0,0,858,0,142,0,0,857,1,142,0,0,840,0,160,0,0,851,0,149,0,0,856,0,144,0,0,858,0,142,0,0,852,0,148,0,0,843,0,157,0,0,852,0,148,0,0,859,2,139,0,0,854,0,146,0,0,862,0,138,0,0,860,0,140,0,0,853,1,146,0,0,856,0,144,0,0,840,1,159,0,0,848,0,152,0,0,855,0,145,0,0,856,0,144,0,0,843,1,156,0,0,848,0,152,0,0,859,1,140,0,0,857,0,143,0,0,854,1,145,0,0,847,0,153,0,0,848,0,152,0,0,854,1,145,0,0,854,0,146,0,0,856,0,144,0,0,839,1,160,0,0,865,0,135,0,0,856,0,144,0,0,843,0,157,0,0,852,0,148,0,0,865,0,135,0,0,864,0,136,0,0,849,0,151,0,0,855,0,145,0,0,846,1,153,0,0,851,0,149,0,0,854,0,146,0,0,847,1,152,0,0
189,targeted_homosexual,0.2,861,0,139,0,0,847,0,153,0,0,861,1,138,0,0,847,0,153,0,0,856,0,144,0,0,864,0,136,0,0,850,0,150,0,0,859,0,141,0,0,858,0,142,0,0,857,1,142,0,0,840,0,160,0,0,851,0,149,0,0,856,0,144,0,0,858,0,142,0,0,852,0,148,0,0,843,0,157,0,0,852,0,148,0,0,859,2,139,0,0,854,0,146,0,0,862,0,138,0,0,860,0,140,0,0,853,1,146,0,0,856,0,144,0,0,840,1,159,0,0,848,0,152,0,0,855,0,145,0,0,856,0,144,0,0,843,1,156,0,0,848,0,152,0,0,859,1,140,0,0,857,0,143,0,0,853,2,145,0,0,847,0,153,0,0,848,0,152,0,0,854,1,145,0,0,854,0,146,0,0,856,0,144,0,0,839,1,160,0,0,865,0,135,0,0,856,0,144,0,0,843,0,157,0,0,852,0,148,0,0,865,0,135,0,0,864,0,136,0,0,849,0,151,0,0,855,0,145,0,0,846,1,153,0,0,851,0,149,0,0,854,0,146,0,0,847,1,152,0,0
190,targeted_homosexual,0.2,861,0,139,0,0,847,0,153,0,0,861,1,138,0,0,847,0,153,0,0,856,0,144,0,0,864,0,136,0,0,850,0,150,0,0,859,0,141,0,0,858,0,142,0,0,857,1,142,0,0,840,0,160,0,0,851,0,149,0,0,856,0,144,0,0,858,0,142,0,0,852,0,148,0,0,843,0,157,0,0,852,0,148,0,0,859,2,139,0,0,854,0,146,0,0,862,0,138,0,0,860,0,140,0,0,853,1,146,0,0,856,0,144,0,0,840,1,159,0,0,848,0,152,0,0,855,0,145,0,0,855,1,144,0,0,843,1,156,0,0,848,0,152,0,0,859,1,140,0,0,857,0,143,0,0,853,2,145,0,0,847,0,153,0,0,848,0,152,0,0,854,1,145,0,0,854,0,146,0,0,856,0,144,0,0,839,1,160,0,0,865,0,135,0,0,856,0,144,0,0,843,0,157,0,0,852,0,148,0,0,865,0,135,0,0,864,0,136,0,0,849,0,151,0,0,855,0,145,0,0,846,1,153,0,0,851,0,149,0,0,854,0,146,0,0,847,1,152,0,0
191,targeted_homosexual,0.2,861,0,139,0,0,847,0,153,0,0,861,1,138,0,0,847,0,153,0,0,856,0,144,0,0,864,0,136,0,0,850,0,150,0,0,859,0,141,0,0,858,0,142,0,0,857,1,142,0,0,840,0,160,0,0,851,0,149,0,0,856,0,144,0,0,857,1,142,0,0,852,0,148,0,0,843,0,157,0,0,852,0,148,0,0,859,2,139,0,0,854,0,146,0,0,862,0,138,0,0,860,0,140,0,0,853,1,146,0,0,856,0,144,0,0,840,1,159,0,0,848,0,152,0,0,855,0,145,0,0,855,1,144,0,0,843,1,156,0,0,848,0,152,0,0,859,1,140,0,0,857,0,143,0,0,853,2,145,0,0,847,0,153,0,0,848,0,152,0,0,854,1,145,0,0,854,0,146,0,0,856,0,144,0,0,839,0,161,0,0,865,0,135,0,0,856,0,144,0,0,843,0,157,0,0,852,0,148,0,0,865,0,135,0,0,864,0,136,0,0,849,0,151,0,0,855,0,145,0,0,846,1,153,0,0,851,0,149,0,0,854,0,146,0,0,847,1,152,0,0
192,targeted_homosexual,0.2,861,0,139,0,0,847,0,153,0,0,861,1,138,0,0,847,0,153,0,0,856,0,144,0,0,864,0,136,0,0,850,0,150,0,0,859,0,141,0,0,858,0,142,0,0,857,1,142,0,0,840,0,160,0,0,851,0,149,0,0,856,0,144,0,0,857,1,142,0,0,852,0,148,0,0,843,0,157,0,0,852,0,148,0,0,859,2,139,0,0,854,0,146,0,0,862,0,138,0,0,860,0,140,0,0,853,1,146,0,0,856,0,144,0,0,840,1,159,0,0,848,0,152,0,0,855,0,145,0,0,855,1,144,0,0,843,1,156,0,0,848,0,152,0,0,859,1,140,0,0,857,0,143,0,0,853,2,145,0,0,847,0,153,0,0,848,0,152,0,0,854,1,145,0,0,854,0,146,0,0,856,0,144,0,0,839,0,161,0,0,865,0,135,0,0,856,0,144,0,0,843,0,157,0,0,852,0,148,0,0,865,0,135,0,0,864,0,136,0,0,849,0,151,0,0,855,0,145,0,0,846,1,153,0,0,851,0,149,0,0,854,0,146,0,0,847,1,152,0,0
193,targeted_homosexual,0.2,861,0,139,0,0,847,0,153,0,0,861,1,138,0,0,847,0,153,0,0,856,0,144,0,0,864,0,136,0,0,850,0,150,0,0,859,0,141,0,0,858,0,142,0,0,857,1,142,0,0,840,0,160,0,0,851,0,149,0,0,856,0,144,0,0,857,1,142,0,0,852,0,148,0,0,843,0,157,0,0,852,0,148,0,0,859,1,140,0,0,854,0,146,0,0,862,0,138,0,0,860,0,140,0,0,852,2,146,0,0,856,0,144,0,0,840,1,159,0,0,848,0,152,0,0,855,0,145,0,0,855,1,144,0,0,843,1,156,0,0,848,0,152,0,0,859,1,140,0,0,857,0,143,0,0,853,2,145,0,0,846,1,153,0,0,848,0,152,0,0,854,1,145,0,0,854,0,146,0,0,856,0,144,0,0,839,0,161,0,0,865,0,135,0,0,856,0,144,0,0,843,0,157,0,0,852,0,148,0,0,864,1,135,0,0,864,0,136,0,0,849,0,151,0,0,855,0,145,0,0,846,0,154,0,0,851,0,149,0,0,854,0,146,0,0,847,1,152,0,0
194,targeted_homosexual,0.2,861,0,139,0,0,847,0,153,0,0,861,1,138,0,0,847,0,153,0,0,856,0,144,0,0,864,0,136,0,0,850,0,150,0,0,859,0,141,0,0,858,0,142,0,0,857,1,142,0,0,840,0,160,0,0,851,0,149,0,0,856,0,144,0,0,857,1,142,0,0,852,0,148,0,0,843,0,157,0,0,852,0,148,0,0,859,1,140,0,0,854,0,146,0,0,862,0,138,0,0,860,0,140,0,0,852,2,146,0,0,856,0,144,0,0,840,1,159,0,0,848,0,152,0,0,855,0,145,0,0,855,1,144,0,0,843,1,156,0,0,848,0,152,0,0,859,1,140,0,0,857,0,143,0,0,853,2,145,0,0,846,1,153,0,0,848,0,152,0,0,854,1,145,0,0,854,0,146,0,0,856,0,144,0,0,839,0,161,0,0,865,0,135,0,0,856,0,144,0,0,842,1,157,0,0,852,0,148,0,0,864,1,135,0,0,864,0,136,0,0,849,0,151,0,0,855,0,145,0,0,846,0,154,0,0,851,0,149,0,0,854,0,146,0,0,847,1,152,0,0
195,targeted_homosexual,0.2,861,0,139,0,0,847,0,153,0,0,861,1,138,0,0,847,0,153,0,0,856,0,144,0,0,864,0,136,0,0,850,0,150,0,0,859,0,141,0,0,858,0,142,0,0,857,1,142,0,0,840,0,160,0,0,851,0,149,0,0,856,0,144,0,0,857,1,142,0,0,852,0,148,0,0,843,0,157,0,0,852,0,148,0,0,859,1,140,0,0,854,0,146,0,0,862,0,138,0,0,860,0,140,0,0,852,2,146,0,0,856,0,144,0,0,840,0,160,0,0,848,0,152,0,0,855,0,145,0,0,855,1,144,0,0,843,1,156,0,0,848,0,152,0,0,859,1,140,0,0,857,0,143,0,0,853,2,145,0,0,846,1,153,0,0,848,0,152,0,0,854,1,145,0,0,854,0,146,0,0,856,0,144,0,0,838,1,161,0,0,865,0,135,0,0,856,0,144,0,0,842,1,157,0,0,852,0,148,0,0,864,1,135,0,0,864,0,136,0,0,849,0,151,0,0,855,0,145,0,0,846,0,154,0,0,851,0,149,0,0,854,0,146,0,0,847,0,153,0,0
196,targeted_homosexual,0.2,861,0,139,0,0,847,0,153,0,0,861,1,138,0,0,847,0,153,0,0,856,0,144,0,0,864,0,136,0,0,850,0,150,0,0,859,0,141,0,0,858,0,142,0,0,857,1,142,0,0,840,0,160,0,0,851,0,149,0,0,856,0,144,0,0,857,1,142,0,0,852,0,148,0,0,843,0,157,0,0,852,0,148,0,0,859,1,140,0,0,854,0,146,0,0,861,1,138,0,0,860,0,140,0,0,852,2,146,0,0,856,0,144,0,0,840,0,160,0,0,848,0,152,0,0,855,0,145,0,0,855,1,144,0,0,843,1,156,0,0,848,0,152,0,0,859,1,140,0,0,857,0,143,0,0,853,2,145,0,0,846,1,153,0,0,848,0,152,0,0,854,1,145,0,0,854,0,146,0,0,856,0,144,0,0,838,1,161,0,0,865,0,135,0,0,856,0,144,0,0,842,1,157,0,0,852,0,148,0,0,864,1,135,0,0,864,0,136,0,0,849,0,151,0,0,855,0,145,0,0,846,0,154,0,0,851,0,149,0,0,854,0,146,0,0,847,0,153,0,0
197,targeted_homosexual,0.2,861,0,139,0,0,847,0,153,0,0,861,1,138,0,0,847,0,153,0,0,856,0,144,0,0,864,0,136,0,0,850,0,150,0,0,859,0,141,0,0,858,0,142,0,0,857,1,142,0,0,840,0,160,0,0,851,0,149,0,0,856,0,144,0,0,857,1,142,0,0,852,0,148,0,0,843,0,157,0,0,852,0,148,0,0,859,0,141,0,0,854,0,146,0,0,861,1,138,0,0,860,0,140,0,0,852,2,146,0,0,856,0,144,0,0,840,0,160,0,0,848,0,152,0,0,855,0,145,0,0,855,1,144,0,0,843,0,157,0,0,848,0,152,0,0,859,1,140,0,0,857,0,143,0,0,853,2,145,0,0,846,1,153,0,0,848,0,152,0,0,854,1,145,0,0,854,0,146,0,0,856,0,144,0,0,838,1,161,0,0,865,0,135,0,0,856,0,144,0,0,842,1,157,0,0,852,0,148,0,0,864,1,135,0,0,864,0,136,0,0,849,0,151,0,0,855,0,145,0,0,846,0,154,0,0,851,0,149,0,0,854,0,146,0,0,847,0,153,0,0
198,targeted_homosexual,0.2,861,0,139,0,0,847,0,153,0,0,861,0,139,0,0,847,0,153,0,0,856,0,144,0,0,864,0,136,0,0,850,0,150,0,0,859,0,141,0,0,858,0,142,0,0,857,1,142,0,0,840,0,160,0,0,851,0,149,0,0,856,0,144,0,0,857,1,142,0,0,852,0,148,0,0,843,0,157,0,0,852,0,148,0,0,859,0,141,0,0,854,0,146,0,0,861,1,138,0,0,860,0,140,0,0,852,2,146,0,0,856,0,144,0,0,840,0,160,0,0,848,0,152,0,0,855,0,145,0,0,855,1,144,0,0,843,0,157,0,0,848,0,152,0,0,859,0,141,0,0,857,0,143,0,0,853,1,146,0,0,846,1,153,0,0,848,0,152,0,0,854,1,145,0,0,854,0,146,0,0,856,0,144,0,0,838,1,161,0,0,865,0,135,0,0,856,0,144,0,0,842,1,157,0,0,852,0,148,0,0,863,2,135,0,0,864,0,136,0,0,849,0,151,0,0,855,0,145,0,0,846,0,154,0,0,851,0,149,0,0,854,0,146,0,0,847,0,153,0,0
199,targeted_homosexual,0.2,861,0,139,0,0,847,0,153,0,0,861,0,139,0,0,847,0,153,0,0,856,0,144,0,0,864,0,136,0,0,850,0,150,0,0,859,0,141,0,0,858,0,142,0,0,857,1,142,0,0,840,0,160,0,0,851,0,149,0,0,856,0,144,0,0,857,1,142,0,0,852,0,148,0,0,843,0,157,0,0,852,0,148,0,0,859,0,141,0,0,854,0,146,0,0,861,1,138,0,0,860,0,140,0,0,852,2,146,0,0,856,0,144,0,0,840,0,160,0,0,848,0,152,0,0,855,0,145,0,0,855,1,144,0,0,843,0,157,0,0,848,0,152,0,0,859,0,141,0,0,857,0,143,0,0,853,1,146,0,0,846,1,153,0,0,848,0,152,0,0,854,0,146,0,0,854,0,146,0,0,856,0,144,0,0,838,1,161,0,0,865,0,135,0,0,856,0,144,0,0,842,1,157,0,0,852,0,148,0,0,863,2,135,0,0,864,0,136,0,0,849,0,151,0,0,855,0,145,0,0,846,0,154,0,0,851,0,149,0,0,854,0,146,0,0,847,0,153,0,0
200,targeted_homosexual,0.2,861,0,139,0,0,847,0,153,0,0,861,0,139,0,0,847,0,153,0,0,856,0,144,0,0,864,0,136,0,0,850,0,150,0,0,859,0,141,0,0,858,0,142,0,0,857,1,142,0,0,840,0,160,0,0,851,0,149,0,0,856,0,144,0,0,857,1,142,0,0,852,0,148,0,0,843,0,157,0,0,852,0,148,0,0,859,0,141,0,0,854,0,146,0,0,861,1,138,0,0,860,0,140,0,0,852,1,147,0,0,856,0,144,0,0,839,1,160,0,0,848,0,152,0,0,855,0,145,0,0,855,1,144,0,0,843,0,157,0,0,848,0,152,0,0,859,0,141,0,0,857,0,143,0,0,853,1,146,0,0,846,1,153,0,0,848,0,152,0,0,854,0,146,0,0,854,0,146,0,0,856,0,144,0,0,838,1,161,0,0,865,0,135,0,0,856,0,144,0,0,842,1,157,0,0,852,0,148,0,0,863,2,135,0,0,864,0,136,0,0,849,0,151,0,0,855,0,145,0,0,846,0,154,0,0,851,0,149,0,0,854,0,146,0,0,847,0,153,0,0
201,targeted_homosexual,0.2,861,0,139,0,0,847,0,153,0,0,861,0,139,0,0,847,0,153,0,0,856,0,144,0,0,864,0,136,0,0,850,0,150,0,0,859,0,141,0,0,858,0,142,0,0,857,0,143,0,0,840,0,160,0,0,851,0,149,0,0,856,0,144,0,0,857,1,142,0,0,852,0,148,0,0,843,0,157,0,0,852,0,148,0,0,859,0,141,0,0,854,0,146,0,0,861,1,138,0,0,860,0,140,0,0,852,1,147,0,0,856,0,144,0,0,839,1,160,0,0,848,0,152,0,0,855,0,145,0,0,855,1,144,0,0,843,0,157,0,0,848,0,152,0,0,859,0,141,0,0,857,0,143,0,0,853,1,146,0,0,846,1,153,0,0,848,0,152,0,0,854,0,146,0,0,854,0,146,0,0,856,0,144,0,0,838,1,161,0,0,865,0,135,0,0,856,0,144,0,0,842,1,157,0,0,852,0,148,0,0,863,2,135,0,0,864,0,136,0,0,849,0,151,0,0,855,0,145,0,0,846,0,154,0,0,851,0,149,0,0,854,0,146,0,0,847,0,153,0,0
202,targeted_homosexual,0.2,861,0,139,0,0,847,0,153,0,0,861,0,139,0,0,847,0,153,0,0,856,0,144,0,0,864,0,136,0,0,850,0,150,0,0,859,0,141,0,0,858,0,142,0,0,857,0,143,0,0,840,0,160,0,0,851,0,149,0,0,856,0,144,0,0,857,1,142,0,0,852,0,148,0,0,843,0,157,0,0,852,0,148,0,0,859,0,141,0,0,854,0,146,0,0,861,1,138,0,0,860,0,140,0,0,852,1,147,0,0,856,0,144,0,0,839,1,160,0,0,848,0,152,0,0,855,0,145,0,0,855,1,144,0,0,843,0,157,0,0,848,0,152,0,0,859,0,141,0,0,856,1,143,0,0,853,0,147,0,0,846,1,153,0,0,848,0,152,0,0,854,0,146,0,0,854,0,146,0,0,856,0,144,0,0,838,1,161,0,0,865,0,135,0,0,856,0,144,0,0,842,1,157,0,0,852,0,148,0,0,863,2,135,0,0,864,0,136,0,0,849,0,151,0,0,855,0,145,0,0,846,0,154,0,0,851,0,149,0,0,854,0,146,0,0,847,0,153,0,0
203,targeted_homosexual,0.2,861,0,139,0,0,847,0,153,0,0,861,0,139,0,0,847,0,153,0,0,856,0,144,0,0,864,0,136,0,0,850,0,150,0,0,859,0,141,0,0,858,0,142,0,0,857,0,143,0,0,840,0,160,0,0,851,0,149,0,0,856,0,144,0,0,857,1,142,0,0,852,0,148,0,0,843,0,157,0,0,852,0,148,0,0,859,0,141,0,0,854,0,146,0,0,861,1,138,0,0,860,0,140,0,0,852,1,147,0,0,856,0,144,0,0,839,1,160,0,0,848,0,152,0,0,855,0,145,0,0,855,0,145,0,0,843,0,157,0,0,848,0,152,0,0,859,0,141,0,0,856,1,143,0,0,853,0,147,0,0,846,1,153,0,0,848,0,152,0,0,854,0,146,0,0,854,0,146,0,0,856,0,144,0,0,838,1,161,0,0,865,0,135,0,0,856,0,144,0,0,842,1,157,0,0,852,0,148,0,0,863,2,135,0,0,864,0,136,0,0,849,0,151,0,0,855,0,145,0,0,846,0,154,0,0,851,0,149,0,0,854,0,146,0,0,847,0,153,0,0
204,targeted_homosexual,0.2,861,0,139,0,0,847,0,153,0,0,861,0,139,0,0,847,0,153,0,0,855,1,144,0,0,864,0,136,0,0,850,0,150,0,0,859,0,141,0,0,857,1,142,0,0,857,0,143,0,0,840,0,160,0,0,851,0,149,0,0,856,0,144,0,0,857,0,143,0,0,852,0,148,0,0,843,0,157,0,0,852,0,148,0,0,859,0,141,0,0,853,1,146,0,0,861,1,138,0,0,860,0,140,0,0,852,1,147,0,0,856,0,144,0,0,838,2,160,0,0,848,0,152,0,0,855,0,145,0,0,855,0,145,0,0,842,1,157,0,0,848,0,152,0,0,859,0,141,0,0,856,1,143,0,0,853,0,147,0,0,846,1,153,0,0,848,0,152,0,0,854,0,146,0,0,854,0,146,0,0,856,0,144,0,0,838,1,161,0,0,865,0,135,0,0,856,0,144,0,0,842,1,157,0,0,852,0,148,0,0,863,2,135,0,0,864,0,136,0,0,849,0,151,0,0,855,0,145,0,0,846,0,154,0,0,851,0,149,0,0,854,0,146,0,0,847,0,153,0,0
205,targeted_homosexual,0.2,861,0,139,0,0,847,0,153,0,0,861,0,139,0,0,847,0,153,0,0,855,1,144,0,0,864,0,136,0,0,850,0,150,0,0,859,0,141,0,0,857,1,142,0,0,857,0,143,0,0,840,0,160,0,0,851,0,149,0,0,856,0,144,0,0,857,0,143,0,0,852,0,148,0,0,843,0,157,0,0,852,0,148,0,0,859,0,141,0,0,853,1,146,0,0,861,1,138,0,0,860,0,140,0,0,852,1,147,0,0,856,0,144,0,0,838,2,160,0,0,848,0,152,0,0,855,0,145,0,0,855,0,145,0,0,842,1,157,0,0,848,0,152,0,0,859,0,141,0,0,856,1,143,0,0,853,0,147,0,0,846,1,153,0,0,848,0,152,0,0,854,0,146,0,0,854,0,146,0,0,856,0,144,0,0,838,1,161,0,0,865,0,135,0,0,856,0,144,0,0,842,1,157,0,0,852,0,148,0,0,863,2,135,0,0,864,0,136,0,0,849,0,151,0,0,855,0,145,0,0,846,0,154,0,0,851,0,149,0,0,854,0,146,0,0,847,0,153,0,0
206,targeted_homosexual,0.2,861,0,139,0,0,847,0,153,0,0,861,0,139,0,0,847,0,153,0,0,855,1,144,0,0,864,0,136,0,0,850,0,150,0,0,859,0,141,0,0,857,1,142,0,0,857,0,143,0,0,840,0,160,0,0,851,0,149,0,0,856,0,144,0,0,857,0,143,0,0,852,0,148,0,0,843,0,157,0,0,852,0,148,0,0,859,0,141,0,0,853,1,146,0,0,861,1,138,0,0,860,0,140,0,0,852,0,148,0,0,856,0,144,0,0,838,2,160,0,0,848,0,152,0,0,855,0,145,0,0,855,0,145,0,0,842,1,157,0,0,848,0,152,0,0,859,0,141,0,0,856,1,143,0,0,853,0,147,0,0,845,1,154,0,0,848,0,152,0,0,854,0,146,0,0,853,1,146,0,0,856,0,144,0,0,838,1,161,0,0,865,0,135,0,0,856,0,144,0,0,842,1,157,0,0,852,0,148,0,0,863,1,136,0,0,864,0,136,0,0,849,0,151,0,0,855,0,145,0,0,846,0,154,0,0,851,0,149,0,0,854,0,146,0,0,847,0,153,0,0
207,targeted_homosexual,0.2,861,0,139,0,0,847,0,153,0,0,861,0,139,0,0,847,0,153,0,0,855,1,144,0,0,864,0,136,0,0,850,0,150,0,0,859,0,141,0,0,857,1,142,0,0,857,0,143,0,0,840,0,160,0,0,851,0,149,0,0,856,0,144,0,0,857,0,143,0,0,852,0,148,0,0,843,0,157,0,0,852,0,148,0,0,858,1,141,0,0,853,1,146,0,0,861,1,138,0,0,860,0,140,0,0,852,0,148,0,0,856,0,144,0,0,838,2,160,0,0,848,0,152,0,0,855,0,145,0,0,855,0,145,0,0,842,1,157,0,0,848,0,152,0,0,859,0,141,0,0,856,1,143,0,0,853,0,147,0,0,845,1,154,0,0,848,0,152,0,0,854,0,146,0,0,853,1,146,0,0,856,0,144,0,0,838,1,161,0,0,865,0,135,0,0,856,0,144,0,0,842,0,158,0,0,852,0,148,0,0,863,1,136,0,0,864,0,136,0,0,849,0,151,0,0,855,0,145,0,0,846,0,154,0,0,851,0,149,0,0,854,0,146,0,0,847,0,153,0,0
208,targeted_homosexual,0.2,861,0,139,0,0,847,0,153,0,0,861,0,139,0,0,847,0,153,0,0,855,1,144,0,0,864,0,136,0,0,850,0,150,0,0,859,0,141,0,0,857,1,142,0,0,857,0,143,0,0,840,0,160,0,0,851,0,149,0,0,856,0,144,0,0,857,0,143,0,0,852,0,148,0,0,843,0,157,0,0,852,0,148,0,0,858,1,141,0,0,853,1,146,0,0,861,1,138,0,0,860,0,140,0,0,851,1,148,0,0,856,0,144,0,0,838,2,160,0,0,848,0,152,0,0,855,0,145,0,0,855,0,145,0,0,842,1,157,0,0,848,0,152,0,0,859,0,141,0,0,856,1,143,0,0,853,0,147,0,0,845,1,154,0,0,848,0,152,0,0,854,0,146,0,0,853,1,146,0,0,856,0,144,0,0,838,0,162,0,0,865,0,135,0,0,856,0,144,0,0,842,0,158,0,0,852,0,148,0,0,863,1,136,0,0,864,0,136,0,0,849,0,151,0,0,855,0,145,0,0,846,0,154,0,0,851,0,149,0,0,854,0,146,0,0,847,0,153,0,0
209,targeted_homosexual,0.2,861,0,139,0,0,847,0,153,0,0,861,0,139,0,0,847,0,153,0,0,855,1,144,0,0,864,0,136,0,0,850,0,150,0,0,859,0,141,0,0,857,1,142,0,0,857,0,143,0,0,840,0,160,0,0,851,0,149,0,0,856,0,144,0,0,857,0,143,0,0,852,0,148,0,0,843,0,157,0,0,852,0,148,0,0,858,1,141,0,0,853,1,146,0,0,861,0,139,0,0,860,0,140,0,0,851,1,148,0,0,856,0,144,0,0,838,2,160,0,0,848,0,152,0,0,855,0,145,0,0,855,0,145,0,0,842,1,157,0,0,848,0,152,0,0,859,0,141,0,0,856,1,143,0,0,853,0,147,0,0,845,1,154,0,0,848,0,152,0,0,854,0,146,0,0,853,1,146,0,0,856,0,144,0,0,838,0,162,0,0,865,0,135,0,0,856,0,144,0,0,842,0,158,0,0,852,0,148,0,0,863,1,136,0,0,864,0,136,0,0,849,0,151,0,0,855,0,145,0,0,846,0,154,0,0,851,0,149,0,0,854,0,146,0,0,847,0,153,0,0
210,targeted_homosexual,0.2,861,0,139,0,0,847,0,153,0,0,861,0,139,0,0,847,0,153,0,0,855,1,144,0,0,864,0,136,0,0,850,0,150,0,0,859,0,141,0,0,857,1,142,0,0,857,0,143,0,0,840,0,160,0,0,851,0,149,0,0,856,0,144,0,0,857,0,143,0,0,852,0,148,0,0,843,0,157,0,0,852,0,148,0,0,858,1,141,0,0,853,1,146,0,0,861,0,139,0,0,860,0,140,0,0,851,1,148,0,0,856,0,144,0,0,838,2,160,0,0,848,0,152,0,0,855,0,145,0,0,855,0,145,0,0,842,1,157,0,0,848,0,152,0,0,859,0,141,0,0,856,1,143,0,0,853,0,147,0,0,845,1,154,0,0,848,0,152,0,0,854,0,146,0,0,853,1,146,0,0,856,0,144,0,0,838,0,162,0,0,865,0,135,0,0,856,0,144,0,0,842,0,158,0,0,851,1,148,0,0,863,1,136,0,0,864,0,136,0,0,849,0,151,0,0,855,0,145,0,0,846,0,154,0,0,851,0,149,0,0,854,0,146,0,0,847,0,153,0,0
211,targeted_homosexual,0.2,861,0,139,0,0,847,0,153,0,0,861,0,139,0,0,847,0,153,0,0,855,1,144,0,0,864,0,136,0,0,850,0,150,0,0,859,0,141,0,0,857,1,142,0,0,857,0,143,0,0,840,0,160,0,0,851,0,149,0,0,856,0,144,0,0,857,0,143,0,0,852,0,148,0,0,843,0,157,0,0,852,0,148,0,0,858,1,141,0,0,853,1,146,0,0,861,0,139,0,0,860,0,140,0,0,851,1,148,0,0,856,0,144,0,0,838,2,160,0,0,848,0,152,0,0,855,0,145,0,0,855,0,145,0,0,842,1,157,0,0,848,0,152,0,0,859,0,141,0,0,856,1,143,0,0,853,0,147,0,0,845,1,154,0,0,848,0,152,0,0,854,0,146,0,0,853,1,146,0,0,856,0,144,0,0,838,0,162,0,0,865,0,135,0,0,856,0,144,0,0,842,0,158,0,0,851,1,148,0,0,863,0,137,0,0,864,0,136,0,0,849,0,151,0,0,854,1,145,0,0,846,0,154,0,0,851,0,149,0,0,854,0,146,0,0,847,0,153,0,0
212,targeted_homosexual,0.2,861,0,139,0,0,847,0,153,0,0,861,0,139,0,0,847,0,153,0,0,855,1,144,0,0,864,0,136,0,0,850,0,150,0,0,859,0,141,0,0,857,1,142,0,0,857,0,143,0,0,840,0,160,0,0,851,0,149,0,0,856,0,144,0,0,857,0,143,0,0,852,0,148,0,0,843,0,157,0,0,852,0,148,0,0,858,1,141,0,0,853,1,146,0,0,861,0,139,0,0,860,0,140,0,0,851,1,148,0,0,856,0,144,0,0,838,2,160,0,0,848,0,152,0,0,855,0,145,0,0,855,0,145,0,0,842,1,157,0,0,848,0,152,0,0,859,0,141,0,0,856,1,143,0,0,853,0,147,0,0,845,1,154,0,0,848,0,152,0,0,854,0,146,0,0,853,1,146,0,0,856,0,144,0,0,838,0,162,0,0,865,0,135,0,0,856,0,144,0,0,842,0,158,0,0,851,1,148,0,0,863,0,137,0,0,864,0,136,0,0,849,0,151,0,0,854,1,145,0,0,846,0,154,0,0,851,0,149,0,0,854,0,146,0,0,847,0,153,0,0
213,targeted_homosexual,0.2,861,0,139,0,0,847,0,153,0,0,861,0,139,0,0,847,0,153,0,0,855,1,144,0,0,864,0,136,0,0,850,0,150,0,0,859,0,141,0,0,857,1,142,0,0,857,0,143,0,0,840,0,160,0,0,851,0,149,0,0,856,0,144,0,0,857,0,143,0,0,852,0,148,0,0,843,0,157,0,0,852,0,148,0,0,858,1,141,0,0,853,1,146,0,0,861,0,139,0,0,860,0,140,0,0,851,1,148,0,0,856,0,144,0,0,838,1,161,0,0,848,0,152,0,0,855,0,145,0,0,855,0,145,0,0,842,1,157,0,0,848,0,152,0,0,859,0,141,0,0,856,1,143,0,0,853,0,147,0,0,845,1,154,0,0,848,0,152,0,0,854,0,146,0,0,853,1,146,0,0,856,0,144,0,0,838,0,162,0,0,865,0,135,0,0,856,0,144,0,0,842,0,158,0,0,851,1,148,0,0,863,0,137,0,0,864,0,136,0,0,849,0,151,0,0,854,1,145,0,0,846,0,154,0,0,851,0,149,0,0,854,0,146,0,0,847,0,153,0,0
214,targeted_homosexual,0.2,861,0,139,0,0,847,0,153,0,0,861,0,139,0,0,847,0,153,0,0,855,1,144,0,0,864,0,136,0,0,850,0,150,0,0,859,0,141,0,0,857,1,142,0,0,857,0,143,0,0,840,0,160,0,0,851,0,149,0,0,856,0,144,0,0,857,0,143,0,0,852,0,148,0,0,843,0,157,0,0,852,0,148,0,0,857,2,141,0,0,853,1,146,0,0,861,0,139,0,0,860,0,140,0,0,851,1,148,0,0,856,0,144,0,0,838,1,161,0,0,848,0,152,0,0,855,0,145,0,0,855,0,145,0,0,842,1,157,0,0,848,0,152,0,0,859,0,141,0,0,856,1,143,0,0,853,0,147,0,0,845,1,154,0,0,848,0,152,0,0,854,0,146,0,0,853,1,146,0,0,856,0,144,0,0,838,0,162,0,0,865,0,135,0,0,856,0,144,0,0,842,0,158,0,0,851,1,148,0,0,863,0,137,0,0,864,0,136,0,0,849,0,151,0,0,854,1,145,0,0,846,0,154,0,0,851,0,149,0,0,854,0,146,0,0,847,0,153,0,0
215,targeted_homosexual,0.2,861,0,139,0,0,847,0,153,0,0,861,0,139,0,0,847,0,153,0,0,855,1,144,0,0,864,0,136,0,0,850,0,150,0,0,859,0,141,0,0,857,1,142,0,0,857,0,143,0,0,840,0,160,0,0,851,0,149,0,0,856,0,144,0,0,857,0,143,0,0,852,0,148,0,0,843,0,157,0,0,852,0,148,0,0,857,2,141,0,0,853,1,146,0,0,861,0,139,0,0,860,0,140,0,0,850,2,148,0,0,856,0,144,0,0,838,1,161,0,0,848,0,152,0,0,854,1,145,0,0,855,0,145,0,0,842,1,157,0,0,848,0,152,0,0,859,0,141,0,0,855,1,144,0,0,853,0,147,0,0,845,1,154,0,0,848,0,152,0,0,854,0,146,0,0,852,2,146,0,0,856,0,144,0,0,838,0,162,0,0,865,0,135,0,0,856,0,144,0,0,842,0,158,0,0,851,1,148,0,0,863,0,137,0,0,864,0,136,0,0,849,0,151,0,0,854,1,145,0,0,846,0,154,0,0,851,0,149,0,0,854,0,146,0,0,847,0,153,0,0
216,targeted_homosexual,0.2,861,0,139,0,0,847,0,153,0,0,861,0,139,0,0,847,0,153,0,0,855,1,144,0,0,864,0,136,0,0,850,0,150,0,0,859,0,141,0,0,857,1,142,0,0,857,0,143,0,0,840,0,160,0,0,851,0,149,0,0,856,0,144,0,0,857,0,143,0,0,852,0,148,0,0,843,0,157,0,0,852,0,148,0,0,857,2,141,0,0,853,1,146,0,0,861,0,139,0,0,860,0,140,0,0,850,2,148,0,0,856,0,144,0,0,838,1,161,0,0,848,0,152,0,0,853,2,145,0,0,855,0,145,0,0,842,1,157,0,0,848,0,152,0,0,859,0,141,0,0,855,1,144,0,0,853,0,147,0,0,845,1,154,0,0,848,0,152,0,0,854,0,146,0,0,852,2,146,0,0,856,0,144,0,0,838,0,162,0,0,865,0,135,0,0,856,0,144,0,0,842,0,158,0,0,851,1,148,0,0,863,0,137,0,0,864,0,136,0,0,849,0,151,0,0,854,1,145,0,0,846,0,154,0,0,851,0,149,0,0,854,0,146,0,0,847,0,153,0,0
217,targeted_homosexual,0.2,861,0,139,0,0,847,0,153,0,0,861,0,139,0,0,847,0,153,0,0,855,0,145,0,0,864,0,136,0,0,850,0,150,0,0,859,0,141,0,0,857,0,143,0,0,857,0,143,0,0,840,0,160,0,0,851,0,149,0,0,856,0,144,0,0,857,0,143,0,0,852,0,148,0,0,843,0,157,0,0,852,0,148,0,0,857,2,141,0,0,853,0,147,0,0,861,0,139,0,0,860,0,140,0,0,850,2,148,0,0,856,0,144,0,0,838,0,162,0,0,848,0,152,0,0,853,2,145,0,0,855,0,145,0,0,842,0,158,0,0,848,0,152,0,0,859,0,141,0,0,855,1,144,0,0,853,0,147,0,0,845,1,154,0,0,848,0,152,0,0,854,0,146,0,0,852,2,146,0,0,856,0,144,0,0,838,0,162,0,0,865,0,135,0,0,856,0,144,0,0,842,0,158,0,0,851,1,148,0,0,863,0,137,0,0,864,0,136,0,0,849,0,151,0,0,854,1,145,0,0,846,0,154,0,0,851,0,149,0,0,854,0,146,0,0,847,0,153,0,0
218,targeted_homosexual,0.2,861,0,139,0,0,847,0,153,0,0,861,0,139,0,0,847,0,153,0,0,855,0,145,0,0,864,0,136,0,0,850,0,150,0,0,859,0,141,0,0,857,0,143,0,0,857,0,143,0,0,840,0,160,0,0,851,0,149,0,0,855,1,144,0,0,857,0,143,0,0,852,0,148,0,0,843,0,157,0,0,852,0,148,0,0,857,2,141,0,0,853,0,147,0,0,861,0,139,0,0,860,0,140,0,0,850,2,148,0,0,856,0,144,0,0,838,0,162,0,0,848,0,152,0,0,853,2,145,0,0,855,0,145,0,0,842,0,158,0,0,848,0,152,0,0,859,0,141,0,0,854,2,144,0,0,853,0,147,0,0,845,1,154,0,0,848,0,152,0,0,854,0,146,0,0,852,2,146,0,0,856,0,144,0,0,838,0,162,0,0,865,0,135,0,0,856,0,144,0,0,842,0,158,0,0,851,1,148,0,0,863,0,137,0,0,864,0,136,0,0,849,0,151,0,0,854,1,145,0,0,846,0,154,0,0,851,0,149,0,0,854,0,146,0,0,847,0,153,0,0
219,targeted_homosexual,0.2,861,0,139,0,0,847,0,153,0,0,861,0,139,0,0,847,0,153,0,0,855,0,145,0,0,864,0,136,0,0,850,0,150,0,0,859,0,141,0,0,856,1,143,0,0,857,0,143,0,0,840,0,160,0,0,851,0,149,0,0,855,1,144,0,0,857,0,143,0,0,852,0,148,0,0,843,0,157,0,0,852,0,148,0,0,857,2,141,0,0,853,0,147,0,0,861,0,139,0,0,860,0,140,0,0,850,2,148,0,0,856,0,144,0,0,838,0,162,0,0,848,0,152,0,0,853,2,145,0,0,855,0,145,0,0,842,0,158,0,0,848,0,152,0,0,859,0,141,0,0,854,2,144,0,0,853,0,147,0,0,845,0,155,0,0,848,0,152,0,0,854,0,146,0,0,852,1,147,0,0,856,0,144,0,0,838,0,162,0,0,865,0,135,0,0,856,0,144,0,0,842,0,158,0,0,851,1,148,0,0,863,0,137,0,0,864,0,136,0,0,849,0,151,0,0,854,1,145,0,0,846,0,154,0,0,851,0,149,0,0,854,0,146,0,0,847,0,153,0,0
220,targeted_homosexual,0.2,861,0,139,0,0,847,0,153,0,0,861,0,139,0,0,847,0,153,0,0,855,0,145,0,0,864,0,136,0,0,850,0,150,0,0,859,0,141,0,0,856,1,143,0,0,857,0,143,0,0,840,0,160,0,0,851,0,149,0,0,855,1,144,0,0,857,0,143,0,0,852,0,148,0,0,843,0,157,0,0,852,0,148,0,0,857,1,142,0,0,853,0,147,0,0,861,0,139,0,0,860,0,140,0,0,850,2,148,0,0,856,0,144,0,0,838,0,162,0,0,848,0,152,0,0,853,2,145,0,0,855,0,145,0,0,842,0,158,0,0,848,0,152,0,0,859,0,141,0,0,854,2,144,0,0,853,0,147,0,0,845,0,155,0,0,848,0,152,0,0,854,0,146,0,0,852,1,147,0,0,856,0,144,0,0,838,0,162,0,0,865,0,135,0,0,856,0,144,0,0,842,0,158,0,0,851,1,148,0,0,863,0,137,0,0,864,0,136,0,0,849,0,151,0,0,854,1,145,0,0,846,0,154,0,0,851,0,149,0,0,854,0,146,0,0,847,0,153,0,0
221,targeted_homosexual,0.2,861,0,139,0,0,847,0,153,0,0,861,0,139,0,0,847,0,153,0,0,855,0,145,0,0,864,0,136,0,0,850,0,150,0,0,859,0,141,0,0,856,1,143,0,0,857,0,143,0,0,840,0,160,0,0,851,0,149,0,0,855,1,144,0,0,857,0,143,0,0,852,0,148,0,0,843,0,157,0,0,852,0,148,0,0,857,1,142,0,0,853,0,147,0,0,861,0,139,0,0,860,0,140,0,0,850,1,149,0,0,856,0,144,0,0,838,0,162,0,0,848,0,152,0,0,853,2,145,0,0,855,0,145,0,0,842,0,158,0,0,848,0,152,0,0,859,0,141,0,0,854,2,144,0,0,853,0,147,0,0,845,0,155,0,0,848,0,152,0,0,854,0,146,0,0,852,1,147,0,0,856,0,144,0,0,838,0,162,0,0,865,0,135,0,0,856,0,144,0,0,842,0,158,0,0,851,1,148,0,0,863,0,137,0,0,864,0,136,0,0,849,0,151,0,0,854,1,145,0,0,846,0,154,0,0,851,0,149,0,0,854,0,146,0,0,847,0,153,0,0
222,targeted_homosexual,0.2,861,0,139,0,0,847,0,153,0,0,861,0,139,0,0,847,0,153,0,0,855,0,145,0,0,864,0,136,0,0,850,0,150,0,0,859,0,141,0,0,855,2,143,0,0,857,0,143,0,0,840,0,160,0,0,851,0,149,0,0,855,1,144,0,0,857,0,143,0,0,852,0,148,0,0,843,0,157,0,0,852,0,148,0,0,857,1,142,0,0,853,0,147,0,0,861,0,139,0,0,860,0,140,0,0,850,1,149,0,0,856,0,144,0,0,838,0,162,0,0,848,0,152,0,0,853,2,145,0,0,855,0,145,0,0,842,0,158,0,0,848,0,152,0,0,859,0,141,0,0,854,2,144,0,0,853,0,147,0,0,845,0,155,0,0,848,0,152,0,0,854,0,146,0,0,852,1,147,0,0,856,0,144,0,0,838,0,162,0,0,865,0,135,0,0,856,0,144,0,0,842,0,158,0,0,851,1,148,0,0,863,0,137,0,0,864,0,136,0,0,849,0,151,0,0,854,1,145,0,0,846,0,154,0,0,851,0,149,0,0,854,0,146,0,0,847,0,153,0,0
223,targeted_homosexual,0.2,861,0,139,0,0,847,0,153,0,0,861,0,139,0,0,847,0,153,0,0,855,0,145,0,0,864,0,136,0,0,850,0,150,0,0,859,0,141,0,0,855,2,143,0,0,857,0,143,0,0,840,0,160,0,0,851,0,149,0,0,855,1,144,0,0,857,0,143,0,0,852,0,148,0,0,843,0,157,0,0,852,0,148,0,0,857,1,142,0,0,853,0,147,0,0,861,0,139,0,0,860,0,140,0,0,850,1,149,0,0,856,0,144,0,0,838,0,162,0,0,848,0,152,0,0,853,2,145,0,0,855,0,145,0,0,842,0,158,0,0,848,0,152,0,0,859,0,141,0,0,854,2,144,0,0,853,0,147,0,0,845,0,155,0,0,848,0,152,0,0,854,0,146,0,0,851,2,147,0,0,856,0,144,0,0,838,0,162,0,0,865,0,135,0,0,856,0,144,0,0,842,0,158,0,0,851,0,149,0,0,863,0,137,0,0,864,0,136,0,0,849,0,151,0,0,854,1,145,0,0,846,0,154,0,0,851,0,149,0,0,854,0,146,0,0,847,0,153,0,0
224,targeted_homosexual,0.2,861,0,139,0,0,847,0,153,0,0,861,0,139,0,0,847,0,153,0,0,855,0,145,0,0,864,0,136,0,0,850,0,150,0,0,859,0,141,0,0,854,3,143,0,0,857,0,143,0,0,840,0,160,0,0,851,0,149,0,0,855,1,144,0,0,857,0,143,0,0,852,0,148,0,0,843,0,157,0,0,852,0,148,0,0,857,1,142,0,0,853,0,147,0,0,861,0,139,0,0,860,0,140,0,0,850,1,149,0,0,856,0,144,0,0,838,0,162,0,0,848,0,152,0,0,853,2,145,0,0,855,0,145,0,0,842,0,158,0,0,848,0,152,0,0,859,0,141,0,0,854,2,144,0,0,853,0,147,0,0,845,0,155,0,0,848,0,152,0,0,854,0,146,0,0,851,2,147,0,0,856,0,144,0,0,838,0,162,0,0,865,0,135,0,0,856,0,144,0,0,842,0,158,0,0,851,0,149,0,0,863,0,137,0,0,864,0,136,0,0,849,0,151,0,0,854,0,146,0,0,846,0,154,0,0,850,1,149,0,0,854,0,146,0,0,847,0,153,0,0
225,targeted_homosexual,0.2,860,1,139,0,0,847,0,153,0,0,861,0,139,0,0,847,0,153,0,0,855,0,145,0,0,864,0,136,0,0,850,0,150,0,0,859,0,141,0,0,854,3,143,0,0,857,0,143,0,0,840,0,160,0,0,851,0,149,0,0,855,1,144,0,0,857,0,143,0,0,852,0,148,0,0,843,0,157,0,0,852,0,148,0,0,857,1,142,0,0,853,0,147,0,0,861,0,139,0,0,860,0,140,0,0,850,1,149,0,0,856,0,144,0,0,838,0,162,0,0,848,0,152,0,0,853,2,145,0,0,855,0,145,0,0,842,0,158,0,0,848,0,152,0,0,859,0,141,0,0,854,2,144,0,0,853,0,147,0,0,845,0,155,0,0,848,0,152,0,0,854,0,146,0,0,851,2,147,0,0,856,0,144,0,0,838,0,162,0,0,865,0,135,0,0,856,0,144,0,0,842,0,158,0,0,851,0,149,0,0,863,0,137,0,0,864,0,136,0,0,849,0,151,0,0,854,0,146,0,0,846,0,154,0,0,850,1,149,0,0,854,0,146,0,0,847,0,153,0,0
226,targeted_homosexual,0.2,860,1,139,0,0,847,0,153,0,0,861,0,139,0,0,847,0,153,0,0,855,0,145,0,0,864,0,136,0,0,849,1,150,0,0,859,0,141,0,0,853,4,143,0,0,857,0,143,0,0,840,0,160,0,0,851,0,149,0,0,855,1,144,0,0,857,0,143,0,0,852,0,148,0,0,843,0,157,0,0,852,0,148,0,0,857,1,142,0,0,853,0,147,0,0,861,0,139,0,0,860,0,140,0,0,850,1,149,0,0,856,0,144,0,0,838,0,162,0,0,848,0,152,0,0,852,3,145,0,0,855,0,145,0,0,842,0,158,0,0,848,0,152,0,0,859,0,141,0,0,854,2,144,0,0,853,0,147,0,0,845,0,155,0,0,848,0,152,0,0,854,0,146,0,0,851,2,147,0,0,856,0,144,0,0,838,0,162,0,0,865,0,135,0,0,856,0,144,0,0,842,0,158,0,0,851,0,149,0,0,863,0,137,0,0,864,0,136,0,0,849,0,151,0,0,854,0,146,0,0,846,0,154,0,0,850,1,149,0,0,854,0,146,0,0,847,0,153,0,0
227,targeted_homosexual,0.2,860,1,139,0,0,847,0,153,0,0,861,0,139,0,0,847,0,153,0,0,855,0,145,0,0,864,0,136,0,0,849,1,150,0,0,859,0,141,0,0,853,4,143,0,0,857,0,143,0,0,840,0,160,0,0,851,0,149,0,0,855,1,144,0,0,857,0,143,0,0,852,0,148,0,0,843,0,157,0,0,852,0,148,0,0,857,0,143,0,0,853,0,147,0,0,861,0,139,0,0,860,0,140,0,0,850,1,149,0,0,856,0,144,0,0,838,0,162,0,0,848,0,152,0,0,852,3,145,0,0,855,0,145,0,0,842,0,158,0,0,848,0,152,0,0,859,0,141,0,0,854,2,144,0,0,853,0,147,0,0,845,0,155,0,0,848,0,152,0,0,854,0,146,0,0,851,2,147,0,0,856,0,144,0,0,838,0,162,0,0,865,0,135,0,0,856,0,144,0,0,842,0,158,0,0,851,0,149,0,0,863,0,137,0,0,864,0,136,0,0,849,0,151,0,0,854,0,146,0,0,846,0,154,0,0,850,1,149,0,0,854,0,146,0,0,847,0,153,0,0
228,targeted_homosexual,0.2,860,1,139,0,0,847,0,153,0,0,861,0,139,0,0,847,0,153,0,0,855,0,145,0,0,864,0,136,0,0,849,1,150,0,0,859,0,141,0,0,853,4,143,0,0,857,0,143,0,0,840,0,160,0,0,851,0,149,0,0,855,1,144,0,0,857,0,143,0,0,852,0,148,0,0,843,0,157,0,0,852,0,148,0,0,857,0,143,0,0,853,0,147,0,0,861,0,139,0,0,860,0,140,0,0,850,0,150,0,0,856,0,144,0,0,838,0,162,0,0,848,0,152,0,0,852,2,146,0,0,855,0,145,0,0,842,0,158,0,0,848,0,152,0,0,859,0,141,0,0,854,1,145,0,0,853,0,147,0,0,845,0,155,0,0,848,0,152,0,0,854,0,146,0,0,851,1,148,0,0,856,0,144,0,0,838,0,162,0,0,865,0,135,0,0,856,0,144,0,0,842,0,158,0,0,851,0,149,0,0,863,0,137,0,0,864,0,136,0,0,849,0,151,0,0,854,0,146,0,0,846,0,154,0,0,850,1,149,0,0,854,0,146,0,0,847,0,153,0,0
229,targeted_homosexual,0.2,860,1,139,0,0,847,0,153,0,0,861,0,139,0,0,847,0,153,0,0,855,0,145,0,0,864,0,136,0,0,847,3,150,0,0,859,0,141,0,0,853,4,143,0,0,857,0,143,0,0,840,0,160,0,0,851,0,149,0,0,855,1,144,0,0,857,0,143,0,0,852,0,148,0,0,843,0,157,0,0,852,0,148,0,0,857,0,143,0,0,853,0,147,0,0,861,0,139,0,0,860,0,140,0,0,850,0,150,0,0,856,0,144,0,0,838,0,162,0,0,848,0,152,0,0,852,1,147,0,0,855,0,145,0,0,842,0,158,0,0,848,0,152,0,0,859,0,141,0,0,854,1,145,0,0,853,0,147,0,0,845,0,155,0,0,848,0,152,0,0,854,0,146,0,0,851,1,148,0,0,856,0,144,0,0,838,0,162,0,0,865,0,135,0,0,856,0,144,0,0,842,0,158,0,0,851,0,149,0,0,863,0,137,0,0,864,0,136,0,0,849,0,151,0,0,854,0,146,0,0,846,0,154,0,0,849,2,149,0,0,854,0,146,0,0,847,0,153,0,0
230,targeted_homosexual,0.2,860,1,139,0,0,847,0,153,0,0,861,0,139,0,0,847,0,153,0,0,855,0,145,0,0,864,0,136,0,0,847,3,150,0,0,859,0,141,0,0,853,4,143,0,0,857,0,143,0,0,840,0,160,0,0,851,0,149,0,0,855,1,144,0,0,857,0,143,0,0,852,0,148,0,0,843,0,157,0,0,852,0,148,0,0,857,0,143,0,0,853,0,147,0,0,861,0,139,0,0,860,0,140,0,0,850,0,150,0,0,856,0,144,0,0,838,0,162,0,0,848,0,152,0,0,852,1,147,0,0,855,0,145,0,0,842,0,158,0,0,848,0,152,0,0,859,0,141,0,0,854,1,145,0,0,853,0,147,0,0,845,0,155,0,0,848,0,152,0,0,854,0,146,0,0,851,1,148,0,0,856,0,144,0,0,838,0,162,0,0,865,0,135,0,0,855,1,144,0,0,842,0,158,0,0,851,0,149,0,0,863,0,137,0,0,864,0,136,0,0,849,0,151,0,0,854,0,146,0,0,846,0,154,0,0,849,2,149,0,0,854,0,146,0,0,847,0,153,0,0
231,targeted_homosexual,0.2,860,1,139,0,0,847,0,153,0,0,861,0,139,0,0,847,0,153,0,0,855,0,145,0,0,864,0,136,0,0,847,3,150,0,0,859,0,141,0,0,853,4,143,0,0,857,0,143,0,0,840,0,160,0,0,851,0,149,0,0,855,0,145,0,0,857,0,143,0,0,852,0,148,0,0,843,0,157,0,0,852,0,148,0,0,857,0,143,0,0,852,1,147,0,0,860,1,139,0,0,860,0,140,0,0,850,0,150,0,0,856,0,144,0,0,838,0,162,0,0,848,0,152,0,0,852,1,147,0,0,855,0,145,0,0,842,0,158,0,0,848,0,152,0,0,859,0,141,0,0,854,0,146,0,0,853,0,147,0,0,845,0,155,0,0,848,0,152,0,0,854,0,146,0,0,851,1,148,0,0,856,0,144,0,0,838,0,162,0,0,865,0,135,0,0,855,1,144,0,0,842,0,158,0,0,851,0,149,0,0,863,0,137,0,0,864,0,136,0,0,849,0,151,0,0,854,0,146,0,0,846,0,154,0,0,849,2,149,0,0,854,0,146,0,0,847,0,153,0,0
232,targeted_homosexual,0.2,860,1,139,0,0,847,0,153,0,0,861,0,139,0,0,847,0,153,0,0,855,0,145,0,0,864,0,136,0,0,847,3,150,0,0,859,0,141,0,0,853,3,144,0,0,857,0,143,0,0,840,0,160,0,0,851,0,149,0,0,855,0,145,0,0,857,0,143,0,0,852,0,148,0,0,843,0,157,0,0,852,0,148,0,0,857,0,143,0,0,852,1,147,0,0,860,1,139,0,0,860,0,140,0,0,850,0,150,0,0,856,0,144,0,0,838,0,162,0,0,848,0,152,0,0,852,1,147,0,0,855,0,145,0,0,842,0,158,0,0,848,0,152,0,0,859,0,141,0,0,854,0,146,0,0,853,0,147,0,0,845,0,155,0,0,848,0,152,0,0,854,0,146,0,0,851,1,148,0,0,856,0,144,0,0,838,0,162,0,0,865,0,135,0,0,855,1,144,0,0,842,0,158,0,0,851,0,149,0,0,863,0,137,0,0,864,0,136,0,0,849,0,151,0,0,854,0,146,0,0,846,0,154,0,0,849,2,149,0,0,854,0,146,0,0,847,0,153,0,0
233,targeted_homosexual,0.2,860,1,139,0,0,847,0,153,0,0,861,0,139,0,0,847,0,153,0,0,855,0,145,0,0,864,0,136,0,0,847,3,150,0,0,859,0,141,0,0,853,3,144,0,0,857,0,143,0,0,840,0,160,0,0,851,0,149,0,0,855,0,145,0,0,857,0,143,0,0,852,0,148,0,0,843,0,157,0,0,852,0,148,0,0,857,0,143,0,0,852,1,147,0,0,860,1,139,0,0,860,0,140,0,0,850,0,150,0,0,856,0,144,0,0,838,0,162,0,0,848,0,152,0,0,852,1,147,0,0,855,0,145,0,0,842,0,158,0,0,848,0,152,0,0,859,0,141,0,0,854,0,146,0,0,853,0,147,0,0,845,0,155,0,0,848,0,152,0,0,854,0,146,0,0,851,1,148,0,0,856,0,144,0,0,838,0,162,0,0,865,0,135,0,0,855,1,144,0,0,842,0,158,0,0,851,0,149,0,0,863,0,137,0,0,864,0,136,0,0,849,0,151,0,0,854,0,146,0,0,846,0,154,0,0,849,2,149,0,0,854,0,146,0,0,847,0,153,0,0
234,targeted_homosexual,0.2,860,1,139,0,0,847,0,153,0,0,861,0,139,0,0,847,0,153,0,0,855,0,145,0,0,864,0,136,0,0,847,3,150,0,0,859,0,141,0,0,853,3,144,0,0,857,0,143,0,0,840,0,160,0,0,851,0,149,0,0,855,0,145,0,0,857,0,143,0,0,852,0,148,0,0,843,0,157,0,0,852,0,148,0,0,857,0,143,0,0,852,1,147,0,0,860,1,139,0,0,860,0,140,0,0,850,0,150,0,0,856,0,144,0,0,838,0,162,0,0,848,0,152,0,0,852,1,147,0,0,855,0,145,0,0,842,0,158,0,0,848,0,152,0,0,859,0,141,0,0,854,0,146,0,0,853,0,147,0,0,845,0,155,0,0,848,0,152,0,0,854,0,146,0,0,851,1,148,0,0,856,0,144,0,0,838,0,162,0,0,865,0,135,0,0,855,1,144,0,0,842,0,158,0,0,851,0,149,0,0,863,0,137,0,0,864,0,136,0,0,849,0,151,0,0,854,0,146,0,0,846,0,154,0,0,849,2,149,0,0,854,0,146,0,0,847,0,153,0,0
235,targeted_homosexual,0.2,860,1,139,0,0,847,0,153,0,0,861,0,139,0,0,847,0,153,0,0,855,0,145,0,0,864,0,136,0,0,846,4,150,0,0,859,0,141,0,0,853,2,145,0,0,857,0,143,0,0,840,0,160,0,0,851,0,149,0,0,855,0,145,0,0,857,0,143,0,0,852,0,148,0,0,843,0,157,0,0,852,0,148,0,0,857,0,143,0,0,852,1,147,0,0,860,1,139,0,0,860,0,140,0,0,850,0,150,0,0,856,0,144,0,0,838,0,162,0,0,848,0,152,0,0,852,1,147,0,0,855,0,145,0,0,842,0,158,0,0,848,0,152,0,0,859,0,141,0,0,854,0,146,0,0,853,0,147,0,0,845,0,155,0,0,848,0,152,0,0,854,0,146,0,0,851,1,148,0,0,856,0,144,0,0,838,0,162,0,0,865,0,135,0,0,855,1,144,0,0,842,0,158,0,0,851,0,149,0,0,863,0,137,0,0,864,0,136,0,0,849,0,151,0,0,854,0,146,0,0,846,0,154,0,0,849,2,149,0,0,854,0,146,0,0,847,0,153,0,0
236,targeted_homosexual,0.2,860,1,139,0,0,847,0,153,0,0,861,0,139,0,0,846,1,153,0,0,855,0,145,0,0,864,0,136,0,0,846,4,150,0,0,859,0,141,0,0,853,2,145,0,0,857,0,143,0,0,840,0,160,0,0,851,0,149,0,0,855,0,145,0,0,857,0,143,0,0,852,0,148,0,0,843,0,157,0,0,852,0,148,0,0,857,0,143,0,0,852,1,147,0,0,860,1,139,0,0,860,0,140,0,0,850,0,150,0,0,856,0,144,0,0,838,0,162,0,0,848,0,152,0,0,852,1,147,0,0,855,0,145,0,0,842,0,158,0,0,848,0,152,0,0,859,0,141,0,0,854,0,146,0,0,853,0,147,0,0,845,0,155,0,0,848,0,152,0,0,854,0,146,0,0,851,0,149,0,0,856,0,144,0,0,838,0,162,0,0,865,0,135,0,0,855,1,144,0,0,842,0,158,0,0,851,0,149,0,0,863,0,137,0,0,864,0,136,0,0,849,0,151,0,0,854,0,146,0,0,846,0,154,0,0,849,2,149,0,0,854,0,146,0,0,847,0,153,0,0
237,targeted_homosexual,0.2,860,1,139,0,0,847,0,153,0,0,861,0,139,0,0,846,1,153,0,0,855,0,145,0,0,864,0,136,0,0,846,4,150,0,0,859,0,141,0,0,853,1,146,0,0,857,0,143,0,0,840,0,160,0,0,851,0,149,0,0,855,0,145,0,0,857,0,143,0,0,852,0,148,0,0,843,0,157,0,0,852,0,148,0,0,857,0,143,0,0,852,1,147,0,0,860,1,139,0,0,860,0,140,0,0,850,0,150,0,0,856,0,144,0,0,838,0,162,0,0,848,0,152,0,0,852,1,147,0,0,855,0,145,0,0,842,0,158,0,0,848,0,152,0,0,859,0,141,0,0,854,0,146,0,0,852,1,147,0,0,845,0,155,0,0,848,0,152,0,0,854,0,146,0,0,851,0,149,0,0,856,0,144,0,0,838,0,162,0,0,865,0,135,0,0,855,1,144,0,0,842,0,158,0,0,851,0,149,0,0,863,0,137,0,0,864,0,136,0,0,849,0,151,0,0,854,0,146,0,0,846,0,154,0,0,849,1,150,0,0,854,0,146,0,0,847,0,153,0,0
238,targeted_homosexual,0.2,860,0,140,0,0,847,0,153,0,0,861,0,139,0,0,846,1,153,0,0,855,0,145,0,0,864,0,136,0,0,846,4,150,0,0,859,0,141,0,0,853,1,146,0,0,857,0,143,0,0,840,0,160,0,0,851,0,149,0,0,855,0,145,0,0,857,0,143,0,0,852,0,148,0,0,843,0,157,0,0,852,0,148,0,0,857,0,143,0,0,852,1,147,0,0,860,1,139,0,0,860,0,140,0,0,850,0,150,0,0,856,0,144,0,0,838,0,162,0,0,848,0,152,0,0,852,1,147,0,0,855,0,145,0,0,842,0,158,0,0,848,0,152,0,0,859,0,141,0,0,854,0,146,0,0,852,1,147,0,0,845,0,155,0,0,848,0,152,0,0,854,0,146,0,0,851,0,149,0,0,856,0,144,0,0,838,0,162,0,0,865,0,135,0,0,855,1,144,0,0,842,0,158,0,0,851,0,149,0,0,863,0,137,0,0,864,0,136,0,0,849,0,151,0,0,854,0,146,0,0,846,0,154,0,0,849,1,150,0,0,854,0,146,0,0,847,0,153,0,0
239,targeted_homosexual,0.2,860,0,140,0,0,847,0,153,0,0,861,0,139,0,0,846,1,153,0,0,855,0,145,0,0,864,0,136,0,0,846,3,151,0,0,859,0,141,0,0,853,0,147,0,0,857,0,143,0,0,840,0,160,0,0,851,0,149,0,0,855,0,145,0,0,857,0,143,0,0,852,0,148,0,0,843,0,157,0,0,852,0,148,0,0,857,0,143,0,0,852,1,147,0,0,860,1,139,0,0,860,0,140,0,0,850,0,150,0,0,856,0,144,0,0,838,0,162,0,0,848,0,152,0,0,852,0,148,0,0,855,0,145,0,0,842,0,158,0,0,848,0,152,0,0,859,0,141,0,0,854,0,146,0,0,852,1,147,0,0,845,0,155,0,0,848,0,152,0,0,854,0,146,0,0,851,0,149,0,0,856,0,144,0,0,838,0,162,0,0,865,0,135,0,0,855,1,144,0,0,842,0,158,0,0,851,0,149,0,0,863,0,137,0,0,864,0,136,0,0,849,0,151,0,0,854,0,146,0,0,846,0,154,0,0,849,1,150,0,0,854,0,146,0,0,847,0,153,0,0
240,targeted_homosexual,0.2,860,0,140,0,0,847,0,153,0,0,861,0,139,0,0,846,1,153,0,0,855,0,145,0,0,864,0,136,0,0,846,3,151,0,0,859,0,141,0,0,853,0,147,0,0,857,0,143,0,0,840,0,160,0,0,851,0,149,0,0,855,0,145,0,0,857,0,143,0,0,852,0,148,0,0,843,0,157,0,0,852,0,148,0,0,857,0,143,0,0,852,1,147,0,0,860,1,139,0,0,860,0,140,0,0,850,0,150,0,0,856,0,144,0,0,838,0,162,0,0,848,0,152,0,0,852,0,148,0,0,855,0,145,0,0,842,0,158,0,0,848,0,152,0,0,859,0,141,0,0,854,0,146,0,0,852,1,147,0,0,845,0,155,0,0,848,0,152,0,0,854,0,146,0,0,851,0,149,0,0,856,0,144,0,0,838,0,162,0,0,865,0,135,0,0,855,1,144,0,0,842,0,158,0,0,851,0,149,0,0,863,0,137,0,0,864,0,136,0,0,849,0,151,0,0,854,0,146,0,0,846,0,154,0,0,849,1,150,0,0,854,0,146,0,0,847,0,153,0,0
241,targeted_homosexual,0.2,860,0,140,0,0,847,0,153,0,0,861,0,139,0,0,846,1,153,0,0,855,0,145,0,0,864,0,136,0,0,846,3,151,0,0,859,0,141,0,0,853,0,147,0,0,857,0,143,0,0,840,0,160,0,0,851,0,149,0,0,855,0,145,0,0,857,0,143,0,0,852,0,148,0,0,843,0,157,0,0,852,0,148,0,0,857,0,143,0,0,852,1,147,0,0,860,1,139,0,0,860,0,140,0,0,850,0,150,0,0,856,0,144,0,0,838,0,162,0,0,848,0,152,0,0,852,0,148,0,0,855,0,145,0,0,842,0,158,0,0,848,0,152,0,0,859,0,141,0,0,854,0,146,0,0,852,1,147,0,0,845,0,155,0,0,848,0,152,0,0,854,0,146,0,0,851,0,149,0,0,856,0,144,0,0,838,0,162,0,0,865,0,135,0,0,855,1,144,0,0,842,0,158,0,0,851,0,149,0,0,863,0,137,0,0,864,0,136,0,0,849,0,151,0,0,854,0,146,0,0,846,0,154,0,0,849,1,150,0,0,854,0,146,0,0,847,0,153,0,0
242,targeted_homosexual,0.2,860,0,140,0,0,847,0,153,0,0,861,0,139,0,0,846,1,153,0,0,855,0,145,0,0,864,0,136,0,0,846,1,153,0,0,859,0,141,0,0,853,0,147,0,0,857,0,143,0,0,840,0,160,0,0,851,0,149,0,0,855,0,145,0,0,857,0,143,0,0,852,0,148,0,0,843,0,157,0,0,852,0,148,0,0,857,0,143,0,0,852,1,147,0,0,860,1,139,0,0,860,0,140,0,0,850,0,150,0,0,856,0,144,0,0,838,0,162,0,0,848,0,152,0,0,852,0,148,0,0,855,0,145,0,0,842,0,158,0,0,848,0,152,0,0,859,0,141,0,0,854,0,146,0,0,852,1,147,0,0,845,0,155,0,0,848,0,152,0,0,854,0,146,0,0,851,0,149,0,0,856,0,144,0,0,838,0,162,0,0,865,0,135,0,0,855,1,144,0,0,842,0,158,0,0,851,0,149,0,0,863,0,137,0,0,864,0,136,0,0,849,0,151,0,0,854,0,146,0,0,846,0,154,0,0,849,0,151,0,0,854,0,146,0,0,847,0,153,0,0
243,targeted_homosexual,0.2,860,0,140,0,0,847,0,153,0,0,861,0,139,0,0,846,1,153,0,0,855,0,145,0,0,864,0,136,0,0,846,1,153,0,0,859,0,141,0,0,853,0,147,0,0,857,0,143,0,0,840,0,160,0,0,851,0,149,0,0,855,0,145,0,0,857,0,143,0,0,852,0,148,0,0,843,0,157,0,0,852,0,148,0,0,857,0,143,0,0,852,1,147,0,0,860,1,139,0,0,860,0,140,0,0,850,0,150,0,0,856,0,144,0,0,838,0,162,0,0,848,0,152,0,0,852,0,148,0,0,855,0,145,0,0,842,0,158,0,0,848,0,152,0,0,858,1,141,0,0,854,0,146,0,0,852,1,147,0,0,845,0,155,0,0,848,0,152,0,0,854,0,146,0,0,851,0,149,0,0,856,0,144,0,0,838,0,162,0,0,865,0,135,0,0,855,0,145,0,0,842,0,158,0,0,851,0,149,0,0,863,0,137,0,0,864,0,136,0,0,849,0,151,0,0,854,0,146,0,0,846,0,154,0,0,849,0,151,0,0,854,0,146,0,0,847,0,153,0,0
244,targeted_homosexual,0.2,860,0,140,0,0,847,0,153,0,0,861,0,139,0,0,846,1,153,0,0,855,0,145,0,0,864,0,136,0,0,846,1,153,0,0,859,0,141,0,0,853,0,147,0,0,857,0,143,0,0,840,0,160,0,0,851,0,149,0,0,855,0,145,0,0,857,0,143,0,0,852,0,148,0,0,843,0,157,0,0,852,0,148,0,0,857,0,143,0,0,852,0,148,0,0,860,0,140,0,0,860,0,140,0,0,850,0,150,0,0,856,0,144,0,0,838,0,162,0,0,848,0,152,0,0,852,0,148,0,0,855,0,145,0,0,842,0,158,0,0,848,0,152,0,0,858,1,141,0,0,854,0,146,0,0,852,1,147,0,0,845,0,155,0,0,848,0,152,0,0,854,0,146,0,0,851,0,149,0,0,856,0,144,0,0,838,0,162,0,0,865,0,135,0,0,855,0,145,0,0,842,0,158,0,0,851,0,149,0,0,863,0,137,0,0,864,0,136,0,0,849,0,151,0,0,854,0,146,0,0,846,0,154,0,0,849,0,151,0,0,854,0,146,0,0,847,0,153,0,0
245,targeted_homosexual,0.2,860,0,140,0,0,847,0,153,0,0,861,0,139,0,0,846,1,153,0,0,855,0,145,0,0,864,0,136,0,0,846,1,153,0,0,859,0,141,0,0,853,0,147,0,0,857,0,143,0,0,840,0,160,0,0,851,0,149,0,0,855,0,145,0,0,857,0,143,0,0,852,0,148,0,0,843,0,157,0,0,852,0,148,0,0,857,0,143,0,0,852,0,148,0,0,860,0,140,0,0,860,0,140,0,0,850,0,150,0,0,856,0,144,0,0,838,0,162,0,0,848,0,152,0,0,852,0,148,0,0,855,0,145,0,0,842,0,158,0,0,848,0,152,0,0,858,1,141,0,0,854,0,146,0,0,852,1,147,0,0,845,0,155,0,0,848,0,152,0,0,854,0,146,0,0,851,0,149,0,0,856,0,144,0,0,838,0,162,0,0,865,0,135,0,0,855,0,145,0,0,842,0,158,0,0,851,0,149,0,0,863,0,137,0,0,864,0,136,0,0,848,1,151,0,0,854,0,146,0,0,846,0,154,0,0,849,0,151,0,0,854,0,146,0,0,847,0,153,0,0
246,targeted_homosexual,0.2,860,0,140,0,0,847,0,153,0,0,861,0,139,0,0,846,1,153,0,0,855,0,145,0,0,864,0,136,0,0,846,1,153,0,0,859,0,141,0,0,853,0,147,0,0,857,0,143,0,0,840,0,160,0,0,851,0,149,0,0,855,0,145,0,0,857,0,143,0,0,852,0,148,0,0,843,0,157,0,0,851,1,148,0,0,857,0,143,0,0,852,0,148,0,0,860,0,140,0,0,860,0,140,0,0,850,0,150,0,0,856,0,144,0,0,838,0,162,0,0,848,0,152,0,0,852,0,148,0,0,855,0,145,0,0,842,0,158,0,0,848,0,152,0,0,858,1,141,0,0,854,0,146,0,0,852,1,147,0,0,845,0,155,0,0,848,0,152,0,0,854,0,146,0,0,851,0,149,0,0,856,0,144,0,0,838,0,162,0,0,865,0,135,0,0,855,0,145,0,0,842,0,158,0,0,851,0,149,0,0,863,0,137,0,0,864,0,136,0,0,848,1,151,0,0,854,0,146,0,0,846,0,154,0,0,849,0,151,0,0,854,0,146,0,0,847,0,153,0,0
247,targeted_homosexual,0.2,860,0,140,0,0,847,0,153,0,0,861,0,139,0,0,846,1,153,0,0,855,0,145,0,0,864,0,136,0,0,846,1,153,0,0,859,0,141,0,0,853,0,147,0,0,857,0,143,0,0,840,0,160,0,0,851,0,149,0,0,855,0,145,0,0,857,0,143,0,0,852,0,148,0,0,843,0,157,0,0,851,1,148,0,0,857,0,143,0,0,852,0,148,0,0,860,0,140,0,0,860,0,140,0,0,850,0,150,0,0,856,0,144,0,0,838,0,162,0,0,848,0,152,0,0,852,0,148,0,0,854,1,145,0,0,842,0,158,0,0,848,0,152,0,0,858,1,141,0,0,854,0,146,0,0,852,1,147,0,0,845,0,155,0,0,848,0,152,0,0,854,0,146,0,0,851,0,149,0,0,856,0,144,0,0,838,0,162,0,0,865,0,135,0,0,855,0,145,0,0,842,0,158,0,0,851,0,149,0,0,863,0,137,0,0,864,0,136,0,0,848,1,151,0,0,854,0,146,0,0,845,1,154,0,0,849,0,151,0,0,854,0,146,0,0,847,0,153,0,0
248,targeted_homosexual,0.2,860,0,140,0,0,847,0,153,0,0,861,0,139,0,0,846,1,153,0,0,855,0,145,0,0,864,0,136,0,0,846,0,154,0,0,859,0,141,0,0,853,0,147,0,0,857,0,143,0,0,840,0,160,0,0,851,0,149,0,0,855,0,145,0,0,857,0,143,0,0,852,0,148,0,0,843,0,157,0,0,851,1,148,0,0,857,0,143,0,0,852,0,148,0,0,860,0,140,0,0,860,0,140,0,0,850,0,150,0,0,856,0,144,0,0,838,0,162,0,0,848,0,152,0,0,852,0,148,0,0,854,1,145,0,0,842,0,158,0,0,848,0,152,0,0,858,1,141,0,0,854,0,146,0,0,852,1,147,0,0,845,0,155,0,0,848,0,152,0,0,854,0,146,0,0,851,0,149,0,0,856,0,144,0,0,838,0,162,0,0,865,0,135,0,0,855,0,145,0,0,842,0,158,0,0,851,0,149,0,0,863,0,137,0,0,864,0,136,0,0,848,1,151,0,0,854,0,146,0,0,845,1,154,0,0,849,0,151,0,0,854,0,146,0,0,846,1,153,0,0
249,targeted_homosexual,0.2,860,0,140,0,0,847,0,153,0,0,861,0,139,0,0,846,0,154,0,0,855,0,145,0,0,864,0,136,0,0,846,0,154,0,0,859,0,141,0,0,853,0,147,0,0,857,0,143,0,0,840,0,160,0,0,851,0,149,0,0,855,0,145,0,0,857,0,143,0,0,852,0,148,0,0,843,0,157,0,0,851,1,148,0,0,857,0,143,0,0,852,0,148,0,0,860,0,140,0,0,860,0,140,0,0,850,0,150,0,0,856,0,144,0,0,838,0,162,0,0,848,0,152,0,0,852,0,148,0,0,854,1,145,0,0,842,0,158,0,0,848,0,152,0,0,858,1,141,0,0,854,0,146,0,0,852,1,147,0,0,845,0,155,0,0,848,0,152,0,0,854,0,146,0,0,851,0,149,0,0,856,0,144,0,0,838,0,162,0,0,865,0,135,0,0,855,0,145,0,0,842,0,158,0,0,851,0,149,0,0,863,0,137,0,0,864,0,136,0,0,848,1,151,0,0,854,0,146,0,0,844,2,154,0,0,849,0,151,0,0,854,0,146,0,0,845,2,153,0,0
250,targeted_homosexual,0.2,860,0,140,0,0,847,0,153,0,0,861,0,139,0,0,846,0,154,0,0,855,0,145,0,0,864,0,136,0,0,846,0,154,0,0,859,0,141,0,0,853,0,147,0,0,857,0,143,0,0,840,0,160,0,0,851,0,149,0,0,855,0,145,0,0,857,0,143,0,0,852,0,148,0,0,843,0,157,0,0,850,2,148,0,0,857,0,143,0,0,852,0,148,0,0,860,0,140,0,0,860,0,140,0,0,850,0,150,0,0,856,0,144,0,0,838,0,162,0,0,848,0,152,0,0,852,0,148,0,0,854,1,145,0,0,842,0,158,0,0,848,0,152,0,0,858,1,141,0,0,854,0,146,0,0,852,0,148,0,0,845,0,155,0,0,848,0,152,0,0,854,0,146,0,0,850,1,149,0,0,856,0,144,0,0,837,1,162,0,0,865,0,135,0,0,855,0,145,0,0,842,0,158,0,0,851,0,149,0,0,863,0,137,0,0,864,0,136,0,0,848,1,151,0,0,854,0,146,0,0,844,2,154,0,0,849,0,151,0,0,854,0,146,0,0,845,2,153,0,0
251,targeted_homosexual,0.2,860,0,140,0,0,847,0,153,0,0,861,0,139,0,0,846,0,154,0,0,855,0,145,0,0,864,0,136,0,0,846,0,154,0,0,859,0,141,0,0,853,0,147,0,0,857,0,143,0,0,840,0,160,0,0,851,0,149,0,0,855,0,145,0,0,857,0,143,0,0,852,0,148,0,0,843,0,157,0,0,850,2,148,0,0,857,0,143,0,0,852,0,148,0,0,860,0,140,0,0,860,0,140,0,0,850,0,150,0,0,856,0,144,0,0,838,0,162,0,0,848,0,152,0,0,852,0,148,0,0,854,1,145,0,0,842,0,158,0,0,848,0,152,0,0,858,1,141,0,0,854,0,146,0,0,852,0,148,0,0,845,0,155,0,0,848,0,152,0,0,854,0,146,0,0,850,1,149,0,0,856,0,144,0,0,837,1,162,0,0,865,0,135,0,0,855,0,145,0,0,842,0,158,0,0,851,0,149,0,0,863,0,137,0,0,864,0,136,0,0,848,1,151,0,0,854,0,146,0,0,844,2,154,0,0,849,0,151,0,0,854,0,146,0,0,845,2,153,0,0
252,targeted_homosexual,0.2,860,0,140,0,0,847,0,153,0,0,861,0,139,0,0,846,0,154,0,0,855,0,145,0,0,864,0,136,0,0,846,0,154,0,0,859,0,141,0,0,853,0,147,0,0,857,0,143,0,0,840,0,160,0,0,851,0,149,0,0,855,0,145,0,0,857,0,143,0,0,852,0,148,0,0,843,0,157,0,0,850,2,148,0,0,857,0,143,0,0,852,0,148,0,0,860,0,140,0,0,860,0,140,0,0,850,0,150,0,0,856,0,144,0,0,838,0,162,0,0,848,0,152,0,0,852,0,148,0,0,854,1,145,0,0,842,0,158,0,0,848,0,152,0,0,858,1,141,0,0,854,0,146,0,0,852,0,148,0,0,845,0,155,0,0,848,0,152,0,0,854,0,146,0,0,850,1,149,0,0,856,0,144,0,0,837,1,162,0,0,865,0,135,0,0,855,0,145,0,0,842,0,158,0,0,851,0,149,0,0,863,0,137,0,0,864,0,136,0,0,848,1,151,0,0,854,0,146,0,0,844,2,154,0,0,849,0,151,0,0,854,0,146,0,0,845,2,153,0,0
253,targeted_homosexual,0.2,860,0,140,0,0,847,0,153,0,0,861,0,139,0,0,846,0,154,0,0,855,0,145,0,0,864,0,136,0,0,846,0,154,0,0,859,0,141,0,0,853,0,147,0,0,857,0,143,0,0,840,0,160,0,0,851,0,149,0,0,855,0,145,0,0,857,0,143,0,0,852,0,148,0,0,843,0,157,0,0,850,2,148,0,0,857,0,143,0,0,852,0,148,0,0,860,0,140,0,0,860,0,140,0,0,850,0,150,0,0,856,0,144,0,0,837,1,162,0,0,848,0,152,0,0,852,0,148,0,0,854,1,145,0,0,842,0,158,0,0,848,0,152,0,0,858,1,141,0,0,854,0,146,0,0,852,0,148,0,0,845,0,155,0,0,848,0,152,0,0,854,0,146,0,0,850,1,149,0,0,856,0,144,0,0,837,1,162,0,0,865,0,135,0,0,855,0,145,0,0,842,0,158,0,0,851,0,149,0,0,863,0,137,0,0,864,0,136,0,0,848,1,151,0,0,854,0,146,0,0,844,2,154,0,0,849,0,151,0,0,854,0,146,0,0,845,2,153,0,0
254,targeted_homosexual,0.2,860,0,140,0,0,847,0,153,0,0,861,0,139,0,0,846,0,154,0,0,855,0,145,0,0,864,0,136,0,0,846,0,154,0,0,859,0,141,0,0,853,0,147,0,0,857,0,143,0,0,840,0,160,0,0,851,0,149,0,0,855,0,145,0,0,857,0,143,0,0,852,0,148,0,0,843,0,157,0,0,850,2,148,0,0,857,0,143,0,0,852,0,148,0,0,860,0,140,0,0,860,0,140,0,0,850,0,150,0,0,856,0,144,0,0,837,1,162,0,0,848,0,152,0,0,852,0,148,0,0,854,1,145,0,0,842,0,158,0,0,848,0,152,0,0,858,1,141,0,0,854,0,146,0,0,852,0,148,0,0,845,0,155,0,0,848,0,152,0,0,854,0,146,0,0,850,1,149,0,0,856,0,144,0,0,837,1,162,0,0,865,0,135,0,0,855,0,145,0,0,842,0,158,0,0,851,0,149,0,0,863,0,137,0,0,864,0,136,0,0,848,1,151,0,0,854,0,146,0,0,843,3,154,0,0,849,0,151,0,0,854,0,146,0,0,845,2,153,0,0
255,targeted_homosexual,0.2,860,0,140,0,0,847,0,153,0,0,861,0,139,0,0,846,0,154,0,0,855,0,145,0,0,864,0,136,0,0,846,0,154,0,0,858,1,141,0,0,853,0,147,0,0,857,0,143,0,0,840,0,160,0,0,851,0,149,0,0,855,0,145,0,0,857,0,143,0,0,852,0,148,0,0,843,0,157,0,0,850,2,148,0,0,857,0,143,0,0,852,0,148,0,0,860,0,140,0,0,860,0,140,0,0,850,0,150,0,0,856,0,144,0,0,837,1,162,0,0,848,0,152,0,0,852,0,148,0,0,854,1,145,0,0,842,0,158,0,0,848,0,152,0,0,858,1,141,0,0,854,0,146,0,0,852,0,148,0,0,845,0,155,0,0,848,0,152,0,0,854,0,146,0,0,850,1,149,0,0,856,0,144,0,0,837,1,162,0,0,865,0,135,0,0,855,0,145,0,0,842,0,158,0,0,851,0,149,0,0,863,0,137,0,0,864,0,136,0,0,848,1,151,0,0,854,0,146,0,0,843,3,154,0,0,849,0,151,0,0,854,0,146,0,0,845,2,153,0,0
256,targeted_homosexual,0.2,860,0,140,0,0,847,0,153,0,0,861,0,139,0,0,846,0,154,0,0,855,0,145,0,0,864,0,136,0,0,846,0,154,0,0,858,1,141,0,0,853,0,147,0,0,857,0,143,0,0,840,0,160,0,0,851,0,149,0,0,855,0,145,0,0,857,0,143,0,0,852,0,148,0,0,843,0,157,0,0,850,2,148,0,0,857,0,143,0,0,852,0,148,0,0,860,0,140,0,0,860,0,140,0,0,850,0,150,0,0,856,0,144,0,0,837,1,162,0,0,848,0,152,0,0,852,0,148,0,0,854,1,145,0,0,842,0,158,0,0,848,0,152,0,0,858,0,142,0,0,854,0,146,0,0,852,0,148,0,0,845,0,155,0,0,848,0,152,0,0,854,0,146,0,0,850,1,149,0,0,856,0,144,0,0,837,1,162,0,0,865,0,135,0,0,855,0,145,0,0,842,0,158,0,0,851,0,149,0,0,863,0,137,0,0,864,0,136,0,0,848,1,151,0,0,854,0,146,0,0,843,3,154,0,0,849,0,151,0,0,854,0,146,0,0,845,2,153,0,0
257,targeted_homosexual,0.2,860,0,140,0,0,847,0,153,0,0,861,0,139,0,0,846,0,154,0,0,855,0,145,0,0,864,0,136,0,0,846,0,154,0,0,858,1,141,0,0,853,0,147,0,0,857,0,143,0,0,840,0,160,0,0,851,0,149,0,0,855,0,145,0,0,857,0,143,0,0,852,0,148,0,0,843,0,157,0,0,850,2,148,0,0,857,0,143,0,0,852,0,148,0,0,860,0,140,0,0,860,0,140,0,0,850,0,150,0,0,856,0,144,0,0,837,1,162,0,0,848,0,152,0,0,852,0,148,0,0,854,1,145,0,0,842,0,158,0,0,848,0,152,0,0,858,0,142,0,0,854,0,146,0,0,852,0,148,0,0,845,0,155,0,0,848,0,152,0,0,854,0,146,0,0,850,1,149,0,0,856,0,144,0,0,837,1,162,0,0,865,0,135,0,0,855,0,145,0,0,842,0,158,0,0,851,0,149,0,0,863,0,137,0,0,864,0,136,0,0,848,1,151,0,0,854,0,146,0,0,843,3,154,0,0,849,0,151,0,0,854,0,146,0,0,845,2,153,0,0
258,targeted_homosexual,0.2,860,0,140,0,0,847,0,153,0,0,861,0,139,0,0,846,0,154,0,0,855,0,145,0,0,864,0,136,0,0,846,0,154,0,0,858,1,141,0,0,853,0,147,0,0,857,0,143,0,0,840,0,160,0,0,851,0,149,0,0,855,0,145,0,0,857,0,143,0,0,852,0,148,0,0,843,0,157,0,0,850,2,148,0,0,857,0,143,0,0,852,0,148,0,0,860,0,140,0,0,860,0,140,0,0,850,0,150,0,0,856,0,144,0,0,837,1,162,0,0,848,0,152,0,0,852,0,148,0,0,854,1,145,0,0,842,0,158,0,0,848,0,152,0,0,858,0,142,0,0,854,0,146,0,0,852,0,148,0,0,845,0,155,0,0,848,0,152,0,0,854,0,146,0,0,850,1,149,0,0,856,0,144,0,0,837,1,162,0,0,865,0,135,0,0,855,0,145,0,0,842,0,158,0,0,851,0,149,0,0,863,0,137,0,0,864,0,136,0,0,848,0,152,0,0,854,0,146,0,0,843,3,154,0,0,849,0,151,0,0,854,0,146,0,0,845,2,153,0,0
259,targeted_homosexual,0.2,860,0,140,0,0,847,0,153,0,0,861,0,139,0,0,846,0,154,0,0,855,0,145,0,0,863,1,136,0,0,846,0,154,0,0,858,1,141,0,0,853,0,147,0,0,857,0,143,0,0,840,0,160,0,0,851,0,149,0,0,855,0,145,0,0,857,0,143,0,0,852,0,148,0,0,843,0,157,0,0,850,1,149,0,0,857,0,143,0,0,852,0,148,0,0,860,0,140,0,0,860,0,140,0,0,850,0,150,0,0,856,0,144,0,0,837,1,162,0,0,848,0,152,0,0,852,0,148,0,0,854,1,145,0,0,842,0,158,0,0,848,0,152,0,0,858,0,142,0,0,854,0,146,0,0,852,0,148,0,0,845,0,155,0,0,848,0,152,0,0,854,0,146,0,0,850,1,149,0,0,856,0,144,0,0,837,1,162,0,0,865,0,135,0,0,855,0,145,0,0,842,0,158,0,0,851,0,149,0,0,863,0,137,0,0,864,0,136,0,0,848,0,152,0,0,854,0,146,0,0,843,3,154,0,0,849,0,151,0,0,854,0,146,0,0,845,2,153,0,0
260,targeted_homosexual,0.2,860,0,140,0,0,847,0,153,0,0,861,0,139,0,0,846,0,154,0,0,855,0,145,0,0,863,1,136,0,0,846,0,154,0,0,858,1,141,0,0,853,0,147,0,0,857,0,143,0,0,840,0,160,0,0,851,0,149,0,0,855,0,145,0,0,857,0,143,0,0,852,0,148,0,0,843,0,157,0,0,850,1,149,0,0,857,0,143,0,0,852,0,148,0,0,860,0,140,0,0,860,0,140,0,0,850,0,150,0,0,856,0,144,0,0,837,1,162,0,0,848,0,152,0,0,852,0,148,0,0,854,0,146,0,0,842,0,158,0,0,848,0,152,0,0,858,0,142,0,0,854,0,146,0,0,852,0,148,0,0,845,0,155,0,0,848,0,152,0,0,854,0,146,0,0,848,3,149,0,0,856,0,144,0,0,837,1,162,0,0,865,0,135,0,0,855,0,145,0,0,842,0,158,0,0,851,0,149,0,0,863,0,137,0,0,864,0,136,0,0,848,0,152,0,0,854,0,146,0,0,843,2,155,0,0,849,0,151,0,0,854,0,146,0,0,845,2,153,0,0
261,targeted_homosexual,0.2,860,0,140,0,0,847,0,153,0,0,861,0,139,0,0,846,0,154,0,0,855,0,145,0,0,863,1,136,0,0,846,0,154,0,0,858,1,141,0,0,853,0,147,0,0,857,0,143,0,0,840,0,160,0,0,851,0,149,0,0,855,0,145,0,0,857,0,143,0,0,852,0,148,0,0,843,0,157,0,0,850,1,149,0,0,857,0,143,0,0,852,0,148,0,0,860,0,140,0,0,860,0,140,0,0,850,0,150,0,0,856,0,144,0,0,837,1,162,0,0,848,0,152,0,0,852,0,148,0,0,854,0,146,0,0,842,0,158,0,0,848,0,152,0,0,858,0,142,0,0,854,0,146,0,0,852,0,148,0,0,845,0,155,0,0,848,0,152,0,0,854,0,146,0,0,848,3,149,0,0,856,0,144,0,0,837,1,162,0,0,865,0,135,0,0,855,0,145,0,0,842,0,158,0,0,851,0,149,0,0,863,0,137,0,0,864,0,136,0,0,848,0,152,0,0,854,0,146,0,0,843,2,155,0,0,849,0,151,0,0,854,0,146,0,0,845,1,154,0,0
262,targeted_homosexual,0.2,860,0,140,0,0,847,0,153,0,0,861,0,139,0,0,846,0,154,0,0,855,0,145,0,0,863,1,136,0,0,846,0,154,0,0,858,1,141,0,0,853,0,147,0,0,856,1,143,0,0,840,0,160,0,0,851,0,149,0,0,855,0,145,0,0,857,0,143,0,0,852,0,148,0,0,843,0,157,0,0,850,1,149,0,0,857,0,143,0,0,852,0,148,0,0,860,0,140,0,0,860,0,140,0,0,850,0,150,0,0,856,0,144,0,0,837,1,162,0,0,848,0,152,0,0,852,0,148,0,0,854,0,146,0,0,842,0,158,0,0,848,0,152,0,0,858,0,142,0,0,854,0,146,0,0,852,0,148,0,0,845,0,155,0,0,848,0,152,0,0,854,0,146,0,0,848,3,149,0,0,856,0,144,0,0,837,1,162,0,0,865,0,135,0,0,855,0,145,0,0,842,0,158,0,0,851,0,149,0,0,863,0,137,0,0,864,0,136,0,0,848,0,152,0,0,854,0,146,0,0,843,1,156,0,0,849,0,151,0,0,854,0,146,0,0,845,0,155,0,0
263,targeted_homosexual,0.2,860,0,140,0,0,847,0,153,0,0,861,0,139,0,0,846,0,154,0,0,855,0,145,0,0,863,1,136,0,0,846,0,154,0,0,857,2,141,0,0,853,0,147,0,0,856,1,143,0,0,840,0,160,0,0,851,0,149,0,0,855,0,145,0,0,857,0,143,0,0,852,0,148,0,0,843,0,157,0,0,850,0,150,0,0,857,0,143,0,0,852,0,148,0,0,860,0,140,0,0,860,0,140,0,0,850,0,150,0,0,856,0,144,0,0,837,1,162,0,0,848,0,152,0,0,852,0,148,0,0,854,0,146,0,0,842,0,158,0,0,848,0,152,0,0,858,0,142,0,0,854,0,146,0,0,852,0,148,0,0,845,0,155,0,0,848,0,152,0,0,854,0,146,0,0,848,2,150,0,0,856,0,144,0,0,837,0,163,0,0,865,0,135,0,0,855,0,145,0,0,842,0,158,0,0,851,0,149,0,0,863,0,137,0,0,864,0,136,0,0,848,0,152,0,0,854,0,146,0,0,843,1,156,0,0,849,0,151,0,0,854,0,146,0,0,845,0,155,0,0
264,targeted_homosexual,0.2,860,0,140,0,0,847,0,153,0,0,861,0,139,0,0,846,0,154,0,0,855,0,145,0,0,863,1,136,0,0,846,0,154,0,0,857,2,141,0,0,853,0,147,0,0,856,1,143,0,0,840,0,160,0,0,851,0,149,0,0,855,0,145,0,0,857,0,143,0,0,852,0,148,0,0,843,0,157,0,0,850,0,150,0,0,857,0,143,0,0,852,0,148,0,0,860,0,140,0,0,860,0,140,0,0,850,0,150,0,0,856,0,144,0,0,837,1,162,0,0,848,0,152,0,0,852,0,148,0,0,854,0,146,0,0,842,0,158,0,0,848,0,152,0,0,858,0,142,0,0,854,0,146,0,0,852,0,148,0,0,845,0,155,0,0,848,0,152,0,0,854,0,146,0,0,848,2,150,0,0,856,0,144,0,0,837,0,163,0,0,865,0,135,0,0,855,0,145,0,0,842,0,158,0,0,851,0,149,0,0,863,0,137,0,0,864,0,136,0,0,848,0,152,0,0,854,0,146,0,0,843,1,156,0,0,849,0,151,0,0,854,0,146,0,0,845,0,155,0,0
265,targeted_homosexual,0.2,860,0,140,0,0,847,0,153,0,0,861,0,139,0,0,846,0,154,0,0,855,0,145,0,0,863,1,136,0,0,846,0,154,0,0,857,2,141,0,0,853,0,147,0,0,856,1,143,0,0,840,0,160,0,0,851,0,149,0,0,855,0,145,0,0,857,0,143,0,0,852,0,148,0,0,843,0,157,0,0,850,0,150,0,0,857,0,143,0,0,852,0,148,0,0,860,0,140,0,0,860,0,140,0,0,850,0,150,0,0,856,0,144,0,0,837,1,162,0,0,848,0,152,0,0,851,1,148,0,0,854,0,146,0,0,842,0,158,0,0,848,0,152,0,0,858,0,142,0,0,854,0,146,0,0,852,0,148,0,0,845,0,155,0,0,848,0,152,0,0,854,0,146,0,0,848,2,150,0,0,856,0,144,0,0,837,0,163,0,0,865,0,135,0,0,855,0,145,0,0,842,0,158,0,0,851,0,149,0,0,863,0,137,0,0,864,0,136,0,0,848,0,152,0,0,854,0,146,0,0,842,2,156,0,0,849,0,151,0,0,854,0,146,0,0,845,0,155,0,0
266,targeted_homosexual,0.2,860,0,140,0,0,847,0,153,0,0,861,0,139,0,0,846,0,154,0,0,855,0,145,0,0,863,1,136,0,0,846,0,154,0,0,857,2,141,0,0,853,0,147,0,0,856,1,143,0,0,840,0,160,0,0,851,0,149,0,0,855,0,145,0,0,857,0,143,0,0,852,0,148,0,0,843,0,157,0,0,850,0,150,0,0,857,0,143,0,0,852,0,148,0,0,860,0,140,0,0,860,0,140,0,0,850,0,150,0,0,856,0,144,0,0,837,0,163,0,0,848,0,152,0,0,851,1,148,0,0,854,0,146,0,0,842,0,158,0,0,848,0,152,0,0,858,0,142,0,0,854,0,146,0,0,852,0,148,0,0,845,0,155,0,0,848,0,152,0,0,854,0,146,0,0,848,2,150,0,0,856,0,144,0,0,837,0,163,0,0,865,0,135,0,0,855,0,145,0,0,842,0,158,0,0,851,0,149,0,0,863,0,137,0,0,864,0,136,0,0,848,0,152,0,0,854,0,146,0,0,842,2,156,0,0,849,0,151,0,0,854,0,146,0,0,845,0,155,0,0
267,targeted_homosexual,0.2,860,0,140,0,0,847,0,153,0,0,861,0,139,0,0,846,0,154,0,0,855,0,145,0,0,863,1,136,0,0,846,0,154,0,0,857,2,141,0,0,853,0,147,0,0,856,1,143,0,0,840,0,160,0,0,851,0,149,0,0,855,0,145,0,0,857,0,143,0,0,852,0,148,0,0,843,0,157,0,0,850,0,150,0,0,857,0,143,0,0,852,0,148,0,0,860,0,140,0,0,860,0,140,0,0,850,0,150,0,0,856,0,144,0,0,837,0,163,0,0,848,0,152,0,0,851,1,148,0,0,854,0,146,0,0,842,0,158,0,0,848,0,152,0,0,858,0,142,0,0,854,0,146,0,0,852,0,148,0,0,845,0,155,0,0,848,0,152,0,0,854,0,146,0,0,848,2,150,0,0,856,0,144,0,0,837,0,163,0,0,865,0,135,0,0,855,0,145,0,0,842,0,158,0,0,851,0,149,0,0,863,0,137,0,0,864,0,136,0,0,848,0,152,0,0,854,0,146,0,0,842,1,157,0,0,849,0,151,0,0,854,0,146,0,0,845,0,155,0,0
268,targeted_homosexual,0.2,860,0,140,0,0,847,0,153,0,0,861,0,139,0,0,846,0,154,0,0,855,0,145,0,0,863,1,136,0,0,846,0,154,0,0,857,1,142,0,0,853,0,147,0,0,856,1,143,0,0,840,0,160,0,0,851,0,149,0,0,855,0,145,0,0,857,0,143,0,0,852,0,148,0,0,843,0,157,0,0,850,0,150,0,0,857,0,143,0,0,852,0,148,0,0,860,0,140,0,0,860,0,140,0,0,850,0,150,0,0,856,0,144,0,0,837,0,163,0,0,848,0,152,0,0,851,1,148,0,0,854,0,146,0,0,842,0,158,0,0,848,0,152,0,0,858,0,142,0,0,854,0,146,0,0,852,0,148,0,0,845,0,155,0,0,848,0,152,0,0,854,0,146,0,0,848,2,150,0,0,856,0,144,0,0,837,0,163,0,0,865,0,135,0,0,855,0,145,0,0,842,0,158,0,0,851,0,149,0,0,863,0,137,0,0,864,0,136,0,0,848,0,152,0,0,854,0,146,0,0,842,1,157,0,0,849,0,151,0,0,854,0,146,0,0,845,0,155,0,0
269,targeted_homosexual,0.2,860,0,140,0,0,847,0,153,0,0,861,0,139,0,0,846,0,154,0,0,855,0,145,0,0,863,1,136,0,0,846,0,154,0,0,857,1,142,0,0,853,0,147,0,0,856,1,143,0,0,840,0,160,0,0,851,0,149,0,0,855,0,145,0,0,857,0,143,0,0,852,0,148,0,0,843,0,157,0,0,850,0,150,0,0,857,0,143,0,0,852,0,148,0,0,860,0,140,0,0,860,0,140,0,0,850,0,150,0,0,856,0,144,0,0,837,0,163,0,0,848,0,152,0,0,851,1,148,0,0,854,0,146,0,0,842,0,158,0,0,848,0,152,0,0,858,0,142,0,0,854,0,146,0,0,852,0,148,0,0,845,0,155,0,0,848,0,152,0,0,854,0,146,0,0,848,2,150,0,0,856,0,144,0,0,837,0,163,0,0,865,0,135,0,0,855,0,145,0,0,842,0,158,0,0,851,0,149,0,0,863,0,137,0,0,864,0,136,0,0,848,0,152,0,0,854,0,146,0,0,842,1,157,0,0,849,0,151,0,0,854,0,146,0,0,845,0,155,0,0
270,targeted_homosexual,0.2,860,0,140,0,0,847,0,153,0,0,861,0,139,0,0,846,0,154,0,0,855,0,145,0,0,863,1,136,0,0,846,0,154,0,0,857,1,142,0,0,853,0,147,0,0,856,1,143,0,0,840,0,160,0,0,851,0,149,0,0,855,0,145,0,0,857,0,143,0,0,852,0,148,0,0,843,0,157,0,0,850,0,150,0,0,857,0,143,0,0,852,0,148,0,0,860,0,140,0,0,860,0,140,0,0,850,0,150,0,0,856,0,144,0,0,837,0,163,0,0,848,0,152,0,0,851,1,148,0,0,854,0,146,0,0,842,0,158,0,0,848,0,152,0,0,858,0,142,0,0,854,0,146,0,0,852,0,148,0,0,845,0,155,0,0,848,0,152,0,0,854,0,146,0,0,848,2,150,0,0,856,0,144,0,0,837,0,163,0,0,865,0,135,0,0,854,1,145,0,0,842,0,158,0,0,851,0,149,0,0,863,0,137,0,0,864,0,136,0,0,848,0,152,0,0,854,0,146,0,0,842,1,157,0,0,849,0,151,0,0,854,0,146,0,0,845,0,155,0,0
271,targeted_homosexual,0.2,860,0,140,0,0,847,0,153,0,0,861,0,139,0,0,846,0,154,0,0,855,0,145,0,0,863,1,136,0,0,846,0,154,0,0,857,1,142,0,0,853,0,147,0,0,856,1,143,0,0,840,0,160,0,0,851,0,149,0,0,855,0,145,0,0,857,0,143,0,0,852,0,148,0,0,843,0,157,0,0,850,0,150,0,0,857,0,143,0,0,852,0,148,0,0,860,0,140,0,0,860,0,140,0,0,850,0,150,0,0,856,0,144,0,0,837,0,163,0,0,848,0,152,0,0,851,1,148,0,0,854,0,146,0,0,842,0,158,0,0,848,0,152,0,0,858,0,142,0,0,854,0,146,0,0,852,0,148,0,0,845,0,155,0,0,848,0,152,0,0,854,0,146,0,0,848,2,150,0,0,856,0,144,0,0,837,0,163,0,0,865,0,135,0,0,854,1,145,0,0,842,0,158,0,0,851,0,149,0,0,863,0,137,0,0,864,0,136,0,0,848,0,152,0,0,854,0,146,0,0,842,1,157,0,0,849,0,151,0,0,854,0,146,0,0,845,0,155,0,0
272,targeted_homosexual,0.2,860,0,140,0,0,847,0,153,0,0,861,0,139,0,0,846,0,154,0,0,855,0,145,0,0,863,0,137,0,0,846,0,154,0,0,857,1,142,0,0,853,0,147,0,0,856,1,143,0,0,840,0,160,0,0,851,0,149,0,0,855,0,145,0,0,857,0,143,0,0,852,0,148,0,0,843,0,157,0,0,850,0,150,0,0,857,0,143,0,0,852,0,148,0,0,860,0,140,0,0,860,0,140,0,0,850,0,150,0,0,856,0,144,0,0,837,0,163,0,0,848,0,152,0,0,851,1,148,0,0,854,0,146,0,0,842,0,158,0,0,848,0,152,0,0,858,0,142,0,0,854,0,146,0,0,851,1,148,0,0,845,0,155,0,0,848,0,152,0,0,854,0,146,0,0,848,2,150,0,0,856,0,144,0,0,837,0,163,0,0,865,0,135,0,0,854,1,145,0,0,842,0,158,0,0,851,0,149,0,0,863,0,137,0,0,864,0,136,0,0,848,0,152,0,0,854,0,146,0,0,842,1,157,0,0,849,0,151,0,0,854,0,146,0,0,845,0,155,0,0
273,targeted_homosexual,0.2,860,0,140,0,0,847,0,153,0,0,861,0,139,0,0,845,1,154,0,0,855,0,145,0,0,863,0,137,0,0,846,0,154,0,0,857,1,142,0,0,853,0,147,0,0,856,1,143,0,0,840,0,160,0,0,851,0,149,0,0,855,0,145,0,0,857,0,143,0,0,852,0,148,0,0,843,0,157,0,0,850,0,150,0,0,857,0,143,0,0,852,0,148,0,0,860,0,140,0,0,860,0,140,0,0,850,0,150,0,0,856,0,144,0,0,837,0,163,0,0,848,0,152,0,0,851,1,148,0,0,854,0,146,0,0,842,0,158,0,0,848,0,152,0,0,858,0,142,0,0,854,0,146,0,0,851,1,148,0,0,845,0,155,0,0,848,0,152,0,0,854,0,146,0,0,848,0,152,0,0,856,0,144,0,0,837,0,163,0,0,865,0,135,0,0,853,2,145,0,0,842,0,158,0,0,851,0,149,0,0,863,0,137,0,0,864,0,136,0,0,848,0,152,0,0,854,0,146,0,0,842,1,157,0,0,849,0,151,0,0,854,0,146,0,0,845,0,155,0,0
274,targeted_homosexual,0.2,860,0,140,0,0,847,0,153,0,0,861,0,139,0,0,845,1,154,0,0,855,0,145,0,0,863,0,137,0,0,846,0,154,0,0,857,1,142,0,0,853,0,147,0,0,856,1,143,0,0,840,0,160,0,0,851,0,149,0,0,855,0,145,0,0,857,0,143,0,0,852,0,148,0,0,843,0,157,0,0,850,0,150,0,0,857,0,143,0,0,852,0,148,0,0,860,0,140,0,0,860,0,140,0,0,850,0,150,0,0,856,0,144,0,0,837,0,163,0,0,848,0,152,0,0,851,1,148,0,0,854,0,146,0,0,842,0,158,0,0,848,0,152,0,0,858,0,142,0,0,853,1,146,0,0,851,1,148,0,0,845,0,155,0,0,848,0,152,0,0,854,0,146,0,0,848,0,152,0,0,856,0,144,0,0,837,0,163,0,0,865,0,135,0,0,853,2,145,0,0,842,0,158,0,0,851,0,149,0,0,863,0,137,0,0,864,0,136,0,0,848,0,152,0,0,854,0,146,0,0,842,1,157,0,0,849,0,151,0,0,854,0,146,0,0,845,0,155,0,0
275,targeted_homosexual,0.2,860,0,140,0,0,847,0,153,0,0,861,0,139,0,0,845,1,154,0,0,855,0,145,0,0,863,0,137,0,0,846,0,154,0,0,857,1,142,0,0,853,0,147,0,0,856,0,144,0,0,840,0,160,0,0,851,0,149,0,0,855,0,145,0,0,857,0,143,0,0,852,0,148,0,0,843,0,157,0,0,850,0,150,0,0,857,0,143,0,0,852,0,148,0,0,860,0,140,0,0,860,0,140,0,0,850,0,150,0,0,856,0,144,0,0,836,1,163,0,0,848,0,152,0,0,851,1,148,0,0,854,0,146,0,0,842,0,158,0,0,848,0,152,0,0,858,0,142,0,0,853,1,146,0,0,851,1,148,0,0,845,0,155,0,0,848,0,152,0,0,854,0,146,0,0,848,0,152,0,0,856,0,144,0,0,837,0,163,0,0,865,0,135,0,0,853,2,145,0,0,842,0,158,0,0,851,0,149,0,0,863,0,137,0,0,864,0,136,0,0,848,0,152,0,0,854,0,146,0,0,842,1,157,0,0,849,0,151,0,0,854,0,146,0,0,845,0,155,0,0
276,targeted_homosexual,0.2,860,0,140,0,0,847,0,153,0,0,861,0,139,0,0,845,1,154,0,0,855,0,145,0,0,863,0,137,0,0,846,0,154,0,0,857,0,143,0,0,853,0,147,0,0,856,0,144,0,0,840,0,160,0,0,851,0,149,0,0,855,0,145,0,0,857,0,143,0,0,852,0,148,0,0,843,0,157,0,0,850,0,150,0,0,857,0,143,0,0,852,0,148,0,0,860,0,140,0,0,860,0,140,0,0,850,0,150,0,0,856,0,144,0,0,836,1,163,0,0,848,0,152,0,0,851,1,148,0,0,854,0,146,0,0,842,0,158,0,0,847,1,152,0,0,858,0,142,0,0,853,1,146,0,0,851,1,148,0,0,845,0,155,0,0,848,0,152,0,0,854,0,146,0,0,848,0,152,0,0,856,0,144,0,0,837,0,163,0,0,865,0,135,0,0,853,2,145,0,0,842,0,158,0,0,851,0,149,0,0,863,0,137,0,0,864,0,136,0,0,848,0,152,0,0,854,0,146,0,0,842,1,157,0,0,849,0,151,0,0,854,0,146,0,0,845,0,155,0,0
277,targeted_homosexual,0.2,860,0,140,0,0,847,0,153,0,0,861,0,139,0,0,845,1,154,0,0,855,0,145,0,0,863,0,137,0,0,846,0,154,0,0,857,0,143,0,0,853,0,147,0,0,856,0,144,0,0,840,0,160,0,0,851,0,149,0,0,855,0,145,0,0,857,0,143,0,0,852,0,148,0,0,843,0,157,0,0,850,0,150,0,0,857,0,143,0,0,852,0,148,0,0,860,0,140,0,0,860,0,140,0,0,850,0,150,0,0,856,0,144,0,0,836,1,163,0,0,848,0,152,0,0,851,1,148,0,0,854,0,146,0,0,842,0,158,0,0,847,1,152,0,0,858,0,142,0,0,853,1,146,0,0,851,1,148,0,0,845,0,155,0,0,848,0,152,0,0,854,0,146,0,0,848,0,152,0,0,856,0,144,0,0,837,0,163,0,0,865,0,135,0,0,853,2,145,0,0,842,0,158,0,0,851,0,149,0,0,863,0,137,0,0,864,0,136,0,0,848,0,152,0,0,854,0,146,0,0,842,1,157,0,0,849,0,151,0,0,854,0,146,0,0,845,0,155,0,0
278,targeted_homosexual,0.2,860,0,140,0,0,847,0,153,0,0,861,0,139,0,0,845,1,154,0,0,855,0,145,0,0,863,0,137,0,0,846,0,154,0,0,857,0,143,0,0,853,0,147,0,0,856,0,144,0,0,840,0,160,0,0,851,0,149,0,0,855,0,145,0,0,857,0,143,0,0,852,0,148,0,0,843,0,157,0,0,850,0,150,0,0,857,0,143,0,0,852,0,148,0,0,860,0,140,0,0,860,0,140,0,0,850,0,150,0,0,856,0,144,0,0,836,1,163,0,0,848,0,152,0,0,851,0,149,0,0,854,0,146,0,0,842,0,158,0,0,847,1,152,0,0,858,0,142,0,0,853,1,146,0,0,851,1,148,0,0,845,0,155,0,0,848,0,152,0,0,854,0,146,0,0,848,0,152,0,0,856,0,144,0,0,837,0,163,0,0,865,0,135,0,0,853,2,145,0,0,842,0,158,0,0,851,0,149,0,0,863,0,137,0,0,864,0,136,0,0,848,0,152,0,0,854,0,146,0,0,842,0,158,0,0,849,0,151,0,0,854,0,146,0,0,845,0,155,0,0
279,targeted_homosexual,0.2,860,0,140,0,0,847,0,153,0,0,861,0,139,0,0,845,1,154,0,0,855,0,145,0,0,863,0,137,0,0,846,0,154,0,0,857,0,143,0,0,853,0,147,0,0,856,0,144,0,0,840,0,160,0,0,851,0,149,0,0,855,0,145,0,0,857,0,143,0,0,852,0,148,0,0,843,0,157,0,0,850,0,150,0,0,857,0,143,0,0,852,0,148,0,0,859,1,140,0,0,860,0,140,0,0,850,0,150,0,0,856,0,144,0,0,836,1,163,0,0,848,0,152,0,0,851,0,149,0,0,854,0,146,0,0,842,0,158,0,0,847,1,152,0,0,858,0,142,0,0,853,1,146,0,0,851,1,148,0,0,845,0,155,0,0,848,0,152,0,0,854,0,146,0,0,848,0,152,0,0,856,0,144,0,0,837,0,163,0,0,865,0,135,0,0,853,2,145,0,0,842,0,158,0,0,851,0,149,0,0,863,0,137,0,0,864,0,136,0,0,848,0,152,0,0,854,0,146,0,0,842,0,158,0,0,849,0,151,0,0,854,0,146,0,0,845,0,155,0,0
280,targeted_homosexual,0.2,860,0,140,0,0,847,0,153,0,0,861,0,139,0,0,845,1,154,0,0,855,0,145,0,0,863,0,137,0,0,846,0,154,0,0,857,0,143,0,0,853,0,147,0,0,856,0,144,0,0,840,0,160,0,0,851,0,149,0,0,855,0,145,0,0,857,0,143,0,0,852,0,148,0,0,843,0,157,0,0,850,0,150,0,0,857,0,143,0,0,852,0,148,0,0,859,1,140,0,0,860,0,140,0,0,850,0,150,0,0,856,0,144,0,0,836,1,163,0,0,848,0,152,0,0,851,0,149,0,0,854,0,146,0,0,842,0,158,0,0,847,1,152,0,0,858,0,142,0,0,853,1,146,0,0,851,1,148,0,0,845,0,155,0,0,848,0,152,0,0,854,0,146,0,0,848,0,152,0,0,856,0,144,0,0,837,0,163,0,0,865,0,135,0,0,853,2,145,0,0,842,0,158,0,0,851,0,149,0,0,863,0,137,0,0,864,0,136,0,0,848,0,152,0,0,854,0,146,0,0,842,0,158,0,0,849,0,151,0,0,854,0,146,0,0,845,0,155,0,0
281,targeted_homosexual,0.2,860,0,140,0,0,847,0,153,0,0,861,0,139,0,0,845,1,154,0,0,855,0,145,0,0,863,0,137,0,0,846,0,154,0,0,857,0,143,0,0,853,0,147,0,0,856,0,144,0,0,840,0,160,0,0,851,0,149,0,0,855,0,145,0,0,857,0,143,0,0,852,0,148,0,0,843,0,157,0,0,850,0,150,0,0,857,0,143,0,0,852,0,148,0,0,859,1,140,0,0,860,0,140,0,0,850,0,150,0,0,856,0,144,0,0,836,1,163,0,0,848,0,152,0,0,851,0,149,0,0,854,0,146,0,0,842,0,158,0,0,847,1,152,0,0,858,0,142,0,0,853,1,146,0,0,851,1,148,0,0,844,1,155,0,0,848,0,152,0,0,854,0,146,0,0,848,0,152,0,0,856,0,144,0,0,837,0,163,0,0,865,0,135,0,0,853,2,145,0,0,842,0,158,0,0,851,0,149,0,0,863,0,137,0,0,864,0,136,0,0,848,0,152,0,0,854,0,146,0,0,842,0,158,0,0,849,0,151,0,0,854,0,146,0,0,845,0,155,0,0
282,targeted_homosexual,0.2,860,0,140,0,0,847,0,153,0,0,861,0,139,0,0,845,1,154,0,0,855,0,145,0,0,863,0,137,0,0,846,0,154,0,0,857,0,143,0,0,853,0,147,0,0,856,0,144,0,0,840,0,160,0,0,851,0,149,0,0,855,0,145,0,0,857,0,143,0,0,852,0,148,0,0,843,0,157,0,0,850,0,150,0,0,857,0,143,0,0,852,0,148,0,0,859,1,140,0,0,860,0,140,0,0,850,0,150,0,0,856,0,144,0,0,836,1,163,0,0,848,0,152,0,0,851,0,149,0,0,854,0,146,0,0,842,0,158,0,0,847,1,152,0,0,858,0,142,0,0,853,1,146,0,0,851,1,148,0,0,844,1,155,0,0,848,0,152,0,0,854,0,146,0,0,848,0,152,0,0,856,0,144,0,0,837,0,163,0,0,865,0,135,0,0,853,2,145,0,0,842,0,158,0,0,851,0,149,0,0,863,0,137,0,0,864,0,136,0,0,848,0,152,0,0,854,0,146,0,0,842,0,158,0,0,849,0,151,0,0,854,0,146,0,0,845,0,155,0,0
283,targeted_homosexual,0.2,860,0,140,0,0,847,0,153,0,0,861,0,139,0,0,845,1,154,0,0,855,0,145,0,0,863,0,137,0,0,846,0,154,0,0,857,0,143,0,0,853,0,147,0,0,856,0,144,0,0,840,0,160,0,0,851,0,149,0,0,855,0,145,0,0,857,0,143,0,0,852,0,148,0,0,843,0,157,0,0,850,0,150,0,0,857,0,143,0,0,852,0,148,0,0,859,1,140,0,0,860,0,140,0,0,850,0,150,0,0,856,0,144,0,0,836,1,163,0,0,848,0,152,0,0,851,0,149,0,0,854,0,146,0,0,842,0,158,0,0,847,1,152,0,0,858,0,142,0,0,853,1,146,0,0,851,1,148,0,0,844,1,155,0,0,847,1,152,0,0,854,0,146,0,0,848,0,152,0,0,856,0,144,0,0,837,0,163,0,0,865,0,135,0,0,853,1,146,0,0,842,0,158,0,0,851,0,149,0,0,863,0,137,0,0,864,0,136,0,0,848,0,152,0,0,854,0,146,0,0,842,0,158,0,0,849,0,151,0,0,854,0,146,0,0,845,0,155,0,0
284,targeted_homosexual,0.2,860,0,140,0,0,847,0,153,0,0,861,0,139,0,0,845,1,154,0,0,855,0,145,0,0,863,0,137,0,0,846,0,154,0,0,857,0,143,0,0,853,0,147,0,0,856,0,144,0,0,840,0,160,0,0,851,0,149,0,0,855,0,145,0,0,857,0,143,0,0,852,0,148,0,0,843,0,157,0,0,850,0,150,0,0,857,0,143,0,0,852,0,148,0,0,859,1,140,0,0,860,0,140,0,0,850,0,150,0,0,856,0,144,0,0,836,1,163,0,0,848,0,152,0,0,851,0,149,0,0,854,0,146,0,0,842,0,158,0,0,847,1,152,0,0,858,0,142,0,0,853,1,146,0,0,851,1,148,0,0,844,1,155,0,0,847,1,152,0,0,854,0,146,0,0,848,0,152,0,0,856,0,144,0,0,837,0,163,0,0,865,0,135,0,0,853,1,146,0,0,842,0,158,0,0,851,0,149,0,0,863,0,137,0,0,864,0,136,0,0,848,0,152,0,0,854,0,146,0,0,842,0,158,0,0,849,0,151,0,0,854,0,146,0,0,845,0,155,0,0
285,targeted_homosexual,0.2,860,0,140,0,0,847,0,153,0,0,861,0,139,0,0,845,1,154,0,0,855,0,145,0,0,863,0,137,0,0,846,0,154,0,0,857,0,143,0,0,853,0,147,0,0,856,0,144,0,0,840,0,160,0,0,851,0,149,0,0,855,0,145,0,0,857,0,143,0,0,852,0,148,0,0,843,0,157,0,0,850,0,150,0,0,857,0,143,0,0,852,0,148,0,0,859,1,140,0,0,860,0,140,0,0,850,0,150,0,0,856,0,144,0,0,836,1,163,0,0,848,0,152,0,0,851,0,149,0,0,854,0,146,0,0,842,0,158,0,0,847,1,152,0,0,858,0,142,0,0,853,1,146,0,0,851,0,149,0,0,844,1,155,0,0,847,1,152,0,0,854,0,146,0,0,848,0,152,0,0,856,0,144,0,0,837,0,163,0,0,865,0,135,0,0,853,1,146,0,0,842,0,158,0,0,851,0,149,0,0,863,0,137,0,0,864,0,136,0,0,848,0,152,0,0,854,0,146,0,0,842,0,158,0,0,849,0,151,0,0,854,0,146,0,0,845,0,155,0,0
286,targeted_homosexual,0.2,860,0,140,0,0,847,0,153,0,0,861,0,139,0,0,845,0,155,0,0,855,0,145,0,0,863,0,137,0,0,846,0,154,0,0,857,0,143,0,0,853,0,147,0,0,856,0,144,0,0,840,0,160,0,0,851,0,149,0,0,855,0,145,0,0,857,0,143,0,0,852,0,148,0,0,843,0,157,0,0,850,0,150,0,0,857,0,143,0,0,852,0,148,0,0,859,1,140,0,0,860,0,140,0,0,850,0,150,0,0,856,0,144,0,0,836,1,163,0,0,848,0,152,0,0,851,0,149,0,0,854,0,146,0,0,842,0,158,0,0,847,1,152,0,0,858,0,142,0,0,853,1,146,0,0,851,0,149,0,0,844,1,155,0,0,847,1,152,0,0,854,0,146,0,0,848,0,152,0,0,856,0,144,0,0,837,0,163,0,0,865,0,135,0,0,853,0,147,0,0,842,0,158,0,0,851,0,149,0,0,863,0,137,0,0,864,0,136,0,0,848,0,152,0,0,854,0,146,0,0,842,0,158,0,0,849,0,151,0,0,854,0,146,0,0,845,0,155,0,0
287,targeted_homosexual,0.2,860,0,140,0,0,847,0,153,0,0,861,0,139,0,0,845,0,155,0,0,855,0,145,0,0,863,0,137,0,0,846,0,154,0,0,857,0,143,0,0,853,0,147,0,0,856,0,144,0,0,840,0,160,0,0,851,0,149,0,0,855,0,145,0,0,857,0,143,0,0,852,0,148,0,0,843,0,157,0,0,850,0,150,0,0,857,0,143,0,0,852,0,148,0,0,859,1,140,0,0,860,0,140,0,0,850,0,150,0,0,856,0,144,0,0,836,1,163,0,0,848,0,152,0,0,851,0,149,0,0,854,0,146,0,0,842,0,158,0,0,847,1,152,0,0,858,0,142,0,0,853,0,147,0,0,851,0,149,0,0,844,1,155,0,0,846,2,152,0,0,854,0,146,0,0,848,0,152,0,0,856,0,144,0,0,837,0,163,0,0,865,0,135,0,0,853,0,147,0,0,842,0,158,0,0,851,0,149,0,0,863,0,137,0,0,864,0,136,0,0,848,0,152,0,0,854,0,146,0,0,842,0,158,0,0,849,0,151,0,0,854,0,146,0,0,845,0,155,0,0
288,targeted_homosexual,0.2,860,0,140,0,0,847,0,153,0,0,861,0,139,0,0,845,0,155,0,0,855,0,145,0,0,863,0,137,0,0,846,0,154,0,0,857,0,143,0,0,853,0,147,0,0,856,0,144,0,0,840,0,160,0,0,851,0,149,0,0,855,0,145,0,0,857,0,143,0,0,852,0,148,0,0,843,0,157,0,0,850,0,150,0,0,857,0,143,0,0,852,0,148,0,0,859,1,140,0,0,860,0,140,0,0,850,0,150,0,0,856,0,144,0,0,836,0,164,0,0,848,0,152,0,0,851,0,149,0,0,854,0,146,0,0,842,0,158,0,0,847,1,152,0,0,858,0,142,0,0,853,0,147,0,0,851,0,149,0,0,844,1,155,0,0,846,2,152,0,0,854,0,146,0,0,848,0,152,0,0,856,0,144,0,0,837,0,163,0,0,865,0,135,0,0,853,0,147,0,0,842,0,158,0,0,851,0,149,0,0,863,0,137,0,0,864,0,136,0,0,848,0,152,0,0,854,0,146,0,0,842,0,158,0,0,849,0,151,0,0,854,0,146,0,0,845,0,155,0,0
289,targeted_homosexual,0.2,860,0,140,0,0,847,0,153,0,0,861,0,139,0,0,845,0,155,0,0,855,0,145,0,0,863,0,137,0,0,846,0,154,0,0,857,0,143,0,0,853,0,147,0,0,856,0,144,0,0,840,0,160,0,0,851,0,149,0,0,855,0,145,0,0,857,0,143,0,0,852,0,148,0,0,843,0,157,0,0,850,0,150,0,0,857,0,143,0,0,852,0,148,0,0,859,1,140,0,0,860,0,140,0,0,850,0,150,0,0,856,0,144,0,0,836,0,164,0,0,848,0,152,0,0,851,0,149,0,0,854,0,146,0,0,842,0,158,0,0,847,0,153,0,0,858,0,142,0,0,853,0,147,0,0,851,0,149,0,0,844,1,155,0,0,846,2,152,0,0,854,0,146,0,0,848,0,152,0,0,856,0,144,0,0,837,0,163,0,0,865,0,135,0,0,853,0,147,0,0,842,0,158,0,0,851,0,149,0,0,863,0,137,0,0,864,0,136,0,0,848,0,152,0,0,854,0,146,0,0,842,0,158,0,0,849,0,151,0,0,854,0,146,0,0,845,0,155,0,0
290,targeted_homosexual,0.2,860,0,140,0,0,847,0,153,0,0,861,0,139,0,0,845,0,155,0,0,855,0,145,0,0,863,0,137,0,0,846,0,154,0,0,857,0,143,0,0,853,0,147,0,0,856,0,144,0,0,840,0,160,0,0,851,0,149,0,0,855,0,145,0,0,857,0,143,0,0,852,0,148,0,0,843,0,157,0,0,850,0,150,0,0,857,0,143,0,0,852,0,148,0,0,859,1,140,0,0,860,0,140,0,0,850,0,150,0,0,856,0,144,0,0,836,0,164,0,0,848,0,152,0,0,851,0,149,0,0,854,0,146,0,0,842,0,158,0,0,847,0,153,0,0,858,0,142,0,0,853,0,147,0,0,851,0,149,0,0,844,1,155,0,0,846,2,152,0,0,854,0,146,0,0,848,0,152,0,0,856,0,144,0,0,837,0,163,0,0,865,0,135,0,0,853,0,147,0,0,842,0,158,0,0,851,0,149,0,0,863,0,137,0,0,864,0,136,0,0,848,0,152,0,0,854,0,146,0,0,842,0,158,0,0,849,0,151,0,0,854,0,146,0,0,845,0,155,0,0
291,targeted_homosexual,0.2,860,0,140,0,0,847,0,153,0,0,861,0,139,0,0,845,0,155,0,0,855,0,145,0,0,863,0,137,0,0,846,0,154,0,0,857,0,143,0,0,853,0,147,0,0,856,0,144,0,0,840,0,160,0,0,851,0,149,0,0,855,0,145,0,0,857,0,143,0,0,852,0,148,0,0,843,0,157,0,0,850,0,150,0,0,857,0,143,0,0,852,0,148,0,0,859,1,140,0,0,860,0,140,0,0,850,0,150,0,0,856,0,144,0,0,836,0,164,0,0,848,0,152,0,0,851,0,149,0,0,854,0,146,0,0,842,0,158,0,0,847,0,153,0,0,858,0,142,0,0,853,0,147,0,0,851,0,149,0,0,844,1,155,0,0,846,2,152,0,0,854,0,146,0,0,848,0,152,0,0,856,0,144,0,0,837,0,163,0,0,865,0,135,0,0,853,0,147,0,0,842,0,158,0,0,851,0,149,0,0,863,0,137,0,0,864,0,136,0,0,848,0,152,0,0,854,0,146,0,0,842,0,158,0,0,849,0,151,0,0,854,0,146,0,0,845,0,155,0,0
292,targeted_homosexual,0.2,860,0,140,0,0,847,0,153,0,0,861,0,139,0,0,845,0,155,0,0,855,0,145,0,0,863,0,137,0,0,846,0,154,0,0,857,0,143,0,0,853,0,147,0,0,856,0,144,0,0,840,0,160,0,0,851,0,149,0,0,855,0,145,0,0,857,0,143,0,0,852,0,148,0,0,843,0,157,0,0,850,0,150,0,0,857,0,143,0,0,852,0,148,0,0,859,0,141,0,0,860,0,140,0,0,850,0,150,0,0,856,0,144,0,0,836,0,164,0,0,848,0,152,0,0,851,0,149,0,0,854,0,146,0,0,842,0,158,0,0,847,0,153,0,0,858,0,142,0,0,853,0,147,0,0,851,0,149,0,0,844,1,155,0,0,846,2,152,0,0,854,0,146,0,0,848,0,152,0,0,856,0,144,0,0,837,0,163,0,0,865,0,135,0,0,853,0,147,0,0,842,0,158,0,0,851,0,149,0,0,863,0,137,0,0,864,0,136,0,0,848,0,152,0,0,854,0,146,0,0,842,0,158,0,0,849,0,151,0,0,854,0,146,0,0,845,0,155,0,0
293,targeted_homosexual,0.2,860,0,140,0,0,847,0,153,0,0,861,0,139,0,0,845,0,155,0,0,855,0,145,0,0,863,0,137,0,0,846,0,154,0,0,857,0,143,0,0,853,0,147,0,0,856,0,144,0,0,840,0,160,0,0,851,0,149,0,0,855,0,145,0,0,857,0,143,0,0,852,0,148,0,0,843,0,157,0,0,850,0,150,0,0,857,0,143,0,0,852,0,148,0,0,859,0,141,0,0,860,0,140,0,0,850,0,150,0,0,856,0,144,0,0,836,0,164,0,0,848,0,152,0,0,851,0,149,0,0,853,1,146,0,0,842,0,158,0,0,847,0,153,0,0,858,0,142,0,0,853,0,147,0,0,851,0,149,0,0,844,1,155,0,0,846,2,152,0,0,854,0,146,0,0,848,0,152,0,0,856,0,144,0,0,837,0,163,0,0,865,0,135,0,0,853,0,147,0,0,842,0,158,0,0,851,0,149,0,0,863,0,137,0,0,864,0,136,0,0,848,0,152,0,0,854,0,146,0,0,842,0,158,0,0,849,0,151,0,0,854,0,146,0,0,845,0,155,0,0
294,targeted_homosexual,0.2,860,0,140,0,0,847,0,153,0,0,861,0,139,0,0,845,0,155,0,0,855,0,145,0,0,863,0,137,0,0,846,0,154,0,0,857,0,143,0,0,853,0,147,0,0,856,0,144,0,0,840,0,160,0,0,851,0,149,0,0,855,0,145,0,0,857,0,143,0,0,852,0,148,0,0,843,0,157,0,0,850,0,150,0,0,857,0,143,0,0,852,0,148,0,0,859,0,141,0,0,860,0,140,0,0,850,0,150,0,0,856,0,144,0,0,836,0,164,0,0,848,0,152,0,0,851,0,149,0,0,853,1,146,0,0,842,0,158,0,0,847,0,153,0,0,858,0,142,0,0,853,0,147,0,0,851,0,149,0,0,844,0,156,0,0,846,2,152,0,0,854,0,146,0,0,848,0,152,0,0,856,0,144,0,0,837,0,163,0,0,865,0,135,0,0,853,0,147,0,0,842,0,158,0,0,851,0,149,0,0,863,0,137,0,0,864,0,136,0,0,848,0,152,0,0,854,0,146,0,0,842,0,158,0,0,849,0,151,0,0,854,0,146,0,0,845,0,155,0,0
295,targeted_homosexual,0.2,860,0,140,0,0,847,0,153,0,0,861,0,139,0,0,845,0,155,0,0,855,0,145,0,0,863,0,137,0,0,846,0,154,0,0,857,0,143,0,0,853,0,147,0,0,856,0,144,0,0,840,0,160,0,0,851,0,149,0,0,855,0,145,0,0,857,0,143,0,0,852,0,148,0,0,843,0,157,0,0,850,0,150,0,0,857,0,143,0,0,852,0,148,0,0,859,0,141,0,0,860,0,140,0,0,849,1,150,0,0,856,0,144,0,0,836,0,164,0,0,848,0,152,0,0,851,0,149,0,0,853,1,146,0,0,842,0,158,0,0,847,0,153,0,0,858,0,142,0,0,853,0,147,0,0,851,0,149,0,0,844,0,156,0,0,846,2,152,0,0,854,0,146,0,0,848,0,152,0,0,856,0,144,0,0,837,0,163,0,0,865,0,135,0,0,853,0,147,0,0,842,0,158,0,0,851,0,149,0,0,863,0,137,0,0,864,0,136,0,0,848,0,152,0,0,854,0,146,0,0,842,0,158,0,0,849,0,151,0,0,854,0,146,0,0,845,0,155,0,0
296,targeted_homosexual,0.2,860,0,140,0,0,847,0,153,0,0,861,0,139,0,0,845,0,155,0,0,855,0,145,0,0,863,0,137,0,0,846,0,154,0,0,857,0,143,0,0,853,0,147,0,0,856,0,144,0,0,840,0,160,0,0,851,0,149,0,0,855,0,145,0,0,857,0,143,0,0,852,0,148,0,0,843,0,157,0,0,850,0,150,0,0,857,0,143,0,0,852,0,148,0,0,859,0,141,0,0,860,0,140,0,0,849,1,150,0,0,856,0,144,0,0,836,0,164,0,0,848,0,152,0,0,851,0,149,0,0,853,1,146,0,0,842,0,158,0,0,847,0,153,0,0,858,0,142,0,0,853,0,147,0,0,851,0,149,0,0,844,0,156,0,0,846,1,153,0,0,854,0,146,0,0,848,0,152,0,0,856,0,144,0,0,837,0,163,0,0,865,0,135,0,0,853,0,147,0,0,842,0,158,0,0,851,0,149,0,0,863,0,137,0,0,864,0,136,0,0,848,0,152,0,0,854,0,146,0,0,842,0,158,0,0,849,0,151,0,0,854,0,146,0,0,845,0,155,0,0
297,targeted_homosexual,0.2,860,0,140,0,0,847,0,153,0,0,861,0,139,0,0,845,0,155,0,0,855,0,145,0,0,863,0,137,0,0,846,0,154,0,0,857,0,143,0,0,853,0,147,0,0,856,0,144,0,0,840,0,160,0,0,851,0,149,0,0,855,0,145,0,0,857,0,143,0,0,852,0,148,0,0,843,0,157,0,0,850,0,150,0,0,857,0,143,0,0,852,0,148,0,0,859,0,141,0,0,860,0,140,0,0,849,1,150,0,0,856,0,144,0,0,836,0,164,0,0,848,0,152,0,0,851,0,149,0,0,853,1,146,0,0,842,0,158,0,0,847,0,153,0,0,858,0,142,0,0,853,0,147,0,0,851,0,149,0,0,844,0,156,0,0,846,1,153,0,0,854,0,146,0,0,848,0,152,0,0,856,0,144,0,0,837,0,163,0,0,865,0,135,0,0,853,0,147,0,0,842,0,158,0,0,851,0,149,0,0,863,0,137,0,0,864,0,136,0,0,848,0,152,0,0,854,0,146,0,0,842,0,158,0,0,849,0,151,0,0,854,0,146,0,0,845,0,155,0,0
298,targeted_homosexual,0.2,860,0,140,0,0,847,0,153,0,0,861,0,139,0,0,845,0,155,0,0,855,0,145,0,0,863,0,137,0,0,846,0,154,0,0,857,0,143,0,0,853,0,147,0,0,856,0,144,0,0,840,0,160,0,0,851,0,149,0,0,855,0,145,0,0,857,0,143,0,0,852,0,148,0,0,843,0,157,0,0,850,0,150,0,0,857,0,143,0,0,852,0,148,0,0,859,0,141,0,0,860,0,140,0,0,849,1,150,0,0,856,0,144,0,0,836,0,164,0,0,848,0,152,0,0,851,0,149,0,0,853,1,146,0,0,842,0,158,0,0,847,0,153,0,0,858,0,142,0,0,853,0,147,0,0,851,0,149,0,0,844,0,156,0,0,846,1,153,0,0,854,0,146,0,0,848,0,152,0,0,856,0,144,0,0,837,0,163,0,0,865,0,135,0,0,853,0,147,0,0,842,0,158,0,0,851,0,149,0,0,863,0,137,0,0,864,0,136,0,0,848,0,152,0,0,854,0,146,0,0,842,0,158,0,0,849,0,151,0,0,854,0,146,0,0,845,0,155,0,0
299,targeted_homosexual,0.2,860,0,140,0,0,847,0,153,0,0,861,0,139,0,0,845,0,155,0,0,855,0,145,0,0,863,0,137,0,0,846,0,154,0,0,857,0,143,0,0,853,0,147,0,0,856,0,144,0,0,840,0,160,0,0,851,0,149,0,0,855,0,145,0,0,857,0,143,0,0,852,0,148,0,0,843,0,157,0,0,850,0,150,0,0,857,0,143,0,0,852,0,148,0,0,859,0,141,0,0,860,0,140,0,0,849,1,150,0,0,856,0,144,0,0,836,0,164,0,0,848,0,152,0,0,851,0,149,0,0,853,1,146,0,0,842,0,158,0,0,847,0,153,0,0,858,0,142,0,0,853,0,147,0,0,851,0,149,0,0,844,0,156,0,0,846,1,153,0,0,854,0,146,0,0,848,0,152,0,0,856,0,144,0,0,837,0,163,0,0,865,0,135,0,0,853,0,147,0,0,842,0,158,0,0,851,0,149,0,0,863,0,137,0,0,864,0,136,0,0,848,0,152,0,0,854,0,146,0,0,842,0,158,0,0,849,0,151,0,0,854,0,146,0,0,845,0,155,0,0
300,targeted_homosexual,0.2,860,0,140,0,0,847,0,153,0,0,861,0,139,0,0,845,0,155,0,0,855,0,145,0,0,863,0,137,0,0,846,0,154,0,0,857,0,143,0,0,853,0,147,0,0,856,0,144,0,0,840,0,160,0,0,851,0,149,0,0,855,0,145,0,0,857,0,143,0,0,852,0,148,0,0,843,0,157,0,0,850,0,150,0,0,857,0,143,0,0,852,0,148,0,0,859,0,141,0,0,860,0,140,0,0,849,1,150,0,0,856,0,144,0,0,836,0,164,0,0,848,0,152,0,0,851,0,149,0,0,853,1,146,0,0,842,0,158,0,0,847,0,153,0,0,858,0,142,0,0,853,0,147,0,0,851,0,149,0,0,844,0,156,0,0,846,0,154,0,0,854,0,146,0,0,848,0,152,0,0,856,0,144,0,0,837,0,163,0,0,865,0,135,0,0,853,0,147,0,0,842,0,158,0,0,851,0,149,0,0,863,0,137,0,0,864,0,136,0,0,848,0,152,0,0,854,0,146,0,0,842,0,158,0,0,849,0,151,0,0,854,0,146,0,0,845,0,155,0,0
301,targeted_homosexual,0.2,860,0,140,0,0,847,0,153,0,0,861,0,139,0,0,845,0,155,0,0,855,0,145,0,0,863,0,137,0,0,846,0,154,0,0,857,0,143,0,0,853,0,147,0,0,856,0,144,0,0,840,0,160,0,0,851,0,149,0,0,855,0,145,0,0,857,0,143,0,0,852,0,148,0,0,843,0,157,0,0,850,0,150,0,0,857,0,143,0,0,852,0,148,0,0,859,0,141,0,0,860,0,140,0,0,849,1,150,0,0,856,0,144,0,0,836,0,164,0,0,848,0,152,0,0,851,0,149,0,0,853,1,146,0,0,842,0,158,0,0,847,0,153,0,0,858,0,142,0,0,853,0,147,0,0,851,0,149,0,0,844,0,156,0,0,846,0,154,0,0,854,0,146,0,0,848,0,152,0,0,856,0,144,0,0,837,0,163,0,0,865,0,135,0,0,853,0,147,0,0,842,0,158,0,0,851,0,149,0,0,863,0,137,0,0,864,0,136,0,0,848,0,152,0,0,854,0,146,0,0,842,0,158,0,0,849,0,151,0,0,854,0,146,0,0,845,0,155,0,0
302,targeted_homosexual,0.2,860,0,140,0,0,847,0,153,0,0,861,0,139,0,0,845,0,155,0,0,855,0,145,0,0,863,0,137,0,0,846,0,154,0,0,857,0,143,0,0,853,0,147,0,0,856,0,144,0,0,840,0,160,0,0,851,0,149,0,0,855,0,145,0,0,857,0,143,0,0,852,0,148,0,0,843,0,157,0,0,850,0,150,0,0,857,0,143,0,0,852,0,148,0,0,859,0,141,0,0,860,0,140,0,0,849,1,150,0,0,856,0,144,0,0,836,0,164,0,0,848,0,152,0,0,851,0,149,0,0,853,1,146,0,0,842,0,158,0,0,847,0,153,0,0,858,0,142,0,0,853,0,147,0,0,851,0,149,0,0,844,0,156,0,0,846,0,154,0,0,854,0,146,0,0,848,0,152,0,0,856,0,144,0,0,837,0,163,0,0,865,0,135,0,0,853,0,147,0,0,842,0,158,0,0,851,0,149,0,0,863,0,137,0,0,864,0,136,0,0,848,0,152,0,0,854,0,146,0,0,842,0,158,0,0,849,0,151,0,0,854,0,146,0,0,845,0,155,0,0
303,targeted_homosexual,0.2,860,0,140,0,0,847,0,153,0,0,861,0,139,0,0,845,0,155,0,0,855,0,145,0,0,863,0,137,0,0,846,0,154,0,0,857,0,143,0,0,853,0,147,0,0,856,0,144,0,0,840,0,160,0,0,851,0,149,0,0,855,0,145,0,0,857,0,143,0,0,852,0,148,0,0,843,0,157,0,0,850,0,150,0,0,857,0,143,0,0,852,0,148,0,0,859,0,141,0,0,860,0,140,0,0,849,1,150,0,0,856,0,144,0,0,836,0,164,0,0,848,0,152,0,0,851,0,149,0,0,853,1,146,0,0,842,0,158,0,0,847,0,153,0,0,858,0,142,0,0,853,0,147,0,0,851,0,149,0,0,844,0,156,0,0,846,0,154,0,0,854,0,146,0,0,848,0,152,0,0,856,0,144,0,0,837,0,163,0,0,865,0,135,0,0,852,1,147,0,0,842,0,158,0,0,851,0,149,0,0,863,0,137,0,0,864,0,136,0,0,848,0,152,0,0,854,0,146,0,0,842,0,158,0,0,849,0,151,0,0,854,0,146,0,0,845,0,155,0,0
304,targeted_homosexual,0.2,860,0,140,0,0,847,0,153,0,0,861,0,139,0,0,845,0,155,0,0,855,0,145,0,0,863,0,137,0,0,846,0,154,0,0,857,0,143,0,0,853,0,147,0,0,856,0,144,0,0,840,0,160,0,0,851,0,149,0,0,855,0,145,0,0,857,0,143,0,0,852,0,148,0,0,843,0,157,0,0,850,0,150,0,0,857,0,143,0,0,852,0,148,0,0,859,0,141,0,0,860,0,140,0,0,849,1,150,0,0,856,0,144,0,0,836,0,164,0,0,848,0,152,0,0,851,0,149,0,0,853,1,146,0,0,842,0,158,0,0,847,0,153,0,0,858,0,142,0,0,853,0,147,0,0,851,0,149,0,0,844,0,156,0,0,846,0,154,0,0,854,0,146,0,0,848,0,152,0,0,856,0,144,0,0,837,0,163,0,0,865,0,135,0,0,852,1,147,0,0,842,0,158,0,0,851,0,149,0,0,863,0,137,0,0,864,0,136,0,0,848,0,152,0,0,854,0,146,0,0,842,0,158,0,0,849,0,151,0,0,854,0,146,0,0,845,0,155,0,0
305,targeted_homosexual,0.2,860,0,140,0,0,847,0,153,0,0,861,0,139,0,0,845,0,155,0,0,855,0,145,0,0,863,0,137,0,0,846,0,154,0,0,857,0,143,0,0,853,0,147,0,0,856,0,144,0,0,840,0,160,0,0,851,0,149,0,0,855,0,145,0,0,857,0,143,0,0,852,0,148,0,0,843,0,157,0,0,850,0,150,0,0,857,0,143,0,0,852,0,148,0,0,859,0,141,0,0,860,0,140,0,0,849,1,150,0,0,856,0,144,0,0,836,0,164,0,0,848,0,152,0,0,851,0,149,0,0,853,1,146,0,0,842,0,158,0,0,847,0,153,0,0,858,0,142,0,0,853,0,147,0,0,851,0,149,0,0,844,0,156,0,0,846,0,154,0,0,854,0,146,0,0,848,0,152,0,0,856,0,144,0,0,837,0,163,0,0,865,0,135,0,0,852,1,147,0,0,842,0,158,0,0,851,0,149,0,0,863,0,137,0,0,864,0,136,0,0,848,0,152,0,0,854,0,146,0,0,842,0,158,0,0,849,0,151,0,0,854,0,146,0,0,845,0,155,0,0
306,targeted_homosexual,0.2,860,0,140,0,0,847,0,153,0,0,861,0,139,0,0,845,0,155,0,0,855,0,145,0,0,863,0,137,0,0,846,0,154,0,0,857,0,143,0,0,853,0,147,0,0,856,0,144,0,0,840,0,160,0,0,851,0,149,0,0,855,0,145,0,0,857,0,143,0,0,852,0,148,0,0,843,0,157,0,0,850,0,150,0,0,857,0,143,0,0,852,0,148,0,0,859,0,141,0,0,860,0,140,0,0,849,1,150,0,0,856,0,144,0,0,836,0,164,0,0,848,0,152,0,0,851,0,149,0,0,853,0,147,0,0,842,0,158,0,0,847,0,153,0,0,858,0,142,0,0,853,0,147,0,0,851,0,149,0,0,844,0,156,0,0,846,0,154,0,0,854,0,146,0,0,848,0,152,0,0,856,0,144,0,0,837,0,163,0,0,865,0,135,0,0,852,1,147,0,0,842,0,158,0,0,851,0,149,0,0,863,0,137,0,0,864,0,136,0,0,848,0,152,0,0,854,0,146,0,0,842,0,158,0,0,849,0,151,0,0,854,0,146,0,0,845,0,155,0,0
307,targeted_homosexual,0.2,860,0,140,0,0,847,0,153,0,0,861,0,139,0,0,845,0,155,0,0,855,0,145,0,0,863,0,137,0,0,846,0,154,0,0,857,0,143,0,0,853,0,147,0,0,856,0,144,0,0,840,0,160,0,0,851,0,149,0,0,855,0,145,0,0,857,0,143,0,0,852,0,148,0,0,843,0,157,0,0,850,0,150,0,0,857,0,143,0,0,852,0,148,0,0,859,0,141,0,0,860,0,140,0,0,849,1,150,0,0,856,0,144,0,0,836,0,164,0,0,848,0,152,0,0,851,0,149,0,0,853,0,147,0,0,842,0,158,0,0,847,0,153,0,0,858,0,142,0,0,853,0,147,0,0,851,0,149,0,0,844,0,156,0,0,846,0,154,0,0,854,0,146,0,0,848,0,152,0,0,856,0,144,0,0,837,0,163,0,0,865,0,135,0,0,852,1,147,0,0,842,0,158,0,0,851,0,149,0,0,863,0,137,0,0,864,0,136,0,0,848,0,152,0,0,854,0,146,0,0,842,0,158,0,0,849,0,151,0,0,854,0,146,0,0,845,0,155,0,0
308,targeted_homosexual,0.2,860,0,140,0,0,847,0,153,0,0,861,0,139,0,0,845,0,155,0,0,855,0,145,0,0,863,0,137,0,0,846,0,154,0,0,857,0,143,0,0,853,0,147,0,0,856,0,144,0,0,840,0,160,0,0,851,0,149,0,0,855,0,145,0,0,857,0,143,0,0,852,0,148,0,0,843,0,157,0,0,850,0,150,0,0,857,0,143,0,0,852,0,148,0,0,859,0,141,0,0,860,0,140,0,0,849,0,151,0,0,856,0,144,0,0,836,0,164,0,0,848,0,152,0,0,851,0,149,0,0,853,0,147,0,0,842,0,158,0,0,847,0,153,0,0,858,0,142,0,0,853,0,147,0,0,851,0,149,0,0,844,0,156,0,0,846,0,154,0,0,854,0,146,0,0,848,0,152,0,0,856,0,144,0,0,837,0,163,0,0,865,0,135,0,0,852,1,147,0,0,842,0,158,0,0,851,0,149,0,0,863,0,137,0,0,864,0,136,0,0,848,0,152,0,0,854,0,146,0,0,842,0,158,0,0,849,0,151,0,0,854,0,146,0,0,845,0,155,0,0
309,targeted_homosexual,0.2,860,0,140,0,0,847,0,153,0,0,861,0,139,0,0,845,0,155,0,0,855,0,145,0,0,863,0,137,0,0,846,0,154,0,0,857,0,143,0,0,853,0,147,0,0,856,0,144,0,0,840,0,160,0,0,851,0,149,0,0,855,0,145,0,0,857,0,143,0,0,852,0,148,0,0,843,0,157,0,0,850,0,150,0,0,857,0,143,0,0,852,0,148,0,0,859,0,141,0,0,860,0,140,0,0,849,0,151,0,0,856,0,144,0,0,836,0,164,0,0,848,0,152,0,0,851,0,149,0,0,853,0,147,0,0,842,0,158,0,0,847,0,153,0,0,858,0,142,0,0,853,0,147,0,0,851,0,149,0,0,844,0,156,0,0,846,0,154,0,0,854,0,146,0,0,848,0,152,0,0,856,0,144,0,0,837,0,163,0,0,865,0,135,0,0,852,1,147,0,0,842,0,158,0,0,851,0,149,0,0,863,0,137,0,0,864,0,136,0,0,848,0,152,0,0,854,0,146,0,0,842,0,158,0,0,849,0,151,0,0,854,0,146,0,0,845,0,155,0,0
310,targeted_homosexual,0.2,860,0,140,0,0,847,0,153,0,0,861,0,139,0,0,845,0,155,0,0,855,0,145,0,0,863,0,137,0,0,846,0,154,0,0,857,0,143,0,0,853,0,147,0,0,856,0,144,0,0,840,0,160,0,0,851,0,149,0,0,855,0,145,0,0,857,0,143,0,0,852,0,148,0,0,843,0,157,0,0,850,0,150,0,0,857,0,143,0,0,852,0,148,0,0,859,0,141,0,0,860,0,140,0,0,848,1,151,0,0,856,0,144,0,0,836,0,164,0,0,848,0,152,0,0,851,0,149,0,0,853,0,147,0,0,842,0,158,0,0,847,0,153,0,0,858,0,142,0,0,853,0,147,0,0,851,0,149,0,0,844,0,156,0,0,846,0,154,0,0,854,0,146,0,0,848,0,152,0,0,856,0,144,0,0,837,0,163,0,0,865,0,135,0,0,852,1,147,0,0,842,0,158,0,0,851,0,149,0,0,863,0,137,0,0,864,0,136,0,0,848,0,152,0,0,854,0,146,0,0,842,0,158,0,0,849,0,151,0,0,854,0,146,0,0,845,0,155,0,0
311,targeted_homosexual,0.2,860,0,140,0,0,847,0,153,0,0,861,0,139,0,0,845,0,155,0,0,855,0,145,0,0,863,0,137,0,0,846,0,154,0,0,856,1,143,0,0,853,0,147,0,0,856,0,144,0,0,840,0,160,0,0,851,0,149,0,0,855,0,145,0,0,857,0,143,0,0,852,0,148,0,0,843,0,157,0,0,850,0,150,0,0,857,0,143,0,0,852,0,148,0,0,859,0,141,0,0,860,0,140,0,0,848,1,151,0,0,856,0,144,0,0,836,0,164,0,0,848,0,152,0,0,851,0,149,0,0,853,0,147,0,0,842,0,158,0,0,847,0,153,0,0,858,0,142,0,0,852,1,147,0,0,851,0,149,0,0,844,0,156,0,0,846,0,154,0,0,854,0,146,0,0,848,0,152,0,0,856,0,144,0,0,837,0,163,0,0,865,0,135,0,0,852,1,147,0,0,842,0,158,0,0,851,0,149,0,0,863,0,137,0,0,864,0,136,0,0,848,0,152,0,0,854,0,146,0,0,842,0,158,0,0,849,0,151,0,0,854,0,146,0,0,845,0,155,0,0
312,targeted_homosexual,0.2,860,0,140,0,0,847,0,153,0,0,861,0,139,0,0,845,0,155,0,0,855,0,145,0,0,863,0,137,0,0,846,0,154,0,0,856,1,143,0,0,853,0,147,0,0,856,0,144,0,0,840,0,160,0,0,851,0,149,0,0,855,0,145,0,0,856,1,143,0,0,852,0,148,0,0,843,0,157,0,0,850,0,150,0,0,857,0,143,0,0,852,0,148,0,0,859,0,141,0,0,860,0,140,0,0,848,1,151,0,0,856,0,144,0,0,836,0,164,0,0,848,0,152,0,0,851,0,149,0,0,853,0,147,0,0,842,0,158,0,0,847,0,153,0,0,858,0,142,0,0,852,1,147,0,0,851,0,149,0,0,844,0,156,0,0,846,0,154,0,0,854,0,146,0,0,848,0,152,0,0,856,0,144,0,0,837,0,163,0,0,865,0,135,0,0,852,1,147,0,0,842,0,158,0,0,851,0,149,0,0,863,0,137,0,0,864,0,136,0,0,848,0,152,0,0,854,0,146,0,0,842,0,158,0,0,849,0,151,0,0,854,0,146,0,0,845,0,155,0,0
313,targeted_homosexual,0.2,860,0,140,0,0,847,0,153,0,0,861,0,139,0,0,845,0,155,0,0,855,0,145,0,0,863,0,137,0,0,846,0,154,0,0,856,1,143,0,0,853,0,147,0,0,856,0,144,0,0,840,0,160,0,0,851,0,149,0,0,855,0,145,0,0,855,2,143,0,0,852,0,148,0,0,843,0,157,0,0,850,0,150,0,0,857,0,143,0,0,852,0,148,0,0,859,0,141,0,0,860,0,140,0,0,848,1,151,0,0,856,0,144,0,0,836,0,164,0,0,848,0,152,0,0,851,0,149,0,0,853,0,147,0,0,842,0,158,0,0,847,0,153,0,0,858,0,142,0,0,852,1,147,0,0,851,0,149,0,0,844,0,156,0,0,846,0,154,0,0,854,0,146,0,0,848,0,152,0,0,856,0,144,0,0,837,0,163,0,0,865,0,135,0,0,852,1,147,0,0,842,0,158,0,0,851,0,149,0,0,863,0,137,0,0,864,0,136,0,0,848,0,152,0,0,854,0,146,0,0,842,0,158,0,0,848,1,151,0,0,854,0,146,0,0,845,0,155,0,0
314,targeted_homosexual,0.2,860,0,140,0,0,847,0,153,0,0,861,0,139,0,0,845,0,155,0,0,855,0,145,0,0,863,0,137,0,0,846,0,154,0,0,856,1,143,0,0,853,0,147,0,0,856,0,144,0,0,840,0,160,0,0,851,0,149,0,0,855,0,145,0,0,855,2,143,0,0,852,0,148,0,0,843,0,157,0,0,850,0,150,0,0,857,0,143,0,0,852,0,148,0,0,859,0,141,0,0,860,0,140,0,0,848,1,151,0,0,856,0,144,0,0,836,0,164,0,0,848,0,152,0,0,851,0,149,0,0,853,0,147,0,0,842,0,158,0,0,847,0,153,0,0,858,0,142,0,0,852,1,147,0,0,851,0,149,0,0,844,0,156,0,0,846,0,154,0,0,854,0,146,0,0,848,0,152,0,0,856,0,144,0,0,837,0,163,0,0,865,0,135,0,0,852,1,147,0,0,842,0,158,0,0,851,0,149,0,0,863,0,137,0,0,864,0,136,0,0,848,0,152,0,0,854,0,146,0,0,842,0,158,0,0,848,1,151,0,0,854,0,146,0,0,845,0,155,0,0
315,targeted_homosexual,0.2,860,0,140,0,0,847,0,153,0,0,861,0,139,0,0,845,0,155,0,0,855,0,145,0,0,863,0,137,0,0,846,0,154,0,0,856,1,143,0,0,853,0,147,0,0,856,0,144,0,0,840,0,160,0,0,851,0,149,0,0,855,0,145,0,0,855,2,143,0,0,852,0,148,0,0,843,0,157,0,0,850,0,150,0,0,857,0,143,0,0,852,0,148,0,0,859,0,141,0,0,860,0,140,0,0,848,1,151,0,0,856,0,144,0,0,836,0,164,0,0,848,0,152,0,0,851,0,149,0,0,853,0,147,0,0,842,0,158,0,0,847,0,153,0,0,858,0,142,0,0,852,1,147,0,0,851,0,149,0,0,844,0,156,0,0,846,0,154,0,0,854,0,146,0,0,848,0,152,0,0,856,0,144,0,0,837,0,163,0,0,865,0,135,0,0,852,1,147,0,0,842,0,158,0,0,851,0,149,0,0,863,0,137,0,0,864,0,136,0,0,848,0,152,0,0,854,0,146,0,0,842,0,158,0,0,848,1,151,0,0,854,0,146,0,0,845,0,155,0,0
316,targeted_homosexual,0.2,860,0,140,0,0,847,0,153,0,0,861,0,139,0,0,845,0,155,0,0,855,0,145,0,0,863,0,137,0,0,846,0,154,0,0,856,1,143,0,0,853,0,147,0,0,856,0,144,0,0,840,0,160,0,0,851,0,149,0,0,855,0,145,0,0,855,2,143,0,0,852,0,148,0,0,843,0,157,0,0,850,0,150,0,0,857,0,143,0,0,852,0,148,0,0,859,0,141,0,0,860,0,140,0,0,848,1,151,0,0,856,0,144,0,0,836,0,164,0,0,848,0,152,0,0,851,0,149,0,0,853,0,147,0,0,842,0,158,0,0,847,0,153,0,0,858,0,142,0,0,852,1,147,0,0,851,0,149,0,0,844,0,156,0,0,846,0,154,0,0,854,0,146,0,0,848,0,152,0,0,856,0,144,0,0,837,0,163,0,0,865,0,135,0,0,852,0,148,0,0,842,0,158,0,0,851,0,149,0,0,863,0,137,0,0,864,0,136,0,0,848,0,152,0,0,854,0,146,0,0,842,0,158,0,0,848,1,151,0,0,854,0,146,0,0,845,0,155,0,0
317,targeted_homosexual,0.2,860,0,140,0,0,847,0,153,0,0,861,0,139,0,0,845,0,155,0,0,855,0,145,0,0,863,0,137,0,0,846,0,154,0,0,856,1,143,0,0,853,0,147,0,0,856,0,144,0,0,840,0,160,0,0,851,0,149,0,0,855,0,145,0,0,855,2,143,0,0,852,0,148,0,0,843,0,157,0,0,850,0,150,0,0,857,0,143,0,0,852,0,148,0,0,859,0,141,0,0,860,0,140,0,0,848,1,151,0,0,856,0,144,0,0,836,0,164,0,0,848,0,152,0,0,851,0,149,0,0,853,0,147,0,0,842,0,158,0,0,847,0,153,0,0,858,0,142,0,0,852,1,147,0,0,851,0,149,0,0,844,0,156,0,0,846,0,154,0,0,854,0,146,0,0,848,0,152,0,0,856,0,144,0,0,837,0,163,0,0,865,0,135,0,0,852,0,148,0,0,842,0,158,0,0,851,0,149,0,0,863,0,137,0,0,864,0,136,0,0,848,0,152,0,0,854,0,146,0,0,842,0,158,0,0,848,1,151,0,0,854,0,146,0,0,845,0,155,0,0
318,targeted_homosexual,0.2,860,0,140,0,0,847,0,153,0,0,861,0,139,0,0,845,0,155,0,0,855,0,145,0,0,863,0,137,0,0,846,0,154,0,0,856,1,143,0,0,853,0,147,0,0,856,0,144,0,0,840,0,160,0,0,851,0,149,0,0,855,0,145,0,0,855,2,143,0,0,852,0,148,0,0,843,0,157,0,0,850,0,150,0,0,857,0,143,0,0,852,0,148,0,0,859,0,141,0,0,860,0,140,0,0,848,1,151,0,0,856,0,144,0,0,836,0,164,0,0,848,0,152,0,0,851,0,149,0,0,853,0,147,0,0,842,0,158,0,0,847,0,153,0,0,858,0,142,0,0,852,1,147,0,0,851,0,149,0,0,844,0,156,0,0,846,0,154,0,0,854,0,146,0,0,848,0,152,0,0,856,0,144,0,0,837,0,163,0,0,865,0,135,0,0,852,0,148,0,0,842,0,158,0,0,851,0,149,0,0,863,0,137,0,0,864,0,136,0,0,848,0,152,0,0,854,0,146,0,0,842,0,158,0,0,848,1,151,0,0,854,0,146,0,0,845,0,155,0,0
319,targeted_homosexual,0.2,860,0,140,0,0,847,0,153,0,0,861,0,139,0,0,845,0,155,0,0,855,0,145,0,0,863,0,137,0,0,846,0,154,0,0,856,1,143,0,0,853,0,147,0,0,856,0,144,0,0,840,0,160,0,0,851,0,149,0,0,855,0,145,0,0,855,2,143,0,0,852,0,148,0,0,843,0,157,0,0,850,0,150,0,0,857,0,143,0,0,852,0,148,0,0,859,0,141,0,0,860,0,140,0,0,848,1,151,0,0,856,0,144,0,0,836,0,164,0,0,848,0,152,0,0,851,0,149,0,0,853,0,147,0,0,842,0,158,0,0,847,0,153,0,0,858,0,142,0,0,852,1,147,0,0,851,0,149,0,0,844,0,156,0,0,846,0,154,0,0,854,0,146,0,0,848,0,152,0,0,856,0,144,0,0,837,0,163,0,0,865,0,135,0,0,852,0,148,0,0,842,0,158,0,0,851,0,149,0,0,863,0,137,0,0,864,0,136,0,0,848,0,152,0,0,854,0,146,0,0,842,0,158,0,0,848,1,151,0,0,854,0,146,0,0,845,0,155,0,0
320,targeted_homosexual,0.2,860,0,140,0,0,847,0,153,0,0,861,0,139,0,0,845,0,155,0,0,855,0,145,0,0,863,0,137,0,0,846,0,154,0,0,856,1,143,0,0,853,0,147,0,0,856,0,144,0,0,840,0,160,0,0,851,0,149,0,0,855,0,145,0,0,855,2,143,0,0,852,0,148,0,0,843,0,157,0,0,850,0,150,0,0,857,0,143,0,0,852,0,148,0,0,859,0,141,0,0,860,0,140,0,0,848,1,151,0,0,855,1,144,0,0,836,0,164,0,0,848,0,152,0,0,851,0,149,0,0,853,0,147,0,0,842,0,158,0,0,847,0,153,0,0,858,0,142,0,0,852,1,147,0,0,851,0,149,0,0,844,0,156,0,0,846,0,154,0,0,854,0,146,0,0,848,0,152,0,0,856,0,144,0,0,837,0,163,0,0,865,0,135,0,0,852,0,148,0,0,842,0,158,0,0,851,0,149,0,0,863,0,137,0,0,864,0,136,0,0,848,0,152,0,0,854,0,146,0,0,842,0,158,0,0,848,1,151,0,0,854,0,146,0,0,845,0,155,0,0
321,targeted_homosexual,0.2,860,0,140,0,0,847,0,153,0,0,861,0,139,0,0,845,0,155,0,0,855,0,145,0,0,863,0,137,0,0,846,0,154,0,0,856,1,143,0,0,853,0,147,0,0,856,0,144,0,0,840,0,160,0,0,851,0,149,0,0,855,0,145,0,0,855,2,143,0,0,852,0,148,0,0,843,0,157,0,0,850,0,150,0,0,857,0,143,0,0,852,0,148,0,0,859,0,141,0,0,860,0,140,0,0,848,1,151,0,0,855,1,144,0,0,836,0,164,0,0,848,0,152,0,0,851,0,149,0,0,853,0,147,0,0,842,0,158,0,0,847,0,153,0,0,858,0,142,0,0,852,1,147,0,0,851,0,149,0,0,844,0,156,0,0,846,0,154,0,0,854,0,146,0,0,848,0,152,0,0,855,1,144,0,0,837,0,163,0,0,865,0,135,0,0,852,0,148,0,0,842,0,158,0,0,851,0,149,0,0,863,0,137,0,0,864,0,136,0,0,848,0,152,0,0,854,0,146,0,0,842,0,158,0,0,848,1,151,0,0,854,0,146,0,0,845,0,155,0,0
322,targeted_homosexual,0.2,860,0,140,0,0,847,0,153,0,0,861,0,139,0,0,845,0,155,0,0,855,0,145,0,0,863,0,137,0,0,846,0,154,0,0,856,1,143,0,0,853,0,147,0,0,856,0,144,0,0,840,0,160,0,0,851,0,149,0,0,855,0,145,0,0,855,2,143,0,0,852,0,148,0,0,843,0,157,0,0,850,0,150,0,0,857,0,143,0,0,852,0,148,0,0,859,0,141,0,0,860,0,140,0,0,848,1,151,0,0,855,1,144,0,0,836,0,164,0,0,848,0,152,0,0,851,0,149,0,0,853,0,147,0,0,842,0,158,0,0,847,0,153,0,0,858,0,142,0,0,852,1,147,0,0,851,0,149,0,0,844,0,156,0,0,846,0,154,0,0,854,0,146,0,0,848,0,152,0,0,855,1,144,0,0,837,0,163,0,0,865,0,135,0,0,852,0,148,0,0,842,0,158,0,0,851,0,149,0,0,863,0,137,0,0,864,0,136,0,0,848,0,152,0,0,854,0,146,0,0,842,0,158,0,0,848,1,151,0,0,854,0,146,0,0,845,0,155,0,0
323,targeted_homosexual,0.2,860,0,140,0,0,847,0,153,0,0,861,0,139,0,0,845,0,155,0,0,855,0,145,0,0,863,0,137,0,0,846,0,154,0,0,856,1,143,0,0,853,0,147,0,0,856,0,144,0,0,840,0,160,0,0,851,0,149,0,0,855,0,145,0,0,855,2,143,0,0,852,0,148,0,0,843,0,157,0,0,850,0,150,0,0,856,1,143,0,0,852,0,148,0,0,859,0,141,0,0,860,0,140,0,0,848,0,152,0,0,855,1,144,0,0,836,0,164,0,0,848,0,152,0,0,851,0,149,0,0,853,0,147,0,0,842,0,158,0,0,847,0,153,0,0,858,0,142,0,0,852,1,147,0,0,851,0,149,0,0,844,0,156,0,0,846,0,154,0,0,854,0,146,0,0,848,0,152,0,0,855,1,144,0,0,837,0,163,0,0,865,0,135,0,0,852,0,148,0,0,842,0,158,0,0,851,0,149,0,0,863,0,137,0,0,864,0,136,0,0,848,0,152,0,0,854,0,146,0,0,842,0,158,0,0,848,1,151,0,0,854,0,146,0,0,845,0,155,0,0
324,targeted_homosexual,0.2,860,0,140,0,0,847,0,153,0,0,861,0,139,0,0,845,0,155,0,0,855,0,145,0,0,863,0,137,0,0,846,0,154,0,0,856,0,144,0,0,853,0,147,0,0,856,0,144,0,0,840,0,160,0,0,851,0,149,0,0,855,0,145,0,0,855,2,143,0,0,852,0,148,0,0,843,0,157,0,0,850,0,150,0,0,856,1,143,0,0,852,0,148,0,0,859,0,141,0,0,860,0,140,0,0,848,0,152,0,0,855,1,144,0,0,836,0,164,0,0,848,0,152,0,0,851,0,149,0,0,853,0,147,0,0,842,0,158,0,0,847,0,153,0,0,858,0,142,0,0,852,0,148,0,0,851,0,149,0,0,844,0,156,0,0,846,0,154,0,0,854,0,146,0,0,848,0,152,0,0,855,1,144,0,0,837,0,163,0,0,865,0,135,0,0,852,0,148,0,0,842,0,158,0,0,851,0,149,0,0,863,0,137,0,0,864,0,136,0,0,848,0,152,0,0,854,0,146,0,0,842,0,158,0,0,848,1,151,0,0,854,0,146,0,0,845,0,155,0,0
325,targeted_homosexual,0.2,860,0,140,0,0,847,0,153,0,0,861,0,139,0,0,845,0,155,0,0,855,0,145,0,0,863,0,137,0,0,846,0,154,0,0,856,0,144,0,0,853,0,147,0,0,856,0,144,0,0,840,0,160,0,0,851,0,149,0,0,855,0,145,0,0,855,1,144,0,0,852,0,148,0,0,843,0,157,0,0,850,0,150,0,0,856,1,143,0,0,852,0,148,0,0,859,0,141,0,0,860,0,140,0,0,848,0,152,0,0,855,1,144,0,0,836,0,164,0,0,848,0,152,0,0,851,0,149,0,0,853,0,147,0,0,842,0,158,0,0,847,0,153,0,0,858,0,142,0,0,852,0,148,0,0,851,0,149,0,0,844,0,156,0,0,846,0,154,0,0,854,0,146,0,0,848,0,152,0,0,855,1,144,0,0,837,0,163,0,0,865,0,135,0,0,852,0,148,0,0,842,0,158,0,0,851,0,149,0,0,863,0,137,0,0,864,0,136,0,0,848,0,152,0,0,854,0,146,0,0,842,0,158,0,0,848,1,151,0,0,854,0,146,0,0,845,0,155,0,0
326,targeted_homosexual,0.2,860,0,140,0,0,847,0,153,0,0,861,0,139,0,0,845,0,155,0,0,855,0,145,0,0,863,0,137,0,0,846,0,154,0,0,856,0,144,0,0,853,0,147,0,0,856,0,144,0,0,840,0,160,0,0,851,0,149,0,0,855,0,145,0,0,855,0,145,0,0,852,0,148,0,0,843,0,157,0,0,850,0,150,0,0,856,1,143,0,0,852,0,148,0,0,859,0,141,0,0,860,0,140,0,0,848,0,152,0,0,855,1,144,0,0,836,0,164,0,0,848,0,152,0,0,851,0,149,0,0,853,0,147,0,0,842,0,158,0,0,847,0,153,0,0,858,0,142,0,0,852,0,148,0,0,851,0,149,0,0,844,0,156,0,0,846,0,154,0,0,854,0,146,0,0,848,0,152,0,0,855,1,144,0,0,837,0,163,0,0,865,0,135,0,0,852,0,148,0,0,842,0,158,0,0,851,0,149,0,0,863,0,137,0,0,864,0,136,0,0,848,0,152,0,0,854,0,146,0,0,842,0,158,0,0,848,0,152,0,0,854,0,146,0,0,845,0,155,0,0
327,targeted_homosexual,0.2,860,0,140,0,0,847,0,153,0,0,861,0,139,0,0,845,0,155,0,0,855,0,145,0,0,863,0,137,0,0,846,0,154,0,0,856,0,144,0,0,853,0,147,0,0,856,0,144,0,0,840,0,160,0,0,851,0,149,0,0,855,0,145,0,0,855,0,145,0,0,852,0,148,0,0,843,0,157,0,0,850,0,150,0,0,856,1,143,0,0,852,0,148,0,0,859,0,141,0,0,860,0,140,0,0,848,0,152,0,0,855,1,144,0,0,836,0,164,0,0,848,0,152,0,0,851,0,149,0,0,853,0,147,0,0,842,0,158,0,0,847,0,153,0,0,858,0,142,0,0,852,0,148,0,0,851,0,149,0,0,844,0,156,0,0,846,0,154,0,0,854,0,146,0,0,848,0,152,0,0,855,1,144,0,0,837,0,163,0,0,865,0,135,0,0,852,0,148,0,0,842,0,158,0,0,851,0,149,0,0,863,0,137,0,0,864,0,136,0,0,848,0,152,0,0,854,0,146,0,0,842,0,158,0,0,848,0,152,0,0,854,0,146,0,0,845,0,155,0,0
328,targeted_homosexual,0.2,860,0,140,0,0,847,0,153,0,0,861,0,139,0,0,845,0,155,0,0,855,0,145,0,0,863,0,137,0,0,846,0,154,0,0,856,0,144,0,0,853,0,147,0,0,856,0,144,0,0,840,0,160,0,0,851,0,149,0,0,855,0,145,0,0,855,0,145,0,0,852,0,148,0,0,843,0,157,0,0,850,0,150,0,0,856,1,143,0,0,852,0,148,0,0,859,0,141,0,0,860,0,140,0,0,848,0,152,0,0,855,1,144,0,0,836,0,164,0,0,848,0,152,0,0,851,0,149,0,0,853,0,147,0,0,842,0,158,0,0,847,0,153,0,0,857,1,142,0,0,852,0,148,0,0,851,0,149,0,0,844,0,156,0,0,846,0,154,0,0,854,0,146,0,0,848,0,152,0,0,855,1,144,0,0,837,0,163,0,0,865,0,135,0,0,852,0,148,0,0,842,0,158,0,0,851,0,149,0,0,863,0,137,0,0,864,0,136,0,0,848,0,152,0,0,854,0,146,0,0,842,0,158,0,0,848,0,152,0,0,854,0,146,0,0,845,0,155,0,0
329,targeted_homosexual,0.2,860,0,140,0,0,847,0,153,0,0,861,0,139,0,0,845,0,155,0,0,855,0,145,0,0,863,0,137,0,0,846,0,154,0,0,856,0,144,0,0,853,0,147,0,0,856,0,144,0,0,840,0,160,0,0,851,0,149,0,0,855,0,145,0,0,855,0,145,0,0,852,0,148,0,0,843,0,157,0,0,850,0,150,0,0,855,2,143,0,0,852,0,148,0,0,859,0,141,0,0,860,0,140,0,0,848,0,152,0,0,855,1,144,0,0,836,0,164,0,0,848,0,152,0,0,851,0,149,0,0,853,0,147,0,0,842,0,158,0,0,847,0,153,0,0,857,1,142,0,0,852,0,148,0,0,851,0,149,0,0,844,0,156,0,0,846,0,154,0,0,854,0,146,0,0,848,0,152,0,0,855,1,144,0,0,837,0,163,0,0,865,0,135,0,0,852,0,148,0,0,842,0,158,0,0,851,0,149,0,0,863,0,137,0,0,864,0,136,0,0,848,0,152,0,0,854,0,146,0,0,842,0,158,0,0,848,0,152,0,0,854,0,146,0,0,845,0,155,0,0
330,targeted_homosexual,0.2,860,0,140,0,0,847,0,153,0,0,861,0,139,0,0,845,0,155,0,0,855,0,145,0,0,863,0,137,0,0,846,0,154,0,0,856,0,144,0,0,853,0,147,0,0,856,0,144,0,0,840,0,160,0,0,851,0,149,0,0,855,0,145,0,0,855,0,145,0,0,852,0,148,0,0,843,0,157,0,0,850,0,150,0,0,855,2,143,0,0,852,0,148,0,0,859,0,141,0,0,860,0,140,0,0,848,0,152,0,0,855,1,144,0,0,836,0,164,0,0,848,0,152,0,0,851,0,149,0,0,853,0,147,0,0,842,0,158,0,0,847,0,153,0,0,857,1,142,0,0,852,0,148,0,0,851,0,149,0,0,844,0,156,0,0,846,0,154,0,0,854,0,146,0,0,848,0,152,0,0,855,1,144,0,0,837,0,163,0,0,865,0,135,0,0,852,0,148,0,0,842,0,158,0,0,851,0,149,0,0,863,0,137,0,0,864,0,136,0,0,848,0,152,0,0,854,0,146,0,0,842,0,158,0,0,848,0,152,0,0,854,0,146,0,0,845,0,155,0,0
331,targeted_homosexual,0.2,860,0,140,0,0,847,0,153,0,0,861,0,139,0,0,845,0,155,0,0,855,0,145,0,0,863,0,137,0,0,846,0,154,0,0,856,0,144,0,0,853,0,147,0,0,856,0,144,0,0,840,0,160,0,0,851,0,149,0,0,855,0,145,0,0,855,0,145,0,0,852,0,148,0,0,843,0,157,0,0,848,2,150,0,0,855,2,143,0,0,852,0,148,0,0,859,0,141,0,0,860,0,140,0,0,848,0,152,0,0,855,1,144,0,0,836,0,164,0,0,848,0,152,0,0,851,0,149,0,0,853,0,147,0,0,842,0,158,0,0,847,0,153,0,0,857,1,142,0,0,852,0,148,0,0,851,0,149,0,0,844,0,156,0,0,846,0,154,0,0,854,0,146,0,0,848,0,152,0,0,855,1,144,0,0,837,0,163,0,0,865,0,135,0,0,852,0,148,0,0,842,0,158,0,0,851,0,149,0,0,863,0,137,0,0,864,0,136,0,0,848,0,152,0,0,854,0,146,0,0,842,0,158,0,0,848,0,152,0,0,854,0,146,0,0,845,0,155,0,0
332,targeted_homosexual,0.2,860,0,140,0,0,847,0,153,0,0,861,0,139,0,0,845,0,155,0,0,855,0,145,0,0,863,0,137,0,0,846,0,154,0,0,856,0,144,0,0,853,0,147,0,0,856,0,144,0,0,840,0,160,0,0,851,0,149,0,0,855,0,145,0,0,855,0,145,0,0,852,0,148,0,0,843,0,157,0,0,848,2,150,0,0,855,2,143,0,0,852,0,148,0,0,859,0,141,0,0,860,0,140,0,0,848,0,152,0,0,855,1,144,0,0,836,0,164,0,0,848,0,152,0,0,851,0,149,0,0,853,0,147,0,0,842,0,158,0,0,847,0,153,0,0,857,1,142,0,0,852,0,148,0,0,851,0,149,0,0,844,0,156,0,0,846,0,154,0,0,854,0,146,0,0,848,0,152,0,0,855,1,144,0,0,837,0,163,0,0,865,0,135,0,0,852,0,148,0,0,842,0,158,0,0,851,0,149,0,0,863,0,137,0,0,864,0,136,0,0,848,0,152,0,0,854,0,146,0,0,842,0,158,0,0,848,0,152,0,0,854,0,146,0,0,845,0,155,0,0
333,targeted_homosexual,0.2,860,0,140,0,0,847,0,153,0,0,861,0,139,0,0,845,0,155,0,0,855,0,145,0,0,863,0,137,0,0,846,0,154,0,0,856,0,144,0,0,853,0,147,0,0,856,0,144,0,0,840,0,160,0,0,851,0,149,0,0,855,0,145,0,0,855,0,145,0,0,852,0,148,0,0,843,0,157,0,0,848,2,150,0,0,855,2,143,0,0,852,0,148,0,0,858,1,141,0,0,860,0,140,0,0,848,0,152,0,0,855,0,145,0,0,836,0,164,0,0,848,0,152,0,0,851,0,149,0,0,853,0,147,0,0,842,0,158,0,0,847,0,153,0,0,857,1,142,0,0,852,0,148,0,0,851,0,149,0,0,844,0,156,0,0,846,0,154,0,0,854,0,146,0,0,848,0,152,0,0,855,1,144,0,0,837,0,163,0,0,865,0,135,0,0,852,0,148,0,0,842,0,158,0,0,851,0,149,0,0,863,0,137,0,0,864,0,136,0,0,848,0,152,0,0,854,0,146,0,0,842,0,158,0,0,848,0,152,0,0,854,0,146,0,0,845,0,155,0,0
334,targeted_homosexual,0.2,860,0,140,0,0,847,0,153,0,0,861,0,139,0,0,845,0,155,0,0,855,0,145,0,0,863,0,137,0,0,846,0,154,0,0,856,0,144,0,0,853,0,147,0,0,856,0,144,0,0,840,0,160,0,0,851,0,149,0,0,855,0,145,0,0,855,0,145,0,0,852,0,148,0,0,843,0,157,0,0,848,2,150,0,0,855,2,143,0,0,852,0,148,0,0,858,1,141,0,0,860,0,140,0,0,848,0,152,0,0,855,0,145,0,0,836,0,164,0,0,848,0,152,0,0,851,0,149,0,0,853,0,147,0,0,842,0,158,0,0,847,0,153,0,0,857,1,142,0,0,852,0,148,0,0,851,0,149,0,0,844,0,156,0,0,846,0,154,0,0,854,0,146,0,0,848,0,152,0,0,855,0,145,0,0,837,0,163,0,0,865,0,135,0,0,852,0,148,0,0,842,0,158,0,0,851,0,149,0,0,863,0,137,0,0,863,1,136,0,0,848,0,152,0,0,854,0,146,0,0,842,0,158,0,0,848,0,152,0,0,854,0,146,0,0,845,0,155,0,0
335,targeted_homosexual,0.2,860,0,140,0,0,847,0,153,0,0,861,0,139,0,0,845,0,155,0,0,855,0,145,0,0,863,0,137,0,0,846,0,154,0,0,856,0,144,0,0,853,0,147,0,0,856,0,144,0,0,840,0,160,0,0,851,0,149,0,0,855,0,145,0,0,855,0,145,0,0,852,0,148,0,0,843,0,157,0,0,848,2,150,0,0,855,2,143,0,0,852,0,148,0,0,858,1,141,0,0,860,0,140,0,0,848,0,152,0,0,855,0,145,0,0,836,0,164,0,0,848,0,152,0,0,851,0,149,0,0,853,0,147,0,0,842,0,158,0,0,847,0,153,0,0,857,1,142,0,0,852,0,148,0,0,851,0,149,0,0,844,0,156,0,0,846,0,154,0,0,854,0,146,0,0,848,0,152,0,0,855,0,145,0,0,837,0,163,0,0,865,0,135,0,0,852,0,148,0,0,842,0,158,0,0,851,0,149,0,0,863,0,137,0,0,863,1,136,0,0,848,0,152,0,0,854,0,146,0,0,842,0,158,0,0,848,0,152,0,0,854,0,146,0,0,845,0,155,0,0
336,targeted_homosexual,0.2,860,0,140,0,0,847,0,153,0,0,861,0,139,0,0,845,0,155,0,0,855,0,145,0,0,863,0,137,0,0,846,0,154,0,0,856,0,144,0,0,853,0,147,0,0,856,0,144,0,0,840,0,160,0,0,851,0,149,0,0,855,0,145,0,0,855,0,145,0,0,852,0,148,0,0,843,0,157,0,0,848,2,150,0,0,855,1,144,0,0,852,0,148,0,0,858,1,141,0,0,860,0,140,0,0,848,0,152,0,0,855,0,145,0,0,836,0,164,0,0,848,0,152,0,0,851,0,149,0,0,853,0,147,0,0,842,0,158,0,0,847,0,153,0,0,857,1,142,0,0,852,0,148,0,0,851,0,149,0,0,844,0,156,0,0,846,0,154,0,0,854,0,146,0,0,848,0,152,0,0,855,0,145,0,0,837,0,163,0,0,865,0,135,0,0,852,0,148,0,0,842,0,158,0,0,851,0,149,0,0,863,0,137,0,0,863,1,136,0,0,848,0,152,0,0,854,0,146,0,0,842,0,158,0,0,848,0,152,0,0,854,0,146,0,0,845,0,155,0,0
337,targeted_homosexual,0.2,860,0,140,0,0,847,0,153,0,0,861,0,139,0,0,845,0,155,0,0,855,0,145,0,0,863,0,137,0,0,846,0,154,0,0,856,0,144,0,0,853,0,147,0,0,856,0,144,0,0,840,0,160,0,0,851,0,149,0,0,855,0,145,0,0,855,0,145,0,0,852,0,148,0,0,843,0,157,0,0,848,2,150,0,0,855,1,144,0,0,852,0,148,0,0,858,1,141,0,0,860,0,140,0,0,848,0,152,0,0,855,0,145,0,0,836,0,164,0,0,848,0,152,0,0,851,0,149,0,0,853,0,147,0,0,842,0,158,0,0,847,0,153,0,0,857,1,142,0,0,852,0,148,0,0,851,0,149,0,0,844,0,156,0,0,846,0,154,0,0,853,1,146,0,0,848,0,152,0,0,855,0,145,0,0,837,0,163,0,0,865,0,135,0,0,852,0,148,0,0,842,0,158,0,0,851,0,149,0,0,863,0,137,0,0,863,1,136,0,0,848,0,152,0,0,854,0,146,0,0,842,0,158,0,0,848,0,152,0,0,854,0,146,0,0,845,0,155,0,0
338,targeted_homosexual,0.2,860,0,140,0,0,847,0,153,0,0,861,0,139,0,0,845,0,155,0,0,855,0,145,0,0,863,0,137,0,0,846,0,154,0,0,856,0,144,0,0,853,0,147,0,0,856,0,144,0,0,840,0,160,0,0,851,0,149,0,0,855,0,145,0,0,855,0,145,0,0,852,0,148,0,0,843,0,157,0,0,848,2,150,0,0,855,1,144,0,0,852,0,148,0,0,858,1,141,0,0,860,0,140,0,0,848,0,152,0,0,855,0,145,0,0,836,0,164,0,0,848,0,152,0,0,851,0,149,0,0,853,0,147,0,0,842,0,158,0,0,847,0,153,0,0,857,1,142,0,0,852,0,148,0,0,851,0,149,0,0,844,0,156,0,0,846,0,154,0,0,853,1,146,0,0,848,0,152,0,0,855,0,145,0,0,837,0,163,0,0,865,0,135,0,0,852,0,148,0,0,842,0,158,0,0,851,0,149,0,0,863,0,137,0,0,863,1,136,0,0,848,0,152,0,0,854,0,146,0,0,842,0,158,0,0,848,0,152,0,0,854,0,146,0,0,845,0,155,0,0
339,targeted_homosexual,0.2,860,0,140,0,0,847,0,153,0,0,861,0,139,0,0,845,0,155,0,0,855,0,145,0,0,863,0,137,0,0,846,0,154,0,0,856,0,144,0,0,853,0,147,0,0,856,0,144,0,0,840,0,160,0,0,851,0,149,0,0,855,0,145,0,0,855,0,145,0,0,852,0,148,0,0,843,0,157,0,0,847,3,150,0,0,855,1,144,0,0,852,0,148,0,0,857,2,141,0,0,860,0,140,0,0,848,0,152,0,0,855,0,145,0,0,836,0,164,0,0,848,0,152,0,0,851,0,149,0,0,853,0,147,0,0,842,0,158,0,0,847,0,153,0,0,857,1,142,0,0,852,0,148,0,0,851,0,149,0,0,844,0,156,0,0,846,0,154,0,0,853,1,146,0,0,848,0,152,0,0,855,0,145,0,0,837,0,163,0,0,865,0,135,0,0,852,0,148,0,0,842,0,158,0,0,851,0,149,0,0,863,0,137,0,0,863,1,136,0,0,848,0,152,0,0,854,0,146,0,0,842,0,158,0,0,848,0,152,0,0,854,0,146,0,0,845,0,155,0,0
340,targeted_homosexual,0.2,860,0,140,0,0,847,0,153,0,0,861,0,139,0,0,845,0,155,0,0,855,0,145,0,0,863,0,137,0,0,846,0,154,0,0,856,0,144,0,0,853,0,147,0,0,856,0,144,0,0,840,0,160,0,0,851,0,149,0,0,855,0,145,0,0,855,0,145,0,0,852,0,148,0,0,843,0,157,0,0,847,3,150,0,0,855,1,144,0,0,852,0,148,0,0,857,2,141,0,0,860,0,140,0,0,848,0,152,0,0,855,0,145,0,0,836,0,164,0,0,848,0,152,0,0,851,0,149,0,0,853,0,147,0,0,842,0,158,0,0,847,0,153,0,0,857,1,142,0,0,852,0,148,0,0,851,0,149,0,0,844,0,156,0,0,846,0,154,0,0,853,1,146,0,0,848,0,152,0,0,855,0,145,0,0,837,0,163,0,0,865,0,135,0,0,852,0,148,0,0,842,0,158,0,0,851,0,149,0,0,863,0,137,0,0,863,1,136,0,0,848,0,152,0,0,854,0,146,0,0,842,0,158,0,0,848,0,152,0,0,854,0,146,0,0,845,0,155,0,0
341,targeted_homosexual,0.2,860,0,140,0,0,847,0,153,0,0,861,0,139,0,0,845,0,155,0,0,855,0,145,0,0,863,0,137,0,0,846,0,154,0,0,856,0,144,0,0,853,0,147,0,0,856,0,144,0,0,840,0,160,0,0,851,0,149,0,0,855,0,145,0,0,855,0,145,0,0,852,0,148,0,0,843,0,157,0,0,847,3,150,0,0,855,1,144,0,0,852,0,148,0,0,857,2,141,0,0,860,0,140,0,0,848,0,152,0,0,855,0,145,0,0,836,0,164,0,0,848,0,152,0,0,851,0,149,0,0,853,0,147,0,0,842,0,158,0,0,846,1,153,0,0,857,0,143,0,0,852,0,148,0,0,851,0,149,0,0,844,0,156,0,0,846,0,154,0,0,853,1,146,0,0,848,0,152,0,0,855,0,145,0,0,837,0,163,0,0,865,0,135,0,0,852,0,148,0,0,842,0,158,0,0,851,0,149,0,0,863,0,137,0,0,863,1,136,0,0,848,0,152,0,0,854,0,146,0,0,842,0,158,0,0,848,0,152,0,0,854,0,146,0,0,845,0,155,0,0
342,targeted_homosexual,0.2,860,0,140,0,0,847,0,153,0,0,861,0,139,0,0,845,0,155,0,0,855,0,145,0,0,863,0,137,0,0,846,0,154,0,0,856,0,144,0,0,853,0,147,0,0,856,0,144,0,0,840,0,160,0,0,851,0,149,0,0,855,0,145,0,0,855,0,145,0,0,852,0,148,0,0,843,0,157,0,0,847,3,150,0,0,855,0,145,0,0,852,0,148,0,0,857,2,141,0,0,860,0,140,0,0,848,0,152,0,0,855,0,145,0,0,836,0,164,0,0,848,0,152,0,0,851,0,149,0,0,853,0,147,0,0,842,0,158,0,0,846,1,153,0,0,857,0,143,0,0,852,0,148,0,0,851,0,149,0,0,844,0,156,0,0,846,0,154,0,0,853,1,146,0,0,848,0,152,0,0,855,0,145,0,0,837,0,163,0,0,865,0,135,0,0,852,0,148,0,0,842,0,158,0,0,851,0,149,0,0,863,0,137,0,0,863,1,136,0,0,848,0,152,0,0,854,0,146,0,0,842,0,158,0,0,848,0,152,0,0,854,0,146,0,0,845,0,155,0,0
343,targeted_homosexual,0.2,860,0,140,0,0,847,0,153,0,0,861,0,139,0,0,844,1,155,0,0,855,0,145,0,0,863,0,137,0,0,846,0,154,0,0,856,0,144,0,0,853,0,147,0,0,856,0,144,0,0,840,0,160,0,0,851,0,149,0,0,855,0,145,0,0,855,0,145,0,0,852,0,148,0,0,843,0,157,0,0,846,4,150,0,0,855,0,145,0,0,852,0,148,0,0,857,2,141,0,0,860,0,140,0,0,848,0,152,0,0,855,0,145,0,0,836,0,164,0,0,848,0,152,0,0,851,0,149,0,0,853,0,147,0,0,842,0,158,0,0,846,1,153,0,0,857,0,143,0,0,852,0,148,0,0,851,0,149,0,0,844,0,156,0,0,846,0,154,0,0,853,1,146,0,0,848,0,152,0,0,855,0,145,0,0,837,0,163,0,0,865,0,135,0,0,852,0,148,0,0,842,0,158,0,0,851,0,149,0,0,863,0,137,0,0,863,1,136,0,0,848,0,152,0,0,854,0,146,0,0,842,0,158,0,0,848,0,152,0,0,854,0,146,0,0,845,0,155,0,0
344,targeted_homosexual,0.2,860,0,140,0,0,847,0,153,0,0,861,0,139,0,0,844,1,155,0,0,855,0,145,0,0,863,0,137,0,0,846,0,154,0,0,856,0,144,0,0,853,0,147,0,0,856,0,144,0,0,840,0,160,0,0,851,0,149,0,0,855,0,145,0,0,855,0,145,0,0,852,0,148,0,0,843,0,157,0,0,846,2,152,0,0,855,0,145,0,0,852,0,148,0,0,857,2,141,0,0,860,0,140,0,0,848,0,152,0,0,855,0,145,0,0,836,0,164,0,0,848,0,152,0,0,851,0,149,0,0,853,0,147,0,0,842,0,158,0,0,846,1,153,0,0,857,0,143,0,0,852,0,148,0,0,851,0,149,0,0,843,1,156,0,0,846,0,154,0,0,853,1,146,0,0,848,0,152,0,0,855,0,145,0,0,837,0,163,0,0,865,0,135,0,0,852,0,148,0,0,842,0,158,0,0,851,0,149,0,0,863,0,137,0,0,863,1,136,0,0,848,0,152,0,0,854,0,146,0,0,842,0,158,0,0,848,0,152,0,0,854,0,146,0,0,845,0,155,0,0
345,targeted_homosexual,0.2,860,0,140,0,0,847,0,153,0,0,861,0,139,0,0,844,1,155,0,0,855,0,145,0,0,863,0,137,0,0,846,0,154,0,0,856,0,144,0,0,853,0,147,0,0,856,0,144,0,0,840,0,160,0,0,851,0,149,0,0,855,0,145,0,0,855,0,145,0,0,852,0,148,0,0,843,0,157,0,0,846,2,152,0,0,855,0,145,0,0,852,0,148,0,0,857,2,141,0,0,860,0,140,0,0,848,0,152,0,0,855,0,145,0,0,836,0,164,0,0,848,0,152,0,0,851,0,149,0,0,853,0,147,0,0,842,0,158,0,0,846,1,153,0,0,857,0,143,0,0,852,0,148,0,0,851,0,149,0,0,843,1,156,0,0,846,0,154,0,0,853,1,146,0,0,848,0,152,0,0,855,0,145,0,0,837,0,163,0,0,865,0,135,0,0,852,0,148,0,0,842,0,158,0,0,851,0,149,0,0,863,0,137,0,0,862,2,136,0,0,848,0,152,0,0,854,0,146,0,0,842,0,158,0,0,848,0,152,0,0,854,0,146,0,0,845,0,155,0,0
346,targeted_homosexual,0.2,860,0,140,0,0,847,0,153,0,0,861,0,139,0,0,844,1,155,0,0,855,0,145,0,0,863,0,137,0,0,846,0,154,0,0,856,0,144,0,0,853,0,147,0,0,856,0,144,0,0,840,0,160,0,0,851,0,149,0,0,855,0,145,0,0,855,0,145,0,0,852,0,148,0,0,843,0,157,0,0,846,2,152,0,0,855,0,145,0,0,852,0,148,0,0,857,1,142,0,0,860,0,140,0,0,848,0,152,0,0,855,0,145,0,0,836,0,164,0,0,848,0,152,0,0,851,0,149,0,0,853,0,147,0,0,842,0,158,0,0,846,1,153,0,0,857,0,143,0,0,852,0,148,0,0,851,0,149,0,0,843,1,156,0,0,846,0,154,0,0,853,1,146,0,0,848,0,152,0,0,855,0,145,0,0,837,0,163,0,0,865,0,135,0,0,852,0,148,0,0,842,0,158,0,0,851,0,149,0,0,863,0,137,0,0,862,2,136,0,0,848,0,152,0,0,854,0,146,0,0,842,0,158,0,0,848,0,152,0,0,854,0,146,0,0,845,0,155,0,0
347,targeted_homosexual,0.2,860,0,140,0,0,847,0,153,0,0,861,0,139,0,0,844,1,155,0,0,855,0,145,0,0,863,0,137,0,0,846,0,154,0,0,856,0,144,0,0,853,0,147,0,0,856,0,144,0,0,840,0,160,0,0,851,0,149,0,0,855,0,145,0,0,855,0,145,0,0,852,0,148,0,0,843,0,157,0,0,846,2,152,0,0,855,0,145,0,0,852,0,148,0,0,857,1,142,0,0,860,0,140,0,0,848,0,152,0,0,855,0,145,0,0,836,0,164,0,0,848,0,152,0,0,851,0,149,0,0,853,0,147,0,0,842,0,158,0,0,846,1,153,0,0,857,0,143,0,0,852,0,148,0,0,851,0,149,0,0,843,1,156,0,0,846,0,154,0,0,853,1,146,0,0,848,0,152,0,0,855,0,145,0,0,837,0,163,0,0,865,0,135,0,0,852,0,148,0,0,842,0,158,0,0,851,0,149,0,0,863,0,137,0,0,862,1,137,0,0,848,0,152,0,0,854,0,146,0,0,842,0,158,0,0,848,0,152,0,0,854,0,146,0,0,845,0,155,0,0
348,targeted_homosexual,0.2,860,0,140,0,0,847,0,153,0,0,861,0,139,0,0,843,2,155,0,0,855,0,145,0,0,863,0,137,0,0,846,0,154,0,0,856,0,144,0,0,853,0,147,0,0,856,0,144,0,0,840,0,160,0,0,851,0,149,0,0,855,0,145,0,0,855,0,145,0,0,852,0,148,0,0,843,0,157,0,0,846,2,152,0,0,855,0,145,0,0,852,0,148,0,0,857,1,142,0,0,860,0,140,0,0,848,0,152,0,0,855,0,145,0,0,836,0,164,0,0,848,0,152,0,0,851,0,149,0,0,853,0,147,0,0,842,0,158,0,0,846,1,153,0,0,857,0,143,0,0,852,0,148,0,0,851,0,149,0,0,843,1,156,0,0,846,0,154,0,0,853,1,146,0,0,848,0,152,0,0,855,0,145,0,0,837,0,163,0,0,865,0,135,0,0,852,0,148,0,0,842,0,158,0,0,851,0,149,0,0,863,0,137,0,0,862,1,137,0,0,848,0,152,0,0,854,0,146,0,0,842,0,158,0,0,848,0,152,0,0,854,0,146,0,0,845,0,155,0,0
349,targeted_homosexual,0.2,860,0,140,0,0,847,0,153,0,0,861,0,139,0,0,843,2,155,0,0,855,0,145,0,0,863,0,137,0,0,846,0,154,0,0,856,0,144,0,0,853,0,147,0,0,856,0,144,0,0,840,0,160,0,0,851,0,149,0,0,854,1,145,0,0,855,0,145,0,0,852,0,148,0,0,843,0,157,0,0,846,2,152,0,0,855,0,145,0,0,852,0,148,0,0,857,1,142,0,0,860,0,140,0,0,848,0,152,0,0,855,0,145,0,0,836,0,164,0,0,848,0,152,0,0,851,0,149,0,0,853,0,147,0,0,842,0,158,0,0,846,1,153,0,0,857,0,143,0,0,852,0,148,0,0,851,0,149,0,0,843,1,156,0,0,846,0,154,0,0,853,1,146,0,0,848,0,152,0,0,855,0,145,0,0,837,0,163,0,0,865,0,135,0,0,852,0,148,0,0,842,0,158,0,0,851,0,149,0,0,863,0,137,0,0,862,1,137,0,0,848,0,152,0,0,854,0,146,0,0,842,0,158,0,0,848,0,152,0,0,854,0,146,0,0,845,0,155,0,0
350,targeted_homosexual,0.2,860,0,140,0,0,847,0,153,0,0,861,0,139,0,0,843,2,155,0,0,855,0,145,0,0,863,0,137,0,0,846,0,154,0,0,856,0,144,0,0,853,0,147,0,0,856,0,144,0,0,840,0,160,0,0,851,0,149,0,0,854,1,145,0,0,855,0,145,0,0,852,0,148,0,0,843,0,157,0,0,846,2,152,0,0,855,0,145,0,0,852,0,148,0,0,857,1,142,0,0,860,0,140,0,0,848,0,152,0,0,855,0,145,0,0,836,0,164,0,0,848,0,152,0,0,851,0,149,0,0,853,0,147,0,0,842,0,158,0,0,846,1,153,0,0,857,0,143,0,0,852,0,148,0,0,851,0,149,0,0,843,1,156,0,0,846,0,154,0,0,853,0,147,0,0,847,1,152,0,0,855,0,145,0,0,837,0,163,0,0,865,0,135,0,0,852,0,148,0,0,842,0,158,0,0,851,0,149,0,0,863,0,137,0,0,861,2,137,0,0,848,0,152,0,0,854,0,146,0,0,842,0,158,0,0,848,0,152,0,0,854,0,146,0,0,845,0,155,0,0
351,targeted_homosexual,0.2,860,0,140,0,0,847,0,153,0,0,861,0,139,0,0,843,2,155,0,0,855,0,145,0,0,863,0,137,0,0,846,0,154,0,0,856,0,144,0,0,853,0,147,0,0,856,0,144,0,0,840,0,160,0,0,851,0,149,0,0,854,1,145,0,0,855,0,145,0,0,852,0,148,0,0,843,0,157,0,0,846,2,152,0,0,855,0,145,0,0,852,0,148,0,0,857,1,142,0,0,860,0,140,0,0,848,0,152,0,0,855,0,145,0,0,836,0,164,0,0,848,0,152,0,0,851,0,149,0,0,853,0,147,0,0,842,0,158,0,0,846,1,153,0,0,857,0,143,0,0,852,0,148,0,0,851,0,149,0,0,843,1,156,0,0,846,0,154,0,0,853,0,147,0,0,847,1,152,0,0,855,0,145,0,0,837,0,163,0,0,864,1,135,0,0,852,0,148,0,0,842,0,158,0,0,851,0,149,0,0,863,0,137,0,0,861,2,137,0,0,848,0,152,0,0,854,0,146,0,0,842,0,158,0,0,848,0,152,0,0,854,0,146,0,0,845,0,155,0,0
352,targeted_homosexual,0.2,860,0,140,0,0,847,0,153,0,0,861,0,139,0,0,843,2,155,0,0,855,0,145,0,0,863,0,137,0,0,846,0,154,0,0,856,0,144,0,0,853,0,147,0,0,856,0,144,0,0,840,0,160,0,0,851,0,149,0,0,854,1,145,0,0,855,0,145,0,0,852,0,148,0,0,843,0,157,0,0,846,1,153,0,0,855,0,145,0,0,852,0,148,0,0,857,0,143,0,0,860,0,140,0,0,848,0,152,0,0,855,0,145,0,0,836,0,164,0,0,848,0,152,0,0,851,0,149,0,0,853,0,147,0,0,842,0,158,0,0,846,1,153,0,0,857,0,143,0,0,852,0,148,0,0,851,0,149,0,0,843,1,156,0,0,846,0,154,0,0,853,0,147,0,0,847,1,152,0,0,855,0,145,0,0,837,0,163,0,0,864,1,135,0,0,852,0,148,0,0,842,0,158,0,0,851,0,149,0,0,863,0,137,0,0,861,2,137,0,0,848,0,152,0,0,854,0,146,0,0,842,0,158,0,0,848,0,152,0,0,854,0,146,0,0,845,0,155,0,0
353,targeted_homosexual,0.2,860,0,140,0,0,847,0,153,0,0,861,0,139,0,0,843,2,155,0,0,855,0,145,0,0,863,0,137,0,0,846,0,154,0,0,856,0,144,0,0,853,0,147,0,0,856,0,144,0,0,840,0,160,0,0,851,0,149,0,0,854,1,145,0,0,855,0,145,0,0,852,0,148,0,0,843,0,157,0,0,846,1,153,0,0,855,0,145,0,0,852,0,148,0,0,857,0,143,0,0,860,0,140,0,0,848,0,152,0,0,855,0,145,0,0,836,0,164,0,0,848,0,152,0,0,851,0,149,0,0,853,0,147,0,0,842,0,158,0,0,846,1,153,0,0,857,0,143,0,0,852,0,148,0,0,851,0,149,0,0,843,1,156,0,0,846,0,154,0,0,853,0,147,0,0,847,1,152,0,0,855,0,145,0,0,837,0,163,0,0,864,1,135,0,0,852,0,148,0,0,842,0,158,0,0,851,0,149,0,0,863,0,137,0,0,861,2,137,0,0,848,0,152,0,0,854,0,146,0,0,842,0,158,0,0,848,0,152,0,0,854,0,146,0,0,845,0,155,0,0
354,targeted_homosexual,0.2,860,0,140,0,0,847,0,153,0,0,861,0,139,0,0,843,2,155,0,0,855,0,145,0,0,863,0,137,0,0,846,0,154,0,0,856,0,144,0,0,853,0,147,0,0,856,0,144,0,0,840,0,160,0,0,851,0,149,0,0,854,1,145,0,0,855,0,145,0,0,852,0,148,0,0,843,0,157,0,0,846,1,153,0,0,855,0,145,0,0,852,0,148,0,0,857,0,143,0,0,860,0,140,0,0,848,0,152,0,0,855,0,145,0,0,836,0,164,0,0,848,0,152,0,0,851,0,149,0,0,853,0,147,0,0,842,0,158,0,0,846,0,154,0,0,857,0,143,0,0,852,0,148,0,0,851,0,149,0,0,843,1,156,0,0,846,0,154,0,0,853,0,147,0,0,847,1,152,0,0,855,0,145,0,0,837,0,163,0,0,864,1,135,0,0,852,0,148,0,0,842,0,158,0,0,851,0,149,0,0,863,0,137,0,0,861,2,137,0,0,848,0,152,0,0,854,0,146,0,0,842,0,158,0,0,848,0,152,0,0,854,0,146,0,0,845,0,155,0,0
355,targeted_homosexual,0.2,860,0,140,0,0,847,0,153,0,0,861,0,139,0,0,843,2,155,0,0,855,0,145,0,0,863,0,137,0,0,846,0,154,0,0,856,0,144,0,0,853,0,147,0,0,856,0,144,0,0,840,0,160,0,0,851,0,149,0,0,854,1,145,0,0,855,0,145,0,0,852,0,148,0,0,843,0,157,0,0,846,1,153,0,0,855,0,145,0,0,852,0,148,0,0,857,0,143,0,0,860,0,140,0,0,848,0,152,0,0,855,0,145,0,0,836,0,164,0,0,848,0,152,0,0,851,0,149,0,0,853,0,147,0,0,842,0,158,0,0,846,0,154,0,0,857,0,143,0,0,852,0,148,0,0,850,1,149,0,0,843,1,156,0,0,846,0,154,0,0,853,0,147,0,0,847,1,152,0,0,855,0,145,0,0,837,0,163,0,0,864,1,135,0,0,852,0,148,0,0,842,0,158,0,0,851,0,149,0,0,863,0,137,0,0,861,2,137,0,0,848,0,152,0,0,854,0,146,0,0,842,0,158,0,0,848,0,152,0,0,854,0,146,0,0,845,0,155,0,0
356,targeted_homosexual,0.2,860,0,140,0,0,847,0,153,0,0,861,0,139,0,0,843,1,156,0,0,855,0,145,0,0,863,0,137,0,0,846,0,154,0,0,856,0,144,0,0,853,0,147,0,0,856,0,144,0,0,840,0,160,0,0,851,0,149,0,0,854,1,145,0,0,855,0,145,0,0,852,0,148,0,0,843,0,157,0,0,846,0,154,0,0,855,0,145,0,0,852,0,148,0,0,857,0,143,0,0,860,0,140,0,0,848,0,152,0,0,855,0,145,0,0,836,0,164,0,0,848,0,152,0,0,851,0,149,0,0,853,0,147,0,0,842,0,158,0,0,846,0,154,0,0,857,0,143,0,0,852,0,148,0,0,850,1,149,0,0,843,1,156,0,0,846,0,154,0,0,853,0,147,0,0,847,1,152,0,0,855,0,145,0,0,837,0,163,0,0,864,1,135,0,0,852,0,148,0,0,842,0,158,0,0,851,0,149,0,0,863,0,137,0,0,861,2,137,0,0,848,0,152,0,0,854,0,146,0,0,842,0,158,0,0,848,0,152,0,0,854,0,146,0,0,845,0,155,0,0
357,targeted_homosexual,0.2,860,0,140,0,0,847,0,153,0,0,861,0,139,0,0,843,1,156,0,0,855,0,145,0,0,863,0,137,0,0,846,0,154,0,0,856,0,144,0,0,853,0,147,0,0,856,0,144,0,0,840,0,160,0,0,851,0,149,0,0,854,1,145,0,0,855,0,145,0,0,852,0,148,0,0,843,0,157,0,0,846,0,154,0,0,855,0,145,0,0,852,0,148,0,0,857,0,143,0,0,860,0,140,0,0,848,0,152,0,0,855,0,145,0,0,836,0,164,0,0,848,0,152,0,0,851,0,149,0,0,852,1,147,0,0,842,0,158,0,0,846,0,154,0,0,857,0,143,0,0,852,0,148,0,0,850,1,149,0,0,843,0,157,0,0,846,0,154,0,0,853,0,147,0,0,847,1,152,0,0,855,0,145,0,0,837,0,163,0,0,864,1,135,0,0,852,0,148,0,0,842,0,158,0,0,851,0,149,0,0,863,0,137,0,0,861,2,137,0,0,848,0,152,0,0,854,0,146,0,0,842,0,158,0,0,848,0,152,0,0,854,0,146,0,0,845,0,155,0,0
358,targeted_homosexual,0.2,860,0,140,0,0,847,0,153,0,0,861,0,139,0,0,843,1,156,0,0,855,0,145,0,0,863,0,137,0,0,846,0,154,0,0,856,0,144,0,0,853,0,147,0,0,856,0,144,0,0,840,0,160,0,0,851,0,149,0,0,854,1,145,0,0,855,0,145,0,0,852,0,148,0,0,843,0,157,0,0,846,0,154,0,0,855,0,145,0,0,852,0,148,0,0,857,0,143,0,0,859,1,140,0,0,848,0,152,0,0,855,0,145,0,0,836,0,164,0,0,848,0,152,0,0,851,0,149,0,0,852,1,147,0,0,842,0,158,0,0,846,0,154,0,0,857,0,143,0,0,852,0,148,0,0,850,1,149,0,0,843,0,157,0,0,846,0,154,0,0,853,0,147,0,0,847,1,152,0,0,855,0,145,0,0,837,0,163,0,0,864,1,135,0,0,852,0,148,0,0,842,0,158,0,0,851,0,149,0,0,863,0,137,0,0,861,1,138,0,0,848,0,152,0,0,854,0,146,0,0,842,0,158,0,0,848,0,152,0,0,854,0,146,0,0,845,0,155,0,0
359,targeted_homosexual,0.2,860,0,140,0,0,847,0,153,0,0,861,0,139,0,0,843,1,156,0,0,855,0,145,0,0,863,0,137,0,0,846,0,154,0,0,856,0,144,0,0,853,0,147,0,0,856,0,144,0,0,840,0,160,0,0,851,0,149,0,0,854,1,145,0,0,855,0,145,0,0,852,0,148,0,0,843,0,157,0,0,846,0,154,0,0,855,0,145,0,0,852,0,148,0,0,857,0,143,0,0,859,1,140,0,0,848,0,152,0,0,855,0,145,0,0,836,0,164,0,0,848,0,152,0,0,851,0,149,0,0,852,1,147,0,0,842,0,158,0,0,846,0,154,0,0,857,0,143,0,0,852,0,148,0,0,850,1,149,0,0,843,0,157,0,0,846,0,154,0,0,853,0,147,0,0,847,1,152,0,0,855,0,145,0,0,837,0,163,0,0,864,1,135,0,0,852,0,148,0,0,842,0,158,0,0,851,0,149,0,0,863,0,137,0,0,861,1,138,0,0,848,0,152,0,0,854,0,146,0,0,842,0,158,0,0,848,0,152,0,0,854,0,146,0,0,845,0,155,0,0
360,targeted_homosexual,0.2,860,0,140,0,0,847,0,153,0,0,861,0,139,0,0,843,1,156,0,0,855,0,145,0,0,863,0,137,0,0,846,0,154,0,0,856,0,144,0,0,853,0,147,0,0,856,0,144,0,0,840,0,160,0,0,851,0,149,0,0,854,1,145,0,0,855,0,145,0,0,852,0,148,0,0,843,0,157,0,0,846,0,154,0,0,855,0,145,0,0,852,0,148,0,0,857,0,143,0,0,859,1,140,0,0,848,0,152,0,0,855,0,145,0,0,836,0,164,0,0,848,0,152,0,0,851,0,149,0,0,852,1,147,0,0,842,0,158,0,0,846,0,154,0,0,857,0,143,0,0,851,1,148,0,0,850,1,149,0,0,843,0,157,0,0,846,0,154,0,0,853,0,147,0,0,847,1,152,0,0,855,0,145,0,0,837,0,163,0,0,864,1,135,0,0,852,0,148,0,0,841,1,158,0,0,851,0,149,0,0,863,0,137,0,0,861,1,138,0,0,848,0,152,0,0,854,0,146,0,0,842,0,158,0,0,848,0,152,0,0,854,0,146,0,0,845,0,155,0,0
361,targeted_homosexual,0.2,860,0,140,0,0,847,0,153,0,0,861,0,139,0,0,843,0,157,0,0,855,0,145,0,0,863,0,137,0,0,846,0,154,0,0,856,0,144,0,0,853,0,147,0,0,856,0,144,0,0,840,0,160,0,0,851,0,149,0,0,854,1,145,0,0,855,0,145,0,0,852,0,148,0,0,843,0,157,0,0,846,0,154,0,0,855,0,145,0,0,852,0,148,0,0,857,0,143,0,0,859,1,140,0,0,848,0,152,0,0,855,0,145,0,0,836,0,164,0,0,848,0,152,0,0,851,0,149,0,0,852,1,147,0,0,842,0,158,0,0,846,0,154,0,0,857,0,143,0,0,851,1,148,0,0,850,1,149,0,0,843,0,157,0,0,846,0,154,0,0,853,0,147,0,0,847,1,152,0,0,855,0,145,0,0,837,0,163,0,0,864,1,135,0,0,852,0,148,0,0,841,1,158,0,0,851,0,149,0,0,863,0,137,0,0,861,1,138,0,0,848,0,152,0,0,854,0,146,0,0,842,0,158,0,0,848,0,152,0,0,854,0,146,0,0,845,0,155,0,0
362,targeted_homosexual,0.2,860,0,140,0,0,847,0,153,0,0,861,0,139,0,0,843,0,157,0,0,855,0,145,0,0,863,0,137,0,0,846,0,154,0,0,856,0,144,0,0,853,0,147,0,0,856,0,144,0,0,840,0,160,0,0,851,0,149,0,0,854,0,146,0,0,855,0,145,0,0,852,0,148,0,0,843,0,157,0,0,846,0,154,0,0,855,0,145,0,0,852,0,148,0,0,857,0,143,0,0,859,1,140,0,0,848,0,152,0,0,855,0,145,0,0,836,0,164,0,0,848,0,152,0,0,851,0,149,0,0,852,1,147,0,0,842,0,158,0,0,846,0,154,0,0,857,0,143,0,0,851,1,148,0,0,850,1,149,0,0,843,0,157,0,0,846,0,154,0,0,853,0,147,0,0,847,1,152,0,0,855,0,145,0,0,837,0,163,0,0,864,1,135,0,0,852,0,148,0,0,841,1,158,0,0,851,0,149,0,0,863,0,137,0,0,861,1,138,0,0,848,0,152,0,0,854,0,146,0,0,842,0,158,0,0,848,0,152,0,0,854,0,146,0,0,845,0,155,0,0
363,targeted_homosexual,0.2,860,0,140,0,0,847,0,153,0,0,861,0,139,0,0,843,0,157,0,0,855,0,145,0,0,863,0,137,0,0,846,0,154,0,0,856,0,144,0,0,853,0,147,0,0,856,0,144,0,0,840,0,160,0,0,851,0,149,0,0,854,0,146,0,0,855,0,145,0,0,852,0,148,0,0,843,0,157,0,0,846,0,154,0,0,855,0,145,0,0,852,0,148,0,0,857,0,143,0,0,859,1,140,0,0,848,0,152,0,0,855,0,145,0,0,836,0,164,0,0,848,0,152,0,0,851,0,149,0,0,852,1,147,0,0,842,0,158,0,0,846,0,154,0,0,857,0,143,0,0,851,1,148,0,0,850,1,149,0,0,843,0,157,0,0,846,0,154,0,0,853,0,147,0,0,847,0,153,0,0,855,0,145,0,0,837,0,163,0,0,864,1,135,0,0,852,0,148,0,0,841,1,158,0,0,851,0,149,0,0,863,0,137,0,0,861,0,139,0,0,848,0,152,0,0,854,0,146,0,0,842,0,158,0,0,848,0,152,0,0,854,0,146,0,0,845,0,155,0,0
364,targeted_homosexual,0.2,860,0,140,0,0,847,0,153,0,0,861,0,139,0,0,843,0,157,0,0,855,0,145,0,0,863,0,137,0,0,846,0,154,0,0,856,0,144,0,0,853,0,147,0,0,856,0,144,0,0,840,0,160,0,0,851,0,149,0,0,854,0,146,0,0,855,0,145,0,0,852,0,148,0,0,843,0,157,0,0,846,0,154,0,0,855,0,145,0,0,852,0,148,0,0,857,0,143,0,0,859,1,140,0,0,848,0,152,0,0,855,0,145,0,0,836,0,164,0,0,848,0,152,0,0,851,0,149,0,0,852,1,147,0,0,842,0,158,0,0,846,0,154,0,0,857,0,143,0,0,851,1,148,0,0,850,1,149,0,0,843,0,157,0,0,846,0,154,0,0,853,0,147,0,0,847,0,153,0,0,855,0,145,0,0,837,0,163,0,0,864,0,136,0,0,852,0,148,0,0,841,1,158,0,0,851,0,149,0,0,863,0,137,0,0,861,0,139,0,0,848,0,152,0,0,854,0,146,0,0,842,0,158,0,0,848,0,152,0,0,854,0,146,0,0,845,0,155,0,0
365,targeted_homosexual,0.2,860,0,140,0,0,847,0,153,0,0,861,0,139,0,0,843,0,157,0,0,855,0,145,0,0,863,0,137,0,0,846,0,154,0,0,856,0,144,0,0,853,0,147,0,0,856,0,144,0,0,840,0,160,0,0,851,0,149,0,0,854,0,146,0,0,855,0,145,0,0,852,0,148,0,0,843,0,157,0,0,846,0,154,0,0,855,0,145,0,0,852,0,148,0,0,857,0,143,0,0,859,1,140,0,0,848,0,152,0,0,855,0,145,0,0,836,0,164,0,0,848,0,152,0,0,851,0,149,0,0,852,1,147,0,0,842,0,158,0,0,846,0,154,0,0,857,0,143,0,0,851,1,148,0,0,850,1,149,0,0,843,0,157,0,0,846,0,154,0,0,853,0,147,0,0,847,0,153,0,0,855,0,145,0,0,837,0,163,0,0,864,0,136,0,0,852,0,148,0,0,841,1,158,0,0,851,0,149,0,0,863,0,137,0,0,861,0,139,0,0,848,0,152,0,0,854,0,146,0,0,842,0,158,0,0,848,0,152,0,0,854,0,146,0,0,845,0,155,0,0
366,targeted_homosexual,0.2,860,0,140,0,0,847,0,153,0,0,861,0,139,0,0,843,0,157,0,0,855,0,145,0,0,863,0,137,0,0,846,0,154,0,0,856,0,144,0,0,853,0,147,0,0,856,0,144,0,0,840,0,160,0,0,851,0,149,0,0,854,0,146,0,0,855,0,145,0,0,852,0,148,0,0,843,0,157,0,0,846,0,154,0,0,855,0,145,0,0,852,0,148,0,0,857,0,143,0,0,859,1,140,0,0,848,0,152,0,0,855,0,145,0,0,836,0,164,0,0,848,0,152,0,0,851,0,149,0,0,852,1,147,0,0,842,0,158,0,0,846,0,154,0,0,857,0,143,0,0,851,1,148,0,0,850,1,149,0,0,843,0,157,0,0,846,0,154,0,0,853,0,147,0,0,847,0,153,0,0,855,0,145,0,0,837,0,163,0,0,864,0,136,0,0,852,0,148,0,0,841,1,158,0,0,851,0,149,0,0,863,0,137,0,0,861,0,139,0,0,848,0,152,0,0,854,0,146,0,0,842,0,158,0,0,848,0,152,0,0,854,0,146,0,0,845,0,155,0,0
367,targeted_homosexual,0.2,860,0,140,0,0,847,0,153,0,0,861,0,139,0,0,843,0,157,0,0,855,0,145,0,0,863,0,137,0,0,846,0,154,0,0,856,0,144,0,0,853,0,147,0,0,856,0,144,0,0,840,0,160,0,0,851,0,149,0,0,854,0,146,0,0,855,0,145,0,0,852,0,148,0,0,843,0,157,0,0,846,0,154,0,0,855,0,145,0,0,852,0,148,0,0,857,0,143,0,0,859,1,140,0,0,848,0,152,0,0,855,0,145,0,0,836,0,164,0,0,848,0,152,0,0,851,0,149,0,0,852,1,147,0,0,842,0,158,0,0,846,0,154,0,0,857,0,143,0,0,851,1,148,0,0,850,1,149,0,0,843,0,157,0,0,846,0,154,0,0,853,0,147,0,0,847,0,153,0,0,855,0,145,0,0,837,0,163,0,0,864,0,136,0,0,852,0,148,0,0,841,1,158,0,0,851,0,149,0,0,863,0,137,0,0,861,0,139,0,0,848,0,152,0,0,854,0,146,0,0,842,0,158,0,0,848,0,152,0,0,854,0,146,0,0,845,0,155,0,0
368,targeted_homosexual,0.2,860,0,140,0,0,846,1,153,0,0,861,0,139,0,0,843,0,157,0,0,855,0,145,0,0,863,0,137,0,0,845,1,154,0,0,856,0,144,0,0,853,0,147,0,0,856,0,144,0,0,840,0,160,0,0,851,0,149,0,0,854,0,146,0,0,855,0,145,0,0,852,0,148,0,0,843,0,157,0,0,846,0,154,0,0,855,0,145,0,0,852,0,148,0,0,857,0,143,0,0,859,1,140,0,0,848,0,152,0,0,855,0,145,0,0,836,0,164,0,0,848,0,152,0,0,851,0,149,0,0,852,1,147,0,0,842,0,158,0,0,846,0,154,0,0,857,0,143,0,0,851,1,148,0,0,850,0,150,0,0,843,0,157,0,0,846,0,154,0,0,853,0,147,0,0,847,0,153,0,0,855,0,145,0,0,837,0,163,0,0,864,0,136,0,0,852,0,148,0,0,841,1,158,0,0,851,0,149,0,0,863,0,137,0,0,861,0,139,0,0,848,0,152,0,0,854,0,146,0,0,842,0,158,0,0,848,0,152,0,0,854,0,146,0,0,845,0,155,0,0
369,targeted_homosexual,0.2,860,0,140,0,0,846,1,153,0,0,861,0,139,0,0,843,0,157,0,0,855,0,145,0,0,863,0,137,0,0,845,1,154,0,0,856,0,144,0,0,853,0,147,0,0,856,0,144,0,0,840,0,160,0,0,851,0,149,0,0,854,0,146,0,0,855,0,145,0,0,852,0,148,0,0,843,0,157,0,0,846,0,154,0,0,855,0,145,0,0,852,0,148,0,0,857,0,143,0,0,859,1,140,0,0,848,0,152,0,0,855,0,145,0,0,836,0,164,0,0,848,0,152,0,0,851,0,149,0,0,852,1,147,0,0,842,0,158,0,0,846,0,154,0,0,857,0,143,0,0,851,1,148,0,0,850,0,150,0,0,843,0,157,0,0,846,0,154,0,0,853,0,147,0,0,847,0,153,0,0,855,0,145,0,0,837,0,163,0,0,864,0,136,0,0,852,0,148,0,0,841,1,158,0,0,851,0,149,0,0,863,0,137,0,0,861,0,139,0,0,848,0,152,0,0,854,0,146,0,0,842,0,158,0,0,848,0,152,0,0,854,0,146,0,0,845,0,155,0,0
370,targeted_homosexual,0.2,860,0,140,0,0,846,1,153,0,0,861,0,139,0,0,843,0,157,0,0,855,0,145,0,0,863,0,137,0,0,845,1,154,0,0,856,0,144,0,0,853,0,147,0,0,856,0,144,0,0,840,0,160,0,0,851,0,149,0,0,854,0,146,0,0,855,0,145,0,0,852,0,148,0,0,843,0,157,0,0,846,0,154,0,0,855,0,145,0,0,852,0,148,0,0,857,0,143,0,0,859,1,140,0,0,848,0,152,0,0,855,0,145,0,0,836,0,164,0,0,848,0,152,0,0,851,0,149,0,0,852,0,148,0,0,842,0,158,0,0,846,0,154,0,0,857,0,143,0,0,851,1,148,0,0,850,0,150,0,0,843,0,157,0,0,846,0,154,0,0,853,0,147,0,0,847,0,153,0,0,855,0,145,0,0,837,0,163,0,0,864,0,136,0,0,852,0,148,0,0,841,1,158,0,0,851,0,149,0,0,863,0,137,0,0,861,0,139,0,0,848,0,152,0,0,854,0,146,0,0,842,0,158,0,0,848,0,152,0,0,854,0,146,0,0,845,0,155,0,0
371,targeted_homosexual,0.2,860,0,140,0,0,846,1,153,0,0,861,0,139,0,0,843,0,157,0,0,855,0,145,0,0,863,0,137,0,0,845,1,154,0,0,856,0,144,0,0,853,0,147,0,0,856,0,144,0,0,840,0,160,0,0,851,0,149,0,0,854,0,146,0,0,855,0,145,0,0,852,0,148,0,0,843,0,157,0,0,846,0,154,0,0,855,0,145,0,0,852,0,148,0,0,857,0,143,0,0,859,0,141,0,0,847,1,152,0,0,855,0,145,0,0,836,0,164,0,0,848,0,152,0,0,851,0,149,0,0,852,0,148,0,0,842,0,158,0,0,846,0,154,0,0,857,0,143,0,0,851,1,148,0,0,850,0,150,0,0,843,0,157,0,0,846,0,154,0,0,853,0,147,0,0,847,0,153,0,0,855,0,145,0,0,837,0,163,0,0,864,0,136,0,0,852,0,148,0,0,841,1,158,0,0,851,0,149,0,0,863,0,137,0,0,861,0,139,0,0,848,0,152,0,0,854,0,146,0,0,842,0,158,0,0,848,0,152,0,0,854,0,146,0,0,845,0,155,0,0
372,targeted_homosexual,0.2,860,0,140,0,0,846,1,153,0,0,861,0,139,0,0,843,0,157,0,0,855,0,145,0,0,863,0,137,0,0,845,1,154,0,0,856,0,144,0,0,853,0,147,0,0,856,0,144,0,0,840,0,160,0,0,851,0,149,0,0,854,0,146,0,0,855,0,145,0,0,852,0,148,0,0,843,0,157,0,0,846,0,154,0,0,855,0,145,0,0,852,0,148,0,0,857,0,143,0,0,859,0,141,0,0,847,1,152,0,0,855,0,145,0,0,836,0,164,0,0,848,0,152,0,0,851,0,149,0,0,852,0,148,0,0,842,0,158,0,0,846,0,154,0,0,857,0,143,0,0,851,1,148,0,0,850,0,150,0,0,843,0,157,0,0,846,0,154,0,0,853,0,147,0,0,847,0,153,0,0,855,0,145,0,0,837,0,163,0,0,864,0,136,0,0,852,0,148,0,0,841,1,158,0,0,851,0,149,0,0,863,0,137,0,0,861,0,139,0,0,848,0,152,0,0,854,0,146,0,0,842,0,158,0,0,848,0,152,0,0,854,0,146,0,0,845,0,155,0,0
373,targeted_homosexual,0.2,860,0,140,0,0,846,1,153,0,0,861,0,139,0,0,843,0,157,0,0,855,0,145,0,0,863,0,137,0,0,845,1,154,0,0,856,0,144,0,0,853,0,147,0,0,856,0,144,0,0,840,0,160,0,0,851,0,149,0,0,854,0,146,0,0,855,0,145,0,0,852,0,148,0,0,843,0,157,0,0,846,0,154,0,0,855,0,145,0,0,852,0,148,0,0,857,0,143,0,0,859,0,141,0,0,847,1,152,0,0,855,0,145,0,0,836,0,164,0,0,848,0,152,0,0,851,0,149,0,0,852,0,148,0,0,842,0,158,0,0,846,0,154,0,0,857,0,143,0,0,851,0,149,0,0,850,0,150,0,0,843,0,157,0,0,846,0,154,0,0,853,0,147,0,0,847,0,153,0,0,855,0,145,0,0,837,0,163,0,0,864,0,136,0,0,852,0,148,0,0,841,0,159,0,0,851,0,149,0,0,863,0,137,0,0,861,0,139,0,0,848,0,152,0,0,854,0,146,0,0,842,0,158,0,0,848,0,152,0,0,854,0,146,0,0,845,0,155,0,0
374,targeted_homosexual,0.2,860,0,140,0,0,846,1,153,0,0,861,0,139,0,0,843,0,157,0,0,855,0,145,0,0,863,0,137,0,0,845,1,154,0,0,856,0,144,0,0,853,0,147,0,0,856,0,144,0,0,840,0,160,0,0,851,0,149,0,0,854,0,146,0,0,855,0,145,0,0,852,0,148,0,0,843,0,157,0,0,846,0,154,0,0,855,0,145,0,0,852,0,148,0,0,857,0,143,0,0,859,0,141,0,0,846,2,152,0,0,855,0,145,0,0,836,0,164,0,0,848,0,152,0,0,851,0,149,0,0,852,0,148,0,0,842,0,158,0,0,846,0,154,0,0,857,0,143,0,0,851,0,149,0,0,850,0,150,0,0,843,0,157,0,0,846,0,154,0,0,853,0,147,0,0,847,0,153,0,0,855,0,145,0,0,837,0,163,0,0,864,0,136,0,0,852,0,148,0,0,841,0,159,0,0,851,0,149,0,0,863,0,137,0,0,861,0,139,0,0,848,0,152,0,0,854,0,146,0,0,842,0,158,0,0,848,0,152,0,0,854,0,146,0,0,845,0,155,0,0
375,targeted_homosexual,0.2,860,0,140,0,0,846,1,153,0,0,861,0,139,0,0,843,0,157,0,0,855,0,145,0,0,863,0,137,0,0,845,1,154,0,0,856,0,144,0,0,853,0,147,0,0,856,0,144,0,0,840,0,160,0,0,851,0,149,0,0,854,0,146,0,0,855,0,145,0,0,852,0,148,0,0,843,0,157,0,0,846,0,154,0,0,855,0,145,0,0,852,0,148,0,0,857,0,143,0,0,858,1,141,0,0,846,2,152,0,0,855,0,145,0,0,836,0,164,0,0,848,0,152,0,0,851,0,149,0,0,852,0,148,0,0,842,0,158,0,0,846,0,154,0,0,857,0,143,0,0,851,0,149,0,0,850,0,150,0,0,843,0,157,0,0,846,0,154,0,0,853,0,147,0,0,847,0,153,0,0,855,0,145,0,0,837,0,163,0,0,864,0,136,0,0,852,0,148,0,0,841,0,159,0,0,851,0,149,0,0,863,0,137,0,0,861,0,139,0,0,848,0,152,0,0,854,0,146,0,0,842,0,158,0,0,848,0,152,0,0,854,0,146,0,0,845,0,155,0,0
376,targeted_homosexual,0.2,860,0,140,0,0,846,1,153,0,0,861,0,139,0,0,843,0,157,0,0,855,0,145,0,0,863,0,137,0,0,845,1,154,0,0,856,0,144,0,0,853,0,147,0,0,856,0,144,0,0,840,0,160,0,0,851,0,149,0,0,854,0,146,0,0,855,0,145,0,0,852,0,148,0,0,843,0,157,0,0,846,0,154,0,0,855,0,145,0,0,852,0,148,0,0,857,0,143,0,0,858,1,141,0,0,846,2,152,0,0,855,0,145,0,0,836,0,164,0,0,848,0,152,0,0,851,0,149,0,0,852,0,148,0,0,842,0,158,0,0,846,0,154,0,0,857,0,143,0,0,851,0,149,0,0,850,0,150,0,0,843,0,157,0,0,846,0,154,0,0,853,0,147,0,0,847,0,153,0,0,855,0,145,0,0,837,0,163,0,0,864,0,136,0,0,852,0,148,0,0,841,0,159,0,0,851,0,149,0,0,863,0,137,0,0,861,0,139,0,0,848,0,152,0,0,854,0,146,0,0,842,0,158,0,0,848,0,152,0,0,854,0,146,0,0,845,0,155,0,0
377,targeted_homosexual,0.2,860,0,140,0,0,846,1,153,0,0,861,0,139,0,0,843,0,157,0,0,855,0,145,0,0,863,0,137,0,0,845,1,154,0,0,856,0,144,0,0,853,0,147,0,0,856,0,144,0,0,840,0,160,0,0,851,0,149,0,0,854,0,146,0,0,855,0,145,0,0,852,0,148,0,0,843,0,157,0,0,846,0,154,0,0,855,0,145,0,0,852,0,148,0,0,857,0,143,0,0,858,1,141,0,0,846,2,152,0,0,855,0,145,0,0,836,0,164,0,0,848,0,152,0,0,851,0,149,0,0,852,0,148,0,0,842,0,158,0,0,846,0,154,0,0,857,0,143,0,0,851,0,149,0,0,849,1,150,0,0,843,0,157,0,0,846,0,154,0,0,853,0,147,0,0,847,0,153,0,0,855,0,145,0,0,837,0,163,0,0,864,0,136,0,0,852,0,148,0,0,841,0,159,0,0,851,0,149,0,0,863,0,137,0,0,861,0,139,0,0,848,0,152,0,0,854,0,146,0,0,842,0,158,0,0,848,0,152,0,0,854,0,146,0,0,845,0,155,0,0
378,targeted_homosexual,0.2,860,0,140,0,0,846,1,153,0,0,861,0,139,0,0,843,0,157,0,0,855,0,145,0,0,863,0,137,0,0,845,1,154,0,0,856,0,144,0,0,853,0,147,0,0,856,0,144,0,0,840,0,160,0,0,851,0,149,0,0,854,0,146,0,0,855,0,145,0,0,852,0,148,0,0,843,0,157,0,0,846,0,154,0,0,855,0,145,0,0,852,0,148,0,0,857,0,143,0,0,858,1,141,0,0,846,2,152,0,0,855,0,145,0,0,836,0,164,0,0,848,0,152,0,0,851,0,149,0,0,852,0,148,0,0,842,0,158,0,0,846,0,154,0,0,857,0,143,0,0,851,0,149,0,0,849,1,150,0,0,843,0,157,0,0,846,0,154,0,0,853,0,147,0,0,847,0,153,0,0,855,0,145,0,0,837,0,163,0,0,864,0,136,0,0,852,0,148,0,0,841,0,159,0,0,851,0,149,0,0,863,0,137,0,0,861,0,139,0,0,848,0,152,0,0,854,0,146,0,0,842,0,158,0,0,848,0,152,0,0,854,0,146,0,0,845,0,155,0,0
379,targeted_homosexual,0.2,860,0,140,0,0,846,1,153,0,0,861,0,139,0,0,843,0,157,0,0,855,0,145,0,0,863,0,137,0,0,845,1,154,0,0,856,0,144,0,0,853,0,147,0,0,856,0,144,0,0,840,0,160,0,0,851,0,149,0,0,854,0,146,0,0,855,0,145,0,0,852,0,148,0,0,843,0,157,0,0,846,0,154,0,0,855,0,145,0,0,852,0,148,0,0,857,0,143,0,0,858,1,141,0,0,846,2,152,0,0,855,0,145,0,0,836,0,164,0,0,848,0,152,0,0,851,0,149,0,0,852,0,148,0,0,842,0,158,0,0,846,0,154,0,0,857,0,143,0,0,851,0,149,0,0,849,1,150,0,0,843,0,157,0,0,846,0,154,0,0,853,0,147,0,0,847,0,153,0,0,855,0,145,0,0,837,0,163,0,0,864,0,136,0,0,852,0,148,0,0,841,0,159,0,0,851,0,149,0,0,863,0,137,0,0,861,0,139,0,0,848,0,152,0,0,854,0,146,0,0,842,0,158,0,0,848,0,152,0,0,854,0,146,0,0,845,0,155,0,0
380,targeted_homosexual,0.2,860,0,140,0,0,846,1,153,0,0,861,0,139,0,0,843,0,157,0,0,855,0,145,0,0,863,0,137,0,0,845,1,154,0,0,856,0,144,0,0,853,0,147,0,0,856,0,144,0,0,840,0,160,0,0,851,0,149,0,0,854,0,146,0,0,855,0,145,0,0,852,0,148,0,0,843,0,157,0,0,846,0,154,0,0,855,0,145,0,0,852,0,148,0,0,856,1,143,0,0,858,1,141,0,0,846,2,152,0,0,855,0,145,0,0,836,0,164,0,0,848,0,152,0,0,851,0,149,0,0,852,0,148,0,0,842,0,158,0,0,846,0,154,0,0,857,0,143,0,0,850,1,149,0,0,849,1,150,0,0,843,0,157,0,0,846,0,154,0,0,853,0,147,0,0,847,0,153,0,0,855,0,145,0,0,837,0,163,0,0,864,0,136,0,0,852,0,148,0,0,841,0,159,0,0,851,0,149,0,0,863,0,137,0,0,861,0,139,0,0,848,0,152,0,0,854,0,146,0,0,842,0,158,0,0,848,0,152,0,0,854,0,146,0,0,845,0,155,0,0
381,targeted_homosexual,0.2,860,0,140,0,0,846,0,154,0,0,861,0,139,0,0,843,0,157,0,0,855,0,145,0,0,863,0,137,0,0,845,0,155,0,0,856,0,144,0,0,853,0,147,0,0,856,0,144,0,0,840,0,160,0,0,851,0,149,0,0,854,0,146,0,0,855,0,145,0,0,852,0,148,0,0,843,0,157,0,0,846,0,154,0,0,855,0,145,0,0,852,0,148,0,0,856,1,143,0,0,858,1,141,0,0,846,2,152,0,0,855,0,145,0,0,836,0,164,0,0,848,0,152,0,0,851,0,149,0,0,852,0,148,0,0,842,0,158,0,0,846,0,154,0,0,857,0,143,0,0,850,1,149,0,0,849,1,150,0,0,843,0,157,0,0,846,0,154,0,0,853,0,147,0,0,847,0,153,0,0,855,0,145,0,0,837,0,163,0,0,864,0,136,0,0,852,0,148,0,0,841,0,159,0,0,851,0,149,0,0,863,0,137,0,0,861,0,139,0,0,848,0,152,0,0,854,0,146,0,0,842,0,158,0,0,848,0,152,0,0,854,0,146,0,0,845,0,155,0,0
382,targeted_homosexual,0.2,860,0,140,0,0,846,0,154,0,0,861,0,139,0,0,843,0,157,0,0,855,0,145,0,0,863,0,137,0,0,845,0,155,0,0,856,0,144,0,0,853,0,147,0,0,856,0,144,0,0,840,0,160,0,0,851,0,149,0,0,854,0,146,0,0,855,0,145,0,0,852,0,148,0,0,843,0,157,0,0,846,0,154,0,0,855,0,145,0,0,852,0,148,0,0,856,1,143,0,0,858,1,141,0,0,846,2,152,0,0,855,0,145,0,0,836,0,164,0,0,848,0,152,0,0,851,0,149,0,0,852,0,148,0,0,842,0,158,0,0,846,0,154,0,0,857,0,143,0,0,850,1,149,0,0,849,1,150,0,0,843,0,157,0,0,846,0,154,0,0,853,0,147,0,0,847,0,153,0,0,855,0,145,0,0,837,0,163,0,0,864,0,136,0,0,852,0,148,0,0,841,0,159,0,0,851,0,149,0,0,863,0,137,0,0,861,0,139,0,0,848,0,152,0,0,854,0,146,0,0,842,0,158,0,0,848,0,152,0,0,854,0,146,0,0,845,0,155,0,0
383,targeted_homosexual,0.2,860,0,140,0,0,846,0,154,0,0,861,0,139,0,0,843,0,157,0,0,855,0,145,0,0,863,0,137,0,0,845,0,155,0,0,856,0,144,0,0,853,0,147,0,0,856,0,144,0,0,840,0,160,0,0,851,0,149,0,0,854,0,146,0,0,855,0,145,0,0,852,0,148,0,0,843,0,157,0,0,846,0,154,0,0,855,0,145,0,0,852,0,148,0,0,856,1,143,0,0,858,1,141,0,0,846,2,152,0,0,855,0,145,0,0,836,0,164,0,0,848,0,152,0,0,851,0,149,0,0,852,0,148,0,0,842,0,158,0,0,846,0,154,0,0,857,0,143,0,0,850,1,149,0,0,849,1,150,0,0,843,0,157,0,0,846,0,154,0,0,853,0,147,0,0,847,0,153,0,0,855,0,145,0,0,837,0,163,0,0,864,0,136,0,0,852,0,148,0,0,841,0,159,0,0,851,0,149,0,0,863,0,137,0,0,861,0,139,0,0,848,0,152,0,0,854,0,146,0,0,842,0,158,0,0,848,0,152,0,0,853,1,146,0,0,845,0,155,0,0
384,targeted_homosexual,0.2,860,0,140,0,0,846,0,154,0,0,861,0,139,0,0,843,0,157,0,0,855,0,145,0,0,863,0,137,0,0,845,0,155,0,0,856,0,144,0,0,853,0,147,0,0,856,0,144,0,0,840,0,160,0,0,851,0,149,0,0,854,0,146,0,0,855,0,145,0,0,852,0,148,0,0,843,0,157,0,0,846,0,154,0,0,855,0,145,0,0,852,0,148,0,0,856,1,143,0,0,858,1,141,0,0,846,1,153,0,0,855,0,145,0,0,836,0,164,0,0,848,0,152,0,0,851,0,149,0,0,852,0,148,0,0,842,0,158,0,0,846,0,154,0,0,857,0,143,0,0,850,1,149,0,0,849,1,150,0,0,843,0,157,0,0,846,0,154,0,0,853,0,147,0,0,847,0,153,0,0,855,0,145,0,0,837,0,163,0,0,864,0,136,0,0,852,0,148,0,0,841,0,159,0,0,851,0,149,0,0,863,0,137,0,0,861,0,139,0,0,848,0,152,0,0,854,0,146,0,0,842,0,158,0,0,848,0,152,0,0,853,1,146,0,0,845,0,155,0,0
385,targeted_homosexual,0.2,860,0,140,0,0,846,0,154,0,0,861,0,139,0,0,843,0,157,0,0,855,0,145,0,0,863,0,137,0,0,845,0,155,0,0,856,0,144,0,0,853,0,147,0,0,856,0,144,0,0,840,0,160,0,0,851,0,149,0,0,854,0,146,0,0,855,0,145,0,0,852,0,148,0,0,843,0,157,0,0,846,0,154,0,0,855,0,145,0,0,852,0,148,0,0,856,1,143,0,0,858,1,141,0,0,846,1,153,0,0,855,0,145,0,0,836,0,164,0,0,848,0,152,0,0,851,0,149,0,0,852,0,148,0,0,842,0,158,0,0,846,0,154,0,0,857,0,143,0,0,850,1,149,0,0,849,1,150,0,0,843,0,157,0,0,846,0,154,0,0,853,0,147,0,0,847,0,153,0,0,855,0,145,0,0,837,0,163,0,0,864,0,136,0,0,852,0,148,0,0,841,0,159,0,0,851,0,149,0,0,863,0,137,0,0,861,0,139,0,0,848,0,152,0,0,854,0,146,0,0,842,0,158,0,0,848,0,152,0,0,853,1,146,0,0,845,0,155,0,0
386,targeted_homosexual,0.2,860,0,140,0,0,846,0,154,0,0,861,0,139,0,0,843,0,157,0,0,855,0,145,0,0,863,0,137,0,0,845,0,155,0,0,856,0,144,0,0,853,0,147,0,0,856,0,144,0,0,840,0,160,0,0,851,0,149,0,0,854,0,146,0,0,855,0,145,0,0,852,0,148,0,0,843,0,157,0,0,846,0,154,0,0,855,0,145,0,0,852,0,148,0,0,856,1,143,0,0,858,1,141,0,0,846,1,153,0,0,855,0,145,0,0,836,0,164,0,0,848,0,152,0,0,851,0,149,0,0,852,0,148,0,0,842,0,158,0,0,846,0,154,0,0,857,0,143,0,0,850,1,149,0,0,849,1,150,0,0,843,0,157,0,0,846,0,154,0,0,853,0,147,0,0,847,0,153,0,0,855,0,145,0,0,837,0,163,0,0,864,0,136,0,0,852,0,148,0,0,841,0,159,0,0,851,0,149,0,0,863,0,137,0,0,861,0,139,0,0,848,0,152,0,0,854,0,146,0,0,842,0,158,0,0,848,0,152,0,0,853,1,146,0,0,845,0,155,0,0
387,targeted_homosexual,0.2,860,0,140,0,0,846,0,154,0,0,861,0,139,0,0,843,0,157,0,0,855,0,145,0,0,863,0,137,0,0,845,0,155,0,0,856,0,144,0,0,853,0,147,0,0,856,0,144,0,0,840,0,160,0,0,851,0,149,0,0,854,0,146,0,0,855,0,145,0,0,852,0,148,0,0,843,0,157,0,0,846,0,154,0,0,855,0,145,0,0,852,0,148,0,0,856,1,143,0,0,858,1,141,0,0,846,0,154,0,0,855,0,145,0,0,836,0,164,0,0,848,0,152,0,0,851,0,149,0,0,852,0,148,0,0,842,0,158,0,0,846,0,154,0,0,857,0,143,0,0,850,1,149,0,0,849,1,150,0,0,842,1,157,0,0,846,0,154,0,0,853,0,147,0,0,847,0,153,0,0,855,0,145,0,0,837,0,163,0,0,864,0,136,0,0,852,0,148,0,0,841,0,159,0,0,851,0,149,0,0,863,0,137,0,0,861,0,139,0,0,848,0,152,0,0,854,0,146,0,0,842,0,158,0,0,848,0,152,0,0,853,1,146,0,0,845,0,155,0,0
388,targeted_homosexual,0.2,860,0,140,0,0,846,0,154,0,0,861,0,139,0,0,843,0,157,0,0,855,0,145,0,0,863,0,137,0,0,845,0,155,0,0,856,0,144,0,0,853,0,147,0,0,856,0,144,0,0,840,0,160,0,0,851,0,149,0,0,854,0,146,0,0,855,0,145,0,0,852,0,148,0,0,843,0,157,0,0,846,0,154,0,0,855,0,145,0,0,852,0,148,0,0,856,1,143,0,0,858,0,142,0,0,846,0,154,0,0,855,0,145,0,0,836,0,164,0,0,848,0,152,0,0,851,0,149,0,0,852,0,148,0,0,842,0,158,0,0,846,0,154,0,0,857,0,143,0,0,850,1,149,0,0,849,1,150,0,0,842,1,157,0,0,846,0,154,0,0,853,0,147,0,0,847,0,153,0,0,855,0,145,0,0,837,0,163,0,0,864,0,136,0,0,852,0,148,0,0,841,0,159,0,0,851,0,149,0,0,863,0,137,0,0,861,0,139,0,0,848,0,152,0,0,854,0,146,0,0,842,0,158,0,0,848,0,152,0,0,853,1,146,0,0,845,0,155,0,0
389,targeted_homosexual,0.2,860,0,140,0,0,846,0,154,0,0,861,0,139,0,0,843,0,157,0,0,855,0,145,0,0,863,0,137,0,0,845,0,155,0,0,856,0,144,0,0,853,0,147,0,0,856,0,144,0,0,840,0,160,0,0,851,0,149,0,0,854,0,146,0,0,855,0,145,0,0,852,0,148,0,0,843,0,157,0,0,846,0,154,0,0,855,0,145,0,0,852,0,148,0,0,856,1,143,0,0,858,0,142,0,0,846,0,154,0,0,855,0,145,0,0,836,0,164,0,0,848,0,152,0,0,851,0,149,0,0,852,0,148,0,0,842,0,158,0,0,846,0,154,0,0,857,0,143,0,0,850,1,149,0,0,849,1,150,0,0,842,1,157,0,0,846,0,154,0,0,853,0,147,0,0,847,0,153,0,0,855,0,145,0,0,837,0,163,0,0,864,0,136,0,0,852,0,148,0,0,841,0,159,0,0,851,0,149,0,0,863,0,137,0,0,861,0,139,0,0,848,0,152,0,0,854,0,146,0,0,842,0,158,0,0,848,0,152,0,0,853,1,146,0,0,845,0,155,0,0
390,targeted_homosexual,0.2,860,0,140,0,0,846,0,154,0,0,861,0,139,0,0,843,0,157,0,0,855,0,145,0,0,863,0,137,0,0,845,0,155,0,0,856,0,144,0,0,853,0,147,0,0,856,0,144,0,0,840,0,160,0,0,851,0,149,0,0,854,0,146,0,0,855,0,145,0,0,852,0,148,0,0,843,0,157,0,0,846,0,154,0,0,855,0,145,0,0,852,0,148,0,0,856,1,143,0,0,858,0,142,0,0,846,0,154,0,0,855,0,145,0,0,836,0,164,0,0,848,0,152,0,0,851,0,149,0,0,852,0,148,0,0,842,0,158,0,0,846,0,154,0,0,857,0,143,0,0,850,1,149,0,0,849,0,151,0,0,842,1,157,0,0,846,0,154,0,0,853,0,147,0,0,847,0,153,0,0,855,0,145,0,0,837,0,163,0,0,864,0,136,0,0,852,0,148,0,0,841,0,159,0,0,851,0,149,0,0,863,0,137,0,0,861,0,139,0,0,848,0,152,0,0,854,0,146,0,0,842,0,158,0,0,848,0,152,0,0,853,1,146,0,0,845,0,155,0,0
391,targeted_homosexual,0.2,860,0,140,0,0,846,0,154,0,0,861,0,139,0,0,843,0,157,0,0,855,0,145,0,0,863,0,137,0,0,845,0,155,0,0,856,0,144,0,0,853,0,147,0,0,856,0,144,0,0,840,0,160,0,0,851,0,149,0,0,854,0,146,0,0,855,0,145,0,0,852,0,148,0,0,843,0,157,0,0,846,0,154,0,0,855,0,145,0,0,852,0,148,0,0,856,1,143,0,0,858,0,142,0,0,846,0,154,0,0,855,0,145,0,0,836,0,164,0,0,848,0,152,0,0,851,0,149,0,0,852,0,148,0,0,842,0,158,0,0,846,0,154,0,0,857,0,143,0,0,850,1,149,0,0,849,0,151,0,0,842,1,157,0,0,846,0,154,0,0,853,0,147,0,0,847,0,153,0,0,855,0,145,0,0,837,0,163,0,0,864,0,136,0,0,852,0,148,0,0,841,0,159,0,0,851,0,149,0,0,863,0,137,0,0,861,0,139,0,0,848,0,152,0,0,854,0,146,0,0,842,0,158,0,0,848,0,152,0,0,853,1,146,0,0,845,0,155,0,0
392,targeted_homosexual,0.2,860,0,140,0,0,845,1,154,0,0,861,0,139,0,0,843,0,157,0,0,855,0,145,0,0,863,0,137,0,0,845,0,155,0,0,856,0,144,0,0,853,0,147,0,0,856,0,144,0,0,840,0,160,0,0,851,0,149,0,0,854,0,146,0,0,855,0,145,0,0,852,0,148,0,0,843,0,157,0,0,846,0,154,0,0,855,0,145,0,0,852,0,148,0,0,856,1,143,0,0,858,0,142,0,0,846,0,154,0,0,855,0,145,0,0,836,0,164,0,0,848,0,152,0,0,851,0,149,0,0,852,0,148,0,0,842,0,158,0,0,846,0,154,0,0,857,0,143,0,0,850,1,149,0,0,849,0,151,0,0,842,1,157,0,0,846,0,154,0,0,853,0,147,0,0,847,0,153,0,0,855,0,145,0,0,837,0,163,0,0,864,0,136,0,0,852,0,148,0,0,841,0,159,0,0,851,0,149,0,0,863,0,137,0,0,861,0,139,0,0,848,0,152,0,0,854,0,146,0,0,842,0,158,0,0,848,0,152,0,0,853,1,146,0,0,845,0,155,0,0
393,targeted_homosexual,0.2,860,0,140,0,0,845,1,154,0,0,861,0,139,0,0,843,0,157,0,0,855,0,145,0,0,863,0,137,0,0,845,0,155,0,0,856,0,144,0,0,853,0,147,0,0,856,0,144,0,0,840,0,160,0,0,851,0,149,0,0,854,0,146,0,0,855,0,145,0,0,852,0,148,0,0,843,0,157,0,0,846,0,154,0,0,855,0,145,0,0,852,0,148,0,0,856,0,144,0,0,858,0,142,0,0,846,0,154,0,0,855,0,145,0,0,836,0,164,0,0,848,0,152,0,0,851,0,149,0,0,852,0,148,0,0,842,0,158,0,0,846,0,154,0,0,857,0,143,0,0,850,0,150,0,0,849,0,151,0,0,842,1,157,0,0,846,0,154,0,0,853,0,147,0,0,847,0,153,0,0,855,0,145,0,0,837,0,163,0,0,864,0,136,0,0,852,0,148,0,0,841,0,159,0,0,851,0,149,0,0,863,0,137,0,0,861,0,139,0,0,848,0,152,0,0,854,0,146,0,0,842,0,158,0,0,848,0,152,0,0,853,1,146,0,0,845,0,155,0,0
394,targeted_homosexual,0.2,860,0,140,0,0,845,1,154,0,0,861,0,139,0,0,843,0,157,0,0,855,0,145,0,0,863,0,137,0,0,845,0,155,0,0,856,0,144,0,0,853,0,147,0,0,856,0,144,0,0,840,0,160,0,0,851,0,149,0,0,854,0,146,0,0,855,0,145,0,0,852,0,148,0,0,843,0,157,0,0,846,0,154,0,0,855,0,145,0,0,852,0,148,0,0,856,0,144,0,0,858,0,142,0,0,846,0,154,0,0,855,0,145,0,0,836,0,164,0,0,848,0,152,0,0,851,0,149,0,0,852,0,148,0,0,842,0,158,0,0,846,0,154,0,0,857,0,143,0,0,850,0,150,0,0,849,0,151,0,0,842,1,157,0,0,846,0,154,0,0,853,0,147,0,0,847,0,153,0,0,855,0,145,0,0,837,0,163,0,0,864,0,136,0,0,852,0,148,0,0,841,0,159,0,0,851,0,149,0,0,863,0,137,0,0,861,0,139,0,0,848,0,152,0,0,854,0,146,0,0,842,0,158,0,0,848,0,152,0,0,853,1,146,0,0,845,0,155,0,0
395,targeted_homosexual,0.2,860,0,140,0,0,845,1,154,0,0,861,0,139,0,0,843,0,157,0,0,855,0,145,0,0,863,0,137,0,0,845,0,155,0,0,856,0,144,0,0,853,0,147,0,0,856,0,144,0,0,840,0,160,0,0,851,0,149,0,0,854,0,146,0,0,855,0,145,0,0,852,0,148,0,0,843,0,157,0,0,846,0,154,0,0,855,0,145,0,0,852,0,148,0,0,856,0,144,0,0,858,0,142,0,0,846,0,154,0,0,855,0,145,0,0,836,0,164,0,0,848,0,152,0,0,851,0,149,0,0,852,0,148,0,0,842,0,158,0,0,846,0,154,0,0,857,0,143,0,0,850,0,150,0,0,849,0,151,0,0,842,1,157,0,0,846,0,154,0,0,853,0,147,0,0,847,0,153,0,0,855,0,145,0,0,837,0,163,0,0,864,0,136,0,0,852,0,148,0,0,841,0,159,0,0,851,0,149,0,0,863,0,137,0,0,861,0,139,0,0,848,0,152,0,0,854,0,146,0,0,842,0,158,0,0,848,0,152,0,0,853,1,146,0,0,845,0,155,0,0
396,targeted_homosexual,0.2,860,0,140,0,0,845,1,154,0,0,861,0,139,0,0,843,0,157,0,0,855,0,145,0,0,863,0,137,0,0,845,0,155,0,0,856,0,144,0,0,853,0,147,0,0,856,0,144,0,0,840,0,160,0,0,851,0,149,0,0,854,0,146,0,0,855,0,145,0,0,852,0,148,0,0,843,0,157,0,0,846,0,154,0,0,855,0,145,0,0,852,0,148,0,0,856,0,144,0,0,858,0,142,0,0,846,0,154,0,0,855,0,145,0,0,836,0,164,0,0,848,0,152,0,0,851,0,149,0,0,852,0,148,0,0,842,0,158,0,0,846,0,154,0,0,857,0,143,0,0,850,0,150,0,0,849,0,151,0,0,842,1,157,0,0,846,0,154,0,0,853,0,147,0,0,847,0,153,0,0,855,0,145,0,0,837,0,163,0,0,864,0,136,0,0,852,0,148,0,0,841,0,159,0,0,851,0,149,0,0,863,0,137,0,0,861,0,139,0,0,848,0,152,0,0,854,0,146,0,0,842,0,158,0,0,848,0,152,0,0,853,0,147,0,0,845,0,155,0,0
397,targeted_homosexual,0.2,860,0,140,0,0,845,1,154,0,0,861,0,139,0,0,843,0,157,0,0,855,0,145,0,0,863,0,137,0,0,845,0,155,0,0,856,0,144,0,0,853,0,147,0,0,856,0,144,0,0,840,0,160,0,0,851,0,149,0,0,854,0,146,0,0,855,0,145,0,0,852,0,148,0,0,843,0,157,0,0,846,0,154,0,0,855,0,145,0,0,852,0,148,0,0,856,0,144,0,0,858,0,142,0,0,846,0,154,0,0,855,0,145,0,0,836,0,164,0,0,848,0,152,0,0,851,0,149,0,0,852,0,148,0,0,842,0,158,0,0,846,0,154,0,0,857,0,143,0,0,850,0,150,0,0,849,0,151,0,0,842,1,157,0,0,846,0,154,0,0,853,0,147,0,0,847,0,153,0,0,855,0,145,0,0,837,0,163,0,0,864,0,136,0,0,852,0,148,0,0,841,0,159,0,0,851,0,149,0,0,863,0,137,0,0,861,0,139,0,0,848,0,152,0,0,854,0,146,0,0,842,0,158,0,0,848,0,152,0,0,853,0,147,0,0,845,0,155,0,0
398,targeted_homosexual,0.2,860,0,140,0,0,845,1,154,0,0,861,0,139,0,0,843,0,157,0,0,855,0,145,0,0,863,0,137,0,0,845,0,155,0,0,856,0,144,0,0,853,0,147,0,0,856,0,144,0,0,840,0,160,0,0,851,0,149,0,0,854,0,146,0,0,855,0,145,0,0,852,0,148,0,0,843,0,157,0,0,846,0,154,0,0,855,0,145,0,0,852,0,148,0,0,856,0,144,0,0,858,0,142,0,0,846,0,154,0,0,855,0,145,0,0,836,0,164,0,0,848,0,152,0,0,851,0,149,0,0,852,0,148,0,0,842,0,158,0,0,846,0,154,0,0,857,0,143,0,0,850,0,150,0,0,849,0,151,0,0,842,1,157,0,0,846,0,154,0,0,853,0,147,0,0,847,0,153,0,0,855,0,145,0,0,837,0,163,0,0,864,0,136,0,0,852,0,148,0,0,841,0,159,0,0,851,0,149,0,0,863,0,137,0,0,861,0,139,0,0,848,0,152,0,0,854,0,146,0,0,842,0,158,0,0,848,0,152,0,0,853,0,147,0,0,845,0,155,0,0
399,targeted_homosexual,0.2,860,0,140,0,0,845,1,154,0,0,861,0,139,0,0,843,0,157,0,0,855,0,145,0,0,863,0,137,0,0,845,0,155,0,0,856,0,144,0,0,853,0,147,0,0,856,0,144,0,0,840,0,160,0,0,851,0,149,0,0,854,0,146,0,0,855,0,145,0,0,852,0,148,0,0,843,0,157,0,0,846,0,154,0,0,855,0,145,0,0,852,0,148,0,0,856,0,144,0,0,858,0,142,0,0,846,0,154,0,0,855,0,145,0,0,836,0,164,0,0,848,0,152,0,0,851,0,149,0,0,852,0,148,0,0,842,0,158,0,0,846,0,154,0,0,857,0,143,0,0,850,0,150,0,0,849,0,151,0,0,842,1,157,0,0,846,0,154,0,0,853,0,147,0,0,847,0,153,0,0,855,0,145,0,0,837,0,163,0,0,864,0,136,0,0,852,0,148,0,0,841,0,159,0,0,851,0,149,0,0,863,0,137,0,0,861,0,139,0,0,848,0,152,0,0,854,0,146,0,0,842,0,158,0,0,848,0,152,0,0,853,0,147,0,0,845,0,155,0,0
400,targeted_homosexual,0.2,860,0,140,0,0,845,1,154,0,0,861,0,139,0,0,843,0,157,0,0,855,0,145,0,0,863,0,137,0,0,845,0,155,0,0,856,0,144,0,0,853,0,147,0,0,856,0,144,0,0,840,0,160,0,0,851,0,149,0,0,854,0,146,0,0,855,0,145,0,0,852,0,148,0,0,842,1,157,0,0,846,0,154,0,0,855,0,145,0,0,852,0,148,0,0,856,0,144,0,0,858,0,142,0,0,846,0,154,0,0,855,0,145,0,0,836,0,164,0,0,848,0,152,0,0,851,0,149,0,0,852,0,148,0,0,842,0,158,0,0,846,0,154,0,0,857,0,143,0,0,850,0,150,0,0,849,0,151,0,0,842,0,158,0,0,846,0,154,0,0,853,0,147,0,0,847,0,153,0,0,855,0,145,0,0,837,0,163,0,0,864,0,136,0,0,852,0,148,0,0,841,0,159,0,0,851,0,149,0,0,863,0,137,0,0,861,0,139,0,0,848,0,152,0,0,854,0,146,0,0,842,0,158,0,0,848,0,152,0,0,853,0,147,0,0,845,0,155,0,0
401,targeted_homosexual,0.2,860,0,140,0,0,845,1,154,0,0,861,0,139,0,0,843,0,157,0,0,855,0,145,0,0,863,0,137,0,0,845,0,155,0,0,856,0,144,0,0,853,0,147,0,0,856,0,144,0,0,840,0,160,0,0,851,0,149,0,0,854,0,146,0,0,855,0,145,0,0,852,0,148,0,0,842,1,157,0,0,846,0,154,0,0,855,0,145,0,0,852,0,148,0,0,856,0,144,0,0,858,0,142,0,0,846,0,154,0,0,855,0,145,0,0,836,0,164,0,0,848,0,152,0,0,851,0,149,0,0,852,0,148,0,0,842,0,158,0,0,846,0,154,0,0,857,0,143,0,0,850,0,150,0,0,849,0,151,0,0,842,0,158,0,0,846,0,154,0,0,853,0,147,0,0,847,0,153,0,0,855,0,145,0,0,837,0,163,0,0,864,0,136,0,0,852,0,148,0,0,840,1,159,0,0,851,0,149,0,0,863,0,137,0,0,861,0,139,0,0,848,0,152,0,0,854,0,146,0,0,842,0,158,0,0,848,0,152,0,0,853,0,147,0,0,845,0,155,0,0
402,targeted_homosexual,0.2,860,0,140,0,0,845,1,154,0,0,861,0,139,0,0,843,0,157,0,0,855,0,145,0,0,863,0,137,0,0,845,0,155,0,0,856,0,144,0,0,853,0,147,0,0,856,0,144,0,0,840,0,160,0,0,851,0,149,0,0,854,0,146,0,0,855,0,145,0,0,852,0,148,0,0,842,1,157,0,0,846,0,154,0,0,855,0,145,0,0,852,0,148,0,0,856,0,144,0,0,858,0,142,0,0,846,0,154,0,0,855,0,145,0,0,836,0,164,0,0,848,0,152,0,0,851,0,149,0,0,852,0,148,0,0,842,0,158,0,0,846,0,154,0,0,857,0,143,0,0,850,0,150,0,0,849,0,151,0,0,842,0,158,0,0,846,0,154,0,0,853,0,147,0,0,847,0,153,0,0,855,0,145,0,0,837,0,163,0,0,864,0,136,0,0,852,0,148,0,0,840,1,159,0,0,851,0,149,0,0,863,0,137,0,0,861,0,139,0,0,848,0,152,0,0,854,0,146,0,0,842,0,158,0,0,848,0,152,0,0,853,0,147,0,0,845,0,155,0,0
403,targeted_homosexual,0.2,860,0,140,0,0,845,1,154,0,0,861,0,139,0,0,843,0,157,0,0,855,0,145,0,0,863,0,137,0,0,845,0,155,0,0,856,0,144,0,0,853,0,147,0,0,856,0,144,0,0,840,0,160,0,0,851,0,149,0,0,854,0,146,0,0,855,0,145,0,0,852,0,148,0,0,842,1,157,0,0,846,0,154,0,0,855,0,145,0,0,851,1,148,0,0,856,0,144,0,0,858,0,142,0,0,846,0,154,0,0,855,0,145,0,0,836,0,164,0,0,848,0,152,0,0,850,1,149,0,0,852,0,148,0,0,842,0,158,0,0,846,0,154,0,0,857,0,143,0,0,850,0,150,0,0,849,0,151,0,0,842,0,158,0,0,846,0,154,0,0,853,0,147,0,0,847,0,153,0,0,855,0,145,0,0,837,0,163,0,0,864,0,136,0,0,852,0,148,0,0,840,1,159,0,0,851,0,149,0,0,863,0,137,0,0,861,0,139,0,0,848,0,152,0,0,854,0,146,0,0,842,0,158,0,0,848,0,152,0,0,853,0,147,0,0,845,0,155,0,0
404,targeted_homosexual,0.2,860,0,140,0,0,845,1,154,0,0,861,0,139,0,0,843,0,157,0,0,855,0,145,0,0,863,0,137,0,0,845,0,155,0,0,856,0,144,0,0,853,0,147,0,0,856,0,144,0,0,840,0,160,0,0,851,0,149,0,0,854,0,146,0,0,855,0,145,0,0,852,0,148,0,0,842,1,157,0,0,846,0,154,0,0,855,0,145,0,0,851,1,148,0,0,856,0,144,0,0,858,0,142,0,0,846,0,154,0,0,855,0,145,0,0,836,0,164,0,0,848,0,152,0,0,850,1,149,0,0,852,0,148,0,0,842,0,158,0,0,846,0,154,0,0,857,0,143,0,0,850,0,150,0,0,849,0,151,0,0,842,0,158,0,0,846,0,154,0,0,853,0,147,0,0,847,0,153,0,0,855,0,145,0,0,837,0,163,0,0,864,0,136,0,0,852,0,148,0,0,840,1,159,0,0,851,0,149,0,0,863,0,137,0,0,861,0,139,0,0,848,0,152,0,0,854,0,146,0,0,842,0,158,0,0,848,0,152,0,0,853,0,147,0,0,845,0,155,0,0
405,targeted_homosexual,0.2,860,0,140,0,0,845,0,155,0,0,861,0,139,0,0,843,0,157,0,0,855,0,145,0,0,863,0,137,0,0,845,0,155,0,0,856,0,144,0,0,853,0,147,0,0,856,0,144,0,0,840,0,160,0,0,851,0,149,0,0,854,0,146,0,0,855,0,145,0,0,852,0,148,0,0,842,1,157,0,0,846,0,154,0,0,855,0,145,0,0,851,1,148,0,0,856,0,144,0,0,858,0,142,0,0,846,0,154,0,0,855,0,145,0,0,836,0,164,0,0,848,0,152,0,0,850,1,149,0,0,852,0,148,0,0,842,0,158,0,0,846,0,154,0,0,857,0,143,0,0,850,0,150,0,0,849,0,151,0,0,842,0,158,0,0,846,0,154,0,0,853,0,147,0,0,847,0,153,0,0,855,0,145,0,0,837,0,163,0,0,864,0,136,0,0,852,0,148,0,0,840,1,159,0,0,851,0,149,0,0,863,0,137,0,0,861,0,139,0,0,848,0,152,0,0,854,0,146,0,0,842,0,158,0,0,848,0,152,0,0,853,0,147,0,0,845,0,155,0,0
406,targeted_homosexual,0.2,860,0,140,0,0,845,0,155,0,0,861,0,139,0,0,843,0,157,0,0,855,0,145,0,0,863,0,137,0,0,845,0,155,0,0,856,0,144,0,0,853,0,147,0,0,856,0,144,0,0,840,0,160,0,0,851,0,149,0,0,854,0,146,0,0,855,0,145,0,0,852,0,148,0,0,842,1,157,0,0,846,0,154,0,0,855,0,145,0,0,851,1,148,0,0,856,0,144,0,0,858,0,142,0,0,846,0,154,0,0,855,0,145,0,0,836,0,164,0,0,848,0,152,0,0,850,1,149,0,0,852,0,148,0,0,842,0,158,0,0,846,0,154,0,0,857,0,143,0,0,850,0,150,0,0,849,0,151,0,0,842,0,158,0,0,846,0,154,0,0,853,0,147,0,0,847,0,153,0,0,855,0,145,0,0,837,0,163,0,0,864,0,136,0,0,852,0,148,0,0,840,1,159,0,0,851,0,149,0,0,863,0,137,0,0,861,0,139,0,0,848,0,152,0,0,854,0,146,0,0,842,0,158,0,0,848,0,152,0,0,853,0,147,0,0,845,0,155,0,0
407,targeted_homosexual,0.2,860,0,140,0,0,845,0,155,0,0,861,0,139,0,0,843,0,157,0,0,855,0,145,0,0,863,0,137,0,0,845,0,155,0,0,856,0,144,0,0,853,0,147,0,0,855,1,144,0,0,840,0,160,0,0,851,0,149,0,0,854,0,146,0,0,855,0,145,0,0,852,0,148,0,0,842,1,157,0,0,846,0,154,0,0,855,0,145,0,0,851,1,148,0,0,856,0,144,0,0,858,0,142,0,0,846,0,154,0,0,855,0,145,0,0,836,0,164,0,0,848,0,152,0,0,850,1,149,0,0,852,0,148,0,0,842,0,158,0,0,846,0,154,0,0,857,0,143,0,0,850,0,150,0,0,849,0,151,0,0,842,0,158,0,0,846,0,154,0,0,853,0,147,0,0,847,0,153,0,0,855,0,145,0,0,837,0,163,0,0,864,0,136,0,0,852,0,148,0,0,840,1,159,0,0,851,0,149,0,0,863,0,137,0,0,861,0,139,0,0,848,0,152,0,0,854,0,146,0,0,842,0,158,0,0,848,0,152,0,0,853,0,147,0,0,845,0,155,0,0
408,targeted_homosexual,0.2,860,0,140,0,0,845,0,155,0,0,861,0,139,0,0,843,0,157,0,0,855,0,145,0,0,863,0,137,0,0,845,0,155,0,0,856,0,144,0,0,853,0,147,0,0,855,1,144,0,0,840,0,160,0,0,851,0,149,0,0,854,0,146,0,0,855,0,145,0,0,852,0,148,0,0,842,1,157,0,0,846,0,154,0,0,855,0,145,0,0,851,1,148,0,0,856,0,144,0,0,858,0,142,0,0,846,0,154,0,0,855,0,145,0,0,836,0,164,0,0,848,0,152,0,0,850,1,149,0,0,852,0,148,0,0,842,0,158,0,0,846,0,154,0,0,857,0,143,0,0,850,0,150,0,0,849,0,151,0,0,842,0,158,0,0,846,0,154,0,0,853,0,147,0,0,847,0,153,0,0,855,0,145,0,0,837,0,163,0,0,864,0,136,0,0,852,0,148,0,0,840,1,159,0,0,851,0,149,0,0,863,0,137,0,0,861,0,139,0,0,848,0,152,0,0,854,0,146,0,0,842,0,158,0,0,848,0,152,0,0,853,0,147,0,0,845,0,155,0,0
409,targeted_homosexual,0.2,860,0,140,0,0,845,0,155,0,0,861,0,139,0,0,843,0,157,0,0,855,0,145,0,0,863,0,137,0,0,845,0,155,0,0,856,0,144,0,0,853,0,147,0,0,855,1,144,0,0,840,0,160,0,0,851,0,149,0,0,854,0,146,0,0,855,0,145,0,0,852,0,148,0,0,842,1,157,0,0,846,0,154,0,0,855,0,145,0,0,851,1,148,0,0,856,0,144,0,0,858,0,142,0,0,846,0,154,0,0,855,0,145,0,0,836,0,164,0,0,848,0,152,0,0,850,1,149,0,0,852,0,148,0,0,842,0,158,0,0,846,0,154,0,0,857,0,143,0,0,850,0,150,0,0,849,0,151,0,0,842,0,158,0,0,846,0,154,0,0,853,0,147,0,0,847,0,153,0,0,855,0,145,0,0,837,0,163,0,0,864,0,136,0,0,852,0,148,0,0,840,1,159,0,0,851,0,149,0,0,863,0,137,0,0,861,0,139,0,0,848,0,152,0,0,854,0,146,0,0,842,0,158,0,0,848,0,152,0,0,853,0,147,0,0,845,0,155,0,0
410,targeted_homosexual,0.2,860,0,140,0,0,845,0,155,0,0,861,0,139,0,0,843,0,157,0,0,855,0,145,0,0,863,0,137,0,0,845,0,155,0,0,856,0,144,0,0,853,0,147,0,0,855,1,144,0,0,840,0,160,0,0,851,0,149,0,0,854,0,146,0,0,855,0,145,0,0,852,0,148,0,0,842,1,157,0,0,846,0,154,0,0,855,0,145,0,0,851,1,148,0,0,856,0,144,0,0,858,0,142,0,0,846,0,154,0,0,855,0,145,0,0,836,0,164,0,0,848,0,152,0,0,850,1,149,0,0,852,0,148,0,0,842,0,158,0,0,846,0,154,0,0,857,0,143,0,0,850,0,150,0,0,849,0,151,0,0,842,0,158,0,0,846,0,154,0,0,853,0,147,0,0,847,0,153,0,0,855,0,145,0,0,837,0,163,0,0,864,0,136,0,0,852,0,148,0,0,840,1,159,0,0,851,0,149,0,0,863,0,137,0,0,861,0,139,0,0,848,0,152,0,0,854,0,146,0,0,842,0,158,0,0,848,0,152,0,0,853,0,147,0,0,845,0,155,0,0
411,targeted_homosexual,0.2,860,0,140,0,0,845,0,155,0,0,861,0,139,0,0,843,0,157,0,0,855,0,145,0,0,863,0,137,0,0,845,0,155,0,0,856,0,144,0,0,853,0,147,0,0,855,1,144,0,0,840,0,160,0,0,851,0,149,0,0,854,0,146,0,0,855,0,145,0,0,852,0,148,0,0,842,1,157,0,0,846,0,154,0,0,855,0,145,0,0,851,1,148,0,0,856,0,144,0,0,858,0,142,0,0,846,0,154,0,0,855,0,145,0,0,836,0,164,0,0,848,0,152,0,0,850,1,149,0,0,852,0,148,0,0,842,0,158,0,0,846,0,154,0,0,857,0,143,0,0,850,0,150,0,0,849,0,151,0,0,842,0,158,0,0,846,0,154,0,0,853,0,147,0,0,847,0,153,0,0,855,0,145,0,0,837,0,163,0,0,864,0,136,0,0,852,0,148,0,0,840,1,159,0,0,851,0,149,0,0,863,0,137,0,0,861,0,139,0,0,848,0,152,0,0,854,0,146,0,0,842,0,158,0,0,848,0,152,0,0,853,0,147,0,0,845,0,155,0,0
412,targeted_homosexual,0.2,860,0,140,0,0,845,0,155,0,0,861,0,139,0,0,843,0,157,0,0,855,0,145,0,0,863,0,137,0,0,845,0,155,0,0,856,0,144,0,0,853,0,147,0,0,855,1,144,0,0,840,0,160,0,0,851,0,149,0,0,854,0,146,0,0,855,0,145,0,0,852,0,148,0,0,842,1,157,0,0,846,0,154,0,0,855,0,145,0,0,851,1,148,0,0,856,0,144,0,0,858,0,142,0,0,846,0,154,0,0,855,0,145,0,0,836,0,164,0,0,848,0,152,0,0,850,1,149,0,0,852,0,148,0,0,842,0,158,0,0,846,0,154,0,0,857,0,143,0,0,850,0,150,0,0,849,0,151,0,0,842,0,158,0,0,846,0,154,0,0,853,0,147,0,0,847,0,153,0,0,855,0,145,0,0,837,0,163,0,0,864,0,136,0,0,852,0,148,0,0,840,1,159,0,0,851,0,149,0,0,863,0,137,0,0,861,0,139,0,0,848,0,152,0,0,854,0,146,0,0,842,0,158,0,0,848,0,152,0,0,853,0,147,0,0,845,0,155,0,0
413,targeted_homosexual,0.2,860,0,140,0,0,845,0,155,0,0,861,0,139,0,0,843,0,157,0,0,855,0,145,0,0,863,0,137,0,0,845,0,155,0,0,856,0,144,0,0,853,0,147,0,0,855,1,144,0,0,840,0,160,0,0,851,0,149,0,0,854,0,146,0,0,855,0,145,0,0,852,0,148,0,0,842,0,158,0,0,846,0,154,0,0,855,0,145,0,0,851,1,148,0,0,856,0,144,0,0,858,0,142,0,0,846,0,154,0,0,855,0,145,0,0,836,0,164,0,0,848,0,152,0,0,850,1,149,0,0,852,0,148,0,0,842,0,158,0,0,846,0,154,0,0,857,0,143,0,0,850,0,150,0,0,849,0,151,0,0,842,0,158,0,0,846,0,154,0,0,853,0,147,0,0,847,0,153,0,0,855,0,145,0,0,837,0,163,0,0,864,0,136,0,0,852,0,148,0,0,840,1,159,0,0,851,0,149,0,0,863,0,137,0,0,861,0,139,0,0,848,0,152,0,0,854,0,146,0,0,842,0,158,0,0,848,0,152,0,0,853,0,147,0,0,845,0,155,0,0
414,targeted_homosexual,0.2,860,0,140,0,0,845,0,155,0,0,861,0,139,0,0,843,0,157,0,0,855,0,145,0,0,863,0,137,0,0,845,0,155,0,0,856,0,144,0,0,853,0,147,0,0,855,1,144,0,0,840,0,160,0,0,851,0,149,0,0,854,0,146,0,0,855,0,145,0,0,852,0,148,0,0,842,0,158,0,0,846,0,154,0,0,855,0,145,0,0,851,1,148,0,0,856,0,144,0,0,858,0,142,0,0,846,0,154,0,0,855,0,145,0,0,836,0,164,0,0,848,0,152,0,0,850,1,149,0,0,852,0,148,0,0,842,0,158,0,0,846,0,154,0,0,857,0,143,0,0,850,0,150,0,0,849,0,151,0,0,842,0,158,0,0,846,0,154,0,0,853,0,147,0,0,847,0,153,0,0,854,1,145,0,0,837,0,163,0,0,864,0,136,0,0,852,0,148,0,0,840,0,160,0,0,851,0,149,0,0,863,0,137,0,0,861,0,139,0,0,848,0,152,0,0,854,0,146,0,0,842,0,158,0,0,848,0,152,0,0,853,0,147,0,0,845,0,155,0,0
415,targeted_homosexual,0.2,860,0,140,0,0,845,0,155,0,0,861,0,139,0,0,843,0,157,0,0,855,0,145,0,0,863,0,137,0,0,845,0,155,0,0,856,0,144,0,0,853,0,147,0,0,855,1,144,0,0,840,0,160,0,0,851,0,149,0,0,854,0,146,0,0,855,0,145,0,0,852,0,148,0,0,842,0,158,0,0,846,0,154,0,0,855,0,145,0,0,851,1,148,0,0,856,0,144,0,0,858,0,142,0,0,846,0,154,0,0,855,0,145,0,0,836,0,164,0,0,848,0,152,0,0,850,1,149,0,0,852,0,148,0,0,842,0,158,0,0,846,0,154,0,0,857,0,143,0,0,850,0,150,0,0,849,0,151,0,0,842,0,158,0,0,846,0,154,0,0,853,0,147,0,0,847,0,153,0,0,854,1,145,0,0,837,0,163,0,0,864,0,136,0,0,852,0,148,0,0,840,0,160,0,0,851,0,149,0,0,863,0,137,0,0,861,0,139,0,0,848,0,152,0,0,854,0,146,0,0,842,0,158,0,0,848,0,152,0,0,853,0,147,0,0,845,0,155,0,0
416,targeted_homosexual,0.2,860,0,140,0,0,845,0,155,0,0,861,0,139,0,0,843,0,157,0,0,855,0,145,0,0,863,0,137,0,0,845,0,155,0,0,856,0,144,0,0,853,0,147,0,0,855,1,144,0,0,840,0,160,0,0,851,0,149,0,0,854,0,146,0,0,855,0,145,0,0,852,0,148,0,0,842,0,158,0,0,846,0,154,0,0,855,0,145,0,0,851,0,149,0,0,856,0,144,0,0,858,0,142,0,0,846,0,154,0,0,855,0,145,0,0,836,0,164,0,0,848,0,152,0,0,850,0,150,0,0,852,0,148,0,0,842,0,158,0,0,846,0,154,0,0,857,0,143,0,0,850,0,150,0,0,849,0,151,0,0,842,0,158,0,0,846,0,154,0,0,853,0,147,0,0,847,0,153,0,0,854,1,145,0,0,837,0,163,0,0,864,0,136,0,0,852,0,148,0,0,840,0,160,0,0,851,0,149,0,0,863,0,137,0,0,861,0,139,0,0,848,0,152,0,0,854,0,146,0,0,842,0,158,0,0,848,0,152,0,0,853,0,147,0,0,845,0,155,0,0
417,targeted_homosexual,0.2,860,0,140,0,0,845,0,155,0,0,861,0,139,0,0,843,0,157,0,0,855,0,145,0,0,863,0,137,0,0,845,0,155,0,0,856,0,144,0,0,853,0,147,0,0,855,1,144,0,0,840,0,160,0,0,851,0,149,0,0,854,0,146,0,0,855,0,145,0,0,852,0,148,0,0,842,0,158,0,0,846,0,154,0,0,855,0,145,0,0,851,0,149,0,0,856,0,144,0,0,858,0,142,0,0,846,0,154,0,0,855,0,145,0,0,836,0,164,0,0,848,0,152,0,0,850,0,150,0,0,852,0,148,0,0,842,0,158,0,0,846,0,154,0,0,857,0,143,0,0,850,0,150,0,0,849,0,151,0,0,842,0,158,0,0,846,0,154,0,0,853,0,147,0,0,847,0,153,0,0,854,1,145,0,0,837,0,163,0,0,864,0,136,0,0,852,0,148,0,0,840,0,160,0,0,851,0,149,0,0,863,0,137,0,0,861,0,139,0,0,848,0,152,0,0,854,0,146,0,0,842,0,158,0,0,848,0,152,0,0,853,0,147,0,0,845,0,155,0,0
418,targeted_homosexual,0.2,860,0,140,0,0,845,0,155,0,0,861,0,139,0,0,843,0,157,0,0,855,0,145,0,0,863,0,137,0,0,845,0,155,0,0,856,0,144,0,0,853,0,147,0,0,855,1,144,0,0,840,0,160,0,0,851,0,149,0,0,854,0,146,0,0,855,0,145,0,0,852,0,148,0,0,842,0,158,0,0,846,0,154,0,0,855,0,145,0,0,851,0,149,0,0,856,0,144,0,0,858,0,142,0,0,846,0,154,0,0,855,0,145,0,0,836,0,164,0,0,848,0,152,0,0,850,0,150,0,0,852,0,148,0,0,842,0,158,0,0,846,0,154,0,0,857,0,143,0,0,850,0,150,0,0,849,0,151,0,0,842,0,158,0,0,846,0,154,0,0,853,0,147,0,0,847,0,153,0,0,854,1,145,0,0,837,0,163,0,0,864,0,136,0,0,852,0,148,0,0,840,0,160,0,0,851,0,149,0,0,863,0,137,0,0,861,0,139,0,0,848,0,152,0,0,854,0,146,0,0,842,0,158,0,0,848,0,152,0,0,853,0,147,0,0,845,0,155,0,0
419,targeted_homosexual,0.2,860,0,140,0,0,845,0,155,0,0,861,0,139,0,0,843,0,157,0,0,855,0,145,0,0,863,0,137,0,0,845,0,155,0,0,856,0,144,0,0,853,0,147,0,0,855,1,144,0,0,840,0,160,0,0,851,0,149,0,0,854,0,146,0,0,855,0,145,0,0,852,0,148,0,0,842,0,158,0,0,846,0,154,0,0,855,0,145,0,0,851,0,149,0,0,856,0,144,0,0,858,0,142,0,0,846,0,154,0,0,855,0,145,0,0,836,0,164,0,0,848,0,152,0,0,850,0,150,0,0,852,0,148,0,0,842,0,158,0,0,846,0,154,0,0,857,0,143,0,0,850,0,150,0,0,849,0,151,0,0,842,0,158,0,0,846,0,154,0,0,853,0,147,0,0,847,0,153,0,0,854,1,145,0,0,837,0,163,0,0,864,0,136,0,0,852,0,148,0,0,840,0,160,0,0,851,0,149,0,0,863,0,137,0,0,861,0,139,0,0,848,0,152,0,0,854,0,146,0,0,842,0,158,0,0,848,0,152,0,0,853,0,147,0,0,845,0,155,0,0
420,targeted_homosexual,0.2,860,0,140,0,0,845,0,155,0,0,861,0,139,0,0,843,0,157,0,0,855,0,145,0,0,863,0,137,0,0,845,0,155,0,0,856,0,144,0,0,853,0,147,0,0,855,0,145,0,0,840,0,160,0,0,851,0,149,0,0,854,0,146,0,0,855,0,145,0,0,852,0,148,0,0,842,0,158,0,0,846,0,154,0,0,855,0,145,0,0,851,0,149,0,0,856,0,144,0,0,858,0,142,0,0,846,0,154,0,0,855,0,145,0,0,836,0,164,0,0,848,0,152,0,0,850,0,150,0,0,852,0,148,0,0,842,0,158,0,0,846,0,154,0,0,857,0,143,0,0,850,0,150,0,0,849,0,151,0,0,842,0,158,0,0,846,0,154,0,0,853,0,147,0,0,847,0,153,0,0,854,1,145,0,0,837,0,163,0,0,864,0,136,0,0,852,0,148,0,0,840,0,160,0,0,851,0,149,0,0,863,0,137,0,0,861,0,139,0,0,848,0,152,0,0,854,0,146,0,0,842,0,158,0,0,848,0,152,0,0,853,0,147,0,0,845,0,155,0,0
421,targeted_homosexual,0.2,860,0,140,0,0,845,0,155,0,0,861,0,139,0,0,843,0,157,0,0,855,0,145,0,0,863,0,137,0,0,845,0,155,0,0,856,0,144,0,0,853,0,147,0,0,855,0,145,0,0,840,0,160,0,0,851,0,149,0,0,854,0,146,0,0,855,0,145,0,0,852,0,148,0,0,842,0,158,0,0,846,0,154,0,0,855,0,145,0,0,851,0,149,0,0,856,0,144,0,0,858,0,142,0,0,846,0,154,0,0,855,0,145,0,0,836,0,164,0,0,848,0,152,0,0,850,0,150,0,0,852,0,148,0,0,842,0,158,0,0,846,0,154,0,0,857,0,143,0,0,850,0,150,0,0,849,0,151,0,0,842,0,158,0,0,846,0,154,0,0,853,0,147,0,0,847,0,153,0,0,854,1,145,0,0,837,0,163,0,0,864,0,136,0,0,852,0,148,0,0,840,0,160,0,0,851,0,149,0,0,863,0,137,0,0,861,0,139,0,0,848,0,152,0,0,854,0,146,0,0,842,0,158,0,0,848,0,152,0,0,853,0,147,0,0,845,0,155,0,0
422,targeted_homosexual,0.2,860,0,140,0,0,845,0,155,0,0,861,0,139,0,0,843,0,157,0,0,855,0,145,0,0,863,0,137,0,0,845,0,155,0,0,856,0,144,0,0,853,0,147,0,0,855,0,145,0,0,840,0,160,0,0,851,0,149,0,0,854,0,146,0,0,855,0,145,0,0,852,0,148,0,0,842,0,158,0,0,846,0,154,0,0,855,0,145,0,0,851,0,149,0,0,856,0,144,0,0,858,0,142,0,0,846,0,154,0,0,855,0,145,0,0,836,0,164,0,0,848,0,152,0,0,850,0,150,0,0,852,0,148,0,0,842,0,158,0,0,846,0,154,0,0,857,0,143,0,0,850,0,150,0,0,849,0,151,0,0,842,0,158,0,0,846,0,154,0,0,853,0,147,0,0,847,0,153,0,0,854,1,145,0,0,837,0,163,0,0,864,0,136,0,0,852,0,148,0,0,840,0,160,0,0,851,0,149,0,0,863,0,137,0,0,861,0,139,0,0,848,0,152,0,0,854,0,146,0,0,842,0,158,0,0,848,0,152,0,0,853,0,147,0,0,845,0,155,0,0
423,targeted_homosexual,0.2,860,0,140,0,0,845,0,155,0,0,861,0,139,0,0,843,0,157,0,0,855,0,145,0,0,863,0,137,0,0,845,0,155,0,0,856,0,144,0,0,853,0,147,0,0,855,0,145,0,0,840,0,160,0,0,851,0,149,0,0,854,0,146,0,0,855,0,145,0,0,852,0,148,0,0,842,0,158,0,0,846,0,154,0,0,855,0,145,0,0,851,0,149,0,0,856,0,144,0,0,858,0,142,0,0,846,0,154,0,0,855,0,145,0,0,836,0,164,0,0,848,0,152,0,0,850,0,150,0,0,852,0,148,0,0,842,0,158,0,0,846,0,154,0,0,857,0,143,0,0,850,0,150,0,0,849,0,151,0,0,842,0,158,0,0,846,0,154,0,0,853,0,147,0,0,847,0,153,0,0,854,1,145,0,0,837,0,163,0,0,864,0,136,0,0,852,0,148,0,0,840,0,160,0,0,851,0,149,0,0,863,0,137,0,0,861,0,139,0,0,848,0,152,0,0,854,0,146,0,0,842,0,158,0,0,848,0,152,0,0,853,0,147,0,0,845,0,155,0,0
424,targeted_homosexual,0.2,860,0,140,0,0,845,0,155,0,0,861,0,139,0,0,843,0,157,0,0,855,0,145,0,0,863,0,137,0,0,845,0,155,0,0,856,0,144,0,0,853,0,147,0,0,855,0,145,0,0,840,0,160,0,0,851,0,149,0,0,854,0,146,0,0,855,0,145,0,0,852,0,148,0,0,842,0,158,0,0,846,0,154,0,0,855,0,145,0,0,851,0,149,0,0,856,0,144,0,0,858,0,142,0,0,846,0,154,0,0,855,0,145,0,0,836,0,164,0,0,848,0,152,0,0,850,0,150,0,0,852,0,148,0,0,842,0,158,0,0,846,0,154,0,0,857,0,143,0,0,850,0,150,0,0,849,0,151,0,0,842,0,158,0,0,846,0,154,0,0,853,0,147,0,0,847,0,153,0,0,854,1,145,0,0,836,1,163,0,0,864,0,136,0,0,852,0,148,0,0,840,0,160,0,0,851,0,149,0,0,863,0,137,0,0,861,0,139,0,0,848,0,152,0,0,854,0,146,0,0,842,0,158,0,0,847,1,152,0,0,853,0,147,0,0,845,0,155,0,0
425,targeted_homosexual,0.2,860,0,140,0,0,845,0,155,0,0,861,0,139,0,0,843,0,157,0,0,855,0,145,0,0,863,0,137,0,0,845,0,155,0,0,856,0,144,0,0,853,0,147,0,0,855,0,145,0,0,840,0,160,0,0,851,0,149,0,0,854,0,146,0,0,855,0,145,0,0,852,0,148,0,0,842,0,158,0,0,846,0,154,0,0,855,0,145,0,0,851,0,149,0,0,856,0,144,0,0,858,0,142,0,0,846,0,154,0,0,855,0,145,0,0,836,0,164,0,0,848,0,152,0,0,850,0,150,0,0,852,0,148,0,0,842,0,158,0,0,846,0,154,0,0,857,0,143,0,0,850,0,150,0,0,849,0,151,0,0,842,0,158,0,0,846,0,154,0,0,853,0,147,0,0,846,1,153,0,0,854,1,145,0,0,836,1,163,0,0,864,0,136,0,0,852,0,148,0,0,840,0,160,0,0,851,0,149,0,0,863,0,137,0,0,861,0,139,0,0,848,0,152,0,0,854,0,146,0,0,842,0,158,0,0,847,1,152,0,0,853,0,147,0,0,845,0,155,0,0
426,targeted_homosexual,0.2,860,0,140,0,0,845,0,155,0,0,861,0,139,0,0,843,0,157,0,0,855,0,145,0,0,863,0,137,0,0,845,0,155,0,0,855,1,144,0,0,853,0,147,0,0,855,0,145,0,0,840,0,160,0,0,851,0,149,0,0,854,0,146,0,0,855,0,145,0,0,852,0,148,0,0,842,0,158,0,0,846,0,154,0,0,855,0,145,0,0,851,0,149,0,0,856,0,144,0,0,858,0,142,0,0,846,0,154,0,0,855,0,145,0,0,836,0,164,0,0,848,0,152,0,0,850,0,150,0,0,852,0,148,0,0,842,0,158,0,0,846,0,154,0,0,857,0,143,0,0,850,0,150,0,0,849,0,151,0,0,842,0,158,0,0,846,0,154,0,0,853,0,147,0,0,846,1,153,0,0,854,1,145,0,0,836,1,163,0,0,864,0,136,0,0,852,0,148,0,0,840,0,160,0,0,851,0,149,0,0,863,0,137,0,0,861,0,139,0,0,848,0,152,0,0,854,0,146,0,0,842,0,158,0,0,847,1,152,0,0,853,0,147,0,0,845,0,155,0,0
427,targeted_homosexual,0.2,860,0,140,0,0,845,0,155,0,0,861,0,139,0,0,843,0,157,0,0,855,0,145,0,0,863,0,137,0,0,845,0,155,0,0,855,1,144,0,0,853,0,147,0,0,855,0,145,0,0,840,0,160,0,0,851,0,149,0,0,854,0,146,0,0,855,0,145,0,0,852,0,148,0,0,842,0,158,0,0,846,0,154,0,0,855,0,145,0,0,851,0,149,0,0,856,0,144,0,0,858,0,142,0,0,846,0,154,0,0,855,0,145,0,0,836,0,164,0,0,848,0,152,0,0,850,0,150,0,0,852,0,148,0,0,842,0,158,0,0,846,0,154,0,0,857,0,143,0,0,850,0,150,0,0,849,0,151,0,0,842,0,158,0,0,846,0,154,0,0,853,0,147,0,0,846,1,153,0,0,854,0,146,0,0,836,1,163,0,0,864,0,136,0,0,852,0,148,0,0,840,0,160,0,0,851,0,149,0,0,863,0,137,0,0,861,0,139,0,0,848,0,152,0,0,854,0,146,0,0,842,0,158,0,0,847,1,152,0,0,853,0,147,0,0,845,0,155,0,0
428,targeted_homosexual,0.2,860,0,140,0,0,845,0,155,0,0,861,0,139,0,0,843,0,157,0,0,855,0,145,0,0,863,0,137,0,0,845,0,155,0,0,855,1,144,0,0,853,0,147,0,0,855,0,145,0,0,840,0,160,0,0,851,0,149,0,0,854,0,146,0,0,855,0,145,0,0,852,0,148,0,0,842,0,158,0,0,846,0,154,0,0,855,0,145,0,0,851,0,149,0,0,856,0,144,0,0,858,0,142,0,0,846,0,154,0,0,855,0,145,0,0,836,0,164,0,0,848,0,152,0,0,850,0,150,0,0,852,0,148,0,0,842,0,158,0,0,846,0,154,0,0,857,0,143,0,0,850,0,150,0,0,849,0,151,0,0,842,0,158,0,0,846,0,154,0,0,853,0,147,0,0,846,1,153,0,0,854,0,146,0,0,836,1,163,0,0,864,0,136,0,0,852,0,148,0,0,840,0,160,0,0,851,0,149,0,0,863,0,137,0,0,861,0,139,0,0,848,0,152,0,0,854,0,146,0,0,842,0,158,0,0,847,1,152,0,0,853,0,147,0,0,845,0,155,0,0
429,targeted_homosexual,0.2,860,0,140,0,0,845,0,155,0,0,861,0,139,0,0,843,0,157,0,0,855,0,145,0,0,863,0,137,0,0,845,0,155,0,0,855,1,144,0,0,853,0,147,0,0,855,0,145,0,0,840,0,160,0,0,851,0,149,0,0,854,0,146,0,0,855,0,145,0,0,852,0,148,0,0,842,0,158,0,0,846,0,154,0,0,855,0,145,0,0,851,0,149,0,0,856,0,144,0,0,858,0,142,0,0,846,0,154,0,0,855,0,145,0,0,836,0,164,0,0,848,0,152,0,0,850,0,150,0,0,852,0,148,0,0,842,0,158,0,0,846,0,154,0,0,857,0,143,0,0,850,0,150,0,0,849,0,151,0,0,842,0,158,0,0,846,0,154,0,0,853,0,147,0,0,846,1,153,0,0,854,0,146,0,0,836,1,163,0,0,864,0,136,0,0,852,0,148,0,0,840,0,160,0,0,851,0,149,0,0,863,0,137,0,0,861,0,139,0,0,848,0,152,0,0,854,0,146,0,0,842,0,158,0,0,847,1,152,0,0,853,0,147,0,0,845,0,155,0,0
430,targeted_homosexual,0.2,860,0,140,0,0,845,0,155,0,0,861,0,139,0,0,843,0,157,0,0,855,0,145,0,0,863,0,137,0,0,845,0,155,0,0,855,1,144,0,0,853,0,147,0,0,855,0,145,0,0,840,0,160,0,0,851,0,149,0,0,854,0,146,0,0,855,0,145,0,0,852,0,148,0,0,842,0,158,0,0,846,0,154,0,0,855,0,145,0,0,851,0,149,0,0,856,0,144,0,0,858,0,142,0,0,846,0,154,0,0,855,0,145,0,0,836,0,164,0,0,848,0,152,0,0,850,0,150,0,0,852,0,148,0,0,842,0,158,0,0,846,0,154,0,0,857,0,143,0,0,850,0,150,0,0,848,1,151,0,0,842,0,158,0,0,846,0,154,0,0,853,0,147,0,0,846,1,153,0,0,854,0,146,0,0,836,1,163,0,0,864,0,136,0,0,852,0,148,0,0,840,0,160,0,0,851,0,149,0,0,863,0,137,0,0,861,0,139,0,0,848,0,152,0,0,854,0,146,0,0,842,0,158,0,0,847,1,152,0,0,853,0,147,0,0,845,0,155,0,0
431,targeted_homosexual,0.2,860,0,140,0,0,845,0,155,0,0,861,0,139,0,0,843,0,157,0,0,855,0,145,0,0,863,0,137,0,0,845,0,155,0,0,855,1,144,0,0,853,0,147,0,0,855,0,145,0,0,840,0,160,0,0,851,0,149,0,0,854,0,146,0,0,855,0,145,0,0,852,0,148,0,0,842,0,158,0,0,846,0,154,0,0,855,0,145,0,0,851,0,149,0,0,856,0,144,0,0,858,0,142,0,0,846,0,154,0,0,855,0,145,0,0,836,0,164,0,0,848,0,152,0,0,850,0,150,0,0,852,0,148,0,0,842,0,158,0,0,846,0,154,0,0,857,0,143,0,0,850,0,150,0,0,848,1,151,0,0,842,0,158,0,0,846,0,154,0,0,853,0,147,0,0,846,1,153,0,0,854,0,146,0,0,836,1,163,0,0,864,0,136,0,0,852,0,148,0,0,840,0,160,0,0,851,0,149,0,0,863,0,137,0,0,861,0,139,0,0,848,0,152,0,0,854,0,146,0,0,842,0,158,0,0,847,1,152,0,0,853,0,147,0,0,845,0,155,0,0
432,targeted_homosexual,0.2,860,0,140,0,0,845,0,155,0,0,861,0,139,0,0,843,0,157,0,0,855,0,145,0,0,863,0,137,0,0,845,0,155,0,0,855,1,144,0,0,853,0,147,0,0,855,0,145,0,0,840,0,160,0,0,851,0,149,0,0,854,0,146,0,0,855,0,145,0,0,852,0,148,0,0,842,0,158,0,0,846,0,154,0,0,855,0,145,0,0,851,0,149,0,0,856,0,144,0,0,858,0,142,0,0,846,0,154,0,0,855,0,145,0,0,836,0,164,0,0,848,0,152,0,0,850,0,150,0,0,852,0,148,0,0,842,0,158,0,0,846,0,154,0,0,857,0,143,0,0,850,0,150,0,0,848,1,151,0,0,842,0,158,0,0,846,0,154,0,0,853,0,147,0,0,846,1,153,0,0,854,0,146,0,0,836,1,163,0,0,864,0,136,0,0,852,0,148,0,0,840,0,160,0,0,851,0,149,0,0,863,0,137,0,0,861,0,139,0,0,848,0,152,0,0,854,0,146,0,0,842,0,158,0,0,847,1,152,0,0,853,0,147,0,0,845,0,155,0,0
433,targeted_homosexual,0.2,860,0,140,0,0,845,0,155,0,0,861,0,139,0,0,843,0,157,0,0,855,0,145,0,0,863,0,137,0,0,845,0,155,0,0,855,1,144,0,0,853,0,147,0,0,855,0,145,0,0,840,0,160,0,0,851,0,149,0,0,854,0,146,0,0,855,0,145,0,0,852,0,148,0,0,842,0,158,0,0,846,0,154,0,0,855,0,145,0,0,851,0,149,0,0,856,0,144,0,0,858,0,142,0,0,846,0,154,0,0,855,0,145,0,0,836,0,164,0,0,848,0,152,0,0,850,0,150,0,0,852,0,148,0,0,842,0,158,0,0,846,0,154,0,0,857,0,143,0,0,850,0,150,0,0,848,1,151,0,0,842,0,158,0,0,846,0,154,0,0,853,0,147,0,0,846,1,153,0,0,854,0,146,0,0,836,1,163,0,0,864,0,136,0,0,852,0,148,0,0,840,0,160,0,0,851,0,149,0,0,863,0,137,0,0,861,0,139,0,0,848,0,152,0,0,854,0,146,0,0,842,0,158,0,0,847,1,152,0,0,853,0,147,0,0,845,0,155,0,0
434,targeted_homosexual,0.2,860,0,140,0,0,845,0,155,0,0,861,0,139,0,0,843,0,157,0,0,855,0,145,0,0,863,0,137,0,0,845,0,155,0,0,855,1,144,0,0,853,0,147,0,0,855,0,145,0,0,840,0,160,0,0,851,0,149,0,0,854,0,146,0,0,855,0,145,0,0,852,0,148,0,0,842,0,158,0,0,846,0,154,0,0,855,0,145,0,0,851,0,149,0,0,856,0,144,0,0,858,0,142,0,0,846,0,154,0,0,855,0,145,0,0,836,0,164,0,0,848,0,152,0,0,850,0,150,0,0,852,0,148,0,0,842,0,158,0,0,846,0,154,0,0,857,0,143,0,0,850,0,150,0,0,848,1,151,0,0,842,0,158,0,0,846,0,154,0,0,853,0,147,0,0,846,1,153,0,0,854,0,146,0,0,836,1,163,0,0,864,0,136,0,0,852,0,148,0,0,840,0,160,0,0,851,0,149,0,0,863,0,137,0,0,861,0,139,0,0,848,0,152,0,0,854,0,146,0,0,842,0,158,0,0,847,1,152,0,0,853,0,147,0,0,845,0,155,0,0
435,targeted_homosexual,0.2,860,0,140,0,0,845,0,155,0,0,861,0,139,0,0,843,0,157,0,0,855,0,145,0,0,863,0,137,0,0,845,0,155,0,0,855,1,144,0,0,853,0,147,0,0,855,0,145,0,0,840,0,160,0,0,851,0,149,0,0,854,0,146,0,0,855,0,145,0,0,852,0,148,0,0,842,0,158,0,0,846,0,154,0,0,855,0,145,0,0,851,0,149,0,0,856,0,144,0,0,858,0,142,0,0,846,0,154,0,0,855,0,145,0,0,836,0,164,0,0,848,0,152,0,0,850,0,150,0,0,852,0,148,0,0,842,0,158,0,0,846,0,154,0,0,857,0,143,0,0,850,0,150,0,0,848,1,151,0,0,842,0,158,0,0,846,0,154,0,0,853,0,147,0,0,846,1,153,0,0,854,0,146,0,0,836,1,163,0,0,864,0,136,0,0,852,0,148,0,0,840,0,160,0,0,851,0,149,0,0,863,0,137,0,0,861,0,139,0,0,848,0,152,0,0,854,0,146,0,0,842,0,158,0,0,847,1,152,0,0,853,0,147,0,0,845,0,155,0,0
436,targeted_homosexual,0.2,860,0,140,0,0,845,0,155,0,0,861,0,139,0,0,843,0,157,0,0,855,0,145,0,0,863,0,137,0,0,845,0,155,0,0,855,1,144,0,0,853,0,147,0,0,855,0,145,0,0,840,0,160,0,0,851,0,149,0,0,854,0,146,0,0,855,0,145,0,0,852,0,148,0,0,842,0,158,0,0,846,0,154,0,0,855,0,145,0,0,851,0,149,0,0,856,0,144,0,0,858,0,142,0,0,846,0,154,0,0,855,0,145,0,0,836,0,164,0,0,848,0,152,0,0,850,0,150,0,0,852,0,148,0,0,842,0,158,0,0,846,0,154,0,0,857,0,143,0,0,850,0,150,0,0,848,1,151,0,0,842,0,158,0,0,846,0,154,0,0,853,0,147,0,0,846,1,153,0,0,854,0,146,0,0,836,1,163,0,0,864,0,136,0,0,852,0,148,0,0,840,0,160,0,0,851,0,149,0,0,863,0,137,0,0,861,0,139,0,0,848,0,152,0,0,854,0,146,0,0,842,0,158,0,0,847,1,152,0,0,853,0,147,0,0,845,0,155,0,0
437,targeted_homosexual,0.2,860,0,140,0,0,845,0,155,0,0,861,0,139,0,0,843,0,157,0,0,855,0,145,0,0,863,0,137,0,0,845,0,155,0,0,855,1,144,0,0,853,0,147,0,0,855,0,145,0,0,840,0,160,0,0,851,0,149,0,0,854,0,146,0,0,855,0,145,0,0,852,0,148,0,0,842,0,158,0,0,846,0,154,0,0,855,0,145,0,0,851,0,149,0,0,856,0,144,0,0,858,0,142,0,0,846,0,154,0,0,855,0,145,0,0,836,0,164,0,0,848,0,152,0,0,850,0,150,0,0,852,0,148,0,0,842,0,158,0,0,846,0,154,0,0,857,0,143,0,0,850,0,150,0,0,848,1,151,0,0,842,0,158,0,0,846,0,154,0,0,853,0,147,0,0,846,1,153,0,0,854,0,146,0,0,836,0,164,0,0,864,0,136,0,0,852,0,148,0,0,840,0,160,0,0,851,0,149,0,0,863,0,137,0,0,861,0,139,0,0,848,0,152,0,0,854,0,146,0,0,842,0,158,0,0,847,0,153,0,0,853,0,147,0,0,845,0,155,0,0
438,targeted_homosexual,0.2,860,0,140,0,0,845,0,155,0,0,861,0,139,0,0,843,0,157,0,0,855,0,145,0,0,863,0,137,0,0,845,0,155,0,0,855,1,144,0,0,853,0,147,0,0,855,0,145,0,0,840,0,160,0,0,851,0,149,0,0,854,0,146,0,0,855,0,145,0,0,852,0,148,0,0,842,0,158,0,0,846,0,154,0,0,855,0,145,0,0,851,0,149,0,0,856,0,144,0,0,858,0,142,0,0,846,0,154,0,0,855,0,145,0,0,836,0,164,0,0,848,0,152,0,0,850,0,150,0,0,852,0,148,0,0,842,0,158,0,0,846,0,154,0,0,857,0,143,0,0,850,0,150,0,0,847,2,151,0,0,842,0,158,0,0,846,0,154,0,0,853,0,147,0,0,846,0,154,0,0,854,0,146,0,0,836,0,164,0,0,864,0,136,0,0,852,0,148,0,0,840,0,160,0,0,851,0,149,0,0,863,0,137,0,0,861,0,139,0,0,848,0,152,0,0,854,0,146,0,0,842,0,158,0,0,847,0,153,0,0,853,0,147,0,0,845,0,155,0,0
439,targeted_homosexual,0.2,860,0,140,0,0,845,0,155,0,0,861,0,139,0,0,843,0,157,0,0,855,0,145,0,0,863,0,137,0,0,845,0,155,0,0,855,0,145,0,0,853,0,147,0,0,855,0,145,0,0,840,0,160,0,0,851,0,149,0,0,854,0,146,0,0,855,0,145,0,0,852,0,148,0,0,842,0,158,0,0,846,0,154,0,0,855,0,145,0,0,851,0,149,0,0,856,0,144,0,0,858,0,142,0,0,846,0,154,0,0,855,0,145,0,0,836,0,164,0,0,848,0,152,0,0,850,0,150,0,0,852,0,148,0,0,842,0,158,0,0,846,0,154,0,0,857,0,143,0,0,850,0,150,0,0,847,2,151,0,0,842,0,158,0,0,846,0,154,0,0,853,0,147,0,0,846,0,154,0,0,854,0,146,0,0,836,0,164,0,0,864,0,136,0,0,852,0,148,0,0,840,0,160,0,0,851,0,149,0,0,863,0,137,0,0,861,0,139,0,0,848,0,152,0,0,854,0,146,0,0,842,0,158,0,0,847,0,153,0,0,853,0,147,0,0,845,0,155,0,0
440,targeted_homosexual,0.2,860,0,140,0,0,845,0,155,0,0,861,0,139,0,0,843,0,157,0,0,855,0,145,0,0,863,0,137,0,0,845,0,155,0,0,855,0,145,0,0,853,0,147,0,0,855,0,145,0,0,840,0,160,0,0,851,0,149,0,0,854,0,146,0,0,855,0,145,0,0,852,0,148,0,0,842,0,158,0,0,846,0,154,0,0,855,0,145,0,0,851,0,149,0,0,856,0,144,0,0,858,0,142,0,0,846,0,154,0,0,855,0,145,0,0,836,0,164,0,0,848,0,152,0,0,850,0,150,0,0,852,0,148,0,0,842,0,158,0,0,846,0,154,0,0,857,0,143,0,0,850,0,150,0,0,847,2,151,0,0,842,0,158,0,0,846,0,154,0,0,853,0,147,0,0,846,0,154,0,0,854,0,146,0,0,836,0,164,0,0,864,0,136,0,0,852,0,148,0,0,840,0,160,0,0,851,0,149,0,0,863,0,137,0,0,861,0,139,0,0,848,0,152,0,0,854,0,146,0,0,842,0,158,0,0,847,0,153,0,0,853,0,147,0,0,845,0,155,0,0
441,targeted_homosexual,0.2,860,0,140,0,0,845,0,155,0,0,861,0,139,0,0,843,0,157,0,0,855,0,145,0,0,863,0,137,0,0,845,0,155,0,0,855,0,145,0,0,853,0,147,0,0,855,0,145,0,0,840,0,160,0,0,851,0,149,0,0,854,0,146,0,0,855,0,145,0,0,852,0,148,0,0,842,0,158,0,0,846,0,154,0,0,855,0,145,0,0,850,1,149,0,0,856,0,144,0,0,858,0,142,0,0,846,0,154,0,0,855,0,145,0,0,836,0,164,0,0,848,0,152,0,0,850,0,150,0,0,852,0,148,0,0,842,0,158,0,0,846,0,154,0,0,857,0,143,0,0,850,0,150,0,0,847,2,151,0,0,842,0,158,0,0,846,0,154,0,0,853,0,147,0,0,846,0,154,0,0,854,0,146,0,0,836,0,164,0,0,864,0,136,0,0,852,0,148,0,0,840,0,160,0,0,851,0,149,0,0,863,0,137,0,0,861,0,139,0,0,848,0,152,0,0,854,0,146,0,0,842,0,158,0,0,847,0,153,0,0,853,0,147,0,0,845,0,155,0,0
442,targeted_homosexual,0.2,860,0,140,0,0,845,0,155,0,0,861,0,139,0,0,843,0,157,0,0,855,0,145,0,0,863,0,137,0,0,845,0,155,0,0,855,0,145,0,0,853,0,147,0,0,855,0,145,0,0,840,0,160,0,0,851,0,149,0,0,854,0,146,0,0,855,0,145,0,0,852,0,148,0,0,842,0,158,0,0,846,0,154,0,0,855,0,145,0,0,850,1,149,0,0,856,0,144,0,0,858,0,142,0,0,846,0,154,0,0,855,0,145,0,0,836,0,164,0,0,848,0,152,0,0,850,0,150,0,0,852,0,148,0,0,842,0,158,0,0,846,0,154,0,0,857,0,143,0,0,850,0,150,0,0,847,2,151,0,0,842,0,158,0,0,846,0,154,0,0,853,0,147,0,0,846,0,154,0,0,854,0,146,0,0,836,0,164,0,0,864,0,136,0,0,852,0,148,0,0,840,0,160,0,0,851,0,149,0,0,863,0,137,0,0,861,0,139,0,0,848,0,152,0,0,854,0,146,0,0,842,0,158,0,0,847,0,153,0,0,853,0,147,0,0,845,0,155,0,0
443,targeted_homosexual,0.2,860,0,132,8,0,845,0,148,7,0,861,0,132,7,0,843,0,152,5,0,855,0,139,6,0,863,0,131,6,0,845,0,152,3,0,855,0,136,9,0,853,0,141,6,0,855,0,135,10,0,840,0,151,9,0,851,0,144,5,0,854,0,136,10,0,855,0,134,11,0,852,0,139,9,0,842,0,151,7,0,846,0,146,8,0,855,0,139,6,0,850,1,139,10,0,856,0,140,4,0,858,0,141,1,0,846,0,147,7,0,855,0,140,5,0,836,0,159,5,0,848,0,144,8,0,850,0,146,4,0,852,0,141,7,0,842,0,150,8,0,845,1,147,7,0,857,0,140,3,0,850,0,145,5,0,847,1,143,9,0,842,0,154,4,0,846,0,146,8,0,853,0,142,5,0,846,0,152,2,0,854,0,140,6,0,836,0,160,4,0,864,0,130,6,0,852,0,145,3,0,840,0,153,7,0,851,0,147,2,0,863,0,132,5,0,861,0,132,7,0,848,0,142,10,0,854,0,142,4,0,842,0,151,7,0,847,0,146,7,0,853,0,140,7,0,845,0,148,7,0
444,targeted_homosexual,0.2,860,0,132,8,0,845,0,148,7,0,861,0,132,7,0,843,0,152,5,0,855,0,139,6,0,863,0,131,6,0,845,0,152,3,0,855,0,136,9,0,853,0,141,6,0,855,0,135,10,0,840,0,151,9,0,851,0,144,5,0,854,0,136,10,0,855,0,134,11,0,852,0,139,9,0,842,0,151,7,0,846,0,146,8,0,855,0,139,6,0,850,1,139,10,0,856,0,140,4,0,858,0,141,1,0,846,0,147,7,0,855,0,140,5,0,836,0,159,5,0,848,0,144,8,0,850,0,146,4,0,852,0,141,7,0,842,0,150,8,0,845,1,147,7,0,857,0,140,3,0,850,0,145,5,0,847,1,143,9,0,842,0,154,4,0,846,0,146,8,0,853,0,142,5,0,846,0,152,2,0,854,0,140,6,0,836,0,160,4,0,864,0,130,6,0,852,0,144,4,0,840,0,153,7,0,851,0,147,2,0,863,0,132,5,0,861,0,132,7,0,848,0,142,10,0,854,0,142,4,0,842,0,150,8,0,847,0,146,7,0,853,0,140,7,0,845,0,148,7,0
445,targeted_homosexual,0.2,860,0,132,8,0,845,0,148,7,0,861,0,132,7,0,843,0,151,6,0,855,0,139,6,0,863,0,131,6,0,845,0,152,3,0,855,0,136,9,0,853,0,141,6,0,855,0,135,10,0,840,0,151,9,0,851,0,144,5,0,854,0,135,11,0,855,0,134,11,0,852,0,139,9,0,842,0,151,7,0,846,0,146,8,0,855,0,139,6,0,850,1,139,10,0,856,0,140,4,0,858,0,141,1,0,846,0,147,7,0,855,0,140,5,0,836,0,159,5,0,848,0,144,8,0,850,0,145,5,0,852,0,141,7,0,842,0,150,8,0,845,1,147,7,0,857,0,140,3,0,850,0,145,5,0,847,1,142,10,0,842,0,153,5,0,846,0,146,8,0,853,0,142,5,0,846,0,152,2,0,854,0,140,6,0,836,0,160,4,0,864,0,130,6,0,852,0,144,4,0,840,0,153,7,0,851,0,147,2,0,863,0,132,5,0,861,0,132,7,0,848,0,142,10,0,854,0,142,4,0,842,0,150,8,0,847,0,146,7,0,853,0,140,7,0,845,0,148,7,0
446,targeted_homosexual,0.2,860,0,132,8,0,845,0,148,7,0,861,0,132,7,0,843,0,151,6,0,855,0,137,8,0,863,0,131,6,0,845,0,152,3,0,855,0,136,9,0,853,0,139,8,0,855,0,134,11,0,840,0,151,9,0,851,0,144,5,0,854,0,135,11,0,855,0,134,11,0,852,0,139,9,0,842,0,151,7,0,846,0,146,8,0,855,0,139,6,0,850,1,139,10,0,856,0,140,4,0,858,0,141,1,0,846,0,147,7,0,855,0,140,5,0,836,0,159,5,0,848,0,144,8,0,850,0,145,5,0,852,0,141,7,0,842,0,150,8,0,845,1,147,7,0,857,0,140,3,0,850,0,145,5,0,847,1,142,10,0,842,0,152,6,0,846,0,146,8,0,853,0,142,5,0,846,0,152,2,0,854,0,140,6,0,836,0,160,4,0,864,0,130,6,0,852,0,144,4,0,840,0,153,7,0,851,0,147,2,0,863,0,132,5,0,861,0,132,7,0,848,0,142,10,0,854,0,142,4,0,842,0,149,9,0,847,0,146,7,0,853,0,140,7,0,845,0,146,9,0
447,targeted_homosexual,0.2,860,0,132,8,0,845,0,148,7,0,861,0,132,7,0,843,0,150,7,0,855,0,137,8,0,863,0,131,6,0,845,0,152,3,0,855,0,136,9,0,853,0,139,8,0,855,0,134,11,0,840,0,151,9,0,851,0,144,5,0,854,0,135,11,0,855,0,134,11,0,852,0,139,9,0,842,0,150,8,0,846,0,146,8,0,855,0,139,6,0,850,1,139,10,0,856,0,140,4,0,858,0,141,1,0,846,0,147,7,0,855,0,140,5,0,836,0,159,5,0,848,0,144,8,0,850,0,145,5,0,852,0,141,7,0,842,0,150,8,0,845,1,146,8,0,857,0,140,3,0,850,0,145,5,0,847,1,142,10,0,842,0,152,6,0,846,0,146,8,0,853,0,142,5,0,846,0,152,2,0,854,0,140,6,0,836,0,160,4,0,864,0,130,6,0,852,0,144,4,0,840,0,153,7,0,851,0,147,2,0,863,0,132,5,0,861,0,132,7,0,848,0,142,10,0,854,0,142,4,0,842,0,148,10,0,847,0,146,7,0,853,0,140,7,0,845,0,146,9,0
448,targeted_homosexual,0.2,860,0,132,8,0,845,0,148,7,0,861,0,132,7,0,843,0,149,8,0,855,0,137,8,0,863,0,131,6,0,845,0,152,3,0,855,0,136,9,0,853,0,139,8,0,855,0,134,11,0,840,0,151,9,0,851,0,144,5,0,854,0,135,11,0,855,0,133,12,0,852,0,138,10,0,842,0,150,8,0,846,0,146,8,0,855,0,139,6,0,850,1,138,11,0,856,0,140,4,0,858,0,140,2,0,846,0,147,7,0,855,0,140,5,0,836,0,159,5,0,848,0,144,8,0,850,0,145,5,0,852,0,141,7,0,842,0,150,8,0,845,1,146,8,0,857,0,140,3,0,850,0,145,5,0,847,1,142,10,0,842,0,152,6,0,846,0,146,8,0,853,0,142,5,0,846,0,152,2,0,854,0,140,6,0,836,0,160,4,0,864,0,130,6,0,852,0,144,4,0,840,0,152,8,0,851,0,147,2,0,863,0,132,5,0,861,0,132,7,0,848,0,142,10,0,854,0,142,4,0,842,0,147,11,0,847,0,145,8,0,853,0,140,7,0,845,0,146,9,0
449,targeted_homosexual,0.2,860,0,132,8,0,845,0,147,8,0,861,0,132,7,0,843,0,149,8,0,855,0,137,8,0,863,0,131,6,0,845,0,152,3,0,855,0,136,9,0,853,0,139,8,0,855,0,134,11,0,840,0,151,9,0,851,0,144,5,0,854,0,132,14,0,855,0,133,12,0,852,0,138,10,0,842,0,150,8,0,846,0,146,8,0,855,0,139,6,0,850,1,138,11,0,856,0,140,4,0,858,0,140,2,0,846,0,147,7,0,855,0,140,5,0,836,0,159,5,0,848,0,144,8,0,850,0,145,5,0,852,0,141,7,0,842,0,150,8,0,845,1,146,8,0,857,0,140,3,0,850,0,145,5,0,847,1,142,10,0,842,0,152,6,0,846,0,146,8,0,853,0,142,5,0,846,0,152,2,0,854,0,140,6,0,836,0,160,4,0,864,0,130,6,0,852,0,144,4,0,840,0,152,8,0,851,0,147,2,0,863,0,132,5,0,861,0,132,7,0,848,0,142,10,0,854,0,142,4,0,842,0,147,11,0,847,0,145,8,0,853,0,140,7,0,845,0,145,10,0
450,targeted_homosexual,0.2,860,0,132,8,0,845,0,147,8,0,861,0,132,7,0,843,0,149,8,0,855,0,137,8,0,863,0,131,6,0,845,0,152,3,0,855,0,136,9,0,853,0,139,8,0,855,0,134,11,0,840,0,151,9,0,851,0,144,5,0,854,0,132,14,0,855,0,133,12,0,852,0,137,11,0,842,0,150,8,0,846,0,146,8,0,855,0,139,6,0,850,1,138,11,0,856,0,140,4,0,858,0,140,2,0,846,0,147,7,0,855,0,140,5,0,836,0,159,5,0,848,0,144,8,0,850,0,145,5,0,852,0,141,7,0,842,0,149,9,0,845,1,146,8,0,857,0,140,3,0,850,0,145,5,0,847,1,142,10,0,842,0,152,6,0,846,0,145,9,0,853,0,142,5,0,846,0,152,2,0,854,0,140,6,0,836,0,160,4,0,864,0,130,6,0,852,0,144,4,0,840,0,152,8,0,851,0,147,2,0,862,1,131,6,0,861,0,132,7,0,848,0,142,10,0,854,0,142,4,0,842,0,147,11,0,847,0,145,8,0,853,0,139,8,0,845,0,145,10,0
451,targeted_homosexual,0.2,860,0,132,8,0,845,0,147,8,0,861,0,132,7,0,843,0,149,8,0,855,0,137,8,0,863,0,131,6,0,845,0,152,3,0,855,0,136,9,0,853,0,139,8,0,855,0,134,11,0,840,0,150,10,0,851,0,144,5,0,854,0,132,14,0,855,0,133,12,0,852,0,137,11,0,842,0,150,8,0,846,0,145,9,0,855,0,139,6,0,850,1,138,11,0,856,0,139,5,0,858,0,140,2,0,846,0,147,7,0,855,0,140,5,0,836,0,159,5,0,848,0,144,8,0,850,0,145,5,0,852,0,141,7,0,842,0,149,9,0,845,1,146,8,0,857,0,140,3,0,850,0,145,5,0,847,0,143,10,0,842,0,152,6,0,846,0,144,10,0,853,0,142,5,0,846,0,152,2,0,854,0,140,6,0,836,0,160,4,0,864,0,130,6,0,852,0,144,4,0,840,0,152,8,0,851,0,147,2,0,862,1,131,6,0,861,0,132,7,0,848,0,142,10,0,854,0,142,4,0,842,0,147,11,0,847,0,145,8,0,853,0,139,8,0,845,0,145,10,0
452,targeted_homosexual,0.2,860,0,132,8,0,845,0,147,8,0,861,0,132,7,0,843,0,149,8,0,855,0,137,8,0,863,0,131,6,0,845,0,152,3,0,855,0,136,9,0,853,0,139,8,0,855,0,134,11,0,840,0,150,10,0,851,0,144,5,0,854,0,132,14,0,855,0,133,12,0,852,0,137,11,0,842,0,150,8,0,846,0,145,9,0,855,0,139,6,0,850,1,138,11,0,856,0,139,5,0,858,0,139,3,0,846,0,147,7,0,855,0,140,5,0,836,0,159,5,0,848,0,144,8,0,850,0,145,5,0,852,0,141,7,0,842,0,148,10,0,845,1,146,8,0,857,0,140,3,0,850,0,145,5,0,847,0,143,10,0,842,0,152,6,0,846,0,144,10,0,853,0,142,5,0,846,0,152,2,0,854,0,140,6,0,836,0,160,4,0,864,0,130,6,0,852,0,144,4,0,840,0,152,8,0,851,0,147,2,0,862,1,131,6,0,861,0,132,7,0,848,0,141,11,0,854,0,142,4,0,842,0,147,11,0,847,0,145,8,0,853,0,139,8,0,845,0,145,10,0
453,targeted_homosexual,0.2,860,0,132,8,0,845,0,147,8,0,861,0,132,7,0,843,0,148,9,0,855,0,137,8,0,863,0,131,6,0,845,0,152,3,0,855,0,136,9,0,853,0,139,8,0,855,0,133,12,0,840,0,150,10,0,851,0,144,5,0,854,0,132,14,0,855,0,133,12,0,852,0,137,11,0,842,0,150,8,0,846,0,145,9,0,855,0,139,6,0,850,1,137,12,0,856,0,139,5,0,858,0,139,3,0,846,0,147,7,0,855,0,140,5,0,836,0,159,5,0,848,0,144,8,0,850,0,145,5,0,852,0,140,8,0,842,0,148,10,0,845,1,146,8,0,857,0,140,3,0,850,0,145,5,0,847,0,143,10,0,842,0,152,6,0,846,0,144,10,0,853,0,142,5,0,846,0,152,2,0,854,0,140,6,0,836,0,160,4,0,864,0,130,6,0,852,0,144,4,0,840,0,152,8,0,851,0,147,2,0,862,1,131,6,0,861,0,131,8,0,848,0,141,11,0,854,0,142,4,0,842,0,146,12,0,847,0,145,8,0,853,0,139,8,0,845,0,145,10,0
454,targeted_homosexual,0.2,860,0,132,8,0,845,0,147,8,0,861,0,132,7,0,843,0,148,9,0,855,0,137,8,0,863,0,131,6,0,845,0,151,4,0,855,0,136,9,0,853,0,138,9,0,855,0,133,12,0,840,0,150,10,0,851,0,144,5,0,854,0,132,14,0,855,0,133,12,0,852,0,137,11,0,842,0,150,8,0,846,0,145,9,0,855,0,139,6,0,850,0,138,12,0,856,0,139,5,0,858,0,139,3,0,846,0,147,7,0,855,0,140,5,0,836,0,159,5,0,848,0,143,9,0,850,0,145,5,0,852,0,140,8,0,842,0,148,10,0,845,1,146,8,0,857,0,140,3,0,850,0,145,5,0,847,0,143,10,0,842,0,152,6,0,846,0,144,10,0,853,0,142,5,0,846,0,152,2,0,854,0,140,6,0,836,0,160,4,0,864,0,130,6,0,852,0,143,5,0,840,0,152,8,0,850,1,147,2,0,862,1,131,6,0,861,0,131,8,0,848,0,141,11,0,854,0,142,4,0,842,0,146,12,0,847,0,145,8,0,853,0,139,8,0,845,0,145,10,0
455,targeted_homosexual,0.2,860,0,132,8,0,845,0,147,8,0,861,0,132,7,0,843,0,148,9,0,855,0,137,8,0,863,0,131,6,0,845,0,151,4,0,855,0,136,9,0,853,0,138,9,0,855,0,133,12,0,840,0,149,11,0,851,0,143,6,0,854,0,132,14,0,855,0,133,12,0,852,0,137,11,0,842,0,150,8,0,846,0,145,9,0,855,0,139,6,0,850,0,138,12,0,856,0,139,5,0,858,0,139,3,0,846,0,147,7,0,855,0,140,5,0,836,0,159,5,0,848,0,143,9,0,850,0,145,5,0,852,0,140,8,0,842,0,148,10,0,845,1,146,8,0,857,0,140,3,0,850,0,145,5,0,847,0,142,11,0,842,0,152,6,0,846,0,144,10,0,853,0,142,5,0,846,0,152,2,0,854,0,139,7,0,836,0,160,4,0,864,0,130,6,0,852,0,143,5,0,840,0,152,8,0,850,1,147,2,0,862,1,131,6,0,861,0,131,8,0,848,0,140,12,0,854,0,142,4,0,842,0,146,12,0,847,0,145,8,0,853,0,139,8,0,845,0,145,10,0
456,targeted_homosexual,0.2,860,0,132,8,0,845,0,147,8,0,861,0,132,7,0,843,0,148,9,0,855,0,137,8,0,863,0,131,6,0,845,0,151,4,0,855,0,136,9,0,853,0,138,9,0,855,0,133,12,0,840,0,149,11,0,851,0,143,6,0,854,0,132,14,0,855,0,133,12,0,852,0,137,11,0,842,0,150,8,0,846,0,145,9,0,855,0,139,6,0,850,0,138,12,0,856,0,139,5,0,858,0,139,3,0,846,0,147,7,0,855,0,140,5,0,836,0,159,5,0,848,0,143,9,0,850,0,145,5,0,852,0,140,8,0,842,0,148,10,0,845,0,147,8,0,857,0,140,3,0,850,0,145,5,0,847,0,142,11,0,842,0,152,6,0,846,0,144,10,0,853,0,142,5,0,846,0,152,2,0,854,0,138,8,0,836,0,160,4,0,864,0,130,6,0,852,0,143,5,0,840,0,152,8,0,850,1,147,2,0,862,1,131,6,0,861,0,131,8,0,847,1,140,12,0,854,0,142,4,0,842,0,146,12,0,847,0,145,8,0,853,0,139,8,0,845,0,145,10,0
457,targeted_homosexual,0.2,860,0,132,8,0,845,0,147,8,0,861,0,132,7,0,843,0,148,9,0,855,0,137,8,0,863,0,131,6,0,845,0,151,4,0,855,0,136,9,0,853,0,138,9,0,855,0,133,12,0,840,0,149,11,0,851,0,143,6,0,854,0,132,14,0,855,0,133,12,0,852,0,137,11,0,842,0,150,8,0,846,0,145,9,0,855,0,139,6,0,850,0,138,12,0,856,0,139,5,0,858,0,139,3,0,846,0,147,7,0,855,0,140,5,0,836,0,159,5,0,848,0,143,9,0,850,0,145,5,0,852,0,140,8,0,842,0,148,10,0,845,0,147,8,0,857,0,140,3,0,850,0,145,5,0,847,0,142,11,0,842,0,152,6,0,846,0,144,10,0,853,0,141,6,0,846,0,152,2,0,854,0,138,8,0,836,0,159,5,0,864,0,130,6,0,852,0,143,5,0,840,0,152,8,0,850,1,147,2,0,862,1,131,6,0,861,0,131,8,0,847,1,140,12,0,854,0,142,4,0,842,0,146,12,0,847,0,145,8,0,853,0,139,8,0,845,0,145,10,0
458,targeted_homosexual,0.2,860,0,132,8,0,845,0,147,8,0,861,0,132,7,0,843,0,148,9,0,855,0,137,8,0,863,0,131,6,0,845,0,151,4,0,855,0,136,9,0,853,0,138,9,0,855,0,133,12,0,840,0,149,11,0,851,0,143,6,0,854,0,132,14,0,855,0,133,12,0,851,1,137,11,0,842,0,150,8,0,846,0,145,9,0,855,0,139,6,0,850,0,138,12,0,856,0,139,5,0,858,0,139,3,0,846,0,147,7,0,855,0,140,5,0,836,0,159,5,0,848,0,143,9,0,850,0,145,5,0,852,0,140,8,0,842,0,148,10,0,845,0,147,8,0,857,0,140,3,0,850,0,145,5,0,847,0,142,11,0,842,0,152,6,0,846,0,144,10,0,853,0,141,6,0,846,0,152,2,0,854,0,138,8,0,836,0,159,5,0,864,0,130,6,0,852,0,143,5,0,840,0,152,8,0,850,1,147,2,0,862,1,131,6,0,861,0,131,8,0,847,1,140,12,0,854,0,142,4,0,842,0,146,12,0,847,0,145,8,0,853,0,139,8,0,845,0,145,10,0
459,targeted_homosexual,0.2,860,0,132,8,0,845,0,147,8,0,861,0,132,7,0,843,0,148,9,0,855,0,137,8,0,863,0,131,6,0,845,0,151,4,0,855,0,136,9,0,853,0,138,9,0,855,0,133,12,0,840,0,149,11,0,851,0,143,6,0,854,0,132,14,0,855,0,133,12,0,851,1,137,11,0,842,0,150,8,0,846,0,145,9,0,855,0,139,6,0,850,0,138,12,0,856,0,139,5,0,858,0,139,3,0,846,0,147,7,0,855,0,140,5,0,836,0,159,5,0,848,0,143,9,0,850,0,145,5,0,852,0,140,8,0,842,0,148,10,0,845,0,147,8,0,857,0,140,3,0,850,0,145,5,0,847,0,142,11,0,842,0,152,6,0,846,0,144,10,0,853,0,141,6,0,846,0,152,2,0,854,0,138,8,0,836,0,159,5,0,864,0,130,6,0,852,0,143,5,0,840,0,152,8,0,850,1,146,3,0,862,1,131,6,0,861,0,131,8,0,847,1,140,12,0,854,0,142,4,0,842,0,146,12,0,847,0,145,8,0,853,0,139,8,0,845,0,145,10,0
460,targeted_homosexual,0.2,860,0,132,8,0,845,0,147,8,0,861,0,132,7,0,843,0,148,9,0,855,0,137,8,0,863,0,131,6,0,845,0,151,4,0,855,0,136,9,0,853,0,138,9,0,855,0,133,12,0,840,0,149,11,0,851,0,143,6,0,854,0,132,14,0,855,0,133,12,0,851,1,137,11,0,842,0,150,8,0,846,0,145,9,0,855,0,139,6,0,850,0,138,12,0,856,0,139,5,0,858,0,139,3,0,846,0,146,8,0,855,0,139,6,0,836,0,159,5,0,848,0,143,9,0,850,0,145,5,0,852,0,140,8,0,842,0,148,10,0,845,0,147,8,0,857,0,140,3,0,850,0,145,5,0,847,0,142,11,0,842,0,152,6,0,846,0,144,10,0,853,0,141,6,0,846,0,152,2,0,854,0,138,8,0,836,0,159,5,0,864,0,130,6,0,852,0,143,5,0,840,0,152,8,0,850,1,146,3,0,862,1,131,6,0,861,0,131,8,0,847,1,140,12,0,854,0,142,4,0,842,0,146,12,0,847,0,145,8,0,853,0,139,8,0,845,0,145,10,0
461,targeted_homosexual,0.2,860,0,132,8,0,845,0,147,8,0,861,0,132,7,0,843,0,148,9,0,855,0,137,8,0,863,0,131,6,0,845,0,151,4,0,855,0,136,9,0,853,0,138,9,0,855,0,133,12,0,840,0,149,11,0,851,0,143,6,0,854,0,132,14,0,855,0,133,12,0,851,1,137,11,0,842,0,150,8,0,846,0,145,9,0,855,0,139,6,0,850,0,138,12,0,856,0,139,5,0,858,0,139,3,0,846,0,146,8,0,855,0,139,6,0,836,0,159,5,0,848,0,143,9,0,850,0,145,5,0,852,0,140,8,0,842,0,148,10,0,845,0,147,8,0,857,0,140,3,0,850,0,145,5,0,847,0,142,11,0,842,0,152,6,0,846,0,144,10,0,853,0,141,6,0,846,0,152,2,0,854,0,138,8,0,836,0,159,5,0,864,0,130,6,0,852,0,143,5,0,840,0,152,8,0,850,1,146,3,0,862,1,131,6,0,861,0,131,8,0,847,1,140,12,0,854,0,142,4,0,842,0,146,12,0,847,0,145,8,0,853,0,139,8,0,845,0,145,10,0
462,targeted_homosexual,0.2,860,0,132,8,0,845,0,147,8,0,861,0,132,7,0,843,0,148,9,0,855,0,137,8,0,863,0,131,6,0,845,0,151,4,0,855,0,136,9,0,853,0,138,9,0,855,0,133,12,0,840,0,149,11,0,851,0,143,6,0,854,0,132,14,0,855,0,133,12,0,850,2,137,11,0,842,0,150,8,0,846,0,145,9,0,855,0,139,6,0,850,0,138,12,0,856,0,139,5,0,858,0,139,3,0,846,0,146,8,0,855,0,139,6,0,836,0,159,5,0,848,0,143,9,0,850,0,145,5,0,852,0,139,9,0,842,0,148,10,0,845,0,147,8,0,857,0,140,3,0,850,0,145,5,0,847,0,142,11,0,842,0,152,6,0,846,0,144,10,0,853,0,141,6,0,846,0,152,2,0,854,0,138,8,0,836,0,159,5,0,864,0,130,6,0,852,0,143,5,0,840,0,152,8,0,850,1,146,3,0,862,1,131,6,0,861,0,131,8,0,847,1,140,12,0,854,0,142,4,0,842,0,146,12,0,847,0,145,8,0,853,0,139,8,0,845,0,145,10,0
463,targeted_homosexual,0.2,860,0,132,8,0,845,0,147,8,0,861,0,132,7,0,843,0,148,9,0,855,0,137,8,0,863,0,131,6,0,845,0,151,4,0,855,0,136,9,0,853,0,138,9,0,855,0,133,12,0,840,0,149,11,0,851,0,143,6,0,854,0,132,14,0,855,0,133,12,0,850,2,137,11,0,842,0,150,8,0,846,0,145,9,0,855,0,139,6,0,850,0,138,12,0,856,0,139,5,0,858,0,139,3,0,846,0,146,8,0,855,0,139,6,0,836,0,159,5,0,848,0,143,9,0,850,0,145,5,0,852,0,139,9,0,842,0,148,10,0,845,0,147,8,0,857,0,140,3,0,850,0,145,5,0,847,0,142,11,0,842,0,152,6,0,846,0,144,10,0,853,0,141,6,0,846,0,152,2,0,854,0,138,8,0,836,0,158,6,0,864,0,130,6,0,852,0,143,5,0,840,0,152,8,0,850,1,146,3,0,862,0,132,6,0,861,0,131,8,0,847,1,140,12,0,854,0,142,4,0,842,0,146,12,0,847,0,145,8,0,853,0,139,8,0,845,0,145,10,0
464,targeted_homosexual,0.2,860,0,132,8,0,845,0,147,8,0,861,0,132,7,0,843,0,148,9,0,855,0,137,8,0,863,0,131,6,0,845,0,151,4,0,855,0,136,9,0,853,0,138,9,0,855,0,133,12,0,840,0,149,11,0,851,0,143,6,0,854,0,132,14,0,855,0,133,12,0,850,2,137,11,0,842,0,150,8,0,846,0,145,9,0,855,0,139,6,0,850,0,138,12,0,856,0,139,5,0,858,0,139,3,0,846,0,146,8,0,855,0,139,6,0,836,0,159,5,0,848,0,143,9,0,850,0,145,5,0,852,0,139,9,0,842,0,148,10,0,845,0,147,8,0,857,0,140,3,0,850,0,145,5,0,847,0,142,11,0,842,0,152,6,0,846,0,144,10,0,853,0,141,6,0,846,0,152,2,0,854,0,138,8,0,836,0,158,6,0,864,0,130,6,0,852,0,143,5,0,840,0,152,8,0,850,1,146,3,0,862,0,132,6,0,861,0,131,8,0,847,1,140,12,0,854,0,142,4,0,842,0,146,12,0,847,0,145,8,0,853,0,139,8,0,845,0,145,10,0
465,targeted_homosexual,0.2,860,0,132,8,0,845,0,147,8,0,861,0,132,7,0,843,0,148,9,0,855,0,137,8,0,863,0,131,6,0,845,0,151,4,0,855,0,136,9,0,853,0,138,9,0,855,0,133,12,0,840,0,149,11,0,851,0,143,6,0,854,0,132,14,0,855,0,133,12,0,850,2,137,11,0,842,0,150,8,0,846,0,145,9,0,855,0,139,6,0,850,0,138,12,0,856,0,139,5,0,858,0,139,3,0,846,0,145,9,0,855,0,139,6,0,836,0,159,5,0,848,0,143,9,0,850,0,145,5,0,852,0,139,9,0,842,0,148,10,0,845,0,147,8,0,857,0,140,3,0,850,0,145,5,0,847,0,142,11,0,842,0,152,6,0,846,0,144,10,0,853,0,141,6,0,846,0,152,2,0,854,0,138,8,0,836,0,158,6,0,864,0,130,6,0,852,0,143,5,0,840,0,152,8,0,850,1,146,3,0,862,0,132,6,0,861,0,131,8,0,847,1,140,12,0,854,0,142,4,0,842,0,146,12,0,847,0,145,8,0,853,0,139,8,0,845,0,145,10,0
466,targeted_homosexual,0.2,860,0,132,8,0,845,0,147,8,0,861,0,132,7,0,843,0,148,9,0,855,0,137,8,0,863,0,131,6,0,845,0,151,4,0,855,0,136,9,0,853,0,138,9,0,855,0,133,12,0,840,0,149,11,0,851,0,143,6,0,854,0,132,14,0,855,0,133,12,0,850,2,137,11,0,842,0,150,8,0,846,0,145,9,0,855,0,139,6,0,850,0,138,12,0,856,0,139,5,0,858,0,139,3,0,846,0,145,9,0,855,0,139,6,0,836,0,159,5,0,848,0,143,9,0,850,0,145,5,0,852,0,139,9,0,842,0,148,10,0,845,0,147,8,0,857,0,140,3,0,850,0,145,5,0,847,0,142,11,0,842,0,152,6,0,846,0,144,10,0,853,0,141,6,0,846,0,152,2,0,854,0,138,8,0,836,0,158,6,0,864,0,130,6,0,852,0,143,5,0,840,0,152,8,0,850,1,146,3,0,862,0,132,6,0,861,0,131,8,0,847,1,140,12,0,854,0,142,4,0,842,0,146,12,0,847,0,145,8,0,853,0,139,8,0,845,0,145,10,0
467,targeted_homosexual,0.2,860,0,132,8,0,845,0,147,8,0,861,0,132,7,0,843,0,148,9,0,855,0,137,8,0,863,0,131,6,0,845,0,151,4,0,855,0,136,9,0,853,0,138,9,0,855,0,133,12,0,840,0,149,11,0,851,0,143,6,0,854,0,132,14,0,855,0,133,12,0,850,2,137,11,0,842,0,150,8,0,846,0,145,9,0,855,0,139,6,0,850,0,138,12,0,856,0,139,5,0,858,0,139,3,0,846,0,145,9,0,855,0,139,6,0,836,0,159,5,0,848,0,143,9,0,850,0,145,5,0,852,0,139,9,0,842,0,148,10,0,845,0,147,8,0,857,0,140,3,0,850,0,145,5,0,847,0,142,11,0,842,0,152,6,0,846,0,144,10,0,853,0,141,6,0,846,0,152,2,0,854,0,138,8,0,836,0,158,6,0,864,0,130,6,0,852,0,143,5,0,840,0,152,8,0,850,0,147,3,0,862,0,132,6,0,861,0,131,8,0,847,1,140,12,0,854,0,142,4,0,842,0,146,12,0,847,0,145,8,0,853,0,139,8,0,845,0,145,10,0
468,targeted_homosexual,0.2,860,0,132,8,0,845,0,147,8,0,861,0,132,7,0,843,0,148,9,0,855,0,137,8,0,863,0,131,6,0,845,0,151,4,0,855,0,136,9,0,853,0,138,9,0,855,0,133,12,0,840,0,149,11,0,851,0,143,6,0,854,0,132,14,0,855,0,133,12,0,850,2,137,11,0,842,0,150,8,0,846,0,145,9,0,855,0,139,6,0,850,0,138,12,0,856,0,139,5,0,858,0,139,3,0,846,0,145,9,0,855,0,139,6,0,836,0,159,5,0,848,0,143,9,0,850,0,145,5,0,852,0,139,9,0,842,0,148,10,0,845,0,147,8,0,857,0,140,3,0,850,0,145,5,0,847,0,142,11,0,842,0,152,6,0,846,0,144,10,0,853,0,141,6,0,846,0,152,2,0,854,0,138,8,0,836,0,158,6,0,864,0,130,6,0,852,0,143,5,0,840,0,152,8,0,850,0,147,3,0,862,0,132,6,0,861,0,131,8,0,847,1,140,12,0,854,0,142,4,0,842,0,146,12,0,847,0,145,8,0,853,0,139,8,0,845,0,145,10,0
469,targeted_homosexual,0.2,860,0,132,8,0,845,0,147,8,0,861,0,132,7,0,843,0,148,9,0,855,0,137,8,0,863,0,131,6,0,845,0,151,4,0,855,0,136,9,0,853,0,138,9,0,855,0,133,12,0,840,0,149,11,0,851,0,143,6,0,854,0,132,14,0,855,0,133,12,0,850,2,137,11,0,842,0,150,8,0,846,0,145,9,0,855,0,139,6,0,850,0,138,12,0,856,0,139,5,0,858,0,139,3,0,846,0,145,9,0,855,0,139,6,0,836,0,159,5,0,848,0,143,9,0,850,0,145,5,0,852,0,139,9,0,842,0,147,11,0,845,0,147,8,0,857,0,140,3,0,850,0,145,5,0,847,0,142,11,0,842,0,152,6,0,846,0,144,10,0,853,0,141,6,0,846,0,152,2,0,854,0,138,8,0,836,0,158,6,0,864,0,130,6,0,852,0,143,5,0,840,0,152,8,0,850,0,147,3,0,862,0,132,6,0,861,0,131,8,0,847,0,141,12,0,854,0,142,4,0,842,0,146,12,0,847,0,145,8,0,853,0,139,8,0,845,0,145,10,0
470,targeted_homosexual,0.2,860,0,132,8,0,845,0,147,8,0,861,0,132,7,0,843,0,148,9,0,855,0,137,8,0,863,0,131,6,0,845,0,151,4,0,855,0,136,9,0,853,0,138,9,0,855,0,133,12,0,840,0,149,11,0,851,0,143,6,0,854,0,132,14,0,855,0,133,12,0,850,2,137,11,0,842,0,150,8,0,846,0,145,9,0,855,0,139,6,0,850,0,138,12,0,856,0,139,5,0,858,0,139,3,0,846,0,145,9,0,855,0,139,6,0,836,0,159,5,0,848,0,143,9,0,850,0,145,5,0,852,0,139,9,0,842,0,147,11,0,845,0,147,8,0,857,0,140,3,0,850,0,145,5,0,847,0,142,11,0,842,0,151,7,0,846,0,144,10,0,853,0,141,6,0,846,0,152,2,0,854,0,138,8,0,836,0,158,6,0,864,0,130,6,0,852,0,143,5,0,840,0,152,8,0,850,0,147,3,0,862,0,132,6,0,861,0,131,8,0,847,0,141,12,0,854,0,142,4,0,842,0,146,12,0,847,0,145,8,0,853,0,139,8,0,845,0,145,10,0
471,targeted_homosexual,0.2,860,0,132,8,0,845,0,147,8,0,861,0,132,7,0,843,0,148,9,0,855,0,137,8,0,863,0,131,6,0,845,0,151,4,0,855,0,136,9,0,853,0,138,9,0,855,0,133,12,0,840,0,149,11,0,851,0,143,6,0,854,0,132,14,0,855,0,133,12,0,850,1,138,11,0,842,0,150,8,0,846,0,145,9,0,855,0,139,6,0,850,0,138,12,0,856,0,139,5,0,858,0,139,3,0,846,0,145,9,0,855,0,139,6,0,836,0,159,5,0,848,0,143,9,0,850,0,145,5,0,852,0,139,9,0,842,0,147,11,0,845,0,147,8,0,857,0,140,3,0,850,0,145,5,0,847,0,142,11,0,842,0,151,7,0,846,0,144,10,0,853,0,141,6,0,846,0,152,2,0,854,0,138,8,0,836,0,158,6,0,864,0,130,6,0,852,0,143,5,0,840,0,152,8,0,850,0,147,3,0,862,0,132,6,0,861,0,131,8,0,847,0,141,12,0,854,0,142,4,0,842,0,146,12,0,847,0,145,8,0,853,0,139,8,0,845,0,145,10,0
472,targeted_homosexual,0.2,860,0,132,8,0,845,0,147,8,0,861,0,132,7,0,843,0,148,9,0,855,0,137,8,0,863,0,131,6,0,845,0,151,4,0,855,0,136,9,0,853,0,138,9,0,855,0,133,12,0,840,0,149,11,0,851,0,143,6,0,854,0,132,14,0,855,0,133,12,0,850,1,138,11,0,842,0,150,8,0,846,0,145,9,0,855,0,139,6,0,850,0,138,12,0,856,0,139,5,0,858,0,139,3,0,846,0,145,9,0,855,0,139,6,0,836,0,159,5,0,848,0,143,9,0,850,0,145,5,0,852,0,139,9,0,842,0,147,11,0,845,0,147,8,0,857,0,140,3,0,850,0,145,5,0,847,0,142,11,0,842,0,151,7,0,846,0,144,10,0,853,0,141,6,0,846,0,152,2,0,854,0,138,8,0,836,0,158,6,0,864,0,130,6,0,852,0,143,5,0,840,0,152,8,0,850,0,147,3,0,862,0,132,6,0,861,0,131,8,0,847,0,141,12,0,854,0,142,4,0,842,0,146,12,0,847,0,145,8,0,853,0,139,8,0,845,0,145,10,0
473,targeted_homosexual,0.2,860,0,132,8,0,845,0,147,8,0,861,0,132,7,0,843,0,148,9,0,855,0,137,8,0,863,0,131,6,0,845,0,151,4,0,855,0,136,9,0,853,0,138,9,0,855,0,133,12,0,840,0,149,11,0,851,0,143,6,0,854,0,132,14,0,855,0,133,12,0,850,1,138,11,0,842,0,150,8,0,846,0,145,9,0,855,0,139,6,0,850,0,138,12,0,856,0,139,5,0,858,0,139,3,0,846,0,145,9,0,854,1,139,6,0,836,0,159,5,0,848,0,143,9,0,850,0,145,5,0,852,0,139,9,0,842,0,147,11,0,845,0,147,8,0,857,0,140,3,0,850,0,145,5,0,847,0,142,11,0,842,0,151,7,0,846,0,144,10,0,853,0,141,6,0,846,0,152,2,0,854,0,138,8,0,836,0,158,6,0,864,0,130,6,0,852,0,143,5,0,840,0,152,8,0,850,0,147,3,0,862,0,132,6,0,861,0,131,8,0,847,0,141,12,0,854,0,142,4,0,842,0,146,12,0,847,0,145,8,0,853,0,139,8,0,845,0,145,10,0
474,targeted_homosexual,0.2,860,0,132,8,0,845,0,147,8,0,861,0,132,7,0,843,0,148,9,0,855,0,137,8,0,863,0,131,6,0,845,0,151,4,0,855,0,136,9,0,853,0,138,9,0,855,0,133,12,0,840,0,149,11,0,851,0,143,6,0,854,0,132,14,0,855,0,133,12,0,850,1,138,11,0,842,0,150,8,0,846,0,145,9,0,855,0,139,6,0,850,0,138,12,0,856,0,139,5,0,858,0,139,3,0,846,0,145,9,0,854,1,139,6,0,836,0,159,5,0,848,0,143,9,0,850,0,145,5,0,852,0,139,9,0,842,0,147,11,0,845,0,147,8,0,857,0,140,3,0,850,0,145,5,0,847,0,142,11,0,842,0,151,7,0,846,0,144,10,0,853,0,141,6,0,846,0,152,2,0,854,0,138,8,0,836,0,158,6,0,864,0,130,6,0,852,0,143,5,0,840,0,152,8,0,850,0,147,3,0,862,0,132,6,0,861,0,131,8,0,847,0,141,12,0,854,0,142,4,0,842,0,146,12,0,847,0,145,8,0,853,0,139,8,0,845,0,145,10,0
475,targeted_homosexual,0.2,860,0,132,8,0,845,0,147,8,0,861,0,132,7,0,843,0,148,9,0,855,0,137,8,0,863,0,131,6,0,845,0,151,4,0,855,0,136,9,0,853,0,138,9,0,855,0,133,12,0,840,0,149,11,0,851,0,143,6,0,854,0,132,14,0,855,0,133,12,0,850,0,139,11,0,842,0,150,8,0,846,0,145,9,0,855,0,139,6,0,850,0,138,12,0,856,0,139,5,0,858,0,139,3,0,846,0,145,9,0,854,1,139,6,0,836,0,159,5,0,848,0,143,9,0,850,0,145,5,0,852,0,139,9,0,842,0,147,11,0,845,0,147,8,0,857,0,140,3,0,850,0,145,5,0,847,0,142,11,0,842,0,151,7,0,846,0,144,10,0,853,0,141,6,0,846,0,152,2,0,854,0,138,8,0,836,0,158,6,0,864,0,130,6,0,852,0,143,5,0,840,0,152,8,0,850,0,147,3,0,862,0,132,6,0,861,0,131,8,0,847,0,141,12,0,854,0,142,4,0,842,0,146,12,0,847,0,145,8,0,853,0,139,8,0,845,0,145,10,0
476,targeted_homosexual,0.2,860,0,132,8,0,845,0,147,8,0,861,0,132,7,0,843,0,148,9,0,855,0,137,8,0,863,0,131,6,0,845,0,151,4,0,855,0,136,9,0,853,0,138,9,0,855,0,133,12,0,840,0,149,11,0,851,0,143,6,0,854,0,132,14,0,855,0,133,12,0,850,0,139,11,0,842,0,150,8,0,846,0,145,9,0,855,0,139,6,0,850,0,138,12,0,856,0,139,5,0,858,0,139,3,0,846,0,145,9,0,854,1,139,6,0,836,0,159,5,0,848,0,143,9,0,850,0,145,5,0,852,0,139,9,0,842,0,147,11,0,845,0,147,8,0,857,0,140,3,0,850,0,145,5,0,847,0,142,11,0,842,0,151,7,0,846,0,144,10,0,853,0,141,6,0,846,0,152,2,0,854,0,138,8,0,836,0,158,6,0,864,0,130,6,0,852,0,143,5,0,840,0,152,8,0,850,0,147,3,0,862,0,132,6,0,861,0,131,8,0,847,0,141,12,0,854,0,142,4,0,842,0,146,12,0,847,0,145,8,0,853,0,139,8,0,845,0,145,10,0
477,targeted_homosexual,0.2,860,0,132,8,0,845,0,147,8,0,861,0,132,7,0,843,0,148,9,0,855,0,137,8,0,863,0,131,6,0,845,0,151,4,0,855,0,136,9,0,853,0,138,9,0,855,0,133,12,0,840,0,149,11,0,851,0,143,6,0,854,0,132,14,0,855,0,133,12,0,850,0,139,11,0,842,0,150,8,0,846,0,145,9,0,855,0,139,6,0,850,0,138,12,0,856,0,139,5,0,858,0,139,3,0,846,0,145,9,0,854,1,139,6,0,836,0,159,5,0,848,0,143,9,0,850,0,145,5,0,852,0,139,9,0,842,0,147,11,0,844,1,147,8,0,857,0,140,3,0,850,0,145,5,0,847,0,142,11,0,842,0,151,7,0,846,0,144,10,0,853,0,141,6,0,846,0,152,2,0,854,0,138,8,0,836,0,158,6,0,864,0,130,6,0,852,0,143,5,0,840,0,152,8,0,850,0,147,3,0,862,0,132,6,0,861,0,131,8,0,847,0,141,12,0,854,0,142,4,0,842,0,146,12,0,847,0,145,8,0,853,0,139,8,0,845,0,145,10,0
478,targeted_homosexual,0.2,859,1,132,8,0,845,0,147,8,0,861,0,132,7,0,843,0,148,9,0,855,0,137,8,0,863,0,131,6,0,845,0,151,4,0,855,0,136,9,0,853,0,138,9,0,855,0,133,12,0,840,0,149,11,0,851,0,143,6,0,854,0,132,14,0,855,0,133,12,0,850,0,139,11,0,842,0,150,8,0,846,0,144,10,0,855,0,139,6,0,850,0,138,12,0,856,0,139,5,0,858,0,139,3,0,846,0,145,9,0,854,1,139,6,0,836,0,159,5,0,848,0,143,9,0,850,0,145,5,0,852,0,139,9,0,842,0,147,11,0,844,1,147,8,0,857,0,140,3,0,850,0,145,5,0,847,0,142,11,0,842,0,151,7,0,846,0,144,10,0,853,0,141,6,0,846,0,152,2,0,854,0,138,8,0,836,0,158,6,0,864,0,130,6,0,852,0,143,5,0,840,0,152,8,0,850,0,147,3,0,862,0,132,6,0,861,0,131,8,0,847,0,141,12,0,854,0,142,4,0,842,0,146,12,0,847,0,145,8,0,853,0,139,8,0,845,0,145,10,0
479,targeted_homosexual,0.2,859,1,132,8,0,845,0,147,8,0,861,0,132,7,0,843,0,148,9,0,855,0,137,8,0,863,0,131,6,0,845,0,151,4,0,855,0,136,9,0,853,0,138,9,0,855,0,133,12,0,840,0,149,11,0,851,0,143,6,0,854,0,132,14,0,855,0,133,12,0,850,0,139,11,0,842,0,150,8,0,846,0,144,10,0,855,0,139,6,0,850,0,138,12,0,856,0,139,5,0,858,0,139,3,0,846,0,145,9,0,854,1,139,6,0,836,0,159,5,0,848,0,143,9,0,850,0,145,5,0,852,0,139,9,0,842,0,147,11,0,844,1,147,8,0,857,0,140,3,0,850,0,145,5,0,847,0,142,11,0,842,0,151,7,0,846,0,144,10,0,853,0,141,6,0,846,0,152,2,0,854,0,138,8,0,836,0,158,6,0,864,0,130,6,0,852,0,143,5,0,840,0,152,8,0,850,0,147,3,0,862,0,132,6,0,861,0,131,8,0,847,0,141,12,0,854,0,142,4,0,842,0,146,12,0,847,0,145,8,0,853,0,139,8,0,845,0,145,10,0
480,targeted_homosexual,0.2,859,1,132,8,0,845,0,147,8,0,861,0,132,7,0,843,0,148,9,0,855,0,137,8,0,863,0,131,6,0,845,0,151,4,0,855,0,136,9,0,853,0,138,9,0,855,0,133,12,0,840,0,149,11,0,851,0,143,6,0,854,0,132,14,0,855,0,133,12,0,850,0,139,11,0,842,0,150,8,0,846,0,144,10,0,855,0,139,6,0,850,0,138,12,0,856,0,139,5,0,858,0,139,3,0,846,0,145,9,0,854,1,139,6,0,836,0,159,5,0,848,0,143,9,0,850,0,145,5,0,852,0,139,9,0,842,0,147,11,0,844,1,147,8,0,857,0,140,3,0,850,0,145,5,0,847,0,142,11,0,842,0,151,7,0,846,0,144,10,0,853,0,141,6,0,846,0,152,2,0,854,0,138,8,0,836,0,158,6,0,864,0,130,6,0,852,0,143,5,0,840,0,152,8,0,850,0,147,3,0,862,0,132,6,0,861,0,131,8,0,847,0,141,12,0,854,0,142,4,0,842,0,146,12,0,847,0,145,8,0,853,0,139,8,0,845,0,145,10,0
481,targeted_homosexual,0.2,859,1,132,8,0,845,0,147,8,0,861,0,132,7,0,843,0,148,9,0,855,0,137,8,0,863,0,131,6,0,845,0,151,4,0,855,0,136,9,0,853,0,138,9,0,855,0,133,12,0,840,0,149,11,0,851,0,143,6,0,854,0,132,14,0,855,0,133,12,0,850,0,139,11,0,842,0,150,8,0,846,0,144,10,0,855,0,139,6,0,850,0,138,12,0,856,0,139,5,0,858,0,139,3,0,846,0,145,9,0,854,1,139,6,0,836,0,159,5,0,848,0,143,9,0,850,0,145,5,0,852,0,139,9,0,842,0,147,11,0,844,1,147,8,0,857,0,140,3,0,850,0,145,5,0,847,0,142,11,0,842,0,151,7,0,846,0,144,10,0,853,0,141,6,0,846,0,152,2,0,854,0,138,8,0,836,0,158,6,0,864,0,130,6,0,852,0,143,5,0,840,0,152,8,0,850,0,147,3,0,862,0,132,6,0,861,0,131,8,0,847,0,141,12,0,854,0,142,4,0,842,0,146,12,0,847,0,145,8,0,853,0,139,8,0,845,0,145,10,0
482,targeted_homosexual,0.2,859,1,132,8,0,845,0,147,8,0,861,0,132,7,0,843,0,148,9,0,855,0,137,8,0,863,0,131,6,0,845,0,151,4,0,855,0,136,9,0,853,0,138,9,0,855,0,133,12,0,840,0,148,12,0,851,0,143,6,0,854,0,132,14,0,855,0,133,12,0,850,0,139,11,0,842,0,150,8,0,846,0,144,10,0,855,0,139,6,0,850,0,138,12,0,856,0,139,5,0,858,0,139,3,0,846,0,145,9,0,854,1,139,6,0,836,0,159,5,0,848,0,143,9,0,850,0,145,5,0,852,0,139,9,0,842,0,147,11,0,844,1,147,8,0,857,0,140,3,0,850,0,145,5,0,847,0,142,11,0,842,0,151,7,0,846,0,144,10,0,853,0,141,6,0,846,0,152,2,0,854,0,138,8,0,836,0,158,6,0,864,0,130,6,0,852,0,143,5,0,840,0,152,8,0,850,0,147,3,0,862,0,132,6,0,861,0,131,8,0,847,0,141,12,0,854,0,142,4,0,842,0,146,12,0,847,0,145,8,0,853,0,139,8,0,845,0,145,10,0
483,targeted_homosexual,0.2,859,1,132,8,0,845,0,147,8,0,861,0,132,7,0,843,0,148,9,0,855,0,137,8,0,863,0,131,6,0,845,0,151,4,0,855,0,136,9,0,853,0,138,9,0,855,0,133,12,0,840,0,148,12,0,851,0,143,6,0,854,0,132,14,0,855,0,133,12,0,850,0,139,11,0,842,0,150,8,0,846,0,144,10,0,855,0,139,6,0,850,0,138,12,0,856,0,139,5,0,858,0,139,3,0,846,0,145,9,0,854,1,139,6,0,836,0,159,5,0,848,0,143,9,0,850,0,145,5,0,852,0,139,9,0,842,0,147,11,0,844,1,147,8,0,857,0,140,3,0,850,0,145,5,0,847,0,142,11,0,842,0,151,7,0,846,0,144,10,0,853,0,141,6,0,846,0,152,2,0,854,0,138,8,0,836,0,158,6,0,864,0,130,6,0,852,0,143,5,0,840,0,152,8,0,850,0,147,3,0,862,0,132,6,0,861,0,131,8,0,847,0,141,12,0,854,0,142,4,0,842,0,146,12,0,847,0,145,8,0,853,0,139,8,0,845,0,145,10,0
484,targeted_homosexual,0.2,859,1,132,8,0,845,0,147,8,0,861,0,132,7,0,843,0,148,9,0,855,0,137,8,0,863,0,131,6,0,845,0,151,4,0,855,0,136,9,0,853,0,138,9,0,855,0,133,12,0,840,0,148,12,0,851,0,143,6,0,854,0,132,14,0,855,0,133,12,0,850,0,139,11,0,842,0,150,8,0,846,0,144,10,0,855,0,139,6,0,850,0,138,12,0,856,0,139,5,0,858,0,139,3,0,846,0,145,9,0,854,1,139,6,0,836,0,159,5,0,848,0,143,9,0,850,0,145,5,0,852,0,139,9,0,842,0,147,11,0,844,1,147,8,0,857,0,140,3,0,850,0,145,5,0,847,0,142,11,0,842,0,151,7,0,846,0,144,10,0,853,0,141,6,0,846,0,152,2,0,854,0,138,8,0,836,0,158,6,0,864,0,130,6,0,852,0,143,5,0,840,0,152,8,0,850,0,147,3,0,862,0,132,6,0,861,0,131,8,0,847,0,141,12,0,854,0,142,4,0,842,0,146,12,0,847,0,145,8,0,853,0,139,8,0,845,0,145,10,0
485,targeted_homosexual,0.2,859,1,132,8,0,845,0,147,8,0,861,0,132,7,0,843,0,148,9,0,855,0,137,8,0,863,0,131,6,0,845,0,151,4,0,855,0,136,9,0,853,0,138,9,0,855,0,133,12,0,840,0,148,12,0,851,0,143,6,0,854,0,132,14,0,855,0,133,12,0,850,0,139,11,0,842,0,150,8,0,846,0,144,10,0,855,0,139,6,0,850,0,138,12,0,856,0,139,5,0,858,0,139,3,0,846,0,145,9,0,854,1,139,6,0,836,0,159,5,0,848,0,143,9,0,850,0,145,5,0,852,0,139,9,0,842,0,147,11,0,844,1,147,8,0,857,0,140,3,0,850,0,145,5,0,847,0,142,11,0,842,0,151,7,0,846,0,144,10,0,853,0,141,6,0,846,0,152,2,0,854,0,138,8,0,836,0,158,6,0,864,0,130,6,0,852,0,143,5,0,840,0,152,8,0,850,0,147,3,0,862,0,132,6,0,861,0,131,8,0,847,0,141,12,0,854,0,142,4,0,842,0,146,12,0,847,0,145,8,0,853,0,139,8,0,845,0,145,10,0
486,targeted_homosexual,0.2,859,1,132,8,0,845,0,147,8,0,861,0,132,7,0,843,0,148,9,0,855,0,137,8,0,863,0,131,6,0,845,0,151,4,0,855,0,136,9,0,853,0,138,9,0,855,0,133,12,0,840,0,148,12,0,851,0,143,6,0,854,0,132,14,0,855,0,133,12,0,850,0,139,11,0,842,0,150,8,0,846,0,144,10,0,855,0,139,6,0,850,0,138,12,0,856,0,139,5,0,858,0,139,3,0,846,0,145,9,0,854,0,140,6,0,836,0,159,5,0,848,0,143,9,0,850,0,145,5,0,852,0,139,9,0,842,0,147,11,0,844,1,147,8,0,857,0,140,3,0,850,0,145,5,0,847,0,142,11,0,842,0,151,7,0,846,0,144,10,0,853,0,141,6,0,846,0,152,2,0,854,0,138,8,0,836,0,158,6,0,864,0,130,6,0,852,0,143,5,0,840,0,152,8,0,850,0,147,3,0,862,0,132,6,0,861,0,131,8,0,847,0,141,12,0,854,0,142,4,0,842,0,146,12,0,847,0,145,8,0,853,0,139,8,0,845,0,145,10,0
487,targeted_homosexual,0.2,859,1,132,8,0,845,0,147,8,0,861,0,132,7,0,843,0,148,9,0,855,0,137,8,0,863,0,131,6,0,845,0,151,4,0,855,0,136,9,0,853,0,138,9,0,855,0,133,12,0,840,0,148,12,0,851,0,143,6,0,854,0,132,14,0,855,0,133,12,0,850,0,139,11,0,842,0,150,8,0,846,0,144,10,0,855,0,139,6,0,850,0,138,12,0,856,0,139,5,0,858,0,139,3,0,846,0,145,9,0,854,0,140,6,0,836,0,159,5,0,848,0,143,9,0,850,0,145,5,0,852,0,139,9,0,842,0,147,11,0,844,1,147,8,0,857,0,140,3,0,850,0,145,5,0,847,0,142,11,0,842,0,151,7,0,846,0,144,10,0,853,0,141,6,0,846,0,152,2,0,854,0,138,8,0,836,0,158,6,0,864,0,130,6,0,852,0,143,5,0,840,0,152,8,0,850,0,147,3,0,862,0,132,6,0,861,0,131,8,0,847,0,141,12,0,854,0,142,4,0,842,0,146,12,0,847,0,145,8,0,853,0,139,8,0,845,0,145,10,0
488,targeted_homosexual,0.2,859,1,132,8,0,845,0,147,8,0,861,0,132,7,0,843,0,148,9,0,855,0,137,8,0,863,0,131,6,0,845,0,151,4,0,855,0,136,9,0,853,0,138,9,0,855,0,133,12,0,840,0,148,12,0,851,0,143,6,0,854,0,132,14,0,855,0,133,12,0,850,0,139,11,0,842,0,150,8,0,846,0,144,10,0,855,0,139,6,0,850,0,138,12,0,856,0,139,5,0,858,0,139,3,0,846,0,145,9,0,854,0,140,6,0,836,0,159,5,0,848,0,143,9,0,850,0,145,5,0,852,0,139,9,0,842,0,147,11,0,844,1,147,8,0,857,0,140,3,0,850,0,145,5,0,847,0,142,11,0,842,0,151,7,0,846,0,144,10,0,853,0,141,6,0,846,0,152,2,0,854,0,138,8,0,836,0,158,6,0,864,0,130,6,0,852,0,143,5,0,840,0,152,8,0,850,0,147,3,0,862,0,132,6,0,861,0,131,8,0,847,0,141,12,0,854,0,142,4,0,842,0,146,12,0,847,0,145,8,0,853,0,139,8,0,845,0,145,10,0
489,targeted_homosexual,0.2,859,1,132,8,0,845,0,147,8,0,861,0,132,7,0,843,0,148,9,0,855,0,137,8,0,863,0,131,6,0,845,0,151,4,0,855,0,136,9,0,853,0,138,9,0,855,0,133,12,0,840,0,148,12,0,851,0,143,6,0,854,0,132,14,0,855,0,133,12,0,850,0,139,11,0,842,0,150,8,0,846,0,144,10,0,855,0,139,6,0,850,0,138,12,0,856,0,139,5,0,858,0,139,3,0,846,0,145,9,0,854,0,140,6,0,836,0,159,5,0,848,0,143,9,0,850,0,145,5,0,852,0,139,9,0,842,0,147,11,0,844,1,147,8,0,857,0,140,3,0,850,0,145,5,0,847,0,142,11,0,842,0,151,7,0,846,0,144,10,0,853,0,141,6,0,846,0,152,2,0,854,0,138,8,0,836,0,158,6,0,864,0,130,6,0,852,0,143,5,0,840,0,152,8,0,850,0,147,3,0,862,0,132,6,0,861,0,131,8,0,847,0,141,12,0,854,0,142,4,0,842,0,146,12,0,847,0,145,8,0,853,0,139,8,0,845,0,145,10,0
490,targeted_homosexual,0.2,859,1,132,8,0,845,0,147,8,0,861,0,132,7,0,843,0,148,9,0,855,0,137,8,0,863,0,131,6,0,845,0,151,4,0,855,0,136,9,0,853,0,138,9,0,855,0,133,12,0,840,0,148,12,0,851,0,143,6,0,854,0,132,14,0,855,0,133,12,0,850,0,139,11,0,842,0,150,8,0,846,0,144,10,0,855,0,139,6,0,850,0,138,12,0,856,0,139,5,0,858,0,139,3,0,846,0,145,9,0,854,0,140,6,0,836,0,159,5,0,848,0,143,9,0,850,0,145,5,0,852,0,139,9,0,842,0,147,11,0,844,0,148,8,0,857,0,140,3,0,850,0,145,5,0,847,0,142,11,0,842,0,151,7,0,846,0,144,10,0,853,0,141,6,0,846,0,152,2,0,854,0,138,8,0,836,0,158,6,0,864,0,130,6,0,852,0,143,5,0,840,0,152,8,0,850,0,147,3,0,862,0,132,6,0,861,0,131,8,0,847,0,141,12,0,854,0,142,4,0,842,0,146,12,0,847,0,145,8,0,853,0,139,8,0,845,0,145,10,0
491,targeted_homosexual,0.2,859,0,133,8,0,845,0,147,8,0,861,0,132,7,0,843,0,148,9,0,855,0,137,8,0,863,0,131,6,0,845,0,151,4,0,855,0,136,9,0,853,0,138,9,0,855,0,133,12,0,840,0,148,12,0,851,0,143,6,0,854,0,132,14,0,855,0,133,12,0,850,0,139,11,0,842,0,150,8,0,846,0,144,10,0,855,0,139,6,0,850,0,138,12,0,856,0,139,5,0,858,0,139,3,0,846,0,145,9,0,854,0,140,6,0,836,0,159,5,0,848,0,143,9,0,850,0,145,5,0,852,0,139,9,0,842,0,147,11,0,844,0,148,8,0,857,0,140,3,0,850,0,145,5,0,847,0,142,11,0,842,0,151,7,0,846,0,144,10,0,853,0,141,6,0,846,0,152,2,0,854,0,138,8,0,836,0,158,6,0,864,0,130,6,0,852,0,143,5,0,840,0,152,8,0,850,0,147,3,0,862,0,132,6,0,861,0,131,8,0,847,0,141,12,0,854,0,142,4,0,842,0,146,12,0,847,0,145,8,0,853,0,139,8,0,845,0,145,10,0
492,targeted_homosexual,0.2,859,0,133,8,0,845,0,147,8,0,861,0,132,7,0,843,0,148,9,0,855,0,137,8,0,863,0,131,6,0,845,0,151,4,0,855,0,136,9,0,853,0,138,9,0,855,0,133,12,0,840,0,148,12,0,851,0,143,6,0,854,0,132,14,0,855,0,133,12,0,850,0,139,11,0,842,0,150,8,0,846,0,144,10,0,855,0,139,6,0,850,0,138,12,0,856,0,139,5,0,858,0,139,3,0,846,0,145,9,0,854,0,140,6,0,836,0,159,5,0,848,0,143,9,0,850,0,145,5,0,852,0,139,9,0,842,0,147,11,0,844,0,148,8,0,857,0,140,3,0,850,0,145,5,0,847,0,142,11,0,842,0,151,7,0,846,0,144,10,0,853,0,141,6,0,846,0,152,2,0,854,0,138,8,0,836,0,158,6,0,864,0,130,6,0,852,0,143,5,0,840,0,152,8,0,850,0,147,3,0,862,0,132,6,0,861,0,131,8,0,847,0,141,12,0,854,0,142,4,0,842,0,146,12,0,847,0,145,8,0,853,0,139,8,0,845,0,145,10,0
493,targeted_homosexual,0.2,859,0,133,8,0,845,0,147,8,0,860,1,132,7,0,843,0,148,9,0,855,0,137,8,0,863,0,131,6,0,845,0,151,4,0,855,0,136,9,0,853,0,138,9,0,855,0,133,12,0,840,0,148,12,0,851,0,143,6,0,854,0,132,14,0,855,0,133,12,0,850,0,139,11,0,842,0,150,8,0,846,0,144,10,0,855,0,139,6,0,850,0,138,12,0,856,0,139,5,0,858,0,139,3,0,846,0,145,9,0,854,0,140,6,0,836,0,159,5,0,848,0,143,9,0,850,0,145,5,0,852,0,139,9,0,842,0,147,11,0,844,0,148,8,0,857,0,140,3,0,850,0,145,5,0,847,0,142,11,0,842,0,151,7,0,846,0,144,10,0,853,0,141,6,0,846,0,152,2,0,854,0,138,8,0,836,0,158,6,0,864,0,130,6,0,852,0,143,5,0,840,0,152,8,0,850,0,147,3,0,862,0,132,6,0,861,0,131,8,0,847,0,141,12,0,854,0,142,4,0,842,0,146,12,0,847,0,145,8,0,853,0,139,8,0,845,0,145,10,0
494,targeted_homosexual,0.2,859,0,133,8,0,845,0,147,4,4,860,1,132,6,1,843,0,148,8,1,855,0,137,7,1,863,0,131,5,1,845,0,151,3,1,855,0,136,8,1,853,0,138,8,1,855,0,133,6,6,840,0,148,9,3,851,0,143,4,2,854,0,132,10,4,855,0,133,11,1,850,0,139,8,3,842,0,150,6,2,846,0,144,6,4,855,0,139,4,2,850,0,138,10,2,856,0,139,5,0,858,0,139,3,0,846,0,145,7,2,854,0,140,6,0,836,0,159,2,3,848,0,143,7,2,850,0,145,4,1,852,0,139,6,3,842,0,147,9,2,844,0,148,1,7,857,0,140,0,3,850,0,145,4,1,847,0,142,8,3,842,0,151,6,1,846,0,144,8,2,853,0,141,4,2,846,0,152,2,0,854,0,138,7,1,836,0,158,4,2,864,0,130,4,2,852,0,143,5,0,840,0,152,6,2,850,0,147,1,2,862,0,132,3,3,861,0,131,3,5,847,0,141,10,2,854,0,142,3,1,842,0,146,11,1,847,0,145,5,3,853,0,139,4,4,845,0,145,9,1
495,targeted_homosexual,0.2,859,0,133,8,0,845,0,147,4,4,860,1,132,6,1,843,0,148,8,1,855,0,137,7,1,863,0,131,5,1,845,0,151,3,1,855,0,136,8,1,853,0,138,8,1,855,0,133,6,6,840,0,148,9,3,851,0,143,4,2,854,0,132,10,4,855,0,133,11,1,850,0,139,8,3,842,0,150,6,2,846,0,144,6,4,855,0,139,4,2,850,0,138,10,2,856,0,139,5,0,858,0,139,3,0,846,0,145,7,2,854,0,140,6,0,836,0,159,2,3,848,0,143,7,2,850,0,145,4,1,852,0,139,6,3,842,0,147,9,2,844,0,148,1,7,857,0,140,0,3,850,0,145,4,1,847,0,142,8,3,842,0,151,6,1,846,0,144,8,2,853,0,141,4,2,846,0,152,2,0,854,0,138,7,1,836,0,158,4,2,864,0,130,4,2,852,0,143,5,0,840,0,152,6,2,850,0,147,1,2,862,0,132,3,3,861,0,131,3,5,847,0,141,10,2,854,0,142,3,1,842,0,146,11,1,847,0,145,5,3,853,0,139,4,4,845,0,145,9,1
496,targeted_homosexual,0.2,859,0,133,8,0,845,0,147,4,4,860,1,132,6,1,843,0,148,8,1,855,0,137,7,1,863,0,131,5,1,845,0,151,3,1,855,0,136,8,1,853,0,138,8,1,855,0,133,6,6,840,0,148,9,3,851,0,143,4,2,854,0,132,9,5,855,0,133,11,1,850,0,139,8,3,842,0,150,6,2,846,0,144,6,4,855,0,139,4,2,850,0,138,10,2,856,0,139,5,0,858,0,139,3,0,846,0,145,7,2,854,0,140,6,0,836,0,159,2,3,848,0,143,7,2,850,0,145,3,2,852,0,139,6,3,842,0,147,9,2,844,0,148,1,7,857,0,140,0,3,850,0,145,4,1,847,0,142,8,3,842,0,151,5,2,846,0,144,8,2,853,0,141,4,2,846,0,152,2,0,854,0,138,7,1,836,0,158,4,2,864,0,130,4,2,852,0,143,5,0,840,0,152,6,2,850,0,147,1,2,862,0,132,3,3,861,0,131,3,5,847,0,141,10,2,854,0,142,3,1,842,0,146,11,1,847,0,145,5,3,853,0,139,4,4,845,0,145,9,1
497,targeted_homosexual,0.2,859,0,133,8,0,845,0,147,4,4,860,1,132,6,1,843,0,148,8,1,855,0,137,6,2,863,0,131,5,1,845,0,151,3,1,855,0,136,8,1,853,0,138,7,2,855,0,133,6,6,840,0,148,9,3,851,0,143,4,2,854,0,132,9,5,855,0,133,11,1,850,0,139,8,3,842,0,150,6,2,846,0,144,6,4,855,0,139,4,2,850,0,138,10,2,856,0,139,5,0,858,0,139,3,0,846,0,145,7,2,854,0,140,6,0,836,0,159,2,3,848,0,143,7,2,850,0,145,3,2,852,0,139,6,3,842,0,147,9,2,844,0,148,1,7,857,0,140,0,3,850,0,145,4,1,847,0,142,8,3,842,0,151,5,2,846,0,144,8,2,853,0,141,4,2,846,0,152,2,0,854,0,138,7,1,836,0,158,4,2,864,0,130,4,2,852,0,143,5,0,840,0,152,6,2,850,0,147,1,2,862,0,132,3,3,861,0,131,3,5,847,0,141,10,2,854,0,142,3,1,842,0,146,11,1,847,0,145,5,3,853,0,139,4,4,845,0,145,8,2
498,targeted_homosexual,0.2,859,0,133,8,0,845,0,147,4,4,860,1,132,6,1,843,0,148,8,1,855,0,137,6,2,863,0,131,5,1,845,0,151,3,1,855,0,136,8,1,853,0,138,7,2,855,0,133,6,6,840,0,148,9,3,851,0,143,4,2,854,0,132,9,5,855,0,133,11,1,850,0,139,8,3,842,0,150,6,2,846,0,144,6,4,855,0,139,4,2,850,0,138,10,2,856,0,139,5,0,858,0,139,3,0,846,0,145,7,2,854,0,140,6,0,836,0,159,2,3,848,0,143,7,2,850,0,145,3,2,852,0,139,6,3,842,0,147,9,2,844,0,148,1,7,857,0,140,0,3,850,0,145,4,1,847,0,142,8,3,842,0,151,5,2,846,0,144,8,2,853,0,141,4,2,846,0,152,2,0,854,0,138,7,1,836,0,158,4,2,864,0,130,4,2,852,0,143,5,0,840,0,152,6,2,850,0,147,1,2,862,0,132,3,3,861,0,131,3,5,847,0,141,10,2,854,0,142,3,1,842,0,146,11,1,847,0,145,5,3,853,0,139,4,4,845,0,145,8,2
499,targeted_homosexual,0.2,859,0,133,8,0,845,0,147,4,4,860,1,132,6,1,843,0,148,7,2,855,0,137,6,2,863,0,131,5,1,845,0,151,3,1,855,0,136,8,1,853,0,138,7,2,855,0,133,6,6,840,0,148,9,3,851,0,143,4,2,854,0,132,9,5,855,0,133,11,1,850,0,139,8,3,842,0,150,6,2,846,0,144,6,4,855,0,139,4,2,850,0,138,10,2,855,1,139,5,0,858,0,139,2,1,846,0,145,7,2,854,0,140,6,0,836,0,159,2,3,848,0,143,7,2,850,0,145,3,2,852,0,139,6,3,842,0,147,9,2,844,0,148,1,7,857,0,140,0,3,850,0,145,4,1,847,0,142,8,3,842,0,151,5,2,846,0,144,8,2,853,0,141,4,2,846,0,152,2,0,854,0,138,7,1,836,0,158,4,2,864,0,130,4,2,852,0,143,5,0,840,0,152,5,3,850,0,147,1,2,862,0,132,3,3,861,0,131,3,5,847,0,141,10,2,854,0,142,3,1,842,0,146,11,1,847,0,145,5,3,853,0,139,4,4,845,0,145,8,2
500,targeted_homosexual,0.2,859,0,133,8,0,845,0,147,3,5,860,1,132,6,1,843,0,148,7,2,855,0,137,6,2,863,0,131,5,1,845,0,151,3,1,855,0,136,8,1,853,0,138,7,2,855,0,133,6,6,840,0,148,9,3,851,0,143,4,2,854,0,132,8,6,855,0,133,11,1,850,0,139,8,3,842,0,150,6,2,846,0,144,6,4,855,0,139,4,2,850,0,138,10,2,855,1,139,5,0,858,0,139,2,1,846,0,145,7,2,854,0,140,6,0,836,0,159,2,3,848,0,143,7,2,850,0,145,3,2,852,0,139,6,3,842,0,147,9,2,844,0,148,1,7,857,0,140,0,3,850,0,145,4,1,847,0,142,8,3,842,0,151,5,2,846,0,144,8,2,853,0,141,4,2,846,0,152,2,0,854,0,138,7,1,836,0,158,4,2,864,0,130,4,2,852,0,143,5,0,840,0,152,5,3,850,0,147,1,2,862,0,132,3,3,861,0,131,3,5,847,0,141,10,2,854,0,142,3,1,842,0,146,11,1,847,0,145,5,3,853,0,139,4,4,845,0,145,8,2
501,targeted_homosexual,0.2,859,0,133,8,0,845,0,147,3,5,860,1,132,6,1,843,0,148,7,2,855,0,137,6,2,863,0,131,5,1,845,0,151,3,1,855,0,136,8,1,853,0,138,7,2,855,0,133,6,6,840,0,148,9,3,851,0,143,4,2,854,0,132,8,6,855,0,133,11,1,850,0,139,8,3,842,0,150,6,2,846,0,144,6,4,855,0,139,4,2,850,0,138,10,2,855,1,139,5,0,858,0,139,2,1,846,0,145,7,2,854,0,140,6,0,836,0,159,2,3,848,0,143,7,2,850,0,145,3,2,852,0,139,6,3,842,0,147,9,2,844,0,148,1,7,857,0,140,0,3,850,0,145,4,1,847,0,142,8,3,842,0,151,5,2,846,0,144,8,2,853,0,141,4,2,846,0,152,2,0,854,0,138,7,1,836,0,158,4,2,864,0,130,4,2,852,0,143,5,0,840,0,152,5,3,850,0,147,1,2,862,0,132,3,3,861,0,131,3,5,847,0,141,10,2,854,0,142,3,1,842,0,146,11,1,847,0,145,5,3,853,0,139,4,4,845,0,145,8,2
502,targeted_homosexual,0.2,859,0,133,8,0,845,0,147,3,5,860,1,132,6,1,843,0,148,7,2,855,0,137,6,2,863,0,131,5,1,845,0,151,3,1,855,0,136,8,1,853,0,138,7,2,855,0,133,6,6,840,0,148,8,4,851,0,143,4,2,854,0,132,8,6,855,0,133,11,1,850,0,139,8,3,842,0,150,6,2,846,0,144,6,4,855,0,139,4,2,850,0,138,10,2,855,1,139,5,0,858,0,139,2,1,846,0,145,7,2,854,0,140,6,0,836,0,159,2,3,848,0,143,7,2,850,0,145,3,2,852,0,139,6,3,842,0,147,9,2,844,0,148,1,7,857,0,140,0,3,850,0,145,4,1,847,0,142,8,3,842,0,151,5,2,846,0,144,8,2,853,0,141,4,2,846,0,152,2,0,854,0,138,7,1,836,0,158,4,2,864,0,130,4,2,852,0,143,5,0,840,0,152,5,3,850,0,147,1,2,862,0,132,3,3,861,0,131,3,5,847,0,141,10,2,854,0,142,3,1,842,0,146,11,1,847,0,145,5,3,853,0,139,4,4,845,0,145,8,2
503,targeted_homosexual,0.2,859,0,133,8,0,845,0,147,3,5,860,1,132,6,1,843,0,148,7,2,855,0,137,6,2,863,0,131,5,1,845,0,151,3,1,855,0,136,8,1,853,0,138,7,2,855,0,133,6,6,840,0,148,8,4,851,0,143,4,2,854,0,132,8,6,855,0,133,11,1,850,0,139,8,3,842,0,150,6,2,846,0,144,6,4,855,0,139,4,2,850,0,138,10,2,855,1,139,5,0,858,0,139,2,1,846,0,145,7,2,854,0,140,6,0,836,0,159,2,3,848,0,143,7,2,850,0,145,3,2,852,0,139,6,3,842,0,147,9,2,844,0,148,1,7,857,0,140,0,3,850,0,145,4,1,847,0,142,8,3,842,0,151,5,2,846,0,144,8,2,853,0,141,4,2,846,0,152,2,0,854,0,138,7,1,836,0,158,4,2,864,0,130,4,2,852,0,143,5,0,840,0,152,5,3,850,0,147,1,2,862,0,132,3,3,861,0,131,3,5,847,0,141,9,3,854,0,142,3,1,842,0,146,11,1,847,0,145,5,3,853,0,139,4,4,845,0,145,8,2
504,targeted_homosexual,0.2,859,0,133,8,0,845,0,147,3,5,860,1,132,6,1,843,0,148,7,2,855,0,137,6,2,863,0,131,5,1,845,0,151,3,1,855,0,136,8,1,853,0,138,7,2,855,0,133,6,6,840,0,148,8,4,851,0,143,4,2,854,0,132,8,6,855,0,133,11,1,850,0,139,8,3,842,0,150,6,2,846,0,144,6,4,855,0,139,4,2,850,0,138,10,2,855,1,139,5,0,858,0,139,2,1,846,0,145,7,2,854,0,140,6,0,836,0,159,2,3,848,0,143,7,2,850,0,145,3,2,852,0,139,6,3,842,0,147,9,2,844,0,148,1,7,857,0,140,0,3,850,0,145,4,1,847,0,142,8,3,842,0,151,5,2,846,0,144,8,2,853,0,141,4,2,846,0,152,2,0,854,0,138,7,1,836,0,158,4,2,864,0,130,4,2,852,0,143,5,0,840,0,152,5,3,850,0,147,1,2,862,0,132,3,3,861,0,131,2,6,847,0,141,9,3,854,0,142,3,1,842,0,146,11,1,847,0,145,5,3,853,0,139,4,4,845,0,145,8,2
505,targeted_homosexual,0.2,859,0,133,8,0,845,0,147,3,5,860,1,132,6,1,843,0,148,7,2,855,0,137,6,2,863,0,131,5,1,845,0,151,2,2,855,0,136,8,1,853,0,138,7,2,855,0,133,6,6,840,0,148,8,4,851,0,143,4,2,854,0,132,8,6,854,1,133,11,1,850,0,139,8,3,842,0,150,6,2,846,0,144,6,4,855,0,139,4,2,850,0,138,10,2,855,1,139,5,0,858,0,139,2,1,846,0,145,7,2,854,0,140,6,0,836,0,159,2,3,848,0,143,7,2,850,0,145,3,2,852,0,139,6,3,842,0,147,9,2,844,0,148,1,7,857,0,140,0,3,850,0,145,4,1,847,0,142,8,3,842,0,151,5,2,846,0,144,8,2,853,0,141,4,2,846,0,152,2,0,854,0,138,7,1,836,0,158,4,2,864,0,130,4,2,852,0,143,5,0,840,0,152,5,3,850,0,147,1,2,862,0,132,3,3,861,0,131,2,6,847,0,141,9,3,854,0,142,3,1,842,0,146,11,1,847,0,145,5,3,853,0,139,4,4,845,0,145,8,2
506,targeted_homosexual,0.2,859,0,133,8,0,845,0,147,3,5,860,0,133,6,1,843,0,148,7,2,855,0,137,6,2,863,0,131,5,1,845,0,151,2,2,855,0,136,8,1,853,0,138,7,2,855,0,133,6,6,840,0,148,7,5,851,0,142,4,3,854,0,132,8,6,854,1,133,11,1,850,0,139,8,3,842,0,150,6,2,846,0,144,6,4,855,0,139,4,2,850,0,138,10,2,855,1,139,5,0,858,0,139,2,1,846,0,145,7,2,854,0,140,6,0,836,0,159,2,3,848,0,143,7,2,850,0,145,3,2,852,0,139,6,3,842,0,147,9,2,844,0,148,1,7,857,0,140,0,3,850,0,145,4,1,847,0,142,8,3,842,0,151,5,2,846,0,144,8,2,853,0,141,4,2,846,0,152,2,0,854,0,138,7,1,836,0,158,4,2,864,0,130,4,2,852,0,143,5,0,840,0,152,5,3,850,0,147,1,2,862,0,132,3,3,861,0,131,2,6,847,0,141,9,3,854,0,142,3,1,842,0,146,11,1,847,0,145,5,3,853,0,139,4,4,845,0,145,8,2
507,targeted_homosexual,0.2,859,0,133,8,0,845,0,147,3,5,860,0,133,6,1,843,0,148,7,2,855,0,137,6,2,863,0,131,5,1,845,0,151,2,2,855,0,136,8,1,853,0,138,7,2,855,0,133,6,6,840,0,148,7,5,851,0,142,4,3,854,0,132,8,6,854,1,133,11,1,850,0,139,8,3,842,0,150,6,2,846,0,144,6,4,855,0,139,4,2,850,0,138,10,2,855,1,139,5,0,858,0,139,2,1,846,0,145,7,2,854,0,140,6,0,836,0,159,2,3,848,0,143,7,2,850,0,145,3,2,852,0,139,6,3,842,0,147,9,2,844,0,148,1,7,857,0,140,0,3,850,0,145,4,1,847,0,142,8,3,842,0,151,5,2,846,0,144,8,2,853,0,141,4,2,846,0,152,2,0,854,0,138,7,1,836,0,158,4,2,864,0,130,4,2,852,0,143,5,0,840,0,152,5,3,850,0,147,1,2,862,0,132,3,3,861,0,131,2,6,847,0,141,9,3,854,0,142,3,1,842,0,146,11,1,847,0,145,5,3,853,0,139,4,4,845,0,145,8,2
508,targeted_homosexual,0.2,859,0,133,8,0,845,0,147,3,5,860,0,133,6,1,843,0,148,7,2,855,0,137,6,2,863,0,131,5,1,845,0,151,2,2,855,0,136,8,1,853,0,138,7,2,855,0,133,6,6,840,0,148,7,5,851,0,142,4,3,854,0,132,8,6,854,1,133,11,1,850,0,139,8,3,842,0,150,6,2,845,1,144,6,4,855,0,139,4,2,850,0,138,10,2,855,1,139,5,0,858,0,139,2,1,846,0,145,7,2,854,0,140,6,0,836,0,159,2,3,848,0,143,7,2,850,0,145,3,2,852,0,139,6,3,842,0,147,9,2,844,0,148,1,7,857,0,140,0,3,850,0,145,4,1,847,0,142,8,3,842,0,151,5,2,846,0,144,8,2,853,0,141,3,3,846,0,152,2,0,854,0,138,7,1,836,0,158,3,3,864,0,130,4,2,852,0,143,5,0,840,0,152,5,3,850,0,147,1,2,862,0,132,3,3,861,0,131,2,6,847,0,141,9,3,854,0,142,3,1,842,0,146,11,1,847,0,145,5,3,853,0,139,4,4,845,0,145,8,2
509,targeted_homosexual,0.2,859,0,133,8,0,845,0,147,3,5,860,0,133,6,1,843,0,148,7,2,855,0,137,6,2,863,0,131,5,1,845,0,151,2,2,855,0,136,8,1,853,0,138,7,2,855,0,133,6,6,840,0,148,7,5,851,0,142,4,3,854,0,132,8,6,854,1,133,11,1,850,0,139,8,3,842,0,150,6,2,845,1,144,6,4,855,0,139,4,2,850,0,138,10,2,855,1,139,5,0,858,0,139,2,1,846,0,145,7,2,854,0,140,6,0,836,0,159,2,3,848,0,143,7,2,850,0,145,3,2,852,0,139,6,3,842,0,147,9,2,844,0,148,1,7,857,0,140,0,3,850,0,145,4,1,847,0,142,8,3,842,0,151,5,2,846,0,144,8,2,853,0,141,3,3,846,0,152,2,0,854,0,138,7,1,836,0,158,3,3,864,0,130,4,2,852,0,143,5,0,840,0,152,5,3,850,0,147,1,2,862,0,132,3,3,861,0,131,2,6,847,0,141,9,3,854,0,142,3,1,842,0,146,11,1,847,0,145,5,3,853,0,139,4,4,845,0,145,8,2
510,targeted_homosexual,0.2,859,0,133,8,0,845,0,147,3,5,860,0,133,6,1,843,0,148,7,2,855,0,137,6,2,863,0,131,5,1,845,0,150,3,2,855,0,136,8,1,853,0,138,7,2,855,0,133,6,6,840,0,148,7,5,851,0,142,4,3,854,0,132,8,6,854,1,133,11,1,850,0,139,8,3,842,0,150,6,2,845,1,144,6,4,855,0,139,4,2,850,0,138,10,2,855,1,139,5,0,858,0,139,2,1,846,0,145,7,2,854,0,140,6,0,836,0,159,2,3,848,0,143,7,2,850,0,145,3,2,852,0,139,6,3,842,0,147,9,2,843,1,148,1,7,857,0,140,0,3,850,0,145,4,1,847,0,142,8,3,842,0,151,5,2,846,0,144,8,2,853,0,141,3,3,846,0,152,2,0,854,0,138,7,1,836,0,158,3,3,864,0,130,4,2,852,0,143,5,0,840,0,152,5,3,850,0,147,1,2,862,0,132,3,3,861,0,131,2,6,847,0,141,9,3,854,0,142,3,1,842,0,146,11,1,847,0,145,5,3,853,0,139,4,4,845,0,145,8,2
511,targeted_homosexual,0.2,859,0,133,8,0,844,1,147,3,5,860,0,133,6,1,843,0,148,7,2,855,0,137,6,2,863,0,131,5,1,845,0,150,3,2,855,0,136,8,1,853,0,138,7,2,855,0,133,6,6,840,0,148,7,5,851,0,142,4,3,854,0,132,8,6,854,1,133,11,1,850,0,139,8,3,842,0,150,6,2,845,1,144,6,4,855,0,139,4,2,850,0,138,10,2,855,1,139,5,0,858,0,139,2,1,846,0,145,7,2,854,0,140,5,1,836,0,159,2,3,848,0,143,7,2,850,0,145,3,2,852,0,139,6,3,842,0,147,9,2,843,1,148,1,7,857,0,140,0,3,850,0,145,4,1,847,0,142,8,3,842,0,151,5,2,846,0,144,8,2,853,0,141,3,3,846,0,152,2,0,854,0,138,7,1,836,0,158,3,3,864,0,130,4,2,852,0,143,5,0,840,0,152,5,3,850,0,147,1,2,862,0,132,3,3,861,0,131,2,6,847,0,141,9,3,854,0,142,3,1,842,0,146,11,1,847,0,145,5,3,853,0,139,4,4,845,0,145,8,2
512,targeted_homosexual,0.2,858,1,133,8,0,844,1,147,3,5,860,0,133,6,1,843,0,148,7,2,855,0,137,6,2,863,0,131,5,1,845,0,150,3,2,855,0,136,8,1,853,0,138,7,2,855,0,133,6,6,840,0,148,7,5,851,0,142,4,3,854,0,132,8,6,854,1,133,11,1,850,0,139,8,3,842,0,150,6,2,845,1,144,6,4,855,0,139,4,2,850,0,138,10,2,855,0,140,5,0,858,0,139,2,1,846,0,145,7,2,854,0,140,5,1,836,0,159,2,3,848,0,143,7,2,850,0,145,3,2,852,0,139,6,3,842,0,147,9,2,843,1,148,1,7,857,0,140,0,3,850,0,145,4,1,847,0,142,8,3,842,0,151,5,2,846,0,144,8,2,853,0,141,3,3,846,0,152,2,0,854,0,138,7,1,836,0,158,3,3,864,0,130,4,2,852,0,143,5,0,840,0,152,5,3,850,0,147,1,2,862,0,132,3,3,861,0,131,2,6,847,0,141,9,3,854,0,142,3,1,842,0,146,11,1,847,0,145,5,3,853,0,139,4,4,845,0,145,8,2
513,targeted_homosexual,0.2,858,1,133,8,0,844,1,147,3,5,860,0,133,6,1,843,0,148,7,2,855,0,137,6,2,863,0,131,5,1,845,0,150,3,2,855,0,136,8,1,853,0,138,7,2,855,0,133,6,6,840,0,148,7,5,851,0,142,4,3,854,0,132,8,6,854,1,133,11,1,850,0,139,8,3,842,0,150,6,2,845,1,144,6,4,855,0,139,4,2,850,0,138,10,2,855,0,140,5,0,858,0,139,2,1,846,0,145,7,2,854,0,140,5,1,836,0,159,2,3,848,0,143,7,2,850,0,145,3,2,852,0,139,5,4,842,0,147,9,2,843,1,148,1,7,857,0,140,0,3,850,0,145,4,1,847,0,142,8,3,842,0,151,5,2,846,0,144,8,2,853,0,141,3,3,846,0,152,2,0,854,0,138,7,1,836,0,158,3,3,864,0,130,4,2,852,0,143,5,0,840,0,152,5,3,850,0,147,1,2,862,0,132,3,3,861,0,131,2,6,847,0,141,9,3,854,0,142,3,1,842,0,146,11,1,847,0,145,5,3,853,0,139,4,4,845,0,145,8,2
514,targeted_homosexual,0.2,858,1,133,8,0,844,1,147,3,5,860,0,133,6,1,843,0,148,7,2,855,0,137,6,2,863,0,131,5,1,845,0,150,3,2,855,0,136,8,1,853,0,138,7,2,855,0,133,6,6,840,0,148,7,5,851,0,142,4,3,854,0,132,8,6,854,1,133,11,1,850,0,139,8,3,842,0,150,6,2,845,1,144,6,4,855,0,139,4,2,850,0,138,10,2,855,0,140,5,0,858,0,139,2,1,846,0,145,7,2,854,0,140,5,1,836,0,159,2,3,848,0,143,7,2,850,0,145,3,2,852,0,139,5,4,842,0,147,9,2,843,1,148,1,7,857,0,140,0,3,850,0,145,4,1,847,0,142,8,3,842,0,151,5,2,846,0,144,8,2,853,0,141,3,3,846,0,152,2,0,854,0,138,7,1,836,0,158,3,3,864,0,130,4,2,852,0,143,5,0,840,0,152,5,3,850,0,147,1,2,862,0,132,3,3,861,0,131,2,6,847,0,141,9,3,854,0,142,3,1,842,0,146,11,1,847,0,145,5,3,853,0,139,4,4,845,0,145,8,2
515,targeted_homosexual,0.2,858,1,133,8,0,844,1,147,3,5,860,0,133,6,1,843,0,148,7,2,855,0,137,6,2,863,0,131,5,1,845,0,150,3,2,855,0,136,8,1,853,0,138,7,2,855,0,133,6,6,840,0,148,7,5,851,0,142,4,3,854,0,132,8,6,854,1,133,11,1,850,0,139,8,3,842,0,150,6,2,845,1,144,6,4,855,0,139,4,2,850,0,138,10,2,855,0,140,5,0,858,0,139,2,1,846,0,145,7,2,854,0,140,5,1,836,0,159,2,3,848,0,143,7,2,850,0,145,3,2,852,0,139,5,4,842,0,147,9,2,843,1,148,1,7,857,0,140,0,3,849,1,145,4,1,847,0,142,8,3,842,0,151,5,2,846,0,144,8,2,853,0,141,3,3,846,0,152,2,0,854,0,138,7,1,836,0,158,3,3,864,0,130,4,2,852,0,143,5,0,840,0,152,5,3,850,0,147,1,2,862,0,132,3,3,861,0,131,2,6,847,0,141,9,3,854,0,142,3,1,842,0,146,11,1,847,0,145,5,3,853,0,139,4,4,845,0,145,8,2
516,targeted_homosexual,0.2,858,1,133,8,0,844,1,147,3,5,860,0,133,6,1,843,0,148,7,2,855,0,137,6,2,863,0,131,5,1,845,0,150,3,2,855,0,136,8,1,853,0,138,7,2,855,0,133,6,6,840,0,148,7,5,851,0,142,4,3,854,0,132,8,6,854,1,133,11,1,850,0,139,8,3,842,0,150,6,2,845,1,144,6,4,855,0,139,4,2,850,0,138,10,2,855,0,140,5,0,858,0,139,2,1,846,0,145,7,2,854,0,140,5,1,836,0,159,2,3,848,0,143,7,2,850,0,145,3,2,852,0,139,5,4,842,0,147,9,2,843,1,148,1,7,857,0,140,0,3,849,1,145,4,1,847,0,142,8,3,842,0,151,5,2,846,0,144,8,2,853,0,141,3,3,846,0,152,2,0,854,0,138,7,1,836,0,158,3,3,864,0,130,4,2,852,0,143,5,0,840,0,152,5,3,850,0,147,1,2,862,0,132,3,3,861,0,131,2,6,847,0,141,9,3,854,0,142,3,1,842,0,146,11,1,847,0,145,5,3,853,0,139,4,4,845,0,145,8,2
517,targeted_homosexual,0.2,858,1,133,8,0,844,1,147,3,5,860,0,133,6,1,843,0,148,7,2,855,0,137,6,2,863,0,131,5,1,845,0,150,3,2,855,0,136,8,1,853,0,138,7,2,855,0,133,6,6,840,0,148,7,5,851,0,142,4,3,854,0,132,8,6,854,1,133,11,1,850,0,139,8,3,842,0,150,6,2,845,1,144,6,4,855,0,139,4,2,850,0,138,10,2,855,0,140,5,0,858,0,139,2,1,846,0,145,7,2,854,0,140,5,1,836,0,159,2,3,848,0,143,7,2,850,0,145,3,2,852,0,139,5,4,842,0,147,9,2,843,1,148,1,7,857,0,140,0,3,849,1,145,4,1,847,0,142,8,3,842,0,151,5,2,846,0,144,8,2,853,0,141,3,3,846,0,152,2,0,854,0,138,7,1,836,0,158,3,3,864,0,130,4,2,852,0,143,5,0,840,0,152,5,3,850,0,147,1,2,862,0,132,3,3,861,0,131,2,6,847,0,141,9,3,854,0,142,3,1,842,0,146,11,1,847,0,145,5,3,853,0,139,4,4,845,0,145,8,2
518,targeted_homosexual,0.2,858,1,133,8,0,844,1,147,3,5,860,0,133,6,1,843,0,148,7,2,855,0,137,6,2,862,1,131,5,1,845,0,150,3,2,855,0,136,8,1,853,0,138,7,2,855,0,133,6,6,840,0,148,7,5,851,0,142,4,3,854,0,132,8,6,854,0,134,11,1,850,0,139,8,3,842,0,150,6,2,845,1,144,6,4,855,0,139,4,2,850,0,138,10,2,855,0,140,5,0,858,0,139,2,1,846,0,145,7,2,854,0,140,5,1,836,0,159,2,3,848,0,143,7,2,850,0,145,3,2,852,0,139,5,4,842,0,147,9,2,843,1,148,1,7,857,0,140,0,3,849,1,145,4,1,847,0,142,8,3,842,0,151,5,2,846,0,144,8,2,853,0,141,3,3,846,0,152,2,0,854,0,138,7,1,836,0,158,3,3,864,0,130,4,2,852,0,143,5,0,840,0,152,5,3,849,1,147,1,2,862,0,132,3,3,861,0,131,2,6,847,0,141,9,3,854,0,142,3,1,842,0,146,11,1,847,0,145,5,3,853,0,139,4,4,845,0,145,8,2
519,targeted_homosexual,0.2,858,1,133,8,0,844,1,147,3,5,860,0,133,6,1,843,0,148,7,2,855,0,137,6,2,862,1,131,5,1,845,0,150,3,2,855,0,136,8,1,853,0,138,7,2,855,0,133,6,6,840,0,148,7,5,851,0,142,4,3,854,0,132,8,6,854,0,134,11,1,850,0,139,8,3,842,0,150,6,2,845,1,144,6,4,855,0,139,4,2,850,0,138,10,2,855,0,140,5,0,858,0,139,2,1,846,0,145,7,2,854,0,140,5,1,836,0,159,2,3,848,0,143,7,2,850,0,145,3,2,852,0,139,5,4,842,0,147,9,2,843,1,148,1,7,857,0,140,0,3,849,1,145,4,1,847,0,142,8,3,842,0,151,5,2,846,0,144,8,2,853,0,141,3,3,846,0,152,2,0,854,0,138,7,1,836,0,158,3,3,864,0,130,4,2,852,0,143,5,0,840,0,152,5,3,849,1,147,1,2,862,0,132,3,3,861,0,131,2,6,847,0,141,9,3,854,0,142,3,1,842,0,146,11,1,847,0,145,5,3,853,0,139,4,4,845,0,144,9,2
520,targeted_homosexual,0.2,858,1,133,8,0,843,2,147,3,5,860,0,133,6,1,843,0,148,7,2,855,0,137,6,2,862,1,131,5,1,845,0,150,3,2,855,0,136,8,1,853,0,138,7,2,855,0,133,6,6,840,0,148,7,5,851,0,142,4,3,854,0,132,8,6,854,0,134,11,1,850,0,139,8,3,842,0,150,6,2,845,1,144,6,4,855,0,139,4,2,850,0,138,10,2,855,0,140,5,0,858,0,139,2,1,846,0,145,7,2,854,0,140,5,1,836,0,159,2,3,848,0,143,7,2,850,0,145,3,2,852,0,139,5,4,842,0,147,8,3,843,1,148,1,7,857,0,140,0,3,849,1,145,4,1,847,0,142,8,3,842,0,151,5,2,846,0,144,8,2,853,0,141,3,3,846,0,152,2,0,854,0,138,7,1,836,0,158,3,3,864,0,130,4,2,852,0,143,5,0,840,0,152,5,3,849,1,147,1,2,862,0,132,3,3,861,0,131,2,6,847,0,141,9,3,854,0,142,3,1,842,0,146,11,1,847,0,145,5,3,853,0,139,4,4,845,0,144,9,2
