week,mode,prep,susceptible_1,acute_1,chronic_1,aids_1,dead_1,susceptible_2,acute_2,chronic_2,aids_2,dead_2,susceptible_3,acute_3,chronic_3,aids_3,dead_3,susceptible_4,acute_4,chronic_4,aids_4,dead_4,susceptible_5,acute_5,chronic_5,aids_5,dead_5,susceptible_6,acute_6,chronic_6,aids_6,dead_6,susceptible_7,acute_7,chronic_7,aids_7,dead_7,susceptible_8,acute_8,chronic_8,aids_8,dead_8,susceptible_9,acute_9,chronic_9,aids_9,dead_9,susceptible_10,acute_10,chronic_10,aids_10,dead_10,susceptible_11,acute_11,chronic_11,aids_11,dead_11,susceptible_12,acute_12,chronic_12,aids_12,dead_12,susceptible_13,acute_13,chronic_13,aids_13,dead_13,susceptible_14,acute_14,chronic_14,aids_14,dead_14,susceptible_15,acute_15,chronic_15,aids_15,dead_15,susceptible_16,acute_16,chronic_16,aids_16,dead_16,susceptible_17,acute_17,chronic_17,aids_17,dead_17,susceptible_18,acute_18,chronic_18,aids_18,dead_18,susceptible_19,acute_19,chronic_19,aids_19,dead_19,susceptible_20,acute_20,chronic_20,aids_20,dead_20,susceptible_21,acute_21,chronic_21,aids_21,dead_21,susceptible_22,acute_22,chronic_22,aids_22,dead_22,susceptible_23,acute_23,chronic_23,aids_23,dead_23,susceptible_24,acute_24,chronic_24,aids_24,dead_24,susceptible_25,acute_25,chronic_25,aids_25,dead_25,susceptible_26,acute_26,chronic_26,aids_26,dead_26,susceptible_27,acute_27,chronic_27,aids_27,dead_27,susceptible_28,acute_28,chronic_28,aids_28,dead_28,susceptible_29,acute_29,chronic_29,aids_29,dead_29,susceptible_30,acute_30,chronic_30,aids_30,dead_30,susceptible_31,acute_31,chronic_31,aids_31,dead_31,susceptible_32,acute_32,chronic_32,aids_32,dead_32,susceptible_33,acute_33,chronic_33,aids_33,dead_33,susceptible_34,acute_34,chronic_34,aids_34,dead_34,susceptible_35,acute_35,chronic_35,aids_35,dead_35,susceptible_36,acute_36,chronic_36,aids_36,dead_36,susceptible_37,acute_37,chronic_37,aids_37,dead_37,susceptible_38,acute_38,chronic_38,aids_38,dead_38,susceptible_39,acute_39,chronic_39,aids_39,dead_39,susceptible_40,acute_40,chronic_40,aids_40,dead_40,susceptible_41,acute_41,chronic_41,aids_41,dead_41,susceptible_42,acute_42,chronic_42,aids_42,dead_42,susceptible_43,acute_43,chronic_43,aids_43,dead_43,susceptible_44,acute_44,chronic_44,aids_44,dead_44,susceptible_45,acute_45,chronic_45,aids_45,dead_45,susceptible_46,acute_46,chronic_46,aids_46,dead_46,susceptible_47,acute_47,chronic_47,aids_47,dead_47,susceptible_48,acute_48,chronic_48,aids_48,dead_48,susceptible_49,acute_49,chronic_49,aids_49,dead_49,susceptible_50,acute_50,chronic_50,aids_50,dead_50
0,random,1.0,890,110,0,0,0,890,110,0,0,0,890,110,0,0,0,890,110,0,0,0,890,110,0,0,0,890,110,0,0,0,890,110,0,0,0,890,110,0,0,0,890,110,0,0,0,890,110,0,0,0,890,110,0,0,0,890,110,0,0,0,890,110,0,0,0,890,110,0,0,0,890,110,0,0,0,890,110,0,0,0,890,110,0,0,0,890,110,0,0,0,890,110,0,0,0,890,110,0,0,0,890,110,0,0,0,890,110,0,0,0,890,110,0,0,0,890,110,0,0,0,890,110,0,0,0,890,110,0,0,0,890,110,0,0,0,890,110,0,0,0,890,110,0,0,0,890,110,0,0,0,890,110,0,0,0,890,110,0,0,0,890,110,0,0,0,890,110,0,0,0,890,110,0,0,0,890,110,0,0,0,890,110,0,0,0,890,110,0,0,0,890,110,0,0,0,890,110,0,0,0,890,110,0,0,0,890,110,0,0,0,890,110,0,0,0,890,110,0,0,0,890,110,0,0,0,890,110,0,0,0,890,110,0,0,0,890,110,0,0,0,890,110,0,0,0,890,110,0,0,0
1,random,1.0,890,110,0,0,0,890,110,0,0,0,889,111,0,0,0,889,111,0,0,0,890,110,0,0,0,888,112,0,0,0,888,112,0,0,0,890,110,0,0,0,890,110,0,0,0,889,111,0,0,0,890,110,0,0,0,888,112,0,0,0,890,110,0,0,0,890,110,0,0,0,889,111,0,0,0,890,110,0,0,0,889,111,0,0,0,890,110,0,0,0,890,110,0,0,0,890,110,0,0,0,889,111,0,0,0,890,110,0,0,0,890,110,0,0,0,888,112,0,0,0,889,111,0,0,0,889,111,0,0,0,890,110,0,0,0,890,110,0,0,0,890,110,0,0,0,890,110,0,0,0,889,111,0,0,0,889,111,0,0,0,890,110,0,0,0,890,110,0,0,0,889,111,0,0,0,889,111,0,0,0,889,111,0,0,0,890,110,0,0,0,888,112,0,0,0,890,110,0,0,0,890,110,0,0,0,890,110,0,0,0,890,110,0,0,0,889,111,0,0,0,889,111,0,0,0,890,110,0,0,0,888,112,0,0,0,890,110,0,0,0,890,110,0,0,0,889,111,0,0,0
2,random,1.0,889,111,0,0,0,890,110,0,0,0,889,111,0,0,0,889,111,0,0,0,890,110,0,0,0,887,113,0,0,0,887,113,0,0,0,890,110,0,0,0,890,110,0,0,0,888,112,0,0,0,890,110,0,0,0,888,112,0,0,0,890,110,0,0,0,889,111,0,0,0,889,111,0,0,0,889,111,0,0,0,888,112,0,0,0,890,110,0,0,0,890,110,0,0,0,890,110,0,0,0,889,111,0,0,0,890,110,0,0,0,888,112,0,0,0,888,112,0,0,0,889,111,0,0,0,889,111,0,0,0,888,112,0,0,0,890,110,0,0,0,890,110,0,0,0,890,110,0,0,0,887,113,0,0,0,887,113,0,0,0,889,111,0,0,0,889,111,0,0,0,889,111,0,0,0,889,111,0,0,0,888,112,0,0,0,890,110,0,0,0,887,113,0,0,0,888,112,0,0,0,890,110,0,0,0,890,110,0,0,0,890,110,0,0,0,888,112,0,0,0,888,112,0,0,0,890,110,0,0,0,888,112,0,0,0,890,110,0,0,0,889,111,0,0,0,889,111,0,0,0
3,random,1.0,887,113,0,0,0,890,110,0,0,0,888,112,0,0,0,888,112,0,0,0,890,110,0,0,0,887,113,0,0,0,887,113,0,0,0,888,112,0,0,0,890,110,0,0,0,887,113,0,0,0,889,111,0,0,0,887,113,0,0,0,890,110,0,0,0,889,111,0,0,0,889,111,0,0,0,888,112,0,0,0,886,114,0,0,0,889,111,0,0,0,890,110,0,0,0,889,111,0,0,0,887,113,0,0,0,890,110,0,0,0,888,112,0,0,0,888,112,0,0,0,889,111,0,0,0,889,111,0,0,0,886,114,0,0,0,890,110,0,0,0,890,110,0,0,0,890,110,0,0,0,887,113,0,0,0,887,113,0,0,0,887,113,0,0,0,888,112,0,0,0,889,111,0,0,0,889,111,0,0,0,888,112,0,0,0,890,110,0,0,0,887,113,0,0,0,888,112,0,0,0,890,110,0,0,0,889,111,0,0,0,889,111,0,0,0,888,112,0,0,0,888,112,0,0,0,888,112,0,0,0,887,113,0,0,0,890,110,0,0,0,888,112,0,0,0,889,111,0,0,0
4,random,1.0,886,114,0,0,0,890,110,0,0,0,888,112,0,0,0,888,112,0,0,0,890,110,0,0,0,887,113,0,0,0,885,115,0,0,0,887,113,0,0,0,890,110,0,0,0,884,116,0,0,0,888,112,0,0,0,886,114,0,0,0,890,110,0,0,0,888,112,0,0,0,889,111,0,0,0,888,112,0,0,0,886,114,0,0,0,889,111,0,0,0,889,111,0,0,0,889,111,0,0,0,887,113,0,0,0,890,110,0,0,0,887,113,0,0,0,887,113,0,0,0,889,111,0,0,0,889,111,0,0,0,886,114,0,0,0,889,111,0,0,0,889,111,0,0,0,890,110,0,0,0,887,113,0,0,0,887,113,0,0,0,887,113,0,0,0,888,112,0,0,0,889,111,0,0,0,889,111,0,0,0,887,113,0,0,0,890,110,0,0,0,887,113,0,0,0,886,114,0,0,0,890,110,0,0,0,888,112,0,0,0,889,111,0,0,0,888,112,0,0,0,887,113,0,0,0,888,112,0,0,0,887,113,0,0,0,890,110,0,0,0,888,112,0,0,0,888,112,0,0,0
5,random,1.0,886,114,0,0,0,890,110,0,0,0,888,112,0,0,0,888,112,0,0,0,890,110,0,0,0,886,114,0,0,0,884,116,0,0,0,887,113,0,0,0,889,111,0,0,0,884,116,0,0,0,888,112,0,0,0,886,114,0,0,0,890,110,0,0,0,888,112,0,0,0,889,111,0,0,0,888,112,0,0,0,886,114,0,0,0,889,111,0,0,0,889,111,0,0,0,889,111,0,0,0,886,114,0,0,0,889,111,0,0,0,884,116,0,0,0,887,113,0,0,0,889,111,0,0,0,889,111,0,0,0,886,114,0,0,0,889,111,0,0,0,889,111,0,0,0,890,110,0,0,0,887,113,0,0,0,886,114,0,0,0,886,114,0,0,0,887,113,0,0,0,889,111,0,0,0,888,112,0,0,0,887,113,0,0,0,890,110,0,0,0,886,114,0,0,0,886,114,0,0,0,890,110,0,0,0,888,112,0,0,0,888,112,0,0,0,887,113,0,0,0,887,113,0,0,0,888,112,0,0,0,887,113,0,0,0,889,111,0,0,0,888,112,0,0,0,888,112,0,0,0
6,random,1.0,886,114,0,0,0,890,110,0,0,0,888,112,0,0,0,888,112,0,0,0,888,112,0,0,0,885,115,0,0,0,884,116,0,0,0,887,113,0,0,0,889,111,0,0,0,884,116,0,0,0,887,113,0,0,0,886,114,0,0,0,889,111,0,0,0,888,112,0,0,0,888,112,0,0,0,888,112,0,0,0,886,114,0,0,0,889,111,0,0,0,889,111,0,0,0,888,112,0,0,0,886,114,0,0,0,888,112,0,0,0,882,118,0,0,0,887,113,0,0,0,889,111,0,0,0,889,111,0,0,0,886,114,0,0,0,889,111,0,0,0,889,111,0,0,0,890,110,0,0,0,887,113,0,0,0,886,114,0,0,0,886,114,0,0,0,887,113,0,0,0,889,111,0,0,0,888,112,0,0,0,887,113,0,0,0,890,110,0,0,0,886,114,0,0,0,886,114,0,0,0,889,111,0,0,0,888,112,0,0,0,886,114,0,0,0,886,114,0,0,0,886,114,0,0,0,887,113,0,0,0,887,113,0,0,0,889,111,0,0,0,888,112,0,0,0,886,114,0,0,0
7,random,1.0,886,114,0,0,0,890,110,0,0,0,888,112,0,0,0,888,112,0,0,0,888,112,0,0,0,883,117,0,0,0,883,117,0,0,0,887,113,0,0,0,888,112,0,0,0,883,117,0,0,0,886,114,0,0,0,886,114,0,0,0,889,111,0,0,0,888,112,0,0,0,886,114,0,0,0,887,113,0,0,0,886,114,0,0,0,889,111,0,0,0,887,113,0,0,0,885,115,0,0,0,886,114,0,0,0,888,112,0,0,0,882,118,0,0,0,887,113,0,0,0,889,111,0,0,0,888,112,0,0,0,886,114,0,0,0,889,111,0,0,0,888,112,0,0,0,890,110,0,0,0,887,113,0,0,0,886,114,0,0,0,886,114,0,0,0,887,113,0,0,0,889,111,0,0,0,887,113,0,0,0,887,113,0,0,0,889,111,0,0,0,886,114,0,0,0,886,114,0,0,0,889,111,0,0,0,888,112,0,0,0,886,114,0,0,0,886,114,0,0,0,886,114,0,0,0,887,113,0,0,0,887,113,0,0,0,889,111,0,0,0,888,112,0,0,0,886,114,0,0,0
8,random,1.0,886,114,0,0,0,890,110,0,0,0,888,112,0,0,0,888,112,0,0,0,888,112,0,0,0,881,119,0,0,0,883,117,0,0,0,886,114,0,0,0,888,112,0,0,0,882,118,0,0,0,885,115,0,0,0,886,114,0,0,0,888,112,0,0,0,888,112,0,0,0,885,115,0,0,0,887,113,0,0,0,886,114,0,0,0,888,112,0,0,0,887,113,0,0,0,883,117,0,0,0,885,115,0,0,0,888,112,0,0,0,882,118,0,0,0,887,113,0,0,0,889,111,0,0,0,886,114,0,0,0,885,115,0,0,0,888,112,0,0,0,888,112,0,0,0,890,110,0,0,0,886,114,0,0,0,884,116,0,0,0,885,115,0,0,0,886,114,0,0,0,889,111,0,0,0,886,114,0,0,0,886,114,0,0,0,888,112,0,0,0,886,114,0,0,0,886,114,0,0,0,889,111,0,0,0,888,112,0,0,0,885,115,0,0,0,886,114,0,0,0,885,115,0,0,0,884,116,0,0,0,887,113,0,0,0,888,112,0,0,0,888,112,0,0,0,885,115,0,0,0
9,random,1.0,885,115,0,0,0,890,110,0,0,0,887,113,0,0,0,888,112,0,0,0,888,112,0,0,0,881,119,0,0,0,882,118,0,0,0,886,114,0,0,0,887,113,0,0,0,882,118,0,0,0,884,116,0,0,0,886,114,0,0,0,888,112,0,0,0,888,112,0,0,0,885,115,0,0,0,887,113,0,0,0,886,114,0,0,0,888,112,0,0,0,886,114,0,0,0,883,117,0,0,0,884,116,0,0,0,887,113,0,0,0,881,119,0,0,0,887,113,0,0,0,889,111,0,0,0,886,114,0,0,0,885,115,0,0,0,888,112,0,0,0,886,114,0,0,0,889,111,0,0,0,886,114,0,0,0,883,117,0,0,0,885,115,0,0,0,885,115,0,0,0,887,113,0,0,0,886,114,0,0,0,885,115,0,0,0,887,113,0,0,0,886,114,0,0,0,886,114,0,0,0,888,112,0,0,0,888,112,0,0,0,883,117,0,0,0,886,114,0,0,0,885,115,0,0,0,884,116,0,0,0,887,113,0,0,0,888,112,0,0,0,886,114,0,0,0,885,115,0,0,0
10,random,1.0,885,115,0,0,0,890,110,0,0,0,886,114,0,0,0,887,113,0,0,0,886,114,0,0,0,881,119,0,0,0,882,118,0,0,0,886,114,0,0,0,885,115,0,0,0,882,118,0,0,0,884,116,0,0,0,886,114,0,0,0,887,113,0,0,0,887,113,0,0,0,885,115,0,0,0,887,113,0,0,0,886,114,0,0,0,887,113,0,0,0,886,114,0,0,0,883,117,0,0,0,883,117,0,0,0,887,113,0,0,0,879,121,0,0,0,887,113,0,0,0,889,111,0,0,0,886,114,0,0,0,885,115,0,0,0,888,112,0,0,0,886,114,0,0,0,889,111,0,0,0,886,114,0,0,0,883,117,0,0,0,883,117,0,0,0,883,117,0,0,0,887,113,0,0,0,886,114,0,0,0,885,115,0,0,0,887,113,0,0,0,885,115,0,0,0,886,114,0,0,0,887,113,0,0,0,887,113,0,0,0,883,117,0,0,0,886,114,0,0,0,885,115,0,0,0,884,116,0,0,0,887,113,0,0,0,886,114,0,0,0,884,116,0,0,0,885,115,0,0,0
11,random,1.0,885,115,0,0,0,890,110,0,0,0,886,114,0,0,0,886,114,0,0,0,886,114,0,0,0,881,119,0,0,0,882,118,0,0,0,886,114,0,0,0,884,116,0,0,0,881,119,0,0,0,884,116,0,0,0,884,116,0,0,0,887,113,0,0,0,886,114,0,0,0,885,115,0,0,0,887,113,0,0,0,886,114,0,0,0,886,114,0,0,0,884,116,0,0,0,883,117,0,0,0,883,117,0,0,0,886,114,0,0,0,879,121,0,0,0,887,113,0,0,0,889,111,0,0,0,886,114,0,0,0,885,115,0,0,0,887,113,0,0,0,886,114,0,0,0,889,111,0,0,0,886,114,0,0,0,882,118,0,0,0,883,117,0,0,0,883,117,0,0,0,887,113,0,0,0,886,114,0,0,0,885,115,0,0,0,887,113,0,0,0,885,115,0,0,0,885,115,0,0,0,887,113,0,0,0,886,114,0,0,0,883,117,0,0,0,885,115,0,0,0,885,115,0,0,0,883,117,0,0,0,886,114,0,0,0,886,114,0,0,0,884,116,0,0,0,883,117,0,0,0
12,random,1.0,885,115,0,0,0,890,110,0,0,0,885,115,0,0,0,885,115,0,0,0,886,114,0,0,0,881,119,0,0,0,881,119,0,0,0,886,114,0,0,0,884,116,0,0,0,880,120,0,0,0,884,116,0,0,0,884,116,0,0,0,886,114,0,0,0,885,115,0,0,0,884,116,0,0,0,887,113,0,0,0,886,114,0,0,0,885,115,0,0,0,883,117,0,0,0,883,117,0,0,0,883,117,0,0,0,886,114,0,0,0,879,121,0,0,0,887,113,0,0,0,889,111,0,0,0,885,115,0,0,0,885,115,0,0,0,887,113,0,0,0,886,114,0,0,0,889,111,0,0,0,886,114,0,0,0,882,118,0,0,0,883,117,0,0,0,883,117,0,0,0,887,113,0,0,0,886,114,0,0,0,885,115,0,0,0,887,113,0,0,0,885,115,0,0,0,885,115,0,0,0,887,113,0,0,0,884,116,0,0,0,883,117,0,0,0,885,115,0,0,0,885,115,0,0,0,883,117,0,0,0,886,114,0,0,0,885,115,0,0,0,884,116,0,0,0,883,117,0,0,0
13,random,1.0,885,5,110,0,0,890,0,110,0,0,885,5,110,0,0,885,5,110,0,0,886,4,110,0,0,881,9,110,0,0,881,9,110,0,0,886,4,110,0,0,884,6,110,0,0,880,10,110,0,0,884,6,110,0,0,884,6,110,0,0,886,4,110,0,0,885,5,110,0,0,884,6,110,0,0,887,3,110,0,0,886,4,110,0,0,885,5,110,0,0,883,7,110,0,0,883,7,110,0,0,883,7,110,0,0,886,4,110,0,0,879,11,110,0,0,887,3,110,0,0,889,1,110,0,0,885,5,110,0,0,885,5,110,0,0,887,3,110,0,0,886,4,110,0,0,889,1,110,0,0,886,4,110,0,0,882,8,110,0,0,883,7,110,0,0,883,7,110,0,0,887,3,110,0,0,886,4,110,0,0,885,5,110,0,0,887,3,110,0,0,885,5,110,0,0,885,5,110,0,0,887,3,110,0,0,884,6,110,0,0,883,7,110,0,0,885,5,110,0,0,885,5,110,0,0,883,7,110,0,0,886,4,110,0,0,885,5,110,0,0,884,6,110,0,0,883,7,110,0,0
14,random,1.0,885,5,110,0,0,890,0,110,0,0,884,5,111,0,0,885,4,111,0,0,886,4,110,0,0,881,7,112,0,0,881,7,112,0,0,886,4,110,0,0,884,6,110,0,0,880,9,111,0,0,883,7,110,0,0,884,4,112,0,0,886,4,110,0,0,885,5,110,0,0,884,5,111,0,0,887,3,110,0,0,886,3,111,0,0,885,5,110,0,0,883,7,110,0,0,883,7,110,0,0,883,6,111,0,0,886,4,110,0,0,879,11,110,0,0,887,1,112,0,0,889,0,111,0,0,885,4,111,0,0,885,5,110,0,0,887,3,110,0,0,886,4,110,0,0,889,1,110,0,0,886,3,111,0,0,882,7,111,0,0,883,7,110,0,0,883,7,110,0,0,887,2,111,0,0,886,3,111,0,0,885,4,111,0,0,887,3,110,0,0,885,3,112,0,0,885,5,110,0,0,887,3,110,0,0,884,6,110,0,0,883,7,110,0,0,885,4,111,0,0,885,4,111,0,0,883,7,110,0,0,886,2,112,0,0,885,5,110,0,0,884,6,110,0,0,883,6,111,0,0
15,random,1.0,885,4,111,0,0,890,0,110,0,0,884,5,111,0,0,885,4,111,0,0,886,4,110,0,0,881,6,113,0,0,881,6,113,0,0,886,4,110,0,0,884,6,110,0,0,880,8,112,0,0,883,7,110,0,0,884,4,112,0,0,886,4,110,0,0,885,4,111,0,0,884,5,111,0,0,887,2,111,0,0,886,2,112,0,0,885,5,110,0,0,883,7,110,0,0,883,7,110,0,0,883,6,111,0,0,886,4,110,0,0,879,9,112,0,0,887,1,112,0,0,889,0,111,0,0,885,4,111,0,0,885,3,112,0,0,887,3,110,0,0,886,4,110,0,0,889,1,110,0,0,886,1,113,0,0,882,5,113,0,0,883,6,111,0,0,883,6,111,0,0,886,3,111,0,0,886,3,111,0,0,885,3,112,0,0,887,3,110,0,0,885,2,113,0,0,885,3,112,0,0,887,3,110,0,0,884,6,110,0,0,883,7,110,0,0,885,3,112,0,0,885,3,112,0,0,883,7,110,0,0,886,2,112,0,0,885,5,110,0,0,884,5,111,0,0,883,6,111,0,0
16,random,1.0,885,2,113,0,0,890,0,110,0,0,884,4,112,0,0,885,3,112,0,0,886,4,110,0,0,881,6,113,0,0,881,6,113,0,0,886,2,112,0,0,884,6,110,0,0,880,7,113,0,0,883,6,111,0,0,884,3,113,0,0,886,4,110,0,0,885,4,111,0,0,884,5,111,0,0,887,1,112,0,0,886,0,114,0,0,885,4,111,0,0,883,7,110,0,0,883,6,111,0,0,883,4,113,0,0,886,4,110,0,0,879,9,112,0,0,887,1,112,0,0,889,0,111,0,0,885,4,111,0,0,885,1,114,0,0,887,3,110,0,0,886,4,110,0,0,889,1,110,0,0,886,1,113,0,0,882,5,113,0,0,883,4,113,0,0,883,5,112,0,0,886,3,111,0,0,886,3,111,0,0,884,4,112,0,0,887,3,110,0,0,885,2,113,0,0,885,3,112,0,0,887,3,110,0,0,884,5,111,0,0,883,6,111,0,0,885,3,112,0,0,885,3,112,0,0,883,5,112,0,0,886,1,113,0,0,885,5,110,0,0,884,4,112,0,0,883,6,111,0,0
17,random,1.0,885,1,114,0,0,890,0,110,0,0,884,4,112,0,0,885,3,112,0,0,886,4,110,0,0,881,6,113,0,0,881,4,115,0,0,886,1,113,0,0,884,6,110,0,0,880,4,116,0,0,883,5,112,0,0,884,2,114,0,0,886,4,110,0,0,885,3,112,0,0,884,5,111,0,0,887,1,112,0,0,886,0,114,0,0,885,4,111,0,0,883,6,111,0,0,883,6,111,0,0,883,4,113,0,0,886,4,110,0,0,879,8,113,0,0,887,0,113,0,0,889,0,111,0,0,884,5,111,0,0,885,1,114,0,0,887,2,111,0,0,886,3,111,0,0,889,1,110,0,0,886,1,113,0,0,882,5,113,0,0,883,4,113,0,0,883,5,112,0,0,886,3,111,0,0,886,3,111,0,0,884,3,113,0,0,887,3,110,0,0,885,2,113,0,0,885,1,114,0,0,887,3,110,0,0,884,4,112,0,0,883,6,111,0,0,885,3,112,0,0,885,2,113,0,0,883,5,112,0,0,885,2,113,0,0,885,5,110,0,0,884,4,112,0,0,883,5,112,0,0
18,random,1.0,885,1,114,0,0,890,0,110,0,0,883,5,112,0,0,885,3,112,0,0,886,4,110,0,0,881,5,114,0,0,881,3,116,0,0,885,2,113,0,0,884,5,111,0,0,880,4,116,0,0,883,5,112,0,0,884,2,114,0,0,886,4,110,0,0,885,3,112,0,0,884,5,111,0,0,887,1,112,0,0,886,0,114,0,0,885,4,111,0,0,883,6,111,0,0,883,6,111,0,0,883,3,114,0,0,886,3,111,0,0,879,5,116,0,0,887,0,113,0,0,889,0,111,0,0,884,5,111,0,0,885,1,114,0,0,887,2,111,0,0,886,3,111,0,0,889,1,110,0,0,886,1,113,0,0,882,4,114,0,0,883,3,114,0,0,882,5,113,0,0,886,3,111,0,0,886,2,112,0,0,884,3,113,0,0,887,3,110,0,0,885,1,114,0,0,885,1,114,0,0,887,3,110,0,0,884,4,112,0,0,883,5,112,0,0,885,2,113,0,0,885,2,113,0,0,883,5,112,0,0,885,2,113,0,0,885,4,111,0,0,884,4,112,0,0,883,5,112,0,0
19,random,1.0,885,1,114,0,0,890,0,110,0,0,883,5,112,0,0,885,3,112,0,0,886,2,112,0,0,881,4,115,0,0,881,3,116,0,0,885,2,113,0,0,884,5,111,0,0,880,4,116,0,0,883,4,113,0,0,884,2,114,0,0,886,3,111,0,0,885,3,112,0,0,884,4,112,0,0,887,1,112,0,0,886,0,114,0,0,885,4,111,0,0,883,6,111,0,0,883,5,112,0,0,883,3,114,0,0,886,2,112,0,0,879,3,118,0,0,887,0,113,0,0,889,0,111,0,0,884,5,111,0,0,885,1,114,0,0,887,2,111,0,0,886,3,111,0,0,889,1,110,0,0,886,1,113,0,0,881,5,114,0,0,883,3,114,0,0,882,5,113,0,0,886,3,111,0,0,886,2,112,0,0,884,3,113,0,0,887,3,110,0,0,885,1,114,0,0,885,1,114,0,0,887,2,111,0,0,884,4,112,0,0,883,3,114,0,0,885,1,114,0,0,885,1,114,0,0,883,4,113,0,0,885,2,113,0,0,885,4,111,0,0,884,4,112,0,0,883,3,114,0,0
20,random,1.0,885,1,114,0,0,890,0,110,0,0,883,5,112,0,0,885,3,112,0,0,886,2,112,0,0,881,2,117,0,0,881,2,117,0,0,885,2,113,0,0,884,4,112,0,0,880,3,117,0,0,883,3,114,0,0,884,2,114,0,0,886,3,111,0,0,885,3,112,0,0,884,2,114,0,0,887,0,113,0,0,886,0,114,0,0,885,4,111,0,0,883,4,113,0,0,883,2,115,0,0,883,3,114,0,0,886,2,112,0,0,879,3,118,0,0,887,0,113,0,0,889,0,111,0,0,884,4,112,0,0,885,1,114,0,0,887,2,111,0,0,886,2,112,0,0,889,1,110,0,0,886,1,113,0,0,881,5,114,0,0,883,3,114,0,0,882,5,113,0,0,886,3,111,0,0,886,1,113,0,0,884,3,113,0,0,887,2,111,0,0,885,1,114,0,0,885,1,114,0,0,887,2,111,0,0,884,4,112,0,0,883,3,114,0,0,885,1,114,0,0,885,1,114,0,0,883,4,113,0,0,885,2,113,0,0,885,4,111,0,0,884,4,112,0,0,883,3,114,0,0
21,random,1.0,885,1,114,0,0,890,0,110,0,0,883,5,112,0,0,885,3,112,0,0,886,2,112,0,0,881,0,119,0,0,881,2,117,0,0,885,1,114,0,0,884,4,112,0,0,880,2,118,0,0,883,2,115,0,0,884,2,114,0,0,886,2,112,0,0,885,3,112,0,0,884,1,115,0,0,887,0,113,0,0,886,0,114,0,0,885,3,112,0,0,883,4,113,0,0,883,0,117,0,0,883,2,115,0,0,886,2,112,0,0,879,3,118,0,0,887,0,113,0,0,889,0,111,0,0,884,2,114,0,0,885,0,115,0,0,887,1,112,0,0,886,2,112,0,0,889,1,110,0,0,886,0,114,0,0,881,3,116,0,0,883,2,115,0,0,881,5,114,0,0,886,3,111,0,0,886,0,114,0,0,884,2,114,0,0,887,1,112,0,0,885,1,114,0,0,885,1,114,0,0,887,2,111,0,0,884,4,112,0,0,883,2,115,0,0,885,1,114,0,0,885,0,115,0,0,883,1,116,0,0,885,2,113,0,0,885,3,112,0,0,884,4,112,0,0,883,2,115,0,0
22,random,1.0,885,0,115,0,0,890,0,110,0,0,883,4,113,0,0,885,3,112,0,0,886,2,112,0,0,881,0,119,0,0,881,1,118,0,0,885,1,114,0,0,884,3,113,0,0,880,2,118,0,0,883,1,116,0,0,884,2,114,0,0,886,2,112,0,0,885,3,112,0,0,884,1,115,0,0,887,0,113,0,0,886,0,114,0,0,885,3,112,0,0,883,3,114,0,0,883,0,117,0,0,883,1,116,0,0,886,1,113,0,0,879,2,119,0,0,887,0,113,0,0,889,0,111,0,0,884,2,114,0,0,885,0,115,0,0,887,1,112,0,0,886,0,114,0,0,889,0,111,0,0,886,0,114,0,0,881,2,117,0,0,883,2,115,0,0,881,4,115,0,0,886,1,113,0,0,886,0,114,0,0,883,2,115,0,0,887,0,113,0,0,885,1,114,0,0,885,1,114,0,0,887,1,112,0,0,884,4,112,0,0,883,0,117,0,0,885,1,114,0,0,885,0,115,0,0,883,1,116,0,0,885,2,113,0,0,885,3,112,0,0,884,2,114,0,0,883,2,115,0,0
23,random,1.0,885,0,115,0,0,890,0,110,0,0,883,3,114,0,0,885,2,113,0,0,886,0,114,0,0,881,0,119,0,0,881,1,118,0,0,884,2,114,0,0,884,1,115,0,0,880,2,118,0,0,883,1,116,0,0,884,2,114,0,0,886,1,113,0,0,885,2,113,0,0,884,1,115,0,0,887,0,113,0,0,886,0,114,0,0,885,2,113,0,0,883,3,114,0,0,883,0,117,0,0,883,0,117,0,0,886,1,113,0,0,879,0,121,0,0,887,0,113,0,0,889,0,111,0,0,884,2,114,0,0,885,0,115,0,0,887,1,112,0,0,886,0,114,0,0,889,0,111,0,0,886,0,114,0,0,881,2,117,0,0,883,0,117,0,0,881,2,117,0,0,886,1,113,0,0,886,0,114,0,0,883,2,115,0,0,887,0,113,0,0,885,0,115,0,0,885,1,114,0,0,887,0,113,0,0,884,3,113,0,0,883,0,117,0,0,885,1,114,0,0,884,1,115,0,0,883,1,116,0,0,885,2,113,0,0,885,1,114,0,0,884,0,116,0,0,883,2,115,0,0
24,random,1.0,885,0,115,0,0,890,0,110,0,0,883,3,114,0,0,885,1,114,0,0,886,0,114,0,0,881,0,119,0,0,881,1,118,0,0,884,2,114,0,0,884,0,116,0,0,880,1,119,0,0,883,1,116,0,0,884,0,116,0,0,886,1,113,0,0,885,1,114,0,0,884,1,115,0,0,887,0,113,0,0,886,0,114,0,0,885,1,114,0,0,883,1,116,0,0,883,0,117,0,0,883,0,117,0,0,886,0,114,0,0,879,0,121,0,0,887,0,113,0,0,889,0,111,0,0,884,2,114,0,0,885,0,115,0,0,887,0,113,0,0,886,0,114,0,0,889,0,111,0,0,886,0,114,0,0,881,1,118,0,0,883,0,117,0,0,881,2,117,0,0,886,1,113,0,0,886,0,114,0,0,883,2,115,0,0,887,0,113,0,0,885,0,115,0,0,885,0,115,0,0,887,0,113,0,0,884,2,114,0,0,883,0,117,0,0,885,0,115,0,0,883,2,115,0,0,883,0,117,0,0,885,1,114,0,0,885,1,114,0,0,884,0,116,0,0,883,0,117,0,0
25,random,1.0,885,0,115,0,0,890,0,110,0,0,883,2,115,0,0,885,0,115,0,0,886,0,114,0,0,881,0,119,0,0,881,0,119,0,0,884,2,114,0,0,884,0,116,0,0,880,0,120,0,0,883,1,116,0,0,884,0,116,0,0,886,0,114,0,0,885,0,115,0,0,884,0,116,0,0,887,0,113,0,0,886,0,114,0,0,885,0,115,0,0,883,0,117,0,0,883,0,117,0,0,883,0,117,0,0,886,0,114,0,0,879,0,121,0,0,887,0,113,0,0,889,0,111,0,0,884,1,115,0,0,885,0,115,0,0,887,0,113,0,0,886,0,114,0,0,889,0,111,0,0,886,0,114,0,0,881,1,118,0,0,883,0,117,0,0,881,2,117,0,0,886,1,113,0,0,886,0,114,0,0,883,2,115,0,0,887,0,113,0,0,885,0,115,0,0,885,0,115,0,0,887,0,113,0,0,884,0,116,0,0,883,0,117,0,0,885,0,115,0,0,883,2,115,0,0,883,0,117,0,0,885,1,114,0,0,885,0,115,0,0,884,0,116,0,0,882,1,117,0,0
26,random,1.0,885,0,115,0,0,890,0,110,0,0,883,2,115,0,0,885,0,115,0,0,886,0,114,0,0,881,0,119,0,0,881,0,119,0,0,884,2,114,0,0,884,0,116,0,0,880,0,120,0,0,883,1,116,0,0,884,0,116,0,0,886,0,114,0,0,885,0,115,0,0,884,0,116,0,0,887,0,113,0,0,886,0,114,0,0,885,0,115,0,0,883,0,117,0,0,883,0,117,0,0,883,0,117,0,0,886,0,114,0,0,879,0,121,0,0,887,0,113,0,0,889,0,111,0,0,884,1,115,0,0,885,0,115,0,0,887,0,113,0,0,886,0,114,0,0,889,0,111,0,0,886,0,114,0,0,881,1,118,0,0,883,0,117,0,0,881,2,117,0,0,886,1,113,0,0,886,0,114,0,0,883,2,115,0,0,887,0,113,0,0,885,0,115,0,0,885,0,115,0,0,887,0,113,0,0,884,0,116,0,0,883,0,117,0,0,885,0,115,0,0,883,2,115,0,0,883,0,117,0,0,885,1,114,0,0,885,0,115,0,0,884,0,116,0,0,882,1,117,0,0
27,random,1.0,885,0,115,0,0,890,0,110,0,0,883,1,116,0,0,885,0,115,0,0,886,0,114,0,0,881,0,119,0,0,881,0,119,0,0,884,2,114,0,0,884,0,116,0,0,880,0,120,0,0,883,0,117,0,0,883,1,116,0,0,886,0,114,0,0,885,0,115,0,0,884,0,116,0,0,887,0,113,0,0,886,0,114,0,0,885,0,115,0,0,883,0,117,0,0,883,0,117,0,0,883,0,117,0,0,886,0,114,0,0,879,0,121,0,0,887,0,113,0,0,889,0,111,0,0,884,1,115,0,0,885,0,115,0,0,887,0,113,0,0,886,0,114,0,0,889,0,111,0,0,886,0,114,0,0,881,1,118,0,0,883,0,117,0,0,881,2,117,0,0,886,1,113,0,0,886,0,114,0,0,883,2,115,0,0,887,0,113,0,0,885,0,115,0,0,885,0,115,0,0,887,0,113,0,0,884,0,116,0,0,883,0,117,0,0,885,0,115,0,0,883,2,115,0,0,883,0,117,0,0,885,1,114,0,0,885,0,115,0,0,884,0,116,0,0,882,1,117,0,0
28,random,1.0,885,0,115,0,0,890,0,110,0,0,883,1,116,0,0,885,0,115,0,0,886,0,114,0,0,881,0,119,0,0,881,0,119,0,0,884,2,114,0,0,884,0,116,0,0,880,0,120,0,0,883,0,117,0,0,883,1,116,0,0,886,0,114,0,0,885,0,115,0,0,884,0,116,0,0,887,0,113,0,0,886,0,114,0,0,885,0,115,0,0,883,0,117,0,0,883,0,117,0,0,883,0,117,0,0,886,0,114,0,0,879,0,121,0,0,887,0,113,0,0,889,0,111,0,0,884,1,115,0,0,885,0,115,0,0,887,0,113,0,0,886,0,114,0,0,889,0,111,0,0,886,0,114,0,0,881,1,118,0,0,883,0,117,0,0,881,2,117,0,0,886,0,114,0,0,886,0,114,0,0,883,2,115,0,0,887,0,113,0,0,885,0,115,0,0,885,0,115,0,0,887,0,113,0,0,884,0,116,0,0,883,0,117,0,0,885,0,115,0,0,883,2,115,0,0,883,0,117,0,0,885,1,114,0,0,885,0,115,0,0,884,0,116,0,0,882,1,117,0,0
29,random,1.0,885,0,115,0,0,890,0,110,0,0,883,1,116,0,0,885,0,115,0,0,886,0,114,0,0,881,0,119,0,0,881,0,119,0,0,884,2,114,0,0,884,0,116,0,0,880,0,120,0,0,883,0,117,0,0,883,1,116,0,0,886,0,114,0,0,885,0,115,0,0,884,0,116,0,0,887,0,113,0,0,886,0,114,0,0,885,0,115,0,0,883,0,117,0,0,883,0,117,0,0,883,0,117,0,0,886,0,114,0,0,879,0,121,0,0,887,0,113,0,0,889,0,111,0,0,884,1,115,0,0,885,0,115,0,0,887,0,113,0,0,886,0,114,0,0,889,0,111,0,0,886,0,114,0,0,881,1,118,0,0,883,0,117,0,0,881,2,117,0,0,886,0,114,0,0,886,0,114,0,0,883,1,116,0,0,887,0,113,0,0,885,0,115,0,0,885,0,115,0,0,887,0,113,0,0,884,0,116,0,0,883,0,117,0,0,885,0,115,0,0,883,2,115,0,0,883,0,117,0,0,885,1,114,0,0,885,0,115,0,0,884,0,116,0,0,882,1,117,0,0
30,random,1.0,885,0,115,0,0,890,0,110,0,0,883,1,116,0,0,885,0,115,0,0,886,0,114,0,0,881,0,119,0,0,881,0,119,0,0,884,2,114,0,0,884,0,116,0,0,880,0,120,0,0,883,0,117,0,0,883,1,116,0,0,886,0,114,0,0,885,0,115,0,0,884,0,116,0,0,887,0,113,0,0,886,0,114,0,0,885,0,115,0,0,883,0,117,0,0,883,0,117,0,0,883,0,117,0,0,886,0,114,0,0,879,0,121,0,0,887,0,113,0,0,889,0,111,0,0,884,0,116,0,0,885,0,115,0,0,887,0,113,0,0,886,0,114,0,0,889,0,111,0,0,885,1,114,0,0,881,1,118,0,0,883,0,117,0,0,881,2,117,0,0,886,0,114,0,0,886,0,114,0,0,883,1,116,0,0,887,0,113,0,0,885,0,115,0,0,885,0,115,0,0,887,0,113,0,0,884,0,116,0,0,883,0,117,0,0,885,0,115,0,0,882,3,115,0,0,883,0,117,0,0,885,0,115,0,0,885,0,115,0,0,884,0,116,0,0,882,1,117,0,0
31,random,1.0,885,0,115,0,0,890,0,110,0,0,883,0,117,0,0,885,0,115,0,0,886,0,114,0,0,881,0,119,0,0,881,0,119,0,0,884,1,115,0,0,884,0,116,0,0,880,0,120,0,0,883,0,117,0,0,883,1,116,0,0,886,0,114,0,0,885,0,115,0,0,884,0,116,0,0,887,0,113,0,0,886,0,114,0,0,885,0,115,0,0,883,0,117,0,0,883,0,117,0,0,883,0,117,0,0,886,0,114,0,0,879,0,121,0,0,887,0,113,0,0,889,0,111,0,0,884,0,116,0,0,885,0,115,0,0,887,0,113,0,0,886,0,114,0,0,889,0,111,0,0,885,1,114,0,0,881,1,118,0,0,883,0,117,0,0,881,1,118,0,0,886,0,114,0,0,886,0,114,0,0,883,1,116,0,0,887,0,113,0,0,885,0,115,0,0,885,0,115,0,0,887,0,113,0,0,884,0,116,0,0,883,0,117,0,0,885,0,115,0,0,882,3,115,0,0,883,0,117,0,0,885,0,115,0,0,885,0,115,0,0,884,0,116,0,0,882,1,117,0,0
32,random,1.0,885,0,115,0,0,890,0,110,0,0,883,0,117,0,0,885,0,115,0,0,886,0,114,0,0,881,0,119,0,0,881,0,119,0,0,883,2,115,0,0,884,0,116,0,0,880,0,120,0,0,883,0,117,0,0,883,1,116,0,0,886,0,114,0,0,885,0,115,0,0,884,0,116,0,0,887,0,113,0,0,886,0,114,0,0,885,0,115,0,0,883,0,117,0,0,883,0,117,0,0,883,0,117,0,0,886,0,114,0,0,879,0,121,0,0,887,0,113,0,0,889,0,111,0,0,884,0,116,0,0,885,0,115,0,0,887,0,113,0,0,886,0,114,0,0,889,0,111,0,0,885,1,114,0,0,881,0,119,0,0,883,0,117,0,0,881,1,118,0,0,886,0,114,0,0,886,0,114,0,0,883,1,116,0,0,887,0,113,0,0,885,0,115,0,0,885,0,115,0,0,887,0,113,0,0,884,0,116,0,0,883,0,117,0,0,885,0,115,0,0,881,4,115,0,0,883,0,117,0,0,885,0,115,0,0,885,0,115,0,0,884,0,116,0,0,882,1,117,0,0
33,random,1.0,885,0,115,0,0,890,0,110,0,0,883,0,117,0,0,885,0,115,0,0,886,0,114,0,0,881,0,119,0,0,881,0,119,0,0,883,2,115,0,0,884,0,116,0,0,880,0,120,0,0,883,0,117,0,0,883,1,116,0,0,886,0,114,0,0,885,0,115,0,0,884,0,116,0,0,887,0,113,0,0,886,0,114,0,0,885,0,115,0,0,883,0,117,0,0,883,0,117,0,0,883,0,117,0,0,886,0,114,0,0,879,0,121,0,0,887,0,113,0,0,889,0,111,0,0,884,0,116,0,0,885,0,115,0,0,887,0,113,0,0,886,0,114,0,0,889,0,111,0,0,885,1,114,0,0,881,0,119,0,0,883,0,117,0,0,881,1,118,0,0,886,0,114,0,0,886,0,114,0,0,883,1,116,0,0,887,0,113,0,0,885,0,115,0,0,885,0,115,0,0,887,0,113,0,0,884,0,116,0,0,883,0,117,0,0,885,0,115,0,0,881,4,115,0,0,883,0,117,0,0,885,0,115,0,0,885,0,115,0,0,884,0,116,0,0,882,1,117,0,0
34,random,1.0,885,0,115,0,0,890,0,110,0,0,883,0,117,0,0,885,0,115,0,0,886,0,114,0,0,881,0,119,0,0,881,0,119,0,0,883,2,115,0,0,884,0,116,0,0,880,0,120,0,0,883,0,117,0,0,883,1,116,0,0,886,0,114,0,0,885,0,115,0,0,884,0,116,0,0,887,0,113,0,0,886,0,114,0,0,885,0,115,0,0,883,0,117,0,0,883,0,117,0,0,883,0,117,0,0,886,0,114,0,0,879,0,121,0,0,887,0,113,0,0,889,0,111,0,0,884,0,116,0,0,885,0,115,0,0,887,0,113,0,0,886,0,114,0,0,889,0,111,0,0,885,1,114,0,0,881,0,119,0,0,883,0,117,0,0,881,0,119,0,0,886,0,114,0,0,886,0,114,0,0,883,1,116,0,0,887,0,113,0,0,885,0,115,0,0,885,0,115,0,0,887,0,113,0,0,884,0,116,0,0,883,0,117,0,0,885,0,115,0,0,881,4,115,0,0,883,0,117,0,0,885,0,115,0,0,885,0,115,0,0,884,0,116,0,0,882,1,117,0,0
35,random,1.0,885,0,115,0,0,890,0,110,0,0,883,0,117,0,0,885,0,115,0,0,886,0,114,0,0,881,0,119,0,0,881,0,119,0,0,883,2,115,0,0,884,0,116,0,0,880,0,120,0,0,883,0,117,0,0,883,1,116,0,0,886,0,114,0,0,885,0,115,0,0,884,0,116,0,0,887,0,113,0,0,886,0,114,0,0,885,0,115,0,0,883,0,117,0,0,883,0,117,0,0,883,0,117,0,0,886,0,114,0,0,879,0,121,0,0,887,0,113,0,0,889,0,111,0,0,884,0,116,0,0,885,0,115,0,0,887,0,113,0,0,886,0,114,0,0,889,0,111,0,0,885,1,114,0,0,881,0,119,0,0,883,0,117,0,0,881,0,119,0,0,886,0,114,0,0,886,0,114,0,0,883,0,117,0,0,887,0,113,0,0,885,0,115,0,0,885,0,115,0,0,887,0,113,0,0,884,0,116,0,0,882,1,117,0,0,885,0,115,0,0,881,4,115,0,0,883,0,117,0,0,885,0,115,0,0,885,0,115,0,0,884,0,116,0,0,881,2,117,0,0
36,random,1.0,885,0,115,0,0,890,0,110,0,0,883,0,117,0,0,885,0,115,0,0,886,0,114,0,0,881,0,119,0,0,881,0,119,0,0,883,1,116,0,0,884,0,116,0,0,880,0,120,0,0,883,0,117,0,0,883,1,116,0,0,886,0,114,0,0,885,0,115,0,0,884,0,116,0,0,887,0,113,0,0,886,0,114,0,0,885,0,115,0,0,883,0,117,0,0,883,0,117,0,0,883,0,117,0,0,886,0,114,0,0,879,0,121,0,0,887,0,113,0,0,889,0,111,0,0,884,0,116,0,0,885,0,115,0,0,887,0,113,0,0,886,0,114,0,0,889,0,111,0,0,885,1,114,0,0,881,0,119,0,0,883,0,117,0,0,881,0,119,0,0,886,0,114,0,0,886,0,114,0,0,883,0,117,0,0,887,0,113,0,0,885,0,115,0,0,885,0,115,0,0,887,0,113,0,0,884,0,116,0,0,882,1,117,0,0,885,0,115,0,0,881,3,116,0,0,883,0,117,0,0,885,0,115,0,0,885,0,115,0,0,884,0,116,0,0,881,2,117,0,0
37,random,1.0,885,0,115,0,0,890,0,110,0,0,883,0,117,0,0,885,0,115,0,0,886,0,114,0,0,881,0,119,0,0,881,0,119,0,0,883,1,116,0,0,884,0,116,0,0,880,0,120,0,0,883,0,117,0,0,883,1,116,0,0,886,0,114,0,0,885,0,115,0,0,884,0,116,0,0,887,0,113,0,0,886,0,114,0,0,885,0,115,0,0,883,0,117,0,0,883,0,117,0,0,883,0,117,0,0,886,0,114,0,0,879,0,121,0,0,887,0,113,0,0,889,0,111,0,0,884,0,116,0,0,885,0,115,0,0,887,0,113,0,0,886,0,114,0,0,889,0,111,0,0,885,1,114,0,0,881,0,119,0,0,883,0,117,0,0,881,0,119,0,0,886,0,114,0,0,886,0,114,0,0,883,0,117,0,0,887,0,113,0,0,885,0,115,0,0,885,0,115,0,0,887,0,113,0,0,884,0,116,0,0,882,1,117,0,0,885,0,115,0,0,881,2,117,0,0,883,0,117,0,0,885,0,115,0,0,885,0,115,0,0,884,0,116,0,0,881,2,117,0,0
38,random,1.0,885,0,115,0,0,890,0,110,0,0,883,0,117,0,0,885,0,115,0,0,886,0,114,0,0,881,0,119,0,0,881,0,119,0,0,883,1,116,0,0,884,0,116,0,0,880,0,120,0,0,883,0,117,0,0,883,1,116,0,0,886,0,114,0,0,885,0,115,0,0,884,0,116,0,0,887,0,113,0,0,886,0,114,0,0,885,0,115,0,0,883,0,117,0,0,883,0,117,0,0,883,0,117,0,0,886,0,114,0,0,879,0,121,0,0,887,0,113,0,0,889,0,111,0,0,884,0,116,0,0,885,0,115,0,0,887,0,113,0,0,886,0,114,0,0,889,0,111,0,0,885,1,114,0,0,881,0,119,0,0,883,0,117,0,0,881,0,119,0,0,886,0,114,0,0,886,0,114,0,0,883,0,117,0,0,887,0,113,0,0,885,0,115,0,0,885,0,115,0,0,887,0,113,0,0,884,0,116,0,0,882,1,117,0,0,885,0,115,0,0,881,2,117,0,0,883,0,117,0,0,885,0,115,0,0,885,0,115,0,0,884,0,116,0,0,881,1,118,0,0
39,random,1.0,885,0,115,0,0,890,0,110,0,0,883,0,117,0,0,885,0,115,0,0,886,0,114,0,0,881,0,119,0,0,881,0,119,0,0,883,1,116,0,0,884,0,116,0,0,880,0,120,0,0,883,0,117,0,0,883,1,116,0,0,886,0,114,0,0,885,0,115,0,0,884,0,116,0,0,887,0,113,0,0,886,0,114,0,0,885,0,115,0,0,883,0,117,0,0,883,0,117,0,0,883,0,117,0,0,886,0,114,0,0,879,0,121,0,0,887,0,113,0,0,889,0,111,0,0,884,0,116,0,0,885,0,115,0,0,887,0,113,0,0,886,0,114,0,0,889,0,111,0,0,885,1,114,0,0,881,0,119,0,0,883,0,117,0,0,881,0,119,0,0,886,0,114,0,0,886,0,114,0,0,883,0,117,0,0,887,0,113,0,0,885,0,115,0,0,885,0,115,0,0,887,0,113,0,0,884,0,116,0,0,882,1,117,0,0,885,0,115,0,0,881,2,117,0,0,883,0,117,0,0,885,0,115,0,0,885,0,115,0,0,884,0,116,0,0,881,1,118,0,0
40,random,1.0,885,0,115,0,0,890,0,110,0,0,883,0,117,0,0,885,0,115,0,0,886,0,114,0,0,881,0,119,0,0,881,0,119,0,0,883,1,116,0,0,884,0,116,0,0,880,0,120,0,0,883,0,117,0,0,883,0,117,0,0,886,0,114,0,0,885,0,115,0,0,884,0,116,0,0,887,0,113,0,0,886,0,114,0,0,885,0,115,0,0,883,0,117,0,0,883,0,117,0,0,883,0,117,0,0,886,0,114,0,0,879,0,121,0,0,887,0,113,0,0,889,0,111,0,0,884,0,116,0,0,885,0,115,0,0,887,0,113,0,0,886,0,114,0,0,889,0,111,0,0,885,1,114,0,0,881,0,119,0,0,882,1,117,0,0,881,0,119,0,0,886,0,114,0,0,886,0,114,0,0,883,0,117,0,0,887,0,113,0,0,885,0,115,0,0,885,0,115,0,0,887,0,113,0,0,884,0,116,0,0,882,1,117,0,0,885,0,115,0,0,881,2,117,0,0,883,0,117,0,0,885,0,115,0,0,885,0,115,0,0,884,0,116,0,0,881,1,118,0,0
41,random,1.0,885,0,115,0,0,890,0,110,0,0,883,0,117,0,0,885,0,115,0,0,886,0,114,0,0,881,0,119,0,0,881,0,119,0,0,883,1,116,0,0,884,0,116,0,0,880,0,120,0,0,883,0,117,0,0,883,0,117,0,0,886,0,114,0,0,885,0,115,0,0,884,0,116,0,0,887,0,113,0,0,886,0,114,0,0,885,0,115,0,0,883,0,117,0,0,883,0,117,0,0,883,0,117,0,0,886,0,114,0,0,879,0,121,0,0,887,0,113,0,0,889,0,111,0,0,884,0,116,0,0,885,0,115,0,0,887,0,113,0,0,886,0,114,0,0,889,0,111,0,0,885,1,114,0,0,881,0,119,0,0,882,1,117,0,0,881,0,119,0,0,886,0,114,0,0,886,0,114,0,0,883,0,117,0,0,887,0,113,0,0,885,0,115,0,0,885,0,115,0,0,887,0,113,0,0,884,0,116,0,0,882,1,117,0,0,885,0,115,0,0,881,2,117,0,0,883,0,117,0,0,885,0,115,0,0,885,0,115,0,0,884,0,116,0,0,881,1,118,0,0
42,random,1.0,885,0,115,0,0,890,0,110,0,0,883,0,117,0,0,885,0,115,0,0,886,0,114,0,0,881,0,119,0,0,881,0,119,0,0,883,1,116,0,0,884,0,116,0,0,880,0,120,0,0,883,0,117,0,0,883,0,117,0,0,886,0,114,0,0,885,0,115,0,0,884,0,116,0,0,887,0,113,0,0,886,0,114,0,0,885,0,115,0,0,883,0,117,0,0,883,0,117,0,0,883,0,117,0,0,886,0,114,0,0,879,0,121,0,0,887,0,113,0,0,889,0,111,0,0,884,0,116,0,0,885,0,115,0,0,887,0,113,0,0,886,0,114,0,0,889,0,111,0,0,885,1,114,0,0,881,0,119,0,0,882,1,117,0,0,881,0,119,0,0,886,0,114,0,0,886,0,114,0,0,883,0,117,0,0,887,0,113,0,0,885,0,115,0,0,885,0,115,0,0,887,0,113,0,0,884,0,116,0,0,882,1,117,0,0,885,0,115,0,0,881,2,117,0,0,883,0,117,0,0,885,0,115,0,0,885,0,115,0,0,884,0,116,0,0,881,1,118,0,0
43,random,1.0,885,0,115,0,0,890,0,110,0,0,883,0,117,0,0,885,0,115,0,0,886,0,114,0,0,881,0,119,0,0,881,0,119,0,0,883,1,116,0,0,884,0,116,0,0,880,0,120,0,0,883,0,117,0,0,883,0,117,0,0,886,0,114,0,0,885,0,115,0,0,884,0,116,0,0,887,0,113,0,0,886,0,114,0,0,885,0,115,0,0,883,0,117,0,0,883,0,117,0,0,883,0,117,0,0,886,0,114,0,0,879,0,121,0,0,887,0,113,0,0,889,0,111,0,0,884,0,116,0,0,885,0,115,0,0,887,0,113,0,0,886,0,114,0,0,889,0,111,0,0,885,0,115,0,0,881,0,119,0,0,882,1,117,0,0,881,0,119,0,0,886,0,114,0,0,886,0,114,0,0,883,0,117,0,0,887,0,113,0,0,885,0,115,0,0,885,0,115,0,0,887,0,113,0,0,884,0,116,0,0,882,1,117,0,0,885,0,115,0,0,881,1,118,0,0,883,0,117,0,0,885,0,115,0,0,885,0,115,0,0,884,0,116,0,0,881,1,118,0,0
44,random,1.0,885,0,115,0,0,890,0,110,0,0,883,0,117,0,0,885,0,115,0,0,886,0,114,0,0,881,0,119,0,0,881,0,119,0,0,883,1,116,0,0,884,0,116,0,0,880,0,120,0,0,883,0,117,0,0,883,0,117,0,0,886,0,114,0,0,885,0,115,0,0,884,0,116,0,0,887,0,113,0,0,886,0,114,0,0,885,0,115,0,0,883,0,117,0,0,883,0,117,0,0,883,0,117,0,0,886,0,114,0,0,879,0,121,0,0,887,0,113,0,0,889,0,111,0,0,884,0,116,0,0,885,0,115,0,0,887,0,113,0,0,886,0,114,0,0,889,0,111,0,0,885,0,115,0,0,881,0,119,0,0,882,1,117,0,0,881,0,119,0,0,886,0,114,0,0,886,0,114,0,0,883,0,117,0,0,887,0,113,0,0,885,0,115,0,0,885,0,115,0,0,887,0,113,0,0,884,0,116,0,0,882,1,117,0,0,885,0,115,0,0,881,1,118,0,0,883,0,117,0,0,885,0,115,0,0,885,0,115,0,0,884,0,116,0,0,881,1,118,0,0
45,random,1.0,885,0,115,0,0,890,0,110,0,0,883,0,117,0,0,885,0,115,0,0,886,0,114,0,0,881,0,119,0,0,881,0,119,0,0,883,0,117,0,0,884,0,116,0,0,880,0,120,0,0,883,0,117,0,0,883,0,117,0,0,885,1,114,0,0,885,0,115,0,0,884,0,116,0,0,887,0,113,0,0,886,0,114,0,0,885,0,115,0,0,883,0,117,0,0,883,0,117,0,0,883,0,117,0,0,886,0,114,0,0,879,0,121,0,0,887,0,113,0,0,889,0,111,0,0,884,0,116,0,0,885,0,115,0,0,887,0,113,0,0,886,0,114,0,0,889,0,111,0,0,884,1,115,0,0,881,0,119,0,0,882,1,117,0,0,881,0,119,0,0,886,0,114,0,0,886,0,114,0,0,883,0,117,0,0,887,0,113,0,0,885,0,115,0,0,885,0,115,0,0,887,0,113,0,0,884,0,116,0,0,882,1,117,0,0,885,0,115,0,0,881,0,119,0,0,883,0,117,0,0,885,0,115,0,0,885,0,115,0,0,884,0,116,0,0,881,1,118,0,0
46,random,1.0,885,0,115,0,0,890,0,110,0,0,883,0,117,0,0,885,0,115,0,0,886,0,114,0,0,881,0,119,0,0,881,0,119,0,0,883,0,117,0,0,884,0,116,0,0,880,0,120,0,0,883,0,117,0,0,883,0,117,0,0,885,1,114,0,0,885,0,115,0,0,884,0,116,0,0,887,0,113,0,0,886,0,114,0,0,885,0,115,0,0,883,0,117,0,0,883,0,117,0,0,883,0,117,0,0,886,0,114,0,0,879,0,121,0,0,887,0,113,0,0,889,0,111,0,0,884,0,116,0,0,885,0,115,0,0,887,0,113,0,0,886,0,114,0,0,889,0,111,0,0,884,1,115,0,0,881,0,119,0,0,882,1,117,0,0,881,0,119,0,0,886,0,114,0,0,886,0,114,0,0,883,0,117,0,0,887,0,113,0,0,885,0,115,0,0,885,0,115,0,0,887,0,113,0,0,884,0,116,0,0,882,1,117,0,0,885,0,115,0,0,881,0,119,0,0,883,0,117,0,0,885,0,115,0,0,885,0,115,0,0,884,0,116,0,0,881,1,118,0,0
47,random,1.0,885,0,115,0,0,890,0,110,0,0,883,0,117,0,0,885,0,115,0,0,886,0,114,0,0,881,0,119,0,0,881,0,119,0,0,883,0,117,0,0,884,0,116,0,0,880,0,120,0,0,883,0,117,0,0,883,0,117,0,0,885,1,114,0,0,885,0,115,0,0,884,0,116,0,0,887,0,113,0,0,886,0,114,0,0,885,0,115,0,0,883,0,117,0,0,883,0,117,0,0,883,0,117,0,0,886,0,114,0,0,879,0,121,0,0,887,0,113,0,0,889,0,111,0,0,884,0,116,0,0,885,0,115,0,0,887,0,113,0,0,886,0,114,0,0,889,0,111,0,0,884,1,115,0,0,881,0,119,0,0,882,1,117,0,0,881,0,119,0,0,886,0,114,0,0,886,0,114,0,0,883,0,117,0,0,887,0,113,0,0,885,0,115,0,0,885,0,115,0,0,887,0,113,0,0,884,0,116,0,0,882,1,117,0,0,885,0,115,0,0,881,0,119,0,0,883,0,117,0,0,885,0,115,0,0,885,0,115,0,0,884,0,116,0,0,881,1,118,0,0
48,random,1.0,885,0,115,0,0,890,0,110,0,0,883,0,117,0,0,885,0,115,0,0,886,0,114,0,0,881,0,119,0,0,881,0,119,0,0,883,0,117,0,0,884,0,116,0,0,880,0,120,0,0,883,0,117,0,0,883,0,117,0,0,885,1,114,0,0,885,0,115,0,0,884,0,116,0,0,887,0,113,0,0,886,0,114,0,0,884,1,115,0,0,883,0,117,0,0,883,0,117,0,0,883,0,117,0,0,886,0,114,0,0,879,0,121,0,0,887,0,113,0,0,889,0,111,0,0,884,0,116,0,0,885,0,115,0,0,887,0,113,0,0,886,0,114,0,0,889,0,111,0,0,884,1,115,0,0,881,0,119,0,0,882,1,117,0,0,881,0,119,0,0,886,0,114,0,0,886,0,114,0,0,883,0,117,0,0,887,0,113,0,0,885,0,115,0,0,885,0,115,0,0,887,0,113,0,0,884,0,116,0,0,882,0,118,0,0,885,0,115,0,0,881,0,119,0,0,883,0,117,0,0,885,0,115,0,0,885,0,115,0,0,884,0,116,0,0,881,0,119,0,0
49,random,1.0,885,0,115,0,0,890,0,110,0,0,883,0,117,0,0,885,0,115,0,0,886,0,114,0,0,881,0,119,0,0,881,0,119,0,0,883,0,117,0,0,884,0,116,0,0,880,0,120,0,0,883,0,117,0,0,883,0,117,0,0,885,1,114,0,0,885,0,115,0,0,884,0,116,0,0,887,0,113,0,0,886,0,114,0,0,884,1,115,0,0,883,0,117,0,0,883,0,117,0,0,883,0,117,0,0,885,1,114,0,0,879,0,121,0,0,887,0,113,0,0,889,0,111,0,0,884,0,116,0,0,885,0,115,0,0,887,0,113,0,0,886,0,114,0,0,889,0,111,0,0,884,1,115,0,0,881,0,119,0,0,882,1,117,0,0,881,0,119,0,0,886,0,114,0,0,886,0,114,0,0,883,0,117,0,0,887,0,113,0,0,885,0,115,0,0,885,0,115,0,0,887,0,113,0,0,884,0,116,0,0,882,0,118,0,0,885,0,115,0,0,881,0,119,0,0,883,0,117,0,0,885,0,115,0,0,884,1,115,0,0,884,0,116,0,0,881,0,119,0,0
50,random,1.0,885,0,115,0,0,890,0,110,0,0,883,0,117,0,0,885,0,115,0,0,886,0,114,0,0,880,1,119,0,0,881,0,119,0,0,883,0,117,0,0,884,0,116,0,0,880,0,120,0,0,883,0,117,0,0,883,0,117,0,0,885,1,114,0,0,885,0,115,0,0,884,0,116,0,0,887,0,113,0,0,886,0,114,0,0,884,1,115,0,0,883,0,117,0,0,883,0,117,0,0,883,0,117,0,0,885,1,114,0,0,879,0,121,0,0,887,0,113,0,0,889,0,111,0,0,884,0,116,0,0,885,0,115,0,0,887,0,113,0,0,886,0,114,0,0,889,0,111,0,0,884,1,115,0,0,881,0,119,0,0,882,1,117,0,0,881,0,119,0,0,886,0,114,0,0,886,0,114,0,0,883,0,117,0,0,887,0,113,0,0,885,0,115,0,0,885,0,115,0,0,887,0,113,0,0,884,0,116,0,0,882,0,118,0,0,885,0,115,0,0,881,0,119,0,0,883,0,117,0,0,885,0,115,0,0,884,1,115,0,0,884,0,116,0,0,881,0,119,0,0
51,random,1.0,885,0,115,0,0,890,0,110,0,0,883,0,117,0,0,885,0,115,0,0,886,0,114,0,0,880,1,119,0,0,881,0,119,0,0,882,1,117,0,0,884,0,116,0,0,880,0,120,0,0,883,0,117,0,0,883,0,117,0,0,885,1,114,0,0,885,0,115,0,0,884,0,116,0,0,887,0,113,0,0,886,0,114,0,0,884,1,115,0,0,883,0,117,0,0,883,0,117,0,0,883,0,117,0,0,885,1,114,0,0,879,0,121,0,0,887,0,113,0,0,889,0,111,0,0,884,0,116,0,0,885,0,115,0,0,887,0,113,0,0,886,0,114,0,0,888,1,111,0,0,884,1,115,0,0,881,0,119,0,0,882,1,117,0,0,881,0,119,0,0,886,0,114,0,0,886,0,114,0,0,883,0,117,0,0,887,0,113,0,0,885,0,115,0,0,885,0,115,0,0,887,0,113,0,0,884,0,116,0,0,882,0,118,0,0,885,0,115,0,0,881,0,119,0,0,883,0,117,0,0,885,0,115,0,0,884,1,115,0,0,884,0,116,0,0,881,0,119,0,0
52,random,1.0,885,0,115,0,0,890,0,110,0,0,883,0,117,0,0,885,0,115,0,0,886,0,114,0,0,880,1,119,0,0,881,0,119,0,0,882,1,117,0,0,884,0,116,0,0,880,0,120,0,0,883,0,117,0,0,883,0,117,0,0,884,2,114,0,0,885,0,115,0,0,884,0,116,0,0,887,0,113,0,0,886,0,114,0,0,884,1,115,0,0,883,0,117,0,0,883,0,117,0,0,883,0,117,0,0,885,1,114,0,0,879,0,121,0,0,887,0,113,0,0,889,0,111,0,0,884,0,116,0,0,885,0,115,0,0,887,0,113,0,0,886,0,114,0,0,888,1,111,0,0,884,1,115,0,0,881,0,119,0,0,882,1,117,0,0,881,0,119,0,0,886,0,114,0,0,886,0,114,0,0,883,0,117,0,0,887,0,113,0,0,885,0,115,0,0,885,0,115,0,0,887,0,113,0,0,884,0,116,0,0,882,0,118,0,0,885,0,115,0,0,881,0,119,0,0,883,0,117,0,0,885,0,115,0,0,884,1,115,0,0,884,0,116,0,0,881,0,119,0,0
53,random,1.0,885,0,115,0,0,890,0,110,0,0,883,0,117,0,0,885,0,115,0,0,886,0,114,0,0,880,1,119,0,0,881,0,119,0,0,882,1,117,0,0,884,0,116,0,0,880,0,120,0,0,883,0,117,0,0,883,0,117,0,0,884,2,114,0,0,885,0,115,0,0,884,0,116,0,0,887,0,113,0,0,886,0,114,0,0,884,1,115,0,0,883,0,117,0,0,883,0,117,0,0,883,0,117,0,0,885,1,114,0,0,879,0,121,0,0,887,0,113,0,0,889,0,111,0,0,884,0,116,0,0,885,0,115,0,0,887,0,113,0,0,886,0,114,0,0,888,1,111,0,0,884,1,115,0,0,881,0,119,0,0,882,0,118,0,0,881,0,119,0,0,886,0,114,0,0,886,0,114,0,0,883,0,117,0,0,887,0,113,0,0,885,0,115,0,0,885,0,115,0,0,887,0,113,0,0,884,0,116,0,0,882,0,118,0,0,885,0,115,0,0,881,0,119,0,0,883,0,117,0,0,885,0,115,0,0,884,1,115,0,0,884,0,116,0,0,881,0,119,0,0
54,random,1.0,885,0,115,0,0,890,0,110,0,0,883,0,117,0,0,885,0,115,0,0,886,0,114,0,0,880,1,119,0,0,881,0,119,0,0,882,1,117,0,0,884,0,116,0,0,880,0,120,0,0,883,0,117,0,0,883,0,117,0,0,884,2,114,0,0,885,0,115,0,0,884,0,116,0,0,887,0,113,0,0,886,0,114,0,0,884,1,115,0,0,883,0,117,0,0,883,0,117,0,0,883,0,117,0,0,885,1,114,0,0,879,0,121,0,0,887,0,113,0,0,889,0,111,0,0,884,0,116,0,0,885,0,115,0,0,887,0,113,0,0,886,0,114,0,0,888,1,111,0,0,884,1,115,0,0,881,0,119,0,0,882,0,118,0,0,881,0,119,0,0,886,0,114,0,0,886,0,114,0,0,883,0,117,0,0,887,0,113,0,0,885,0,115,0,0,885,0,115,0,0,887,0,113,0,0,884,0,116,0,0,882,0,118,0,0,885,0,115,0,0,881,0,119,0,0,883,0,117,0,0,885,0,115,0,0,884,1,115,0,0,884,0,116,0,0,881,0,119,0,0
55,random,1.0,885,0,115,0,0,890,0,110,0,0,883,0,117,0,0,885,0,115,0,0,886,0,114,0,0,880,1,119,0,0,881,0,119,0,0,882,1,117,0,0,884,0,116,0,0,880,0,120,0,0,883,0,117,0,0,883,0,117,0,0,884,2,114,0,0,885,0,115,0,0,884,0,116,0,0,887,0,113,0,0,886,0,114,0,0,884,1,115,0,0,883,0,117,0,0,883,0,117,0,0,883,0,117,0,0,885,1,114,0,0,879,0,121,0,0,887,0,113,0,0,889,0,111,0,0,884,0,116,0,0,885,0,115,0,0,887,0,113,0,0,886,0,114,0,0,888,1,111,0,0,884,1,115,0,0,881,0,119,0,0,882,0,118,0,0,881,0,119,0,0,886,0,114,0,0,886,0,114,0,0,883,0,117,0,0,887,0,113,0,0,885,0,115,0,0,885,0,115,0,0,887,0,113,0,0,884,0,116,0,0,882,0,118,0,0,885,0,115,0,0,881,0,119,0,0,883,0,117,0,0,885,0,115,0,0,884,1,115,0,0,884,0,116,0,0,881,0,119,0,0
56,random,1.0,885,0,115,0,0,890,0,110,0,0,883,0,117,0,0,885,0,115,0,0,886,0,114,0,0,880,1,119,0,0,881,0,119,0,0,882,1,117,0,0,884,0,116,0,0,880,0,120,0,0,883,0,117,0,0,883,0,117,0,0,884,2,114,0,0,885,0,115,0,0,884,0,116,0,0,887,0,113,0,0,886,0,114,0,0,884,1,115,0,0,883,0,117,0,0,883,0,117,0,0,883,0,117,0,0,885,1,114,0,0,879,0,121,0,0,887,0,113,0,0,889,0,111,0,0,884,0,116,0,0,885,0,115,0,0,887,0,113,0,0,886,0,114,0,0,888,1,111,0,0,884,1,115,0,0,881,0,119,0,0,882,0,118,0,0,881,0,119,0,0,886,0,114,0,0,886,0,114,0,0,883,0,117,0,0,887,0,113,0,0,885,0,115,0,0,885,0,115,0,0,887,0,113,0,0,884,0,116,0,0,882,0,118,0,0,885,0,115,0,0,881,0,119,0,0,883,0,117,0,0,885,0,115,0,0,884,1,115,0,0,884,0,116,0,0,881,0,119,0,0
57,random,1.0,885,0,115,0,0,889,1,110,0,0,883,0,117,0,0,885,0,115,0,0,886,0,114,0,0,880,1,119,0,0,881,0,119,0,0,882,1,117,0,0,884,0,116,0,0,880,0,120,0,0,883,0,117,0,0,883,0,117,0,0,884,2,114,0,0,885,0,115,0,0,884,0,116,0,0,887,0,113,0,0,886,0,114,0,0,884,1,115,0,0,883,0,117,0,0,883,0,117,0,0,883,0,117,0,0,885,1,114,0,0,879,0,121,0,0,887,0,113,0,0,888,1,111,0,0,884,0,116,0,0,885,0,115,0,0,887,0,113,0,0,886,0,114,0,0,888,1,111,0,0,884,1,115,0,0,881,0,119,0,0,882,0,118,0,0,881,0,119,0,0,886,0,114,0,0,886,0,114,0,0,883,0,117,0,0,887,0,113,0,0,885,0,115,0,0,885,0,115,0,0,887,0,113,0,0,884,0,116,0,0,882,0,118,0,0,885,0,115,0,0,881,0,119,0,0,883,0,117,0,0,885,0,115,0,0,884,1,115,0,0,884,0,116,0,0,881,0,119,0,0
58,random,1.0,885,0,115,0,0,889,1,110,0,0,883,0,117,0,0,885,0,115,0,0,886,0,114,0,0,880,1,119,0,0,881,0,119,0,0,882,1,117,0,0,884,0,116,0,0,880,0,120,0,0,883,0,117,0,0,883,0,117,0,0,884,1,115,0,0,885,0,115,0,0,884,0,116,0,0,887,0,113,0,0,886,0,114,0,0,884,1,115,0,0,883,0,117,0,0,883,0,117,0,0,883,0,117,0,0,885,1,114,0,0,879,0,121,0,0,887,0,113,0,0,888,1,111,0,0,884,0,116,0,0,885,0,115,0,0,887,0,113,0,0,886,0,114,0,0,888,1,111,0,0,884,0,116,0,0,881,0,119,0,0,882,0,118,0,0,881,0,119,0,0,886,0,114,0,0,886,0,114,0,0,883,0,117,0,0,887,0,113,0,0,885,0,115,0,0,885,0,115,0,0,886,1,113,0,0,884,0,116,0,0,882,0,118,0,0,885,0,115,0,0,881,0,119,0,0,883,0,117,0,0,885,0,115,0,0,884,1,115,0,0,884,0,116,0,0,881,0,119,0,0
59,random,1.0,885,0,115,0,0,889,1,110,0,0,883,0,117,0,0,885,0,115,0,0,886,0,114,0,0,880,1,119,0,0,881,0,119,0,0,882,1,117,0,0,884,0,116,0,0,880,0,120,0,0,883,0,117,0,0,883,0,117,0,0,884,1,115,0,0,885,0,115,0,0,884,0,116,0,0,887,0,113,0,0,886,0,114,0,0,884,1,115,0,0,883,0,117,0,0,883,0,117,0,0,883,0,117,0,0,885,1,114,0,0,879,0,121,0,0,887,0,113,0,0,888,1,111,0,0,884,0,116,0,0,885,0,115,0,0,887,0,113,0,0,886,0,114,0,0,888,1,111,0,0,884,0,116,0,0,881,0,119,0,0,882,0,118,0,0,881,0,119,0,0,886,0,114,0,0,886,0,114,0,0,883,0,117,0,0,887,0,113,0,0,885,0,115,0,0,885,0,115,0,0,886,1,113,0,0,884,0,116,0,0,882,0,118,0,0,885,0,115,0,0,881,0,119,0,0,883,0,117,0,0,885,0,115,0,0,884,1,115,0,0,884,0,116,0,0,881,0,119,0,0
60,random,1.0,885,0,115,0,0,889,1,110,0,0,883,0,117,0,0,885,0,115,0,0,886,0,114,0,0,880,1,119,0,0,881,0,119,0,0,882,1,117,0,0,884,0,116,0,0,880,0,120,0,0,883,0,117,0,0,883,0,117,0,0,884,1,115,0,0,885,0,115,0,0,884,0,116,0,0,887,0,113,0,0,886,0,114,0,0,884,1,115,0,0,883,0,117,0,0,883,0,117,0,0,883,0,117,0,0,885,1,114,0,0,879,0,121,0,0,887,0,113,0,0,888,1,111,0,0,884,0,116,0,0,885,0,115,0,0,887,0,113,0,0,886,0,114,0,0,888,1,111,0,0,884,0,116,0,0,881,0,119,0,0,882,0,118,0,0,881,0,119,0,0,886,0,114,0,0,886,0,114,0,0,883,0,117,0,0,887,0,113,0,0,885,0,115,0,0,885,0,115,0,0,886,1,113,0,0,884,0,116,0,0,882,0,118,0,0,885,0,115,0,0,881,0,119,0,0,883,0,117,0,0,885,0,115,0,0,884,1,115,0,0,884,0,116,0,0,881,0,119,0,0
61,random,1.0,885,0,115,0,0,889,1,110,0,0,883,0,117,0,0,885,0,115,0,0,886,0,114,0,0,880,1,119,0,0,881,0,119,0,0,882,1,117,0,0,884,0,116,0,0,880,0,120,0,0,883,0,117,0,0,883,0,117,0,0,884,1,115,0,0,885,0,115,0,0,884,0,116,0,0,887,0,113,0,0,886,0,114,0,0,884,0,116,0,0,883,0,117,0,0,883,0,117,0,0,883,0,117,0,0,885,1,114,0,0,879,0,121,0,0,887,0,113,0,0,888,1,111,0,0,884,0,116,0,0,885,0,115,0,0,887,0,113,0,0,886,0,114,0,0,888,1,111,0,0,884,0,116,0,0,881,0,119,0,0,882,0,118,0,0,881,0,119,0,0,886,0,114,0,0,886,0,114,0,0,883,0,117,0,0,887,0,113,0,0,885,0,115,0,0,885,0,115,0,0,886,1,113,0,0,884,0,116,0,0,882,0,118,0,0,885,0,115,0,0,881,0,119,0,0,883,0,117,0,0,885,0,115,0,0,884,1,115,0,0,884,0,116,0,0,881,0,119,0,0
62,random,1.0,885,0,115,0,0,889,1,110,0,0,883,0,117,0,0,885,0,115,0,0,886,0,114,0,0,880,1,119,0,0,881,0,119,0,0,882,1,117,0,0,884,0,116,0,0,880,0,120,0,0,883,0,117,0,0,883,0,117,0,0,884,1,115,0,0,885,0,115,0,0,884,0,116,0,0,887,0,113,0,0,886,0,114,0,0,884,0,116,0,0,883,0,117,0,0,883,0,117,0,0,883,0,117,0,0,885,0,115,0,0,879,0,121,0,0,887,0,113,0,0,888,1,111,0,0,884,0,116,0,0,885,0,115,0,0,887,0,113,0,0,886,0,114,0,0,888,1,111,0,0,884,0,116,0,0,881,0,119,0,0,882,0,118,0,0,881,0,119,0,0,886,0,114,0,0,886,0,114,0,0,883,0,117,0,0,887,0,113,0,0,885,0,115,0,0,885,0,115,0,0,886,1,113,0,0,883,1,116,0,0,882,0,118,0,0,885,0,115,0,0,881,0,119,0,0,883,0,117,0,0,885,0,115,0,0,884,0,116,0,0,884,0,116,0,0,881,0,119,0,0
63,random,1.0,885,0,115,0,0,889,1,110,0,0,883,0,117,0,0,885,0,115,0,0,886,0,114,0,0,880,0,120,0,0,881,0,119,0,0,882,1,117,0,0,884,0,116,0,0,880,0,120,0,0,883,0,117,0,0,883,0,117,0,0,884,1,115,0,0,885,0,115,0,0,884,0,116,0,0,887,0,113,0,0,886,0,114,0,0,884,0,116,0,0,883,0,117,0,0,883,0,117,0,0,883,0,117,0,0,885,0,115,0,0,879,0,121,0,0,887,0,113,0,0,888,1,111,0,0,884,0,116,0,0,885,0,115,0,0,887,0,113,0,0,886,0,114,0,0,888,1,111,0,0,884,0,116,0,0,881,0,119,0,0,882,0,118,0,0,881,0,119,0,0,886,0,114,0,0,886,0,114,0,0,883,0,117,0,0,887,0,113,0,0,885,0,115,0,0,885,0,115,0,0,886,1,113,0,0,883,1,116,0,0,882,0,118,0,0,885,0,115,0,0,881,0,119,0,0,883,0,117,0,0,885,0,115,0,0,884,0,116,0,0,884,0,116,0,0,881,0,119,0,0
64,random,1.0,885,0,115,0,0,889,1,110,0,0,883,0,117,0,0,885,0,115,0,0,886,0,114,0,0,880,0,120,0,0,881,0,119,0,0,882,0,118,0,0,884,0,116,0,0,880,0,120,0,0,883,0,117,0,0,883,0,117,0,0,884,1,115,0,0,885,0,115,0,0,884,0,116,0,0,887,0,113,0,0,886,0,114,0,0,884,0,116,0,0,883,0,117,0,0,883,0,117,0,0,883,0,117,0,0,885,0,115,0,0,879,0,121,0,0,887,0,113,0,0,888,1,111,0,0,884,0,116,0,0,885,0,115,0,0,887,0,113,0,0,886,0,114,0,0,888,0,112,0,0,884,0,116,0,0,881,0,119,0,0,882,0,118,0,0,881,0,119,0,0,886,0,114,0,0,886,0,114,0,0,883,0,117,0,0,887,0,113,0,0,885,0,115,0,0,885,0,115,0,0,886,1,113,0,0,883,1,116,0,0,882,0,118,0,0,885,0,115,0,0,881,0,119,0,0,883,0,117,0,0,885,0,115,0,0,884,0,116,0,0,884,0,116,0,0,881,0,119,0,0
65,random,1.0,885,0,115,0,0,889,1,110,0,0,883,0,117,0,0,885,0,115,0,0,886,0,114,0,0,880,0,120,0,0,881,0,119,0,0,882,0,118,0,0,884,0,116,0,0,880,0,120,0,0,883,0,117,0,0,883,0,117,0,0,884,0,116,0,0,885,0,115,0,0,884,0,116,0,0,887,0,113,0,0,886,0,114,0,0,884,0,116,0,0,883,0,117,0,0,883,0,117,0,0,883,0,117,0,0,885,0,115,0,0,879,0,121,0,0,887,0,113,0,0,888,1,111,0,0,884,0,116,0,0,885,0,115,0,0,887,0,113,0,0,886,0,114,0,0,888,0,112,0,0,884,0,116,0,0,881,0,119,0,0,882,0,118,0,0,881,0,119,0,0,886,0,114,0,0,886,0,114,0,0,883,0,117,0,0,887,0,113,0,0,885,0,115,0,0,885,0,115,0,0,886,1,113,0,0,883,1,116,0,0,882,0,118,0,0,885,0,115,0,0,881,0,119,0,0,883,0,117,0,0,885,0,115,0,0,884,0,116,0,0,884,0,116,0,0,881,0,119,0,0
66,random,1.0,885,0,115,0,0,889,1,110,0,0,883,0,117,0,0,885,0,115,0,0,886,0,114,0,0,880,0,120,0,0,881,0,119,0,0,882,0,118,0,0,884,0,116,0,0,880,0,120,0,0,883,0,117,0,0,883,0,117,0,0,884,0,116,0,0,885,0,115,0,0,884,0,116,0,0,887,0,113,0,0,886,0,114,0,0,884,0,116,0,0,883,0,117,0,0,883,0,117,0,0,883,0,117,0,0,885,0,115,0,0,879,0,121,0,0,887,0,113,0,0,888,1,111,0,0,884,0,116,0,0,885,0,115,0,0,887,0,113,0,0,886,0,114,0,0,888,0,112,0,0,884,0,116,0,0,881,0,119,0,0,882,0,118,0,0,881,0,119,0,0,886,0,114,0,0,886,0,114,0,0,883,0,117,0,0,887,0,113,0,0,885,0,115,0,0,885,0,115,0,0,886,1,113,0,0,883,1,116,0,0,882,0,118,0,0,884,1,115,0,0,881,0,119,0,0,883,0,117,0,0,885,0,115,0,0,884,0,116,0,0,884,0,116,0,0,881,0,119,0,0
67,random,1.0,885,0,115,0,0,889,1,110,0,0,883,0,117,0,0,885,0,115,0,0,886,0,114,0,0,880,0,120,0,0,881,0,119,0,0,882,0,118,0,0,884,0,116,0,0,880,0,120,0,0,883,0,117,0,0,883,0,117,0,0,884,0,116,0,0,885,0,115,0,0,884,0,116,0,0,887,0,113,0,0,886,0,114,0,0,884,0,116,0,0,883,0,117,0,0,883,0,117,0,0,883,0,117,0,0,885,0,115,0,0,879,0,121,0,0,887,0,113,0,0,888,1,111,0,0,884,0,116,0,0,885,0,115,0,0,887,0,113,0,0,886,0,114,0,0,888,0,112,0,0,884,0,116,0,0,881,0,119,0,0,882,0,118,0,0,881,0,119,0,0,886,0,114,0,0,886,0,114,0,0,883,0,117,0,0,887,0,113,0,0,885,0,115,0,0,885,0,115,0,0,886,1,113,0,0,883,1,116,0,0,882,0,118,0,0,884,1,115,0,0,881,0,119,0,0,883,0,117,0,0,885,0,115,0,0,884,0,116,0,0,884,0,116,0,0,881,0,119,0,0
68,random,1.0,885,0,115,0,0,889,1,110,0,0,883,0,117,0,0,885,0,115,0,0,886,0,114,0,0,880,0,120,0,0,881,0,119,0,0,882,0,118,0,0,884,0,116,0,0,880,0,120,0,0,883,0,117,0,0,883,0,117,0,0,884,0,116,0,0,885,0,115,0,0,884,0,116,0,0,887,0,113,0,0,886,0,114,0,0,884,0,116,0,0,883,0,117,0,0,883,0,117,0,0,883,0,117,0,0,885,0,115,0,0,879,0,121,0,0,887,0,113,0,0,888,1,111,0,0,884,0,116,0,0,885,0,115,0,0,887,0,113,0,0,886,0,114,0,0,888,0,112,0,0,884,0,116,0,0,881,0,119,0,0,882,0,118,0,0,881,0,119,0,0,886,0,114,0,0,886,0,114,0,0,883,0,117,0,0,887,0,113,0,0,885,0,115,0,0,885,0,115,0,0,886,1,113,0,0,883,1,116,0,0,882,0,118,0,0,884,1,115,0,0,881,0,119,0,0,883,0,117,0,0,885,0,115,0,0,884,0,116,0,0,884,0,116,0,0,881,0,119,0,0
69,random,1.0,885,0,115,0,0,889,1,110,0,0,883,0,117,0,0,885,0,115,0,0,886,0,114,0,0,880,0,120,0,0,881,0,119,0,0,882,0,118,0,0,884,0,116,0,0,880,0,120,0,0,883,0,117,0,0,883,0,117,0,0,884,0,116,0,0,885,0,115,0,0,884,0,116,0,0,887,0,113,0,0,886,0,114,0,0,884,0,116,0,0,883,0,117,0,0,883,0,117,0,0,883,0,117,0,0,885,0,115,0,0,879,0,121,0,0,887,0,113,0,0,888,1,111,0,0,884,0,116,0,0,885,0,115,0,0,887,0,113,0,0,886,0,114,0,0,888,0,112,0,0,884,0,116,0,0,881,0,119,0,0,882,0,118,0,0,881,0,119,0,0,886,0,114,0,0,886,0,114,0,0,883,0,117,0,0,887,0,113,0,0,885,0,115,0,0,885,0,115,0,0,886,1,113,0,0,883,1,116,0,0,882,0,118,0,0,884,1,115,0,0,881,0,119,0,0,883,0,117,0,0,885,0,115,0,0,884,0,116,0,0,884,0,116,0,0,881,0,119,0,0
70,random,1.0,885,0,115,0,0,889,0,111,0,0,883,0,117,0,0,885,0,115,0,0,886,0,114,0,0,880,0,120,0,0,881,0,119,0,0,882,0,118,0,0,884,0,116,0,0,880,0,120,0,0,883,0,117,0,0,883,0,117,0,0,884,0,116,0,0,885,0,115,0,0,884,0,116,0,0,887,0,113,0,0,886,0,114,0,0,884,0,116,0,0,883,0,117,0,0,883,0,117,0,0,883,0,117,0,0,885,0,115,0,0,879,0,121,0,0,887,0,113,0,0,888,0,112,0,0,884,0,116,0,0,885,0,115,0,0,887,0,113,0,0,886,0,114,0,0,888,0,112,0,0,884,0,116,0,0,881,0,119,0,0,882,0,118,0,0,881,0,119,0,0,886,0,114,0,0,886,0,114,0,0,883,0,117,0,0,887,0,113,0,0,885,0,115,0,0,885,0,115,0,0,886,1,113,0,0,883,1,116,0,0,882,0,118,0,0,884,1,115,0,0,881,0,119,0,0,883,0,117,0,0,885,0,115,0,0,884,0,116,0,0,884,0,116,0,0,881,0,119,0,0
71,random,1.0,885,0,115,0,0,889,0,111,0,0,883,0,117,0,0,885,0,115,0,0,886,0,114,0,0,880,0,120,0,0,881,0,119,0,0,882,0,118,0,0,884,0,116,0,0,880,0,120,0,0,883,0,117,0,0,883,0,117,0,0,884,0,116,0,0,885,0,115,0,0,884,0,116,0,0,887,0,113,0,0,886,0,114,0,0,884,0,116,0,0,883,0,117,0,0,883,0,117,0,0,883,0,117,0,0,885,0,115,0,0,879,0,121,0,0,887,0,113,0,0,888,0,112,0,0,884,0,116,0,0,885,0,115,0,0,887,0,113,0,0,886,0,114,0,0,888,0,112,0,0,884,0,116,0,0,881,0,119,0,0,882,0,118,0,0,881,0,119,0,0,886,0,114,0,0,886,0,114,0,0,883,0,117,0,0,887,0,113,0,0,885,0,115,0,0,885,0,115,0,0,886,0,114,0,0,883,1,116,0,0,882,0,118,0,0,884,1,115,0,0,881,0,119,0,0,883,0,117,0,0,885,0,115,0,0,884,0,116,0,0,884,0,116,0,0,881,0,119,0,0
72,random,1.0,885,0,115,0,0,889,0,111,0,0,883,0,117,0,0,885,0,115,0,0,886,0,114,0,0,880,0,120,0,0,881,0,119,0,0,882,0,118,0,0,884,0,116,0,0,880,0,120,0,0,883,0,117,0,0,883,0,117,0,0,884,0,116,0,0,885,0,115,0,0,884,0,116,0,0,887,0,113,0,0,886,0,114,0,0,884,0,116,0,0,883,0,117,0,0,883,0,117,0,0,883,0,117,0,0,884,1,115,0,0,879,0,121,0,0,887,0,113,0,0,888,0,112,0,0,884,0,116,0,0,885,0,115,0,0,887,0,113,0,0,886,0,114,0,0,888,0,112,0,0,884,0,116,0,0,881,0,119,0,0,882,0,118,0,0,881,0,119,0,0,886,0,114,0,0,886,0,114,0,0,883,0,117,0,0,887,0,113,0,0,885,0,115,0,0,885,0,115,0,0,886,0,114,0,0,883,1,116,0,0,882,0,118,0,0,884,1,115,0,0,881,0,119,0,0,883,0,117,0,0,885,0,115,0,0,884,0,116,0,0,884,0,116,0,0,881,0,119,0,0
73,random,1.0,885,0,115,0,0,889,0,111,0,0,883,0,117,0,0,885,0,115,0,0,886,0,114,0,0,880,0,120,0,0,881,0,119,0,0,882,0,118,0,0,884,0,116,0,0,880,0,120,0,0,883,0,117,0,0,883,0,117,0,0,884,0,116,0,0,885,0,115,0,0,884,0,116,0,0,887,0,113,0,0,886,0,114,0,0,884,0,116,0,0,883,0,117,0,0,883,0,117,0,0,883,0,117,0,0,884,1,115,0,0,879,0,121,0,0,887,0,113,0,0,888,0,112,0,0,884,0,116,0,0,885,0,115,0,0,887,0,113,0,0,886,0,114,0,0,888,0,112,0,0,884,0,116,0,0,881,0,119,0,0,882,0,118,0,0,881,0,119,0,0,886,0,114,0,0,886,0,114,0,0,883,0,117,0,0,887,0,113,0,0,885,0,115,0,0,885,0,115,0,0,886,0,114,0,0,883,1,116,0,0,882,0,118,0,0,884,1,115,0,0,881,0,119,0,0,883,0,117,0,0,885,0,115,0,0,884,0,116,0,0,884,0,116,0,0,881,0,119,0,0
74,random,1.0,885,0,115,0,0,889,0,111,0,0,883,0,117,0,0,885,0,115,0,0,886,0,114,0,0,880,0,120,0,0,881,0,119,0,0,882,0,118,0,0,884,0,116,0,0,880,0,120,0,0,883,0,117,0,0,883,0,117,0,0,884,0,116,0,0,885,0,115,0,0,884,0,116,0,0,887,0,113,0,0,886,0,114,0,0,884,0,116,0,0,883,0,117,0,0,882,1,117,0,0,883,0,117,0,0,884,1,115,0,0,879,0,121,0,0,887,0,113,0,0,888,0,112,0,0,884,0,116,0,0,885,0,115,0,0,887,0,113,0,0,886,0,114,0,0,888,0,112,0,0,884,0,116,0,0,881,0,119,0,0,882,0,118,0,0,881,0,119,0,0,886,0,114,0,0,886,0,114,0,0,883,0,117,0,0,887,0,113,0,0,885,0,115,0,0,885,0,115,0,0,886,0,114,0,0,883,1,116,0,0,882,0,118,0,0,884,1,115,0,0,881,0,119,0,0,883,0,117,0,0,884,1,115,0,0,884,0,116,0,0,884,0,116,0,0,881,0,119,0,0
75,random,1.0,885,0,115,0,0,889,0,111,0,0,883,0,117,0,0,885,0,115,0,0,886,0,114,0,0,880,0,120,0,0,881,0,119,0,0,882,0,118,0,0,884,0,116,0,0,880,0,120,0,0,883,0,117,0,0,883,0,117,0,0,884,0,116,0,0,885,0,115,0,0,884,0,116,0,0,887,0,113,0,0,886,0,114,0,0,884,0,116,0,0,883,0,117,0,0,882,1,117,0,0,883,0,117,0,0,884,1,115,0,0,879,0,121,0,0,887,0,113,0,0,888,0,112,0,0,884,0,116,0,0,884,1,115,0,0,887,0,113,0,0,886,0,114,0,0,888,0,112,0,0,884,0,116,0,0,881,0,119,0,0,882,0,118,0,0,881,0,119,0,0,886,0,114,0,0,886,0,114,0,0,883,0,117,0,0,887,0,113,0,0,885,0,115,0,0,885,0,115,0,0,886,0,114,0,0,883,0,117,0,0,882,0,118,0,0,884,1,115,0,0,881,0,119,0,0,883,0,117,0,0,884,1,115,0,0,884,0,116,0,0,884,0,116,0,0,880,1,119,0,0
76,random,1.0,885,0,115,0,0,889,0,111,0,0,883,0,117,0,0,885,0,115,0,0,886,0,114,0,0,880,0,120,0,0,881,0,119,0,0,882,0,118,0,0,884,0,116,0,0,880,0,120,0,0,883,0,117,0,0,883,0,117,0,0,884,0,116,0,0,885,0,115,0,0,884,0,116,0,0,887,0,113,0,0,886,0,114,0,0,884,0,116,0,0,883,0,117,0,0,882,1,117,0,0,883,0,117,0,0,884,1,115,0,0,879,0,121,0,0,887,0,113,0,0,888,0,112,0,0,884,0,116,0,0,884,1,115,0,0,887,0,113,0,0,886,0,114,0,0,888,0,112,0,0,884,0,116,0,0,881,0,119,0,0,882,0,118,0,0,881,0,119,0,0,885,1,114,0,0,886,0,114,0,0,883,0,117,0,0,887,0,113,0,0,885,0,115,0,0,885,0,115,0,0,886,0,114,0,0,883,0,117,0,0,882,0,118,0,0,884,1,115,0,0,881,0,119,0,0,883,0,117,0,0,884,1,115,0,0,884,0,116,0,0,884,0,116,0,0,880,1,119,0,0
77,random,1.0,885,0,115,0,0,889,0,111,0,0,883,0,117,0,0,885,0,115,0,0,886,0,114,0,0,880,0,120,0,0,881,0,119,0,0,882,0,118,0,0,884,0,116,0,0,880,0,120,0,0,883,0,117,0,0,883,0,117,0,0,884,0,116,0,0,885,0,115,0,0,884,0,116,0,0,887,0,113,0,0,886,0,114,0,0,884,0,116,0,0,883,0,117,0,0,882,1,117,0,0,883,0,117,0,0,884,1,115,0,0,879,0,121,0,0,887,0,113,0,0,888,0,112,0,0,884,0,116,0,0,884,1,115,0,0,887,0,113,0,0,886,0,114,0,0,888,0,112,0,0,884,0,116,0,0,881,0,119,0,0,882,0,118,0,0,881,0,119,0,0,885,1,114,0,0,886,0,114,0,0,883,0,117,0,0,887,0,113,0,0,885,0,115,0,0,885,0,115,0,0,886,0,114,0,0,883,0,117,0,0,882,0,118,0,0,884,1,115,0,0,881,0,119,0,0,883,0,117,0,0,884,1,115,0,0,884,0,116,0,0,884,0,116,0,0,880,1,119,0,0
78,random,1.0,885,0,115,0,0,889,0,111,0,0,883,0,117,0,0,885,0,115,0,0,886,0,114,0,0,880,0,120,0,0,881,0,119,0,0,882,0,118,0,0,884,0,116,0,0,880,0,120,0,0,883,0,117,0,0,883,0,117,0,0,884,0,116,0,0,885,0,115,0,0,884,0,116,0,0,887,0,113,0,0,886,0,114,0,0,884,0,116,0,0,883,0,117,0,0,882,1,117,0,0,883,0,117,0,0,884,1,115,0,0,879,0,121,0,0,887,0,113,0,0,888,0,112,0,0,884,0,116,0,0,884,1,115,0,0,887,0,113,0,0,886,0,114,0,0,888,0,112,0,0,884,0,116,0,0,880,1,119,0,0,882,0,118,0,0,881,0,119,0,0,885,1,114,0,0,886,0,114,0,0,883,0,117,0,0,887,0,113,0,0,885,0,115,0,0,885,0,115,0,0,886,0,114,0,0,883,0,117,0,0,882,0,118,0,0,884,1,115,0,0,881,0,119,0,0,883,0,117,0,0,884,1,115,0,0,884,0,116,0,0,884,0,116,0,0,880,1,119,0,0
79,random,1.0,885,0,115,0,0,889,0,111,0,0,883,0,117,0,0,885,0,115,0,0,886,0,114,0,0,880,0,120,0,0,881,0,119,0,0,882,0,118,0,0,884,0,116,0,0,880,0,120,0,0,883,0,117,0,0,883,0,117,0,0,884,0,116,0,0,885,0,115,0,0,884,0,116,0,0,887,0,113,0,0,886,0,114,0,0,884,0,116,0,0,883,0,117,0,0,882,1,117,0,0,883,0,117,0,0,884,1,115,0,0,879,0,121,0,0,887,0,113,0,0,888,0,112,0,0,884,0,116,0,0,884,1,115,0,0,887,0,113,0,0,886,0,114,0,0,888,0,112,0,0,884,0,116,0,0,880,1,119,0,0,882,0,118,0,0,881,0,119,0,0,885,1,114,0,0,886,0,114,0,0,883,0,117,0,0,887,0,113,0,0,884,1,115,0,0,885,0,115,0,0,886,0,114,0,0,883,0,117,0,0,882,0,118,0,0,884,0,116,0,0,881,0,119,0,0,883,0,117,0,0,884,1,115,0,0,884,0,116,0,0,884,0,116,0,0,880,1,119,0,0
80,random,1.0,885,0,115,0,0,889,0,111,0,0,883,0,117,0,0,885,0,115,0,0,886,0,114,0,0,880,0,120,0,0,881,0,119,0,0,882,0,118,0,0,884,0,116,0,0,880,0,120,0,0,883,0,117,0,0,883,0,117,0,0,884,0,116,0,0,885,0,115,0,0,884,0,116,0,0,887,0,113,0,0,886,0,114,0,0,884,0,116,0,0,883,0,117,0,0,882,1,117,0,0,883,0,117,0,0,884,1,115,0,0,879,0,121,0,0,887,0,113,0,0,888,0,112,0,0,884,0,116,0,0,884,1,115,0,0,887,0,113,0,0,885,1,114,0,0,888,0,112,0,0,884,0,116,0,0,879,2,119,0,0,882,0,118,0,0,881,0,119,0,0,885,1,114,0,0,886,0,114,0,0,883,0,117,0,0,887,0,113,0,0,884,1,115,0,0,885,0,115,0,0,886,0,114,0,0,883,0,117,0,0,882,0,118,0,0,884,0,116,0,0,881,0,119,0,0,883,0,117,0,0,884,1,115,0,0,884,0,116,0,0,884,0,116,0,0,880,1,119,0,0
81,random,1.0,885,0,115,0,0,889,0,111,0,0,883,0,117,0,0,885,0,115,0,0,886,0,114,0,0,880,0,120,0,0,881,0,119,0,0,882,0,118,0,0,884,0,116,0,0,880,0,120,0,0,883,0,117,0,0,883,0,117,0,0,884,0,116,0,0,885,0,115,0,0,884,0,116,0,0,887,0,113,0,0,886,0,114,0,0,884,0,116,0,0,883,0,117,0,0,882,1,117,0,0,883,0,117,0,0,884,1,115,0,0,879,0,121,0,0,887,0,113,0,0,888,0,112,0,0,884,0,116,0,0,884,1,115,0,0,887,0,113,0,0,885,1,114,0,0,888,0,112,0,0,884,0,116,0,0,879,2,119,0,0,882,0,118,0,0,881,0,119,0,0,885,1,114,0,0,886,0,114,0,0,883,0,117,0,0,887,0,113,0,0,884,1,115,0,0,885,0,115,0,0,886,0,114,0,0,883,0,117,0,0,882,0,118,0,0,884,0,116,0,0,881,0,119,0,0,883,0,117,0,0,884,1,115,0,0,884,0,116,0,0,884,0,116,0,0,880,1,119,0,0
82,random,1.0,885,0,115,0,0,889,0,111,0,0,883,0,117,0,0,885,0,115,0,0,886,0,114,0,0,880,0,120,0,0,881,0,119,0,0,882,0,118,0,0,884,0,116,0,0,880,0,120,0,0,883,0,117,0,0,883,0,117,0,0,884,0,116,0,0,885,0,115,0,0,884,0,116,0,0,887,0,113,0,0,885,1,114,0,0,884,0,116,0,0,883,0,117,0,0,882,1,117,0,0,883,0,117,0,0,884,1,115,0,0,879,0,121,0,0,887,0,113,0,0,888,0,112,0,0,884,0,116,0,0,884,1,115,0,0,887,0,113,0,0,885,1,114,0,0,888,0,112,0,0,884,0,116,0,0,879,2,119,0,0,882,0,118,0,0,881,0,119,0,0,885,1,114,0,0,886,0,114,0,0,883,0,117,0,0,887,0,113,0,0,884,1,115,0,0,885,0,115,0,0,886,0,114,0,0,883,0,117,0,0,882,0,118,0,0,884,0,116,0,0,881,0,119,0,0,883,0,117,0,0,884,1,115,0,0,884,0,116,0,0,884,0,116,0,0,880,1,119,0,0
83,random,1.0,885,0,115,0,0,889,0,111,0,0,883,0,117,0,0,885,0,115,0,0,886,0,114,0,0,880,0,120,0,0,881,0,119,0,0,882,0,118,0,0,884,0,116,0,0,880,0,120,0,0,883,0,117,0,0,883,0,117,0,0,884,0,116,0,0,885,0,115,0,0,884,0,116,0,0,887,0,113,0,0,885,1,114,0,0,884,0,116,0,0,883,0,117,0,0,882,1,117,0,0,883,0,117,0,0,884,1,115,0,0,879,0,121,0,0,887,0,113,0,0,888,0,112,0,0,884,0,116,0,0,884,1,115,0,0,887,0,113,0,0,885,1,114,0,0,888,0,112,0,0,884,0,116,0,0,879,2,119,0,0,882,0,118,0,0,881,0,119,0,0,885,1,114,0,0,886,0,114,0,0,883,0,117,0,0,887,0,113,0,0,884,1,115,0,0,885,0,115,0,0,886,0,114,0,0,883,0,117,0,0,882,0,118,0,0,884,0,116,0,0,881,0,119,0,0,883,0,117,0,0,884,1,115,0,0,884,0,116,0,0,884,0,116,0,0,880,1,119,0,0
84,random,1.0,885,0,115,0,0,889,0,111,0,0,883,0,117,0,0,885,0,115,0,0,886,0,114,0,0,880,0,120,0,0,881,0,119,0,0,882,0,118,0,0,884,0,116,0,0,880,0,120,0,0,883,0,117,0,0,883,0,117,0,0,884,0,116,0,0,885,0,115,0,0,884,0,116,0,0,887,0,113,0,0,885,1,114,0,0,884,0,116,0,0,883,0,117,0,0,882,1,117,0,0,883,0,117,0,0,884,1,115,0,0,878,1,121,0,0,887,0,113,0,0,888,0,112,0,0,884,0,116,0,0,884,1,115,0,0,887,0,113,0,0,885,1,114,0,0,888,0,112,0,0,884,0,116,0,0,879,2,119,0,0,882,0,118,0,0,881,0,119,0,0,885,1,114,0,0,886,0,114,0,0,883,0,117,0,0,887,0,113,0,0,884,1,115,0,0,885,0,115,0,0,886,0,114,0,0,883,0,117,0,0,882,0,118,0,0,884,0,116,0,0,881,0,119,0,0,883,0,117,0,0,884,1,115,0,0,884,0,116,0,0,884,0,116,0,0,880,1,119,0,0
85,random,1.0,885,0,115,0,0,889,0,111,0,0,883,0,117,0,0,885,0,115,0,0,886,0,114,0,0,880,0,120,0,0,881,0,119,0,0,882,0,118,0,0,884,0,116,0,0,880,0,120,0,0,883,0,117,0,0,883,0,117,0,0,884,0,116,0,0,885,0,115,0,0,884,0,116,0,0,887,0,113,0,0,885,1,114,0,0,884,0,116,0,0,883,0,117,0,0,882,1,117,0,0,883,0,117,0,0,884,0,116,0,0,878,1,121,0,0,887,0,113,0,0,888,0,112,0,0,884,0,116,0,0,884,1,115,0,0,887,0,113,0,0,885,1,114,0,0,888,0,112,0,0,884,0,116,0,0,878,3,119,0,0,882,0,118,0,0,881,0,119,0,0,885,1,114,0,0,886,0,114,0,0,883,0,117,0,0,887,0,113,0,0,884,1,115,0,0,885,0,115,0,0,886,0,114,0,0,883,0,117,0,0,882,0,118,0,0,884,0,116,0,0,881,0,119,0,0,883,0,117,0,0,884,1,115,0,0,884,0,116,0,0,884,0,116,0,0,880,1,119,0,0
86,random,1.0,885,0,115,0,0,889,0,111,0,0,883,0,117,0,0,885,0,115,0,0,886,0,114,0,0,880,0,120,0,0,881,0,119,0,0,882,0,118,0,0,884,0,116,0,0,880,0,120,0,0,883,0,117,0,0,883,0,117,0,0,884,0,116,0,0,885,0,115,0,0,884,0,116,0,0,887,0,113,0,0,885,1,114,0,0,884,0,116,0,0,883,0,117,0,0,882,1,117,0,0,883,0,117,0,0,884,0,116,0,0,878,1,121,0,0,887,0,113,0,0,888,0,112,0,0,884,0,116,0,0,884,1,115,0,0,887,0,113,0,0,885,1,114,0,0,888,0,112,0,0,884,0,116,0,0,878,3,119,0,0,882,0,118,0,0,881,0,119,0,0,885,1,114,0,0,886,0,114,0,0,883,0,117,0,0,887,0,113,0,0,884,1,115,0,0,885,0,115,0,0,886,0,114,0,0,883,0,117,0,0,882,0,118,0,0,884,0,116,0,0,881,0,119,0,0,883,0,117,0,0,884,1,115,0,0,884,0,116,0,0,884,0,116,0,0,880,1,119,0,0
87,random,1.0,885,0,115,0,0,889,0,111,0,0,883,0,117,0,0,885,0,115,0,0,886,0,114,0,0,880,0,120,0,0,881,0,119,0,0,882,0,118,0,0,884,0,116,0,0,880,0,120,0,0,883,0,117,0,0,883,0,117,0,0,884,0,116,0,0,885,0,115,0,0,884,0,116,0,0,887,0,113,0,0,885,1,114,0,0,884,0,116,0,0,883,0,117,0,0,882,0,118,0,0,883,0,117,0,0,884,0,116,0,0,878,1,121,0,0,887,0,113,0,0,888,0,112,0,0,884,0,116,0,0,884,1,115,0,0,887,0,113,0,0,885,1,114,0,0,888,0,112,0,0,884,0,116,0,0,878,3,119,0,0,882,0,118,0,0,881,0,119,0,0,885,1,114,0,0,886,0,114,0,0,883,0,117,0,0,887,0,113,0,0,884,1,115,0,0,885,0,115,0,0,886,0,114,0,0,883,0,117,0,0,882,0,118,0,0,884,0,116,0,0,881,0,119,0,0,883,0,117,0,0,884,0,116,0,0,884,0,116,0,0,884,0,116,0,0,880,1,119,0,0
88,random,1.0,885,0,115,0,0,889,0,111,0,0,883,0,117,0,0,885,0,115,0,0,886,0,114,0,0,880,0,120,0,0,881,0,119,0,0,882,0,118,0,0,884,0,116,0,0,880,0,120,0,0,883,0,117,0,0,883,0,117,0,0,884,0,116,0,0,885,0,115,0,0,884,0,116,0,0,887,0,113,0,0,885,1,114,0,0,884,0,116,0,0,883,0,117,0,0,882,0,118,0,0,883,0,117,0,0,884,0,116,0,0,878,1,121,0,0,887,0,113,0,0,888,0,112,0,0,884,0,116,0,0,884,0,116,0,0,887,0,113,0,0,885,1,114,0,0,888,0,112,0,0,884,0,116,0,0,878,3,119,0,0,882,0,118,0,0,881,0,119,0,0,885,1,114,0,0,886,0,114,0,0,883,0,117,0,0,887,0,113,0,0,884,1,115,0,0,885,0,115,0,0,886,0,114,0,0,883,0,117,0,0,882,0,118,0,0,884,0,116,0,0,881,0,119,0,0,883,0,117,0,0,884,0,116,0,0,884,0,116,0,0,884,0,116,0,0,880,0,120,0,0
89,random,1.0,885,0,115,0,0,889,0,111,0,0,883,0,117,0,0,885,0,115,0,0,886,0,114,0,0,880,0,120,0,0,881,0,119,0,0,882,0,118,0,0,884,0,116,0,0,880,0,120,0,0,883,0,117,0,0,883,0,117,0,0,884,0,116,0,0,885,0,115,0,0,884,0,116,0,0,887,0,113,0,0,885,1,114,0,0,884,0,116,0,0,883,0,117,0,0,882,0,118,0,0,883,0,117,0,0,884,0,116,0,0,878,1,121,0,0,887,0,113,0,0,888,0,112,0,0,884,0,116,0,0,884,0,116,0,0,887,0,113,0,0,885,1,114,0,0,888,0,112,0,0,884,0,116,0,0,878,3,119,0,0,882,0,118,0,0,881,0,119,0,0,885,0,115,0,0,886,0,114,0,0,883,0,117,0,0,887,0,113,0,0,884,1,115,0,0,885,0,115,0,0,886,0,114,0,0,883,0,117,0,0,882,0,118,0,0,884,0,116,0,0,881,0,119,0,0,883,0,117,0,0,884,0,116,0,0,884,0,116,0,0,884,0,116,0,0,880,0,120,0,0
90,random,1.0,885,0,115,0,0,889,0,111,0,0,883,0,117,0,0,885,0,115,0,0,886,0,114,0,0,880,0,120,0,0,881,0,119,0,0,882,0,118,0,0,884,0,116,0,0,880,0,120,0,0,883,0,117,0,0,883,0,117,0,0,884,0,116,0,0,885,0,115,0,0,884,0,116,0,0,887,0,113,0,0,885,1,114,0,0,884,0,116,0,0,883,0,117,0,0,882,0,118,0,0,883,0,117,0,0,884,0,116,0,0,878,1,121,0,0,887,0,113,0,0,888,0,112,0,0,884,0,116,0,0,884,0,116,0,0,887,0,113,0,0,885,1,114,0,0,888,0,112,0,0,884,0,116,0,0,878,3,119,0,0,882,0,118,0,0,881,0,119,0,0,885,0,115,0,0,886,0,114,0,0,883,0,117,0,0,887,0,113,0,0,884,1,115,0,0,885,0,115,0,0,886,0,114,0,0,883,0,117,0,0,882,0,118,0,0,884,0,116,0,0,881,0,119,0,0,883,0,117,0,0,884,0,116,0,0,883,1,116,0,0,884,0,116,0,0,880,0,120,0,0
91,random,1.0,885,0,115,0,0,889,0,111,0,0,883,0,117,0,0,885,0,115,0,0,886,0,114,0,0,880,0,120,0,0,881,0,119,0,0,882,0,118,0,0,884,0,116,0,0,880,0,120,0,0,883,0,117,0,0,883,0,117,0,0,884,0,116,0,0,885,0,115,0,0,884,0,116,0,0,887,0,113,0,0,885,1,114,0,0,884,0,116,0,0,883,0,117,0,0,882,0,118,0,0,883,0,117,0,0,884,0,116,0,0,878,1,121,0,0,887,0,113,0,0,888,0,112,0,0,884,0,116,0,0,884,0,116,0,0,887,0,113,0,0,885,1,114,0,0,888,0,112,0,0,884,0,116,0,0,878,2,120,0,0,882,0,118,0,0,881,0,119,0,0,885,0,115,0,0,886,0,114,0,0,883,0,117,0,0,887,0,113,0,0,884,1,115,0,0,885,0,115,0,0,886,0,114,0,0,883,0,117,0,0,882,0,118,0,0,884,0,116,0,0,881,0,119,0,0,883,0,117,0,0,884,0,116,0,0,883,1,116,0,0,884,0,116,0,0,880,0,120,0,0
92,random,1.0,885,0,115,0,0,889,0,111,0,0,883,0,117,0,0,885,0,115,0,0,886,0,114,0,0,880,0,120,0,0,881,0,119,0,0,882,0,118,0,0,884,0,116,0,0,880,0,120,0,0,883,0,117,0,0,883,0,117,0,0,884,0,116,0,0,885,0,115,0,0,884,0,116,0,0,887,0,113,0,0,885,1,114,0,0,884,0,116,0,0,883,0,117,0,0,882,0,118,0,0,883,0,117,0,0,884,0,116,0,0,878,1,121,0,0,887,0,113,0,0,888,0,112,0,0,884,0,116,0,0,884,0,116,0,0,887,0,113,0,0,885,1,114,0,0,888,0,112,0,0,884,0,116,0,0,878,2,120,0,0,882,0,118,0,0,881,0,119,0,0,885,0,115,0,0,886,0,114,0,0,883,0,117,0,0,887,0,113,0,0,884,0,116,0,0,885,0,115,0,0,886,0,114,0,0,883,0,117,0,0,882,0,118,0,0,884,0,116,0,0,881,0,119,0,0,883,0,117,0,0,884,0,116,0,0,883,1,116,0,0,884,0,116,0,0,880,0,120,0,0
93,random,1.0,885,0,115,0,0,889,0,111,0,0,883,0,117,0,0,885,0,115,0,0,886,0,114,0,0,880,0,120,0,0,881,0,119,0,0,882,0,118,0,0,884,0,116,0,0,880,0,120,0,0,883,0,117,0,0,883,0,117,0,0,884,0,116,0,0,885,0,115,0,0,884,0,116,0,0,887,0,113,0,0,885,1,114,0,0,884,0,116,0,0,883,0,117,0,0,882,0,118,0,0,883,0,117,0,0,884,0,116,0,0,878,1,121,0,0,887,0,113,0,0,888,0,112,0,0,884,0,116,0,0,884,0,116,0,0,887,0,113,0,0,885,0,115,0,0,888,0,112,0,0,884,0,116,0,0,878,1,121,0,0,882,0,118,0,0,881,0,119,0,0,885,0,115,0,0,886,0,114,0,0,883,0,117,0,0,887,0,113,0,0,884,0,116,0,0,885,0,115,0,0,886,0,114,0,0,883,0,117,0,0,882,0,118,0,0,884,0,116,0,0,881,0,119,0,0,883,0,117,0,0,884,0,116,0,0,883,1,116,0,0,884,0,116,0,0,880,0,120,0,0
94,random,1.0,885,0,115,0,0,889,0,111,0,0,883,0,117,0,0,885,0,115,0,0,886,0,114,0,0,880,0,120,0,0,881,0,119,0,0,882,0,118,0,0,884,0,116,0,0,880,0,120,0,0,883,0,117,0,0,883,0,117,0,0,884,0,116,0,0,885,0,115,0,0,884,0,116,0,0,887,0,113,0,0,885,1,114,0,0,884,0,116,0,0,883,0,117,0,0,882,0,118,0,0,883,0,117,0,0,884,0,116,0,0,878,1,121,0,0,887,0,113,0,0,888,0,112,0,0,884,0,116,0,0,884,0,116,0,0,887,0,113,0,0,885,0,115,0,0,888,0,112,0,0,884,0,116,0,0,878,1,121,0,0,882,0,118,0,0,881,0,119,0,0,885,0,115,0,0,886,0,114,0,0,883,0,117,0,0,887,0,113,0,0,884,0,116,0,0,885,0,115,0,0,886,0,114,0,0,883,0,117,0,0,882,0,118,0,0,884,0,116,0,0,881,0,119,0,0,883,0,117,0,0,884,0,116,0,0,883,1,116,0,0,884,0,116,0,0,880,0,120,0,0
95,random,1.0,885,0,115,0,0,889,0,111,0,0,883,0,117,0,0,885,0,115,0,0,886,0,114,0,0,880,0,120,0,0,881,0,119,0,0,882,0,118,0,0,884,0,116,0,0,880,0,120,0,0,883,0,117,0,0,883,0,117,0,0,884,0,116,0,0,885,0,115,0,0,884,0,116,0,0,887,0,113,0,0,885,0,115,0,0,884,0,116,0,0,883,0,117,0,0,882,0,118,0,0,883,0,117,0,0,884,0,116,0,0,878,1,121,0,0,887,0,113,0,0,888,0,112,0,0,884,0,116,0,0,884,0,116,0,0,887,0,113,0,0,885,0,115,0,0,888,0,112,0,0,884,0,116,0,0,878,1,121,0,0,882,0,118,0,0,881,0,119,0,0,885,0,115,0,0,886,0,114,0,0,883,0,117,0,0,887,0,113,0,0,884,0,116,0,0,885,0,115,0,0,886,0,114,0,0,883,0,117,0,0,882,0,118,0,0,884,0,116,0,0,881,0,119,0,0,883,0,117,0,0,884,0,116,0,0,883,1,116,0,0,884,0,116,0,0,880,0,120,0,0
96,random,1.0,885,0,115,0,0,889,0,111,0,0,883,0,117,0,0,885,0,115,0,0,886,0,114,0,0,880,0,120,0,0,881,0,119,0,0,882,0,118,0,0,884,0,116,0,0,880,0,120,0,0,883,0,117,0,0,883,0,117,0,0,884,0,116,0,0,885,0,115,0,0,884,0,116,0,0,887,0,113,0,0,885,0,115,0,0,884,0,116,0,0,883,0,117,0,0,882,0,118,0,0,883,0,117,0,0,884,0,116,0,0,878,1,121,0,0,887,0,113,0,0,888,0,112,0,0,884,0,116,0,0,884,0,116,0,0,887,0,113,0,0,885,0,115,0,0,888,0,112,0,0,884,0,116,0,0,878,1,121,0,0,882,0,118,0,0,881,0,119,0,0,885,0,115,0,0,886,0,114,0,0,883,0,117,0,0,887,0,113,0,0,884,0,116,0,0,885,0,115,0,0,886,0,114,0,0,883,0,117,0,0,882,0,118,0,0,884,0,116,0,0,881,0,119,0,0,883,0,117,0,0,884,0,116,0,0,883,1,116,0,0,884,0,116,0,0,880,0,120,0,0
97,random,1.0,885,0,115,0,0,889,0,111,0,0,883,0,117,0,0,885,0,115,0,0,886,0,114,0,0,880,0,120,0,0,881,0,119,0,0,882,0,118,0,0,884,0,116,0,0,880,0,120,0,0,883,0,117,0,0,883,0,117,0,0,884,0,116,0,0,885,0,115,0,0,884,0,116,0,0,887,0,113,0,0,885,0,115,0,0,884,0,116,0,0,883,0,117,0,0,882,0,118,0,0,883,0,117,0,0,884,0,116,0,0,878,0,122,0,0,887,0,113,0,0,888,0,112,0,0,884,0,116,0,0,884,0,116,0,0,887,0,113,0,0,885,0,115,0,0,888,0,112,0,0,884,0,116,0,0,878,1,121,0,0,882,0,118,0,0,881,0,119,0,0,885,0,115,0,0,886,0,114,0,0,883,0,117,0,0,887,0,113,0,0,884,0,116,0,0,885,0,115,0,0,886,0,114,0,0,883,0,117,0,0,882,0,118,0,0,884,0,116,0,0,881,0,119,0,0,883,0,117,0,0,884,0,116,0,0,883,1,116,0,0,884,0,116,0,0,880,0,120,0,0
98,random,1.0,885,0,115,0,0,889,0,111,0,0,883,0,117,0,0,885,0,115,0,0,886,0,114,0,0,880,0,120,0,0,881,0,119,0,0,882,0,118,0,0,884,0,116,0,0,880,0,120,0,0,883,0,117,0,0,883,0,117,0,0,884,0,116,0,0,885,0,115,0,0,884,0,116,0,0,887,0,113,0,0,885,0,115,0,0,884,0,116,0,0,883,0,117,0,0,882,0,118,0,0,883,0,117,0,0,884,0,116,0,0,878,0,122,0,0,887,0,113,0,0,888,0,112,0,0,884,0,116,0,0,884,0,116,0,0,887,0,113,0,0,885,0,115,0,0,888,0,112,0,0,884,0,116,0,0,878,0,122,0,0,882,0,118,0,0,881,0,119,0,0,885,0,115,0,0,886,0,114,0,0,883,0,117,0,0,887,0,113,0,0,884,0,116,0,0,885,0,115,0,0,886,0,114,0,0,883,0,117,0,0,882,0,118,0,0,884,0,116,0,0,881,0,119,0,0,883,0,117,0,0,884,0,116,0,0,883,1,116,0,0,884,0,116,0,0,880,0,120,0,0
99,random,1.0,885,0,115,0,0,889,0,111,0,0,883,0,117,0,0,885,0,115,0,0,886,0,114,0,0,880,0,120,0,0,881,0,119,0,0,882,0,118,0,0,884,0,116,0,0,880,0,120,0,0,883,0,117,0,0,883,0,117,0,0,884,0,116,0,0,885,0,115,0,0,884,0,116,0,0,887,0,113,0,0,885,0,115,0,0,884,0,116,0,0,883,0,117,0,0,882,0,118,0,0,883,0,117,0,0,884,0,116,0,0,878,0,122,0,0,887,0,113,0,0,888,0,112,0,0,884,0,116,0,0,884,0,116,0,0,887,0,113,0,0,885,0,115,0,0,888,0,112,0,0,884,0,116,0,0,878,0,122,0,0,882,0,118,0,0,881,0,119,0,0,885,0,115,0,0,886,0,114,0,0,883,0,117,0,0,887,0,113,0,0,884,0,116,0,0,885,0,115,0,0,886,0,114,0,0,883,0,117,0,0,882,0,118,0,0,884,0,116,0,0,881,0,119,0,0,883,0,117,0,0,884,0,116,0,0,883,1,116,0,0,884,0,116,0,0,880,0,120,0,0
100,random,1.0,885,0,115,0,0,889,0,111,0,0,883,0,117,0,0,885,0,115,0,0,886,0,114,0,0,880,0,120,0,0,881,0,119,0,0,882,0,118,0,0,884,0,116,0,0,880,0,120,0,0,883,0,117,0,0,883,0,117,0,0,884,0,116,0,0,885,0,115,0,0,884,0,116,0,0,887,0,113,0,0,885,0,115,0,0,884,0,116,0,0,883,0,117,0,0,882,0,118,0,0,883,0,117,0,0,884,0,116,0,0,878,0,122,0,0,887,0,113,0,0,888,0,112,0,0,884,0,116,0,0,884,0,116,0,0,887,0,113,0,0,885,0,115,0,0,888,0,112,0,0,884,0,116,0,0,878,0,122,0,0,882,0,118,0,0,881,0,119,0,0,885,0,115,0,0,886,0,114,0,0,883,0,117,0,0,887,0,113,0,0,884,0,116,0,0,885,0,115,0,0,886,0,114,0,0,883,0,117,0,0,882,0,118,0,0,884,0,116,0,0,881,0,119,0,0,883,0,117,0,0,884,0,116,0,0,883,1,116,0,0,884,0,116,0,0,880,0,120,0,0
101,random,1.0,885,0,115,0,0,889,0,111,0,0,883,0,117,0,0,885,0,115,0,0,886,0,114,0,0,880,0,120,0,0,881,0,119,0,0,882,0,118,0,0,884,0,116,0,0,880,0,120,0,0,883,0,117,0,0,883,0,117,0,0,884,0,116,0,0,885,0,115,0,0,884,0,116,0,0,887,0,113,0,0,885,0,115,0,0,884,0,116,0,0,883,0,117,0,0,882,0,118,0,0,883,0,117,0,0,884,0,116,0,0,878,0,122,0,0,887,0,113,0,0,888,0,112,0,0,884,0,116,0,0,884,0,116,0,0,887,0,113,0,0,885,0,115,0,0,888,0,112,0,0,884,0,116,0,0,878,0,122,0,0,882,0,118,0,0,881,0,119,0,0,885,0,115,0,0,886,0,114,0,0,883,0,117,0,0,887,0,113,0,0,884,0,116,0,0,884,1,115,0,0,886,0,114,0,0,883,0,117,0,0,882,0,118,0,0,884,0,116,0,0,881,0,119,0,0,883,0,117,0,0,884,0,116,0,0,883,1,116,0,0,884,0,116,0,0,880,0,120,0,0
102,random,1.0,885,0,115,0,0,889,0,111,0,0,883,0,117,0,0,885,0,115,0,0,886,0,114,0,0,880,0,120,0,0,881,0,119,0,0,882,0,118,0,0,884,0,116,0,0,880,0,120,0,0,883,0,117,0,0,883,0,117,0,0,884,0,116,0,0,885,0,115,0,0,884,0,116,0,0,887,0,113,0,0,885,0,115,0,0,884,0,116,0,0,883,0,117,0,0,882,0,118,0,0,883,0,117,0,0,884,0,116,0,0,878,0,122,0,0,887,0,113,0,0,888,0,112,0,0,884,0,116,0,0,884,0,116,0,0,887,0,113,0,0,885,0,115,0,0,888,0,112,0,0,884,0,116,0,0,878,0,122,0,0,882,0,118,0,0,881,0,119,0,0,885,0,115,0,0,886,0,114,0,0,883,0,117,0,0,887,0,113,0,0,884,0,116,0,0,884,1,115,0,0,886,0,114,0,0,883,0,117,0,0,882,0,118,0,0,884,0,116,0,0,881,0,119,0,0,883,0,117,0,0,884,0,116,0,0,883,1,116,0,0,884,0,116,0,0,880,0,120,0,0
103,random,1.0,885,0,115,0,0,889,0,111,0,0,883,0,117,0,0,885,0,115,0,0,886,0,114,0,0,880,0,120,0,0,881,0,119,0,0,882,0,118,0,0,884,0,116,0,0,880,0,120,0,0,883,0,117,0,0,883,0,117,0,0,884,0,116,0,0,885,0,115,0,0,884,0,116,0,0,887,0,113,0,0,885,0,115,0,0,884,0,116,0,0,883,0,117,0,0,882,0,118,0,0,883,0,117,0,0,884,0,116,0,0,878,0,122,0,0,887,0,113,0,0,888,0,112,0,0,884,0,116,0,0,884,0,116,0,0,887,0,113,0,0,885,0,115,0,0,888,0,112,0,0,884,0,116,0,0,878,0,122,0,0,882,0,118,0,0,881,0,119,0,0,885,0,115,0,0,886,0,114,0,0,883,0,117,0,0,887,0,113,0,0,884,0,116,0,0,884,1,115,0,0,886,0,114,0,0,883,0,117,0,0,882,0,118,0,0,884,0,116,0,0,881,0,119,0,0,883,0,117,0,0,884,0,116,0,0,883,0,117,0,0,884,0,116,0,0,880,0,120,0,0
104,random,1.0,885,0,115,0,0,889,0,111,0,0,883,0,117,0,0,885,0,115,0,0,886,0,114,0,0,880,0,120,0,0,881,0,119,0,0,882,0,118,0,0,884,0,116,0,0,880,0,120,0,0,883,0,117,0,0,883,0,117,0,0,884,0,116,0,0,885,0,115,0,0,884,0,116,0,0,887,0,113,0,0,885,0,115,0,0,884,0,116,0,0,883,0,117,0,0,882,0,118,0,0,883,0,117,0,0,884,0,116,0,0,878,0,122,0,0,887,0,113,0,0,888,0,112,0,0,884,0,116,0,0,884,0,116,0,0,887,0,113,0,0,885,0,115,0,0,888,0,112,0,0,884,0,116,0,0,878,0,122,0,0,882,0,118,0,0,881,0,119,0,0,885,0,115,0,0,886,0,114,0,0,883,0,117,0,0,887,0,113,0,0,884,0,116,0,0,884,1,115,0,0,886,0,114,0,0,883,0,117,0,0,882,0,118,0,0,884,0,116,0,0,881,0,119,0,0,883,0,117,0,0,884,0,116,0,0,883,0,117,0,0,884,0,116,0,0,880,0,120,0,0
105,random,1.0,885,0,115,0,0,889,0,111,0,0,883,0,117,0,0,885,0,115,0,0,886,0,114,0,0,880,0,120,0,0,881,0,119,0,0,882,0,118,0,0,884,0,116,0,0,880,0,120,0,0,883,0,117,0,0,883,0,117,0,0,884,0,116,0,0,885,0,115,0,0,884,0,116,0,0,887,0,113,0,0,885,0,115,0,0,884,0,116,0,0,883,0,117,0,0,882,0,118,0,0,883,0,117,0,0,884,0,116,0,0,878,0,122,0,0,886,1,113,0,0,888,0,112,0,0,884,0,116,0,0,884,0,116,0,0,887,0,113,0,0,885,0,115,0,0,888,0,112,0,0,884,0,116,0,0,878,0,122,0,0,882,0,118,0,0,881,0,119,0,0,885,0,115,0,0,886,0,114,0,0,883,0,117,0,0,887,0,113,0,0,884,0,116,0,0,884,1,115,0,0,886,0,114,0,0,883,0,117,0,0,882,0,118,0,0,884,0,116,0,0,881,0,119,0,0,883,0,117,0,0,884,0,116,0,0,883,0,117,0,0,884,0,116,0,0,880,0,120,0,0
106,random,1.0,885,0,115,0,0,889,0,111,0,0,883,0,117,0,0,885,0,115,0,0,886,0,114,0,0,880,0,120,0,0,881,0,119,0,0,882,0,118,0,0,884,0,116,0,0,880,0,120,0,0,883,0,117,0,0,883,0,117,0,0,884,0,116,0,0,885,0,115,0,0,884,0,116,0,0,887,0,113,0,0,885,0,115,0,0,884,0,116,0,0,883,0,117,0,0,882,0,118,0,0,883,0,117,0,0,884,0,116,0,0,878,0,122,0,0,886,1,113,0,0,888,0,112,0,0,884,0,116,0,0,884,0,116,0,0,887,0,113,0,0,885,0,115,0,0,888,0,112,0,0,884,0,116,0,0,878,0,122,0,0,882,0,118,0,0,881,0,119,0,0,885,0,115,0,0,886,0,114,0,0,883,0,117,0,0,887,0,113,0,0,884,0,116,0,0,884,1,115,0,0,886,0,114,0,0,883,0,117,0,0,882,0,118,0,0,884,0,116,0,0,881,0,119,0,0,883,0,117,0,0,884,0,116,0,0,883,0,117,0,0,884,0,116,0,0,880,0,120,0,0
107,random,1.0,885,0,115,0,0,889,0,111,0,0,883,0,117,0,0,885,0,115,0,0,886,0,114,0,0,880,0,120,0,0,881,0,119,0,0,882,0,118,0,0,884,0,116,0,0,879,1,120,0,0,883,0,117,0,0,883,0,117,0,0,884,0,116,0,0,885,0,115,0,0,884,0,116,0,0,887,0,113,0,0,885,0,115,0,0,884,0,116,0,0,883,0,117,0,0,882,0,118,0,0,883,0,117,0,0,884,0,116,0,0,878,0,122,0,0,886,1,113,0,0,888,0,112,0,0,884,0,116,0,0,884,0,116,0,0,887,0,113,0,0,885,0,115,0,0,888,0,112,0,0,884,0,116,0,0,878,0,122,0,0,882,0,118,0,0,881,0,119,0,0,885,0,115,0,0,886,0,114,0,0,883,0,117,0,0,887,0,113,0,0,884,0,116,0,0,884,1,115,0,0,886,0,114,0,0,883,0,117,0,0,882,0,118,0,0,884,0,116,0,0,881,0,119,0,0,883,0,117,0,0,884,0,116,0,0,883,0,117,0,0,884,0,116,0,0,880,0,120,0,0
108,random,1.0,885,0,115,0,0,889,0,111,0,0,883,0,117,0,0,885,0,115,0,0,886,0,114,0,0,880,0,120,0,0,881,0,119,0,0,882,0,118,0,0,884,0,116,0,0,879,1,120,0,0,883,0,117,0,0,883,0,117,0,0,884,0,116,0,0,885,0,115,0,0,884,0,116,0,0,887,0,113,0,0,885,0,115,0,0,884,0,116,0,0,883,0,117,0,0,882,0,118,0,0,883,0,117,0,0,884,0,116,0,0,878,0,122,0,0,886,1,113,0,0,888,0,112,0,0,884,0,116,0,0,884,0,116,0,0,887,0,113,0,0,885,0,115,0,0,888,0,112,0,0,884,0,116,0,0,878,0,122,0,0,882,0,118,0,0,881,0,119,0,0,885,0,115,0,0,886,0,114,0,0,883,0,117,0,0,887,0,113,0,0,884,0,116,0,0,884,1,115,0,0,886,0,114,0,0,883,0,117,0,0,882,0,118,0,0,884,0,116,0,0,881,0,119,0,0,883,0,117,0,0,884,0,116,0,0,883,0,117,0,0,884,0,116,0,0,880,0,120,0,0
109,random,1.0,885,0,115,0,0,889,0,111,0,0,883,0,117,0,0,885,0,115,0,0,886,0,114,0,0,880,0,120,0,0,881,0,119,0,0,882,0,118,0,0,884,0,116,0,0,879,1,120,0,0,883,0,117,0,0,883,0,117,0,0,884,0,116,0,0,885,0,115,0,0,884,0,116,0,0,887,0,113,0,0,885,0,115,0,0,884,0,116,0,0,883,0,117,0,0,882,0,118,0,0,883,0,117,0,0,884,0,116,0,0,878,0,122,0,0,886,1,113,0,0,888,0,112,0,0,884,0,116,0,0,884,0,116,0,0,887,0,113,0,0,885,0,115,0,0,888,0,112,0,0,884,0,116,0,0,878,0,122,0,0,882,0,118,0,0,881,0,119,0,0,885,0,115,0,0,886,0,114,0,0,883,0,117,0,0,887,0,113,0,0,884,0,116,0,0,884,1,115,0,0,886,0,114,0,0,883,0,117,0,0,882,0,118,0,0,884,0,116,0,0,881,0,119,0,0,883,0,117,0,0,884,0,116,0,0,883,0,117,0,0,884,0,116,0,0,880,0,120,0,0
110,random,1.0,885,0,115,0,0,889,0,111,0,0,883,0,117,0,0,885,0,115,0,0,886,0,114,0,0,880,0,120,0,0,881,0,119,0,0,882,0,118,0,0,884,0,116,0,0,879,1,120,0,0,883,0,117,0,0,883,0,117,0,0,884,0,116,0,0,885,0,115,0,0,884,0,116,0,0,886,1,113,0,0,885,0,115,0,0,884,0,116,0,0,883,0,117,0,0,882,0,118,0,0,883,0,117,0,0,884,0,116,0,0,878,0,122,0,0,886,1,113,0,0,888,0,112,0,0,884,0,116,0,0,884,0,116,0,0,887,0,113,0,0,885,0,115,0,0,888,0,112,0,0,884,0,116,0,0,878,0,122,0,0,882,0,118,0,0,881,0,119,0,0,885,0,115,0,0,886,0,114,0,0,883,0,117,0,0,887,0,113,0,0,884,0,116,0,0,884,1,115,0,0,886,0,114,0,0,883,0,117,0,0,882,0,118,0,0,884,0,116,0,0,881,0,119,0,0,883,0,117,0,0,884,0,116,0,0,883,0,117,0,0,884,0,116,0,0,880,0,120,0,0
111,random,1.0,885,0,115,0,0,889,0,111,0,0,883,0,117,0,0,885,0,115,0,0,886,0,114,0,0,880,0,120,0,0,881,0,119,0,0,882,0,118,0,0,884,0,116,0,0,879,1,120,0,0,883,0,117,0,0,883,0,117,0,0,884,0,116,0,0,885,0,115,0,0,884,0,116,0,0,886,1,113,0,0,885,0,115,0,0,884,0,116,0,0,883,0,117,0,0,882,0,118,0,0,883,0,117,0,0,884,0,116,0,0,878,0,122,0,0,886,1,113,0,0,888,0,112,0,0,884,0,116,0,0,884,0,116,0,0,887,0,113,0,0,885,0,115,0,0,888,0,112,0,0,884,0,116,0,0,878,0,122,0,0,882,0,118,0,0,881,0,119,0,0,885,0,115,0,0,886,0,114,0,0,883,0,117,0,0,887,0,113,0,0,884,0,116,0,0,884,1,115,0,0,886,0,114,0,0,883,0,117,0,0,882,0,118,0,0,884,0,116,0,0,881,0,119,0,0,883,0,117,0,0,884,0,116,0,0,883,0,117,0,0,884,0,116,0,0,880,0,120,0,0
112,random,1.0,885,0,115,0,0,889,0,111,0,0,883,0,117,0,0,885,0,115,0,0,886,0,114,0,0,880,0,120,0,0,881,0,119,0,0,882,0,118,0,0,884,0,116,0,0,879,1,120,0,0,883,0,117,0,0,883,0,117,0,0,884,0,116,0,0,885,0,115,0,0,884,0,116,0,0,886,1,113,0,0,885,0,115,0,0,884,0,116,0,0,883,0,117,0,0,882,0,118,0,0,883,0,117,0,0,884,0,116,0,0,878,0,122,0,0,886,1,113,0,0,888,0,112,0,0,884,0,116,0,0,884,0,116,0,0,887,0,113,0,0,885,0,115,0,0,888,0,112,0,0,884,0,116,0,0,878,0,122,0,0,882,0,118,0,0,881,0,119,0,0,885,0,115,0,0,886,0,114,0,0,883,0,117,0,0,887,0,113,0,0,884,0,116,0,0,884,1,115,0,0,886,0,114,0,0,883,0,117,0,0,882,0,118,0,0,884,0,116,0,0,881,0,119,0,0,883,0,117,0,0,884,0,116,0,0,883,0,117,0,0,884,0,116,0,0,880,0,120,0,0
113,random,1.0,885,0,115,0,0,889,0,111,0,0,883,0,117,0,0,885,0,115,0,0,886,0,114,0,0,880,0,120,0,0,881,0,119,0,0,882,0,118,0,0,884,0,116,0,0,879,1,120,0,0,883,0,117,0,0,883,0,117,0,0,884,0,116,0,0,885,0,115,0,0,884,0,116,0,0,886,1,113,0,0,885,0,115,0,0,884,0,116,0,0,883,0,117,0,0,882,0,118,0,0,883,0,117,0,0,884,0,116,0,0,878,0,122,0,0,886,1,113,0,0,888,0,112,0,0,883,1,116,0,0,884,0,116,0,0,886,1,113,0,0,885,0,115,0,0,888,0,112,0,0,884,0,116,0,0,878,0,122,0,0,882,0,118,0,0,881,0,119,0,0,885,0,115,0,0,886,0,114,0,0,883,0,117,0,0,887,0,113,0,0,884,0,116,0,0,884,1,115,0,0,886,0,114,0,0,883,0,117,0,0,882,0,118,0,0,884,0,116,0,0,881,0,119,0,0,883,0,117,0,0,884,0,116,0,0,883,0,117,0,0,884,0,116,0,0,880,0,120,0,0
114,random,1.0,885,0,115,0,0,889,0,111,0,0,883,0,117,0,0,885,0,115,0,0,886,0,114,0,0,880,0,120,0,0,881,0,119,0,0,882,0,118,0,0,884,0,116,0,0,879,1,120,0,0,883,0,117,0,0,883,0,117,0,0,884,0,116,0,0,885,0,115,0,0,884,0,116,0,0,886,1,113,0,0,885,0,115,0,0,884,0,116,0,0,883,0,117,0,0,881,1,118,0,0,883,0,117,0,0,884,0,116,0,0,878,0,122,0,0,886,1,113,0,0,888,0,112,0,0,883,1,116,0,0,884,0,116,0,0,886,1,113,0,0,885,0,115,0,0,888,0,112,0,0,884,0,116,0,0,878,0,122,0,0,882,0,118,0,0,881,0,119,0,0,885,0,115,0,0,886,0,114,0,0,883,0,117,0,0,887,0,113,0,0,884,0,116,0,0,884,0,116,0,0,886,0,114,0,0,883,0,117,0,0,881,1,118,0,0,884,0,116,0,0,881,0,119,0,0,883,0,117,0,0,884,0,116,0,0,883,0,117,0,0,884,0,116,0,0,880,0,120,0,0
115,random,1.0,885,0,115,0,0,889,0,111,0,0,883,0,117,0,0,885,0,115,0,0,886,0,114,0,0,880,0,120,0,0,881,0,119,0,0,882,0,118,0,0,884,0,116,0,0,879,1,120,0,0,883,0,117,0,0,883,0,117,0,0,884,0,116,0,0,885,0,115,0,0,884,0,116,0,0,886,1,113,0,0,885,0,115,0,0,884,0,116,0,0,883,0,117,0,0,881,1,118,0,0,883,0,117,0,0,884,0,116,0,0,878,0,122,0,0,886,1,113,0,0,888,0,112,0,0,882,2,116,0,0,884,0,116,0,0,886,1,113,0,0,885,0,115,0,0,888,0,112,0,0,884,0,116,0,0,878,0,122,0,0,882,0,118,0,0,881,0,119,0,0,885,0,115,0,0,886,0,114,0,0,883,0,117,0,0,887,0,113,0,0,884,0,116,0,0,884,0,116,0,0,886,0,114,0,0,883,0,117,0,0,881,1,118,0,0,884,0,116,0,0,881,0,119,0,0,883,0,117,0,0,884,0,116,0,0,883,0,117,0,0,884,0,116,0,0,880,0,120,0,0
116,random,1.0,885,0,115,0,0,889,0,111,0,0,883,0,117,0,0,885,0,115,0,0,886,0,114,0,0,880,0,120,0,0,881,0,119,0,0,882,0,118,0,0,884,0,116,0,0,879,1,120,0,0,883,0,117,0,0,883,0,117,0,0,884,0,116,0,0,885,0,115,0,0,884,0,116,0,0,886,1,113,0,0,885,0,115,0,0,884,0,116,0,0,883,0,117,0,0,881,1,118,0,0,883,0,117,0,0,884,0,116,0,0,878,0,122,0,0,886,1,113,0,0,888,0,112,0,0,882,2,116,0,0,884,0,116,0,0,886,1,113,0,0,885,0,115,0,0,888,0,112,0,0,884,0,116,0,0,878,0,122,0,0,882,0,118,0,0,881,0,119,0,0,885,0,115,0,0,886,0,114,0,0,883,0,117,0,0,887,0,113,0,0,883,1,116,0,0,884,0,116,0,0,886,0,114,0,0,883,0,117,0,0,881,1,118,0,0,884,0,116,0,0,881,0,119,0,0,883,0,117,0,0,884,0,116,0,0,883,0,117,0,0,884,0,116,0,0,880,0,120,0,0
117,random,1.0,885,0,115,0,0,889,0,111,0,0,883,0,117,0,0,885,0,115,0,0,886,0,114,0,0,880,0,120,0,0,881,0,119,0,0,882,0,118,0,0,884,0,116,0,0,879,1,120,0,0,883,0,117,0,0,883,0,117,0,0,884,0,116,0,0,885,0,115,0,0,884,0,116,0,0,886,1,113,0,0,885,0,115,0,0,884,0,116,0,0,883,0,117,0,0,881,1,118,0,0,883,0,117,0,0,884,0,116,0,0,878,0,122,0,0,886,1,113,0,0,888,0,112,0,0,882,2,116,0,0,884,0,116,0,0,886,1,113,0,0,885,0,115,0,0,888,0,112,0,0,884,0,116,0,0,878,0,122,0,0,882,0,118,0,0,881,0,119,0,0,885,0,115,0,0,886,0,114,0,0,883,0,117,0,0,887,0,113,0,0,882,2,116,0,0,884,0,116,0,0,886,0,114,0,0,883,0,117,0,0,881,1,118,0,0,884,0,116,0,0,881,0,119,0,0,883,0,117,0,0,884,0,116,0,0,883,0,117,0,0,884,0,116,0,0,880,0,120,0,0
118,random,1.0,885,0,115,0,0,889,0,111,0,0,883,0,117,0,0,885,0,115,0,0,886,0,114,0,0,880,0,120,0,0,881,0,119,0,0,882,0,118,0,0,884,0,116,0,0,879,1,120,0,0,883,0,117,0,0,883,0,117,0,0,884,0,116,0,0,885,0,115,0,0,884,0,116,0,0,886,1,113,0,0,885,0,115,0,0,884,0,116,0,0,883,0,117,0,0,881,1,118,0,0,883,0,117,0,0,884,0,116,0,0,878,0,122,0,0,886,0,114,0,0,888,0,112,0,0,882,2,116,0,0,884,0,116,0,0,886,1,113,0,0,885,0,115,0,0,888,0,112,0,0,884,0,116,0,0,878,0,122,0,0,882,0,118,0,0,881,0,119,0,0,885,0,115,0,0,886,0,114,0,0,883,0,117,0,0,887,0,113,0,0,882,2,116,0,0,884,0,116,0,0,886,0,114,0,0,883,0,117,0,0,881,1,118,0,0,884,0,116,0,0,881,0,119,0,0,883,0,117,0,0,884,0,116,0,0,883,0,117,0,0,884,0,116,0,0,880,0,120,0,0
119,random,1.0,885,0,115,0,0,889,0,111,0,0,883,0,117,0,0,885,0,115,0,0,886,0,114,0,0,880,0,120,0,0,881,0,119,0,0,882,0,118,0,0,884,0,116,0,0,879,1,120,0,0,883,0,117,0,0,883,0,117,0,0,884,0,116,0,0,885,0,115,0,0,884,0,116,0,0,886,1,113,0,0,885,0,115,0,0,884,0,116,0,0,883,0,117,0,0,881,1,118,0,0,883,0,117,0,0,884,0,116,0,0,878,0,122,0,0,886,0,114,0,0,888,0,112,0,0,882,2,116,0,0,884,0,116,0,0,886,1,113,0,0,885,0,115,0,0,888,0,112,0,0,884,0,116,0,0,878,0,122,0,0,882,0,118,0,0,881,0,119,0,0,885,0,115,0,0,886,0,114,0,0,883,0,117,0,0,887,0,113,0,0,882,2,116,0,0,884,0,116,0,0,886,0,114,0,0,883,0,117,0,0,881,1,118,0,0,884,0,116,0,0,881,0,119,0,0,883,0,117,0,0,884,0,116,0,0,883,0,117,0,0,884,0,116,0,0,880,0,120,0,0
120,random,1.0,885,0,115,0,0,889,0,111,0,0,883,0,117,0,0,885,0,115,0,0,886,0,114,0,0,880,0,120,0,0,881,0,119,0,0,882,0,118,0,0,884,0,116,0,0,879,0,121,0,0,883,0,117,0,0,883,0,117,0,0,884,0,116,0,0,885,0,115,0,0,884,0,116,0,0,886,1,113,0,0,885,0,115,0,0,884,0,116,0,0,883,0,117,0,0,881,1,118,0,0,883,0,117,0,0,884,0,116,0,0,878,0,122,0,0,886,0,114,0,0,888,0,112,0,0,882,2,116,0,0,884,0,116,0,0,886,1,113,0,0,885,0,115,0,0,888,0,112,0,0,884,0,116,0,0,878,0,122,0,0,882,0,118,0,0,881,0,119,0,0,885,0,115,0,0,886,0,114,0,0,883,0,117,0,0,887,0,113,0,0,882,2,116,0,0,884,0,116,0,0,886,0,114,0,0,883,0,117,0,0,881,1,118,0,0,884,0,116,0,0,881,0,119,0,0,883,0,117,0,0,884,0,116,0,0,883,0,117,0,0,884,0,116,0,0,880,0,120,0,0
121,random,1.0,885,0,115,0,0,889,0,111,0,0,883,0,117,0,0,885,0,115,0,0,886,0,114,0,0,880,0,120,0,0,881,0,119,0,0,882,0,118,0,0,884,0,116,0,0,879,0,121,0,0,883,0,117,0,0,883,0,117,0,0,884,0,116,0,0,885,0,115,0,0,884,0,116,0,0,886,1,113,0,0,885,0,115,0,0,884,0,116,0,0,883,0,117,0,0,881,1,118,0,0,883,0,117,0,0,884,0,116,0,0,878,0,122,0,0,886,0,114,0,0,888,0,112,0,0,882,2,116,0,0,884,0,116,0,0,886,1,113,0,0,885,0,115,0,0,888,0,112,0,0,884,0,116,0,0,878,0,122,0,0,882,0,118,0,0,881,0,119,0,0,885,0,115,0,0,886,0,114,0,0,883,0,117,0,0,887,0,113,0,0,882,2,116,0,0,884,0,116,0,0,886,0,114,0,0,883,0,117,0,0,881,1,118,0,0,884,0,116,0,0,881,0,119,0,0,883,0,117,0,0,884,0,116,0,0,883,0,117,0,0,884,0,116,0,0,880,0,120,0,0
122,random,1.0,885,0,115,0,0,889,0,111,0,0,883,0,117,0,0,885,0,115,0,0,886,0,114,0,0,880,0,120,0,0,881,0,119,0,0,882,0,118,0,0,884,0,116,0,0,879,0,121,0,0,883,0,117,0,0,883,0,117,0,0,884,0,116,0,0,885,0,115,0,0,884,0,116,0,0,886,1,113,0,0,885,0,115,0,0,884,0,116,0,0,883,0,117,0,0,881,1,118,0,0,883,0,117,0,0,884,0,116,0,0,878,0,122,0,0,886,0,114,0,0,888,0,112,0,0,882,2,116,0,0,884,0,116,0,0,886,1,113,0,0,885,0,115,0,0,888,0,112,0,0,884,0,116,0,0,878,0,122,0,0,882,0,118,0,0,881,0,119,0,0,885,0,115,0,0,886,0,114,0,0,883,0,117,0,0,887,0,113,0,0,882,2,116,0,0,884,0,116,0,0,886,0,114,0,0,883,0,117,0,0,881,1,118,0,0,884,0,116,0,0,881,0,119,0,0,883,0,117,0,0,884,0,116,0,0,883,0,117,0,0,884,0,116,0,0,880,0,120,0,0
123,random,1.0,885,0,115,0,0,889,0,111,0,0,883,0,117,0,0,885,0,115,0,0,886,0,114,0,0,880,0,120,0,0,881,0,119,0,0,882,0,118,0,0,884,0,116,0,0,879,0,121,0,0,883,0,117,0,0,883,0,117,0,0,884,0,116,0,0,885,0,115,0,0,884,0,116,0,0,886,0,114,0,0,885,0,115,0,0,884,0,116,0,0,883,0,117,0,0,881,1,118,0,0,883,0,117,0,0,884,0,116,0,0,878,0,122,0,0,886,0,114,0,0,888,0,112,0,0,882,2,116,0,0,884,0,116,0,0,886,1,113,0,0,885,0,115,0,0,888,0,112,0,0,884,0,116,0,0,878,0,122,0,0,882,0,118,0,0,881,0,119,0,0,885,0,115,0,0,886,0,114,0,0,883,0,117,0,0,887,0,113,0,0,882,2,116,0,0,884,0,116,0,0,886,0,114,0,0,883,0,117,0,0,881,1,118,0,0,884,0,116,0,0,881,0,119,0,0,883,0,117,0,0,884,0,116,0,0,883,0,117,0,0,884,0,116,0,0,880,0,120,0,0
124,random,1.0,885,0,115,0,0,889,0,111,0,0,883,0,117,0,0,885,0,115,0,0,886,0,114,0,0,880,0,120,0,0,881,0,119,0,0,882,0,118,0,0,884,0,116,0,0,879,0,121,0,0,883,0,117,0,0,883,0,117,0,0,884,0,116,0,0,885,0,115,0,0,884,0,116,0,0,886,0,114,0,0,885,0,115,0,0,884,0,116,0,0,883,0,117,0,0,881,1,118,0,0,883,0,117,0,0,884,0,116,0,0,878,0,122,0,0,886,0,114,0,0,888,0,112,0,0,882,2,116,0,0,884,0,116,0,0,886,1,113,0,0,885,0,115,0,0,888,0,112,0,0,884,0,116,0,0,878,0,122,0,0,882,0,118,0,0,881,0,119,0,0,885,0,115,0,0,886,0,114,0,0,883,0,117,0,0,887,0,113,0,0,882,2,116,0,0,884,0,116,0,0,886,0,114,0,0,883,0,117,0,0,881,1,118,0,0,884,0,116,0,0,881,0,119,0,0,883,0,117,0,0,884,0,116,0,0,883,0,117,0,0,884,0,116,0,0,880,0,120,0,0
125,random,1.0,885,0,115,0,0,889,0,111,0,0,883,0,117,0,0,885,0,115,0,0,886,0,114,0,0,880,0,120,0,0,881,0,119,0,0,882,0,118,0,0,884,0,116,0,0,879,0,121,0,0,883,0,117,0,0,883,0,117,0,0,884,0,116,0,0,885,0,115,0,0,884,0,116,0,0,886,0,114,0,0,885,0,115,0,0,884,0,116,0,0,883,0,117,0,0,881,1,118,0,0,883,0,117,0,0,884,0,116,0,0,878,0,122,0,0,886,0,114,0,0,888,0,112,0,0,882,2,116,0,0,884,0,116,0,0,886,1,113,0,0,885,0,115,0,0,888,0,112,0,0,884,0,116,0,0,878,0,122,0,0,882,0,118,0,0,881,0,119,0,0,885,0,115,0,0,886,0,114,0,0,883,0,117,0,0,887,0,113,0,0,882,2,116,0,0,884,0,116,0,0,886,0,114,0,0,883,0,117,0,0,881,1,118,0,0,884,0,116,0,0,881,0,119,0,0,883,0,117,0,0,884,0,116,0,0,883,0,117,0,0,884,0,116,0,0,880,0,120,0,0
126,random,1.0,885,0,115,0,0,889,0,111,0,0,883,0,117,0,0,885,0,115,0,0,886,0,114,0,0,880,0,120,0,0,881,0,119,0,0,882,0,118,0,0,884,0,116,0,0,879,0,121,0,0,883,0,117,0,0,883,0,117,0,0,884,0,116,0,0,885,0,115,0,0,884,0,116,0,0,886,0,114,0,0,885,0,115,0,0,884,0,116,0,0,883,0,117,0,0,881,1,118,0,0,883,0,117,0,0,884,0,116,0,0,878,0,122,0,0,886,0,114,0,0,888,0,112,0,0,882,1,117,0,0,884,0,116,0,0,886,0,114,0,0,885,0,115,0,0,888,0,112,0,0,884,0,116,0,0,878,0,122,0,0,882,0,118,0,0,881,0,119,0,0,885,0,115,0,0,886,0,114,0,0,883,0,117,0,0,887,0,113,0,0,882,2,116,0,0,884,0,116,0,0,886,0,114,0,0,883,0,117,0,0,881,1,118,0,0,884,0,116,0,0,881,0,119,0,0,883,0,117,0,0,884,0,116,0,0,883,0,117,0,0,884,0,116,0,0,880,0,120,0,0
127,random,1.0,885,0,115,0,0,889,0,111,0,0,883,0,117,0,0,885,0,115,0,0,886,0,114,0,0,880,0,120,0,0,881,0,119,0,0,882,0,118,0,0,884,0,116,0,0,879,0,121,0,0,883,0,117,0,0,883,0,117,0,0,884,0,116,0,0,885,0,115,0,0,884,0,116,0,0,886,0,114,0,0,885,0,115,0,0,884,0,116,0,0,883,0,117,0,0,881,0,119,0,0,883,0,117,0,0,884,0,116,0,0,878,0,122,0,0,886,0,114,0,0,888,0,112,0,0,882,1,117,0,0,884,0,116,0,0,886,0,114,0,0,885,0,115,0,0,888,0,112,0,0,884,0,116,0,0,878,0,122,0,0,882,0,118,0,0,881,0,119,0,0,885,0,115,0,0,886,0,114,0,0,883,0,117,0,0,887,0,113,0,0,882,2,116,0,0,884,0,116,0,0,886,0,114,0,0,883,0,117,0,0,881,0,119,0,0,884,0,116,0,0,881,0,119,0,0,883,0,117,0,0,884,0,116,0,0,883,0,117,0,0,884,0,116,0,0,880,0,120,0,0
128,random,1.0,885,0,115,0,0,889,0,111,0,0,883,0,117,0,0,885,0,115,0,0,886,0,114,0,0,880,0,120,0,0,881,0,119,0,0,882,0,118,0,0,884,0,116,0,0,879,0,121,0,0,883,0,117,0,0,883,0,117,0,0,884,0,116,0,0,885,0,115,0,0,884,0,116,0,0,886,0,114,0,0,885,0,115,0,0,884,0,116,0,0,883,0,117,0,0,881,0,119,0,0,883,0,117,0,0,884,0,116,0,0,878,0,122,0,0,886,0,114,0,0,888,0,112,0,0,882,0,118,0,0,884,0,116,0,0,886,0,114,0,0,885,0,115,0,0,888,0,112,0,0,884,0,116,0,0,878,0,122,0,0,882,0,118,0,0,881,0,119,0,0,885,0,115,0,0,886,0,114,0,0,883,0,117,0,0,887,0,113,0,0,882,2,116,0,0,884,0,116,0,0,886,0,114,0,0,883,0,117,0,0,881,0,119,0,0,884,0,116,0,0,881,0,119,0,0,883,0,117,0,0,884,0,116,0,0,883,0,117,0,0,884,0,116,0,0,880,0,120,0,0
129,random,1.0,885,0,115,0,0,889,0,111,0,0,883,0,117,0,0,885,0,115,0,0,886,0,114,0,0,880,0,120,0,0,881,0,119,0,0,882,0,118,0,0,884,0,116,0,0,879,0,121,0,0,883,0,117,0,0,883,0,117,0,0,884,0,116,0,0,885,0,115,0,0,884,0,116,0,0,886,0,114,0,0,885,0,115,0,0,884,0,116,0,0,883,0,117,0,0,881,0,119,0,0,883,0,117,0,0,884,0,116,0,0,878,0,122,0,0,886,0,114,0,0,888,0,112,0,0,882,0,118,0,0,884,0,116,0,0,886,0,114,0,0,885,0,115,0,0,888,0,112,0,0,884,0,116,0,0,878,0,122,0,0,882,0,118,0,0,881,0,119,0,0,885,0,115,0,0,886,0,114,0,0,883,0,117,0,0,887,0,113,0,0,882,1,117,0,0,884,0,116,0,0,886,0,114,0,0,883,0,117,0,0,881,0,119,0,0,884,0,116,0,0,881,0,119,0,0,883,0,117,0,0,884,0,116,0,0,883,0,117,0,0,884,0,116,0,0,880,0,120,0,0
130,random,1.0,885,0,115,0,0,889,0,111,0,0,883,0,117,0,0,885,0,115,0,0,886,0,114,0,0,880,0,120,0,0,881,0,119,0,0,882,0,118,0,0,884,0,116,0,0,879,0,121,0,0,883,0,117,0,0,883,0,117,0,0,884,0,116,0,0,885,0,115,0,0,883,1,116,0,0,886,0,114,0,0,885,0,115,0,0,884,0,116,0,0,883,0,117,0,0,881,0,119,0,0,883,0,117,0,0,884,0,116,0,0,878,0,122,0,0,886,0,114,0,0,888,0,112,0,0,882,0,118,0,0,884,0,116,0,0,886,0,114,0,0,885,0,115,0,0,888,0,112,0,0,884,0,116,0,0,878,0,122,0,0,882,0,118,0,0,881,0,119,0,0,885,0,115,0,0,886,0,114,0,0,883,0,117,0,0,887,0,113,0,0,882,0,118,0,0,884,0,116,0,0,886,0,114,0,0,883,0,117,0,0,881,0,119,0,0,884,0,116,0,0,881,0,119,0,0,883,0,117,0,0,884,0,116,0,0,883,0,117,0,0,884,0,116,0,0,880,0,120,0,0
131,random,1.0,885,0,115,0,0,889,0,111,0,0,883,0,117,0,0,885,0,115,0,0,886,0,114,0,0,880,0,120,0,0,881,0,119,0,0,882,0,118,0,0,884,0,116,0,0,879,0,121,0,0,883,0,117,0,0,883,0,117,0,0,884,0,116,0,0,885,0,115,0,0,883,1,116,0,0,886,0,114,0,0,885,0,115,0,0,884,0,116,0,0,883,0,117,0,0,881,0,119,0,0,883,0,117,0,0,884,0,116,0,0,878,0,122,0,0,886,0,114,0,0,888,0,112,0,0,882,0,118,0,0,884,0,116,0,0,886,0,114,0,0,885,0,115,0,0,888,0,112,0,0,884,0,116,0,0,878,0,122,0,0,882,0,118,0,0,881,0,119,0,0,885,0,115,0,0,886,0,114,0,0,883,0,117,0,0,887,0,113,0,0,882,0,118,0,0,884,0,116,0,0,886,0,114,0,0,883,0,117,0,0,881,0,119,0,0,884,0,116,0,0,881,0,119,0,0,883,0,117,0,0,884,0,116,0,0,883,0,117,0,0,884,0,116,0,0,880,0,120,0,0
132,random,1.0,885,0,115,0,0,889,0,111,0,0,883,0,117,0,0,885,0,115,0,0,886,0,114,0,0,880,0,120,0,0,881,0,119,0,0,882,0,118,0,0,884,0,116,0,0,879,0,121,0,0,883,0,117,0,0,883,0,117,0,0,884,0,116,0,0,885,0,115,0,0,883,1,116,0,0,886,0,114,0,0,885,0,115,0,0,884,0,116,0,0,883,0,117,0,0,881,0,119,0,0,883,0,117,0,0,884,0,116,0,0,878,0,122,0,0,886,0,114,0,0,888,0,112,0,0,882,0,118,0,0,884,0,116,0,0,886,0,114,0,0,885,0,115,0,0,888,0,112,0,0,884,0,116,0,0,878,0,122,0,0,882,0,118,0,0,881,0,119,0,0,885,0,115,0,0,886,0,114,0,0,883,0,117,0,0,887,0,113,0,0,882,0,118,0,0,884,0,116,0,0,886,0,114,0,0,882,1,117,0,0,881,0,119,0,0,884,0,116,0,0,881,0,119,0,0,883,0,117,0,0,884,0,116,0,0,883,0,117,0,0,884,0,116,0,0,880,0,120,0,0
133,random,1.0,885,0,115,0,0,889,0,111,0,0,883,0,117,0,0,885,0,115,0,0,886,0,114,0,0,880,0,120,0,0,881,0,119,0,0,882,0,118,0,0,884,0,116,0,0,879,0,121,0,0,883,0,117,0,0,883,0,117,0,0,884,0,116,0,0,885,0,115,0,0,883,1,116,0,0,886,0,114,0,0,885,0,115,0,0,884,0,116,0,0,883,0,117,0,0,881,0,119,0,0,883,0,117,0,0,884,0,116,0,0,878,0,122,0,0,886,0,114,0,0,888,0,112,0,0,882,0,118,0,0,884,0,116,0,0,886,0,114,0,0,885,0,115,0,0,888,0,112,0,0,884,0,116,0,0,878,0,122,0,0,882,0,118,0,0,881,0,119,0,0,885,0,115,0,0,886,0,114,0,0,883,0,117,0,0,887,0,113,0,0,882,0,118,0,0,884,0,116,0,0,886,0,114,0,0,882,1,117,0,0,881,0,119,0,0,884,0,116,0,0,881,0,119,0,0,883,0,117,0,0,884,0,116,0,0,883,0,117,0,0,884,0,116,0,0,880,0,120,0,0
134,random,1.0,885,0,115,0,0,889,0,111,0,0,883,0,117,0,0,885,0,115,0,0,886,0,114,0,0,880,0,120,0,0,881,0,119,0,0,882,0,118,0,0,884,0,116,0,0,879,0,121,0,0,883,0,117,0,0,883,0,117,0,0,884,0,116,0,0,885,0,115,0,0,883,1,116,0,0,886,0,114,0,0,885,0,115,0,0,884,0,116,0,0,883,0,117,0,0,881,0,119,0,0,883,0,117,0,0,884,0,116,0,0,878,0,122,0,0,886,0,114,0,0,888,0,112,0,0,882,0,118,0,0,884,0,116,0,0,886,0,114,0,0,885,0,115,0,0,888,0,112,0,0,884,0,116,0,0,878,0,122,0,0,882,0,118,0,0,881,0,119,0,0,885,0,115,0,0,886,0,114,0,0,883,0,117,0,0,887,0,113,0,0,882,0,118,0,0,884,0,116,0,0,886,0,114,0,0,882,1,117,0,0,881,0,119,0,0,884,0,116,0,0,881,0,119,0,0,883,0,117,0,0,884,0,116,0,0,883,0,117,0,0,884,0,116,0,0,880,0,120,0,0
135,random,1.0,885,0,115,0,0,889,0,111,0,0,883,0,117,0,0,885,0,115,0,0,886,0,114,0,0,880,0,120,0,0,881,0,119,0,0,882,0,118,0,0,884,0,116,0,0,879,0,121,0,0,883,0,117,0,0,883,0,117,0,0,884,0,116,0,0,885,0,115,0,0,882,2,116,0,0,886,0,114,0,0,885,0,115,0,0,884,0,116,0,0,883,0,117,0,0,881,0,119,0,0,883,0,117,0,0,884,0,116,0,0,878,0,122,0,0,886,0,114,0,0,888,0,112,0,0,882,0,118,0,0,884,0,116,0,0,886,0,114,0,0,885,0,115,0,0,888,0,112,0,0,884,0,116,0,0,878,0,122,0,0,882,0,118,0,0,881,0,119,0,0,885,0,115,0,0,886,0,114,0,0,883,0,117,0,0,887,0,113,0,0,882,0,118,0,0,884,0,116,0,0,886,0,114,0,0,882,1,117,0,0,881,0,119,0,0,884,0,116,0,0,881,0,119,0,0,883,0,117,0,0,884,0,116,0,0,883,0,117,0,0,884,0,116,0,0,880,0,120,0,0
136,random,1.0,885,0,115,0,0,889,0,111,0,0,883,0,117,0,0,885,0,115,0,0,886,0,114,0,0,880,0,120,0,0,881,0,119,0,0,882,0,118,0,0,884,0,116,0,0,879,0,121,0,0,883,0,117,0,0,883,0,117,0,0,884,0,116,0,0,885,0,115,0,0,882,2,116,0,0,886,0,114,0,0,885,0,115,0,0,884,0,116,0,0,883,0,117,0,0,881,0,119,0,0,883,0,117,0,0,884,0,116,0,0,878,0,122,0,0,886,0,114,0,0,888,0,112,0,0,882,0,118,0,0,884,0,116,0,0,886,0,114,0,0,885,0,115,0,0,888,0,112,0,0,884,0,116,0,0,878,0,122,0,0,882,0,118,0,0,881,0,119,0,0,885,0,115,0,0,886,0,114,0,0,883,0,117,0,0,887,0,113,0,0,882,0,118,0,0,884,0,116,0,0,886,0,114,0,0,882,1,117,0,0,881,0,119,0,0,884,0,116,0,0,881,0,119,0,0,883,0,117,0,0,884,0,116,0,0,883,0,117,0,0,884,0,116,0,0,880,0,120,0,0
137,random,1.0,885,0,115,0,0,889,0,111,0,0,883,0,117,0,0,885,0,115,0,0,886,0,114,0,0,880,0,120,0,0,881,0,119,0,0,882,0,118,0,0,884,0,116,0,0,879,0,121,0,0,883,0,117,0,0,883,0,117,0,0,884,0,116,0,0,885,0,115,0,0,882,2,116,0,0,886,0,114,0,0,885,0,115,0,0,884,0,116,0,0,883,0,117,0,0,881,0,119,0,0,883,0,117,0,0,884,0,116,0,0,878,0,122,0,0,886,0,114,0,0,888,0,112,0,0,882,0,118,0,0,884,0,116,0,0,886,0,114,0,0,885,0,115,0,0,888,0,112,0,0,884,0,116,0,0,878,0,122,0,0,882,0,118,0,0,881,0,119,0,0,885,0,115,0,0,886,0,114,0,0,883,0,117,0,0,887,0,113,0,0,882,0,118,0,0,884,0,116,0,0,886,0,114,0,0,882,1,117,0,0,881,0,119,0,0,884,0,116,0,0,881,0,119,0,0,883,0,117,0,0,883,1,116,0,0,883,0,117,0,0,884,0,116,0,0,880,0,120,0,0
138,random,1.0,885,0,115,0,0,889,0,111,0,0,883,0,117,0,0,885,0,115,0,0,886,0,114,0,0,880,0,120,0,0,881,0,119,0,0,882,0,118,0,0,884,0,116,0,0,879,0,121,0,0,883,0,117,0,0,883,0,117,0,0,884,0,116,0,0,885,0,115,0,0,882,2,116,0,0,886,0,114,0,0,885,0,115,0,0,884,0,116,0,0,883,0,117,0,0,881,0,119,0,0,883,0,117,0,0,884,0,116,0,0,878,0,122,0,0,886,0,114,0,0,888,0,112,0,0,882,0,118,0,0,884,0,116,0,0,886,0,114,0,0,885,0,115,0,0,888,0,112,0,0,884,0,116,0,0,878,0,122,0,0,882,0,118,0,0,881,0,119,0,0,885,0,115,0,0,886,0,114,0,0,883,0,117,0,0,887,0,113,0,0,882,0,118,0,0,884,0,116,0,0,886,0,114,0,0,882,1,117,0,0,881,0,119,0,0,884,0,116,0,0,881,0,119,0,0,883,0,117,0,0,883,1,116,0,0,883,0,117,0,0,884,0,116,0,0,880,0,120,0,0
139,random,1.0,885,0,115,0,0,889,0,111,0,0,883,0,117,0,0,885,0,115,0,0,886,0,114,0,0,880,0,120,0,0,881,0,119,0,0,882,0,118,0,0,884,0,116,0,0,879,0,121,0,0,883,0,117,0,0,883,0,117,0,0,884,0,116,0,0,885,0,115,0,0,882,2,116,0,0,886,0,114,0,0,885,0,115,0,0,884,0,116,0,0,883,0,117,0,0,881,0,119,0,0,883,0,117,0,0,884,0,116,0,0,878,0,122,0,0,886,0,114,0,0,888,0,112,0,0,882,0,118,0,0,884,0,116,0,0,886,0,114,0,0,885,0,115,0,0,888,0,112,0,0,884,0,116,0,0,878,0,122,0,0,882,0,118,0,0,881,0,119,0,0,885,0,115,0,0,886,0,114,0,0,883,0,117,0,0,887,0,113,0,0,882,0,118,0,0,884,0,116,0,0,886,0,114,0,0,882,1,117,0,0,881,0,119,0,0,884,0,116,0,0,881,0,119,0,0,883,0,117,0,0,883,1,116,0,0,883,0,117,0,0,884,0,116,0,0,880,0,120,0,0
140,random,1.0,885,0,115,0,0,889,0,111,0,0,883,0,117,0,0,885,0,115,0,0,886,0,114,0,0,880,0,120,0,0,881,0,119,0,0,882,0,118,0,0,884,0,116,0,0,879,0,121,0,0,883,0,117,0,0,883,0,117,0,0,884,0,116,0,0,885,0,115,0,0,882,2,116,0,0,886,0,114,0,0,885,0,115,0,0,884,0,116,0,0,883,0,117,0,0,881,0,119,0,0,883,0,117,0,0,884,0,116,0,0,878,0,122,0,0,886,0,114,0,0,888,0,112,0,0,882,0,118,0,0,884,0,116,0,0,886,0,114,0,0,885,0,115,0,0,888,0,112,0,0,884,0,116,0,0,878,0,122,0,0,882,0,118,0,0,881,0,119,0,0,885,0,115,0,0,886,0,114,0,0,883,0,117,0,0,887,0,113,0,0,882,0,118,0,0,884,0,116,0,0,886,0,114,0,0,882,1,117,0,0,881,0,119,0,0,884,0,116,0,0,881,0,119,0,0,883,0,117,0,0,883,1,116,0,0,883,0,117,0,0,884,0,116,0,0,880,0,120,0,0
141,random,1.0,885,0,115,0,0,889,0,111,0,0,883,0,117,0,0,885,0,115,0,0,886,0,114,0,0,880,0,120,0,0,881,0,119,0,0,882,0,118,0,0,884,0,116,0,0,879,0,121,0,0,883,0,117,0,0,883,0,117,0,0,884,0,116,0,0,885,0,115,0,0,882,2,116,0,0,886,0,114,0,0,885,0,115,0,0,884,0,116,0,0,883,0,117,0,0,881,0,119,0,0,883,0,117,0,0,884,0,116,0,0,878,0,122,0,0,886,0,114,0,0,888,0,112,0,0,882,0,118,0,0,884,0,116,0,0,885,1,114,0,0,885,0,115,0,0,888,0,112,0,0,884,0,116,0,0,878,0,122,0,0,882,0,118,0,0,881,0,119,0,0,885,0,115,0,0,886,0,114,0,0,883,0,117,0,0,887,0,113,0,0,882,0,118,0,0,884,0,116,0,0,886,0,114,0,0,882,1,117,0,0,881,0,119,0,0,884,0,116,0,0,881,0,119,0,0,883,0,117,0,0,883,1,116,0,0,883,0,117,0,0,884,0,116,0,0,880,0,120,0,0
142,random,1.0,885,0,115,0,0,889,0,111,0,0,883,0,117,0,0,885,0,115,0,0,886,0,114,0,0,880,0,120,0,0,881,0,119,0,0,882,0,118,0,0,884,0,116,0,0,879,0,121,0,0,883,0,117,0,0,883,0,117,0,0,884,0,116,0,0,885,0,115,0,0,882,2,116,0,0,886,0,114,0,0,885,0,115,0,0,884,0,116,0,0,883,0,117,0,0,881,0,119,0,0,883,0,117,0,0,884,0,116,0,0,878,0,122,0,0,886,0,114,0,0,888,0,112,0,0,882,0,118,0,0,884,0,116,0,0,885,1,114,0,0,885,0,115,0,0,888,0,112,0,0,884,0,116,0,0,878,0,122,0,0,882,0,118,0,0,881,0,119,0,0,885,0,115,0,0,886,0,114,0,0,883,0,117,0,0,887,0,113,0,0,882,0,118,0,0,884,0,116,0,0,886,0,114,0,0,882,1,117,0,0,881,0,119,0,0,884,0,116,0,0,881,0,119,0,0,883,0,117,0,0,883,1,116,0,0,883,0,117,0,0,884,0,116,0,0,880,0,120,0,0
143,random,1.0,885,0,115,0,0,889,0,111,0,0,883,0,117,0,0,885,0,115,0,0,886,0,114,0,0,880,0,120,0,0,881,0,119,0,0,882,0,118,0,0,884,0,116,0,0,879,0,121,0,0,883,0,117,0,0,883,0,117,0,0,884,0,116,0,0,885,0,115,0,0,882,1,117,0,0,886,0,114,0,0,885,0,115,0,0,884,0,116,0,0,883,0,117,0,0,881,0,119,0,0,883,0,117,0,0,884,0,116,0,0,878,0,122,0,0,886,0,114,0,0,888,0,112,0,0,882,0,118,0,0,884,0,116,0,0,885,1,114,0,0,885,0,115,0,0,888,0,112,0,0,884,0,116,0,0,878,0,122,0,0,882,0,118,0,0,881,0,119,0,0,885,0,115,0,0,886,0,114,0,0,883,0,117,0,0,887,0,113,0,0,882,0,118,0,0,884,0,116,0,0,886,0,114,0,0,882,1,117,0,0,881,0,119,0,0,884,0,116,0,0,881,0,119,0,0,883,0,117,0,0,883,1,116,0,0,883,0,117,0,0,884,0,116,0,0,880,0,120,0,0
144,random,1.0,885,0,115,0,0,889,0,111,0,0,883,0,117,0,0,885,0,115,0,0,886,0,114,0,0,880,0,120,0,0,881,0,119,0,0,882,0,118,0,0,884,0,116,0,0,879,0,121,0,0,883,0,117,0,0,883,0,117,0,0,884,0,116,0,0,885,0,115,0,0,882,1,117,0,0,886,0,114,0,0,885,0,115,0,0,884,0,116,0,0,883,0,117,0,0,881,0,119,0,0,883,0,117,0,0,884,0,116,0,0,878,0,122,0,0,886,0,114,0,0,888,0,112,0,0,882,0,118,0,0,884,0,116,0,0,885,1,114,0,0,885,0,115,0,0,888,0,112,0,0,884,0,116,0,0,878,0,122,0,0,882,0,118,0,0,881,0,119,0,0,885,0,115,0,0,886,0,114,0,0,883,0,117,0,0,887,0,113,0,0,882,0,118,0,0,884,0,116,0,0,886,0,114,0,0,882,1,117,0,0,881,0,119,0,0,884,0,116,0,0,881,0,119,0,0,883,0,117,0,0,883,1,116,0,0,883,0,117,0,0,884,0,116,0,0,880,0,120,0,0
145,random,1.0,885,0,115,0,0,889,0,111,0,0,883,0,117,0,0,885,0,115,0,0,886,0,114,0,0,880,0,120,0,0,881,0,119,0,0,882,0,118,0,0,884,0,116,0,0,879,0,121,0,0,883,0,117,0,0,883,0,117,0,0,884,0,116,0,0,885,0,115,0,0,882,1,117,0,0,886,0,114,0,0,885,0,115,0,0,884,0,116,0,0,883,0,117,0,0,881,0,119,0,0,883,0,117,0,0,884,0,116,0,0,878,0,122,0,0,886,0,114,0,0,888,0,112,0,0,882,0,118,0,0,884,0,116,0,0,885,1,114,0,0,885,0,115,0,0,888,0,112,0,0,884,0,116,0,0,878,0,122,0,0,882,0,118,0,0,881,0,119,0,0,885,0,115,0,0,886,0,114,0,0,883,0,117,0,0,887,0,113,0,0,882,0,118,0,0,884,0,116,0,0,886,0,114,0,0,882,0,118,0,0,881,0,119,0,0,884,0,116,0,0,881,0,119,0,0,883,0,117,0,0,883,1,116,0,0,883,0,117,0,0,884,0,116,0,0,880,0,120,0,0
146,random,1.0,885,0,115,0,0,889,0,111,0,0,883,0,117,0,0,885,0,115,0,0,886,0,114,0,0,880,0,120,0,0,881,0,119,0,0,882,0,118,0,0,884,0,116,0,0,879,0,121,0,0,883,0,117,0,0,883,0,117,0,0,884,0,116,0,0,885,0,115,0,0,882,1,117,0,0,886,0,114,0,0,885,0,115,0,0,884,0,116,0,0,883,0,117,0,0,881,0,119,0,0,883,0,117,0,0,884,0,116,0,0,878,0,122,0,0,886,0,114,0,0,888,0,112,0,0,882,0,118,0,0,884,0,116,0,0,885,1,114,0,0,885,0,115,0,0,888,0,112,0,0,884,0,116,0,0,878,0,122,0,0,882,0,118,0,0,881,0,119,0,0,885,0,115,0,0,886,0,114,0,0,883,0,117,0,0,887,0,113,0,0,882,0,118,0,0,884,0,116,0,0,886,0,114,0,0,882,0,118,0,0,881,0,119,0,0,884,0,116,0,0,881,0,119,0,0,883,0,117,0,0,883,1,116,0,0,883,0,117,0,0,884,0,116,0,0,880,0,120,0,0
147,random,1.0,885,0,115,0,0,889,0,111,0,0,883,0,117,0,0,885,0,115,0,0,886,0,114,0,0,880,0,120,0,0,881,0,119,0,0,882,0,118,0,0,884,0,116,0,0,879,0,121,0,0,883,0,117,0,0,883,0,117,0,0,884,0,116,0,0,885,0,115,0,0,882,1,117,0,0,886,0,114,0,0,885,0,115,0,0,884,0,116,0,0,883,0,117,0,0,881,0,119,0,0,883,0,117,0,0,884,0,116,0,0,878,0,122,0,0,886,0,114,0,0,888,0,112,0,0,882,0,118,0,0,884,0,116,0,0,885,1,114,0,0,885,0,115,0,0,888,0,112,0,0,884,0,116,0,0,878,0,122,0,0,882,0,118,0,0,881,0,119,0,0,885,0,115,0,0,886,0,114,0,0,883,0,117,0,0,887,0,113,0,0,882,0,118,0,0,884,0,116,0,0,886,0,114,0,0,882,0,118,0,0,881,0,119,0,0,884,0,116,0,0,881,0,119,0,0,883,0,117,0,0,883,1,116,0,0,883,0,117,0,0,884,0,116,0,0,880,0,120,0,0
148,random,1.0,885,0,115,0,0,889,0,111,0,0,883,0,117,0,0,885,0,115,0,0,886,0,114,0,0,880,0,120,0,0,881,0,119,0,0,882,0,118,0,0,884,0,116,0,0,879,0,121,0,0,883,0,117,0,0,883,0,117,0,0,884,0,116,0,0,885,0,115,0,0,882,0,118,0,0,886,0,114,0,0,885,0,115,0,0,884,0,116,0,0,883,0,117,0,0,881,0,119,0,0,883,0,117,0,0,884,0,116,0,0,878,0,122,0,0,886,0,114,0,0,888,0,112,0,0,882,0,118,0,0,884,0,116,0,0,885,1,114,0,0,885,0,115,0,0,888,0,112,0,0,884,0,116,0,0,878,0,122,0,0,882,0,118,0,0,881,0,119,0,0,885,0,115,0,0,886,0,114,0,0,883,0,117,0,0,887,0,113,0,0,882,0,118,0,0,884,0,116,0,0,886,0,114,0,0,882,0,118,0,0,881,0,119,0,0,884,0,116,0,0,881,0,119,0,0,883,0,117,0,0,883,1,116,0,0,883,0,117,0,0,884,0,116,0,0,880,0,120,0,0
149,random,1.0,885,0,115,0,0,889,0,111,0,0,883,0,117,0,0,885,0,115,0,0,886,0,114,0,0,880,0,120,0,0,881,0,119,0,0,882,0,118,0,0,884,0,116,0,0,879,0,121,0,0,883,0,117,0,0,883,0,117,0,0,884,0,116,0,0,885,0,115,0,0,882,0,118,0,0,886,0,114,0,0,885,0,115,0,0,884,0,116,0,0,883,0,117,0,0,881,0,119,0,0,883,0,117,0,0,884,0,116,0,0,878,0,122,0,0,886,0,114,0,0,888,0,112,0,0,882,0,118,0,0,884,0,116,0,0,885,1,114,0,0,885,0,115,0,0,888,0,112,0,0,884,0,116,0,0,878,0,122,0,0,882,0,118,0,0,881,0,119,0,0,885,0,115,0,0,886,0,114,0,0,883,0,117,0,0,887,0,113,0,0,882,0,118,0,0,884,0,116,0,0,886,0,114,0,0,882,0,118,0,0,881,0,119,0,0,884,0,116,0,0,881,0,119,0,0,883,0,117,0,0,883,1,116,0,0,883,0,117,0,0,884,0,116,0,0,880,0,120,0,0
150,random,1.0,885,0,115,0,0,889,0,111,0,0,883,0,117,0,0,885,0,115,0,0,886,0,114,0,0,880,0,120,0,0,881,0,119,0,0,882,0,118,0,0,884,0,116,0,0,879,0,121,0,0,883,0,117,0,0,883,0,117,0,0,884,0,116,0,0,885,0,115,0,0,882,0,118,0,0,886,0,114,0,0,885,0,115,0,0,884,0,116,0,0,883,0,117,0,0,881,0,119,0,0,883,0,117,0,0,884,0,116,0,0,878,0,122,0,0,886,0,114,0,0,888,0,112,0,0,882,0,118,0,0,884,0,116,0,0,885,1,114,0,0,885,0,115,0,0,888,0,112,0,0,884,0,116,0,0,878,0,122,0,0,882,0,118,0,0,881,0,119,0,0,885,0,115,0,0,886,0,114,0,0,883,0,117,0,0,887,0,113,0,0,882,0,118,0,0,884,0,116,0,0,886,0,114,0,0,882,0,118,0,0,881,0,119,0,0,884,0,116,0,0,881,0,119,0,0,883,0,117,0,0,883,0,117,0,0,883,0,117,0,0,884,0,116,0,0,880,0,120,0,0
151,random,1.0,885,0,115,0,0,889,0,111,0,0,883,0,117,0,0,885,0,115,0,0,886,0,114,0,0,880,0,120,0,0,881,0,119,0,0,882,0,118,0,0,884,0,116,0,0,879,0,121,0,0,883,0,117,0,0,883,0,117,0,0,884,0,116,0,0,885,0,115,0,0,882,0,118,0,0,886,0,114,0,0,885,0,115,0,0,884,0,116,0,0,883,0,117,0,0,881,0,119,0,0,883,0,117,0,0,884,0,116,0,0,878,0,122,0,0,886,0,114,0,0,888,0,112,0,0,882,0,118,0,0,884,0,116,0,0,885,1,114,0,0,885,0,115,0,0,888,0,112,0,0,884,0,116,0,0,878,0,122,0,0,882,0,118,0,0,881,0,119,0,0,885,0,115,0,0,886,0,114,0,0,883,0,117,0,0,887,0,113,0,0,882,0,118,0,0,884,0,116,0,0,886,0,114,0,0,882,0,118,0,0,881,0,119,0,0,884,0,116,0,0,881,0,119,0,0,883,0,117,0,0,883,0,117,0,0,883,0,117,0,0,884,0,116,0,0,880,0,120,0,0
152,random,1.0,885,0,115,0,0,889,0,111,0,0,883,0,117,0,0,885,0,115,0,0,886,0,114,0,0,880,0,120,0,0,881,0,119,0,0,882,0,118,0,0,884,0,116,0,0,879,0,121,0,0,883,0,117,0,0,883,0,117,0,0,884,0,116,0,0,885,0,115,0,0,882,0,118,0,0,886,0,114,0,0,885,0,115,0,0,884,0,116,0,0,883,0,117,0,0,881,0,119,0,0,883,0,117,0,0,884,0,116,0,0,878,0,122,0,0,886,0,114,0,0,888,0,112,0,0,882,0,118,0,0,883,1,116,0,0,885,1,114,0,0,885,0,115,0,0,888,0,112,0,0,884,0,116,0,0,878,0,122,0,0,882,0,118,0,0,881,0,119,0,0,885,0,115,0,0,886,0,114,0,0,883,0,117,0,0,887,0,113,0,0,882,0,118,0,0,884,0,116,0,0,886,0,114,0,0,882,0,118,0,0,881,0,119,0,0,884,0,116,0,0,881,0,119,0,0,883,0,117,0,0,883,0,117,0,0,883,0,117,0,0,884,0,116,0,0,880,0,120,0,0
153,random,1.0,885,0,115,0,0,889,0,111,0,0,883,0,117,0,0,885,0,115,0,0,886,0,114,0,0,880,0,120,0,0,881,0,119,0,0,882,0,118,0,0,884,0,116,0,0,879,0,121,0,0,883,0,117,0,0,883,0,117,0,0,884,0,116,0,0,885,0,115,0,0,882,0,118,0,0,886,0,114,0,0,885,0,115,0,0,884,0,116,0,0,883,0,117,0,0,881,0,119,0,0,883,0,117,0,0,884,0,116,0,0,878,0,122,0,0,886,0,114,0,0,888,0,112,0,0,882,0,118,0,0,883,1,116,0,0,885,1,114,0,0,885,0,115,0,0,888,0,112,0,0,884,0,116,0,0,878,0,122,0,0,882,0,118,0,0,881,0,119,0,0,885,0,115,0,0,886,0,114,0,0,883,0,117,0,0,887,0,113,0,0,882,0,118,0,0,884,0,116,0,0,886,0,114,0,0,882,0,118,0,0,881,0,119,0,0,884,0,116,0,0,881,0,119,0,0,883,0,117,0,0,883,0,117,0,0,883,0,117,0,0,884,0,116,0,0,880,0,120,0,0
154,random,1.0,885,0,115,0,0,889,0,111,0,0,883,0,117,0,0,885,0,115,0,0,886,0,114,0,0,880,0,120,0,0,881,0,119,0,0,882,0,118,0,0,884,0,116,0,0,879,0,121,0,0,883,0,117,0,0,883,0,117,0,0,884,0,116,0,0,885,0,115,0,0,882,0,118,0,0,886,0,114,0,0,885,0,115,0,0,884,0,116,0,0,883,0,117,0,0,881,0,119,0,0,883,0,117,0,0,884,0,116,0,0,878,0,122,0,0,886,0,114,0,0,888,0,112,0,0,882,0,118,0,0,883,1,116,0,0,885,0,115,0,0,885,0,115,0,0,888,0,112,0,0,884,0,116,0,0,878,0,122,0,0,882,0,118,0,0,881,0,119,0,0,885,0,115,0,0,886,0,114,0,0,883,0,117,0,0,887,0,113,0,0,882,0,118,0,0,884,0,116,0,0,886,0,114,0,0,882,0,118,0,0,881,0,119,0,0,884,0,116,0,0,881,0,119,0,0,883,0,117,0,0,883,0,117,0,0,883,0,117,0,0,884,0,116,0,0,880,0,120,0,0
155,random,1.0,885,0,115,0,0,889,0,111,0,0,883,0,117,0,0,885,0,115,0,0,886,0,114,0,0,880,0,120,0,0,881,0,119,0,0,882,0,118,0,0,884,0,116,0,0,879,0,121,0,0,883,0,117,0,0,883,0,117,0,0,884,0,116,0,0,885,0,115,0,0,882,0,118,0,0,886,0,114,0,0,885,0,115,0,0,884,0,116,0,0,883,0,117,0,0,881,0,119,0,0,883,0,117,0,0,884,0,116,0,0,878,0,122,0,0,886,0,114,0,0,888,0,112,0,0,882,0,118,0,0,883,1,116,0,0,885,0,115,0,0,885,0,115,0,0,888,0,112,0,0,884,0,116,0,0,878,0,122,0,0,882,0,118,0,0,881,0,119,0,0,885,0,115,0,0,886,0,114,0,0,883,0,117,0,0,887,0,113,0,0,882,0,118,0,0,884,0,116,0,0,886,0,114,0,0,882,0,118,0,0,881,0,119,0,0,884,0,116,0,0,881,0,119,0,0,883,0,117,0,0,883,0,117,0,0,883,0,117,0,0,884,0,116,0,0,880,0,120,0,0
156,random,1.0,885,0,115,0,0,889,0,111,0,0,883,0,117,0,0,885,0,115,0,0,886,0,114,0,0,880,0,120,0,0,881,0,119,0,0,882,0,118,0,0,884,0,116,0,0,879,0,121,0,0,883,0,117,0,0,883,0,117,0,0,884,0,116,0,0,885,0,115,0,0,882,0,118,0,0,886,0,114,0,0,885,0,115,0,0,884,0,116,0,0,883,0,117,0,0,881,0,119,0,0,883,0,117,0,0,884,0,116,0,0,878,0,122,0,0,886,0,114,0,0,888,0,112,0,0,882,0,118,0,0,883,1,116,0,0,885,0,115,0,0,885,0,115,0,0,888,0,112,0,0,884,0,116,0,0,878,0,122,0,0,882,0,118,0,0,881,0,119,0,0,885,0,115,0,0,886,0,114,0,0,883,0,117,0,0,887,0,113,0,0,882,0,118,0,0,884,0,116,0,0,886,0,114,0,0,882,0,118,0,0,881,0,119,0,0,884,0,116,0,0,881,0,119,0,0,883,0,117,0,0,883,0,117,0,0,883,0,117,0,0,884,0,116,0,0,880,0,120,0,0
157,random,1.0,885,0,115,0,0,889,0,111,0,0,883,0,117,0,0,885,0,115,0,0,886,0,114,0,0,880,0,120,0,0,881,0,119,0,0,882,0,118,0,0,884,0,116,0,0,879,0,121,0,0,883,0,117,0,0,883,0,117,0,0,884,0,116,0,0,885,0,115,0,0,882,0,118,0,0,886,0,114,0,0,885,0,115,0,0,884,0,116,0,0,883,0,117,0,0,881,0,119,0,0,883,0,117,0,0,884,0,116,0,0,878,0,122,0,0,886,0,114,0,0,887,1,112,0,0,882,0,118,0,0,883,1,116,0,0,885,0,115,0,0,885,0,115,0,0,888,0,112,0,0,884,0,116,0,0,878,0,122,0,0,882,0,118,0,0,881,0,119,0,0,885,0,115,0,0,886,0,114,0,0,883,0,117,0,0,887,0,113,0,0,882,0,118,0,0,884,0,116,0,0,886,0,114,0,0,882,0,118,0,0,881,0,119,0,0,884,0,116,0,0,881,0,119,0,0,883,0,117,0,0,883,0,117,0,0,883,0,117,0,0,884,0,116,0,0,880,0,120,0,0
158,random,1.0,885,0,115,0,0,889,0,111,0,0,883,0,117,0,0,885,0,115,0,0,886,0,114,0,0,880,0,120,0,0,881,0,119,0,0,882,0,118,0,0,884,0,116,0,0,879,0,121,0,0,883,0,117,0,0,883,0,117,0,0,884,0,116,0,0,885,0,115,0,0,882,0,118,0,0,886,0,114,0,0,885,0,115,0,0,884,0,116,0,0,883,0,117,0,0,881,0,119,0,0,883,0,117,0,0,884,0,116,0,0,878,0,122,0,0,886,0,114,0,0,887,1,112,0,0,882,0,118,0,0,883,1,116,0,0,885,0,115,0,0,885,0,115,0,0,888,0,112,0,0,884,0,116,0,0,878,0,122,0,0,882,0,118,0,0,881,0,119,0,0,885,0,115,0,0,886,0,114,0,0,883,0,117,0,0,887,0,113,0,0,882,0,118,0,0,884,0,116,0,0,886,0,114,0,0,882,0,118,0,0,881,0,119,0,0,884,0,116,0,0,881,0,119,0,0,883,0,117,0,0,883,0,117,0,0,883,0,117,0,0,884,0,116,0,0,880,0,120,0,0
159,random,1.0,885,0,115,0,0,889,0,111,0,0,883,0,117,0,0,885,0,115,0,0,886,0,114,0,0,880,0,120,0,0,881,0,119,0,0,882,0,118,0,0,884,0,116,0,0,879,0,121,0,0,883,0,117,0,0,883,0,117,0,0,884,0,116,0,0,885,0,115,0,0,882,0,118,0,0,886,0,114,0,0,885,0,115,0,0,884,0,116,0,0,883,0,117,0,0,881,0,119,0,0,883,0,117,0,0,884,0,116,0,0,878,0,122,0,0,886,0,114,0,0,887,1,112,0,0,882,0,118,0,0,883,1,116,0,0,885,0,115,0,0,885,0,115,0,0,888,0,112,0,0,884,0,116,0,0,878,0,122,0,0,882,0,118,0,0,881,0,119,0,0,885,0,115,0,0,886,0,114,0,0,883,0,117,0,0,887,0,113,0,0,882,0,118,0,0,884,0,116,0,0,886,0,114,0,0,882,0,118,0,0,881,0,119,0,0,884,0,116,0,0,881,0,119,0,0,883,0,117,0,0,883,0,117,0,0,883,0,117,0,0,884,0,116,0,0,880,0,120,0,0
160,random,1.0,885,0,115,0,0,889,0,111,0,0,883,0,117,0,0,885,0,115,0,0,886,0,114,0,0,880,0,120,0,0,881,0,119,0,0,882,0,118,0,0,884,0,116,0,0,879,0,121,0,0,883,0,117,0,0,883,0,117,0,0,884,0,116,0,0,885,0,115,0,0,882,0,118,0,0,886,0,114,0,0,885,0,115,0,0,884,0,116,0,0,883,0,117,0,0,881,0,119,0,0,883,0,117,0,0,884,0,116,0,0,878,0,122,0,0,886,0,114,0,0,887,1,112,0,0,882,0,118,0,0,883,1,116,0,0,885,0,115,0,0,885,0,115,0,0,888,0,112,0,0,884,0,116,0,0,878,0,122,0,0,882,0,118,0,0,881,0,119,0,0,885,0,115,0,0,886,0,114,0,0,883,0,117,0,0,887,0,113,0,0,882,0,118,0,0,884,0,116,0,0,886,0,114,0,0,882,0,118,0,0,881,0,119,0,0,884,0,116,0,0,881,0,119,0,0,883,0,117,0,0,883,0,117,0,0,883,0,117,0,0,884,0,116,0,0,880,0,120,0,0
161,random,1.0,885,0,115,0,0,889,0,111,0,0,883,0,117,0,0,885,0,115,0,0,886,0,114,0,0,880,0,120,0,0,881,0,119,0,0,882,0,118,0,0,884,0,116,0,0,879,0,121,0,0,883,0,117,0,0,883,0,117,0,0,884,0,116,0,0,885,0,115,0,0,882,0,118,0,0,886,0,114,0,0,885,0,115,0,0,884,0,116,0,0,883,0,117,0,0,881,0,119,0,0,883,0,117,0,0,884,0,116,0,0,878,0,122,0,0,886,0,114,0,0,887,1,112,0,0,882,0,118,0,0,883,1,116,0,0,885,0,115,0,0,885,0,115,0,0,888,0,112,0,0,884,0,116,0,0,878,0,122,0,0,882,0,118,0,0,881,0,119,0,0,885,0,115,0,0,886,0,114,0,0,883,0,117,0,0,887,0,113,0,0,882,0,118,0,0,884,0,116,0,0,886,0,114,0,0,882,0,118,0,0,881,0,119,0,0,884,0,116,0,0,881,0,119,0,0,883,0,117,0,0,883,0,117,0,0,883,0,117,0,0,884,0,116,0,0,880,0,120,0,0
162,random,1.0,885,0,115,0,0,889,0,111,0,0,883,0,117,0,0,885,0,115,0,0,886,0,114,0,0,880,0,120,0,0,881,0,119,0,0,882,0,118,0,0,884,0,116,0,0,879,0,121,0,0,883,0,117,0,0,883,0,117,0,0,884,0,116,0,0,885,0,115,0,0,882,0,118,0,0,886,0,114,0,0,885,0,115,0,0,884,0,116,0,0,883,0,117,0,0,881,0,119,0,0,883,0,117,0,0,884,0,116,0,0,878,0,122,0,0,886,0,114,0,0,887,1,112,0,0,882,0,118,0,0,883,1,116,0,0,885,0,115,0,0,885,0,115,0,0,888,0,112,0,0,884,0,116,0,0,878,0,122,0,0,882,0,118,0,0,881,0,119,0,0,885,0,115,0,0,885,1,114,0,0,883,0,117,0,0,887,0,113,0,0,882,0,118,0,0,884,0,116,0,0,886,0,114,0,0,882,0,118,0,0,881,0,119,0,0,884,0,116,0,0,881,0,119,0,0,883,0,117,0,0,883,0,117,0,0,883,0,117,0,0,884,0,116,0,0,880,0,120,0,0
163,random,1.0,885,0,115,0,0,889,0,111,0,0,883,0,117,0,0,885,0,115,0,0,886,0,114,0,0,880,0,120,0,0,881,0,119,0,0,882,0,118,0,0,884,0,116,0,0,879,0,121,0,0,883,0,117,0,0,883,0,117,0,0,884,0,116,0,0,885,0,115,0,0,882,0,118,0,0,886,0,114,0,0,885,0,115,0,0,884,0,116,0,0,883,0,117,0,0,881,0,119,0,0,883,0,117,0,0,884,0,116,0,0,878,0,122,0,0,886,0,114,0,0,887,1,112,0,0,882,0,118,0,0,883,1,116,0,0,885,0,115,0,0,885,0,115,0,0,888,0,112,0,0,884,0,116,0,0,878,0,122,0,0,882,0,118,0,0,881,0,119,0,0,885,0,115,0,0,885,1,114,0,0,883,0,117,0,0,887,0,113,0,0,882,0,118,0,0,884,0,116,0,0,886,0,114,0,0,882,0,118,0,0,881,0,119,0,0,884,0,116,0,0,881,0,119,0,0,883,0,117,0,0,883,0,117,0,0,883,0,117,0,0,884,0,116,0,0,880,0,120,0,0
164,random,1.0,885,0,115,0,0,889,0,111,0,0,883,0,117,0,0,885,0,115,0,0,886,0,114,0,0,880,0,120,0,0,881,0,119,0,0,882,0,118,0,0,884,0,116,0,0,879,0,121,0,0,883,0,117,0,0,883,0,117,0,0,884,0,116,0,0,885,0,115,0,0,882,0,118,0,0,886,0,114,0,0,885,0,115,0,0,884,0,116,0,0,883,0,117,0,0,881,0,119,0,0,883,0,117,0,0,884,0,116,0,0,878,0,122,0,0,886,0,114,0,0,887,1,112,0,0,882,0,118,0,0,883,1,116,0,0,885,0,115,0,0,885,0,115,0,0,888,0,112,0,0,884,0,116,0,0,878,0,122,0,0,882,0,118,0,0,881,0,119,0,0,885,0,115,0,0,885,1,114,0,0,883,0,117,0,0,887,0,113,0,0,882,0,118,0,0,884,0,116,0,0,886,0,114,0,0,882,0,118,0,0,881,0,119,0,0,884,0,116,0,0,881,0,119,0,0,883,0,117,0,0,883,0,117,0,0,883,0,117,0,0,884,0,116,0,0,880,0,120,0,0
165,random,1.0,885,0,115,0,0,889,0,111,0,0,883,0,117,0,0,885,0,115,0,0,886,0,114,0,0,880,0,120,0,0,881,0,119,0,0,882,0,118,0,0,884,0,116,0,0,879,0,121,0,0,883,0,117,0,0,883,0,117,0,0,884,0,116,0,0,885,0,115,0,0,882,0,118,0,0,886,0,114,0,0,885,0,115,0,0,884,0,116,0,0,883,0,117,0,0,881,0,119,0,0,883,0,117,0,0,884,0,116,0,0,878,0,122,0,0,886,0,114,0,0,887,1,112,0,0,882,0,118,0,0,883,0,117,0,0,885,0,115,0,0,885,0,115,0,0,888,0,112,0,0,884,0,116,0,0,878,0,122,0,0,882,0,118,0,0,881,0,119,0,0,885,0,115,0,0,885,1,114,0,0,883,0,117,0,0,887,0,113,0,0,882,0,118,0,0,884,0,116,0,0,886,0,114,0,0,882,0,118,0,0,881,0,119,0,0,884,0,116,0,0,881,0,119,0,0,883,0,117,0,0,883,0,117,0,0,883,0,117,0,0,884,0,116,0,0,880,0,120,0,0
166,random,1.0,885,0,115,0,0,889,0,111,0,0,883,0,117,0,0,885,0,115,0,0,886,0,114,0,0,880,0,120,0,0,881,0,119,0,0,882,0,118,0,0,884,0,116,0,0,879,0,121,0,0,883,0,117,0,0,883,0,117,0,0,884,0,116,0,0,885,0,115,0,0,882,0,118,0,0,886,0,114,0,0,885,0,115,0,0,884,0,116,0,0,883,0,117,0,0,881,0,119,0,0,883,0,117,0,0,884,0,116,0,0,878,0,122,0,0,886,0,114,0,0,887,1,112,0,0,882,0,118,0,0,883,0,117,0,0,885,0,115,0,0,885,0,115,0,0,888,0,112,0,0,884,0,116,0,0,878,0,122,0,0,882,0,118,0,0,881,0,119,0,0,885,0,115,0,0,885,1,114,0,0,883,0,117,0,0,887,0,113,0,0,882,0,118,0,0,884,0,116,0,0,886,0,114,0,0,882,0,118,0,0,881,0,119,0,0,884,0,116,0,0,881,0,119,0,0,883,0,117,0,0,883,0,117,0,0,883,0,117,0,0,884,0,116,0,0,880,0,120,0,0
167,random,1.0,885,0,115,0,0,889,0,111,0,0,883,0,117,0,0,885,0,115,0,0,886,0,114,0,0,880,0,120,0,0,881,0,119,0,0,882,0,118,0,0,884,0,116,0,0,879,0,121,0,0,883,0,117,0,0,883,0,117,0,0,884,0,116,0,0,885,0,115,0,0,882,0,118,0,0,886,0,114,0,0,885,0,115,0,0,884,0,116,0,0,883,0,117,0,0,881,0,119,0,0,883,0,117,0,0,884,0,116,0,0,878,0,122,0,0,886,0,114,0,0,887,1,112,0,0,882,0,118,0,0,883,0,117,0,0,885,0,115,0,0,885,0,115,0,0,888,0,112,0,0,884,0,116,0,0,878,0,122,0,0,882,0,118,0,0,881,0,119,0,0,885,0,115,0,0,885,1,114,0,0,883,0,117,0,0,887,0,113,0,0,882,0,118,0,0,884,0,116,0,0,886,0,114,0,0,882,0,118,0,0,881,0,119,0,0,884,0,116,0,0,881,0,119,0,0,883,0,117,0,0,883,0,117,0,0,883,0,117,0,0,884,0,116,0,0,880,0,120,0,0
168,random,1.0,885,0,115,0,0,889,0,111,0,0,883,0,117,0,0,885,0,115,0,0,886,0,114,0,0,880,0,120,0,0,881,0,119,0,0,882,0,118,0,0,884,0,116,0,0,879,0,121,0,0,883,0,117,0,0,883,0,117,0,0,884,0,116,0,0,885,0,115,0,0,882,0,118,0,0,886,0,114,0,0,885,0,115,0,0,884,0,116,0,0,883,0,117,0,0,881,0,119,0,0,883,0,117,0,0,884,0,116,0,0,878,0,122,0,0,886,0,114,0,0,887,1,112,0,0,882,0,118,0,0,883,0,117,0,0,885,0,115,0,0,885,0,115,0,0,888,0,112,0,0,884,0,116,0,0,878,0,122,0,0,882,0,118,0,0,881,0,119,0,0,885,0,115,0,0,885,1,114,0,0,883,0,117,0,0,887,0,113,0,0,882,0,118,0,0,884,0,116,0,0,886,0,114,0,0,882,0,118,0,0,881,0,119,0,0,884,0,116,0,0,881,0,119,0,0,883,0,117,0,0,883,0,117,0,0,883,0,117,0,0,884,0,116,0,0,880,0,120,0,0
169,random,1.0,885,0,115,0,0,889,0,111,0,0,883,0,117,0,0,885,0,115,0,0,886,0,114,0,0,880,0,120,0,0,881,0,119,0,0,882,0,118,0,0,884,0,116,0,0,879,0,121,0,0,883,0,117,0,0,883,0,117,0,0,884,0,116,0,0,885,0,115,0,0,882,0,118,0,0,886,0,114,0,0,885,0,115,0,0,884,0,116,0,0,883,0,117,0,0,881,0,119,0,0,883,0,117,0,0,884,0,116,0,0,878,0,122,0,0,886,0,114,0,0,887,1,112,0,0,882,0,118,0,0,883,0,117,0,0,885,0,115,0,0,885,0,115,0,0,888,0,112,0,0,884,0,116,0,0,878,0,122,0,0,882,0,118,0,0,881,0,119,0,0,885,0,115,0,0,885,1,114,0,0,883,0,117,0,0,887,0,113,0,0,882,0,118,0,0,884,0,116,0,0,886,0,114,0,0,882,0,118,0,0,881,0,119,0,0,884,0,116,0,0,881,0,119,0,0,883,0,117,0,0,883,0,117,0,0,883,0,117,0,0,884,0,116,0,0,880,0,120,0,0
170,random,1.0,885,0,115,0,0,889,0,111,0,0,883,0,117,0,0,885,0,115,0,0,886,0,114,0,0,880,0,120,0,0,881,0,119,0,0,882,0,118,0,0,884,0,116,0,0,879,0,121,0,0,883,0,117,0,0,883,0,117,0,0,884,0,116,0,0,885,0,115,0,0,882,0,118,0,0,886,0,114,0,0,885,0,115,0,0,884,0,116,0,0,883,0,117,0,0,881,0,119,0,0,883,0,117,0,0,884,0,116,0,0,878,0,122,0,0,886,0,114,0,0,887,0,113,0,0,882,0,118,0,0,883,0,117,0,0,885,0,115,0,0,885,0,115,0,0,888,0,112,0,0,884,0,116,0,0,878,0,122,0,0,882,0,118,0,0,881,0,119,0,0,885,0,115,0,0,885,1,114,0,0,883,0,117,0,0,887,0,113,0,0,882,0,118,0,0,884,0,116,0,0,886,0,114,0,0,882,0,118,0,0,881,0,119,0,0,884,0,116,0,0,881,0,119,0,0,883,0,117,0,0,883,0,117,0,0,883,0,117,0,0,884,0,116,0,0,880,0,120,0,0
171,random,1.0,885,0,115,0,0,889,0,111,0,0,883,0,117,0,0,885,0,115,0,0,886,0,114,0,0,880,0,120,0,0,881,0,119,0,0,882,0,118,0,0,884,0,116,0,0,879,0,121,0,0,883,0,117,0,0,883,0,117,0,0,884,0,116,0,0,885,0,115,0,0,882,0,118,0,0,886,0,114,0,0,885,0,115,0,0,884,0,116,0,0,883,0,117,0,0,881,0,119,0,0,883,0,117,0,0,884,0,116,0,0,878,0,122,0,0,886,0,114,0,0,887,0,113,0,0,882,0,118,0,0,883,0,117,0,0,885,0,115,0,0,885,0,115,0,0,888,0,112,0,0,884,0,116,0,0,878,0,122,0,0,882,0,118,0,0,881,0,119,0,0,885,0,115,0,0,885,1,114,0,0,883,0,117,0,0,887,0,113,0,0,882,0,118,0,0,884,0,116,0,0,886,0,114,0,0,882,0,118,0,0,881,0,119,0,0,884,0,116,0,0,881,0,119,0,0,883,0,117,0,0,883,0,117,0,0,883,0,117,0,0,884,0,116,0,0,880,0,120,0,0
172,random,1.0,885,0,115,0,0,889,0,111,0,0,883,0,117,0,0,885,0,115,0,0,886,0,114,0,0,880,0,120,0,0,881,0,119,0,0,882,0,118,0,0,884,0,116,0,0,879,0,121,0,0,883,0,117,0,0,883,0,117,0,0,884,0,116,0,0,885,0,115,0,0,882,0,118,0,0,886,0,114,0,0,885,0,115,0,0,884,0,116,0,0,883,0,117,0,0,881,0,119,0,0,883,0,117,0,0,884,0,116,0,0,878,0,122,0,0,886,0,114,0,0,887,0,113,0,0,882,0,118,0,0,883,0,117,0,0,885,0,115,0,0,885,0,115,0,0,888,0,112,0,0,884,0,116,0,0,878,0,122,0,0,882,0,118,0,0,881,0,119,0,0,885,0,115,0,0,885,1,114,0,0,883,0,117,0,0,887,0,113,0,0,882,0,118,0,0,884,0,116,0,0,886,0,114,0,0,882,0,118,0,0,881,0,119,0,0,884,0,116,0,0,881,0,119,0,0,883,0,117,0,0,883,0,117,0,0,883,0,117,0,0,884,0,116,0,0,880,0,120,0,0
173,random,1.0,885,0,115,0,0,889,0,111,0,0,883,0,117,0,0,885,0,115,0,0,886,0,114,0,0,880,0,120,0,0,881,0,119,0,0,882,0,118,0,0,884,0,116,0,0,879,0,121,0,0,883,0,117,0,0,883,0,117,0,0,884,0,116,0,0,885,0,115,0,0,882,0,118,0,0,886,0,114,0,0,885,0,115,0,0,884,0,116,0,0,883,0,117,0,0,881,0,119,0,0,883,0,117,0,0,884,0,116,0,0,878,0,122,0,0,886,0,114,0,0,887,0,113,0,0,882,0,118,0,0,883,0,117,0,0,885,0,115,0,0,885,0,115,0,0,888,0,112,0,0,884,0,116,0,0,878,0,122,0,0,882,0,118,0,0,881,0,119,0,0,885,0,115,0,0,885,1,114,0,0,883,0,117,0,0,887,0,113,0,0,882,0,118,0,0,884,0,116,0,0,886,0,114,0,0,882,0,118,0,0,881,0,119,0,0,884,0,116,0,0,881,0,119,0,0,883,0,117,0,0,883,0,117,0,0,883,0,117,0,0,884,0,116,0,0,880,0,120,0,0
174,random,1.0,885,0,115,0,0,889,0,111,0,0,883,0,117,0,0,885,0,115,0,0,886,0,114,0,0,880,0,120,0,0,881,0,119,0,0,882,0,118,0,0,884,0,116,0,0,879,0,121,0,0,883,0,117,0,0,883,0,117,0,0,884,0,116,0,0,885,0,115,0,0,882,0,118,0,0,886,0,114,0,0,885,0,115,0,0,884,0,116,0,0,883,0,117,0,0,881,0,119,0,0,883,0,117,0,0,884,0,116,0,0,878,0,122,0,0,886,0,114,0,0,887,0,113,0,0,882,0,118,0,0,883,0,117,0,0,885,0,115,0,0,885,0,115,0,0,888,0,112,0,0,884,0,116,0,0,878,0,122,0,0,882,0,118,0,0,881,0,119,0,0,885,0,115,0,0,885,1,114,0,0,883,0,117,0,0,887,0,113,0,0,882,0,118,0,0,884,0,116,0,0,886,0,114,0,0,882,0,118,0,0,881,0,119,0,0,884,0,116,0,0,881,0,119,0,0,883,0,117,0,0,883,0,117,0,0,883,0,117,0,0,884,0,116,0,0,880,0,120,0,0
175,random,1.0,885,0,115,0,0,889,0,111,0,0,883,0,117,0,0,885,0,115,0,0,886,0,114,0,0,880,0,120,0,0,881,0,119,0,0,882,0,118,0,0,884,0,116,0,0,879,0,121,0,0,882,1,117,0,0,883,0,117,0,0,884,0,116,0,0,885,0,115,0,0,882,0,118,0,0,886,0,114,0,0,885,0,115,0,0,884,0,116,0,0,883,0,117,0,0,881,0,119,0,0,883,0,117,0,0,884,0,116,0,0,878,0,122,0,0,886,0,114,0,0,887,0,113,0,0,882,0,118,0,0,883,0,117,0,0,885,0,115,0,0,885,0,115,0,0,888,0,112,0,0,884,0,116,0,0,878,0,122,0,0,882,0,118,0,0,881,0,119,0,0,885,0,115,0,0,885,0,115,0,0,883,0,117,0,0,887,0,113,0,0,882,0,118,0,0,884,0,116,0,0,886,0,114,0,0,882,0,118,0,0,881,0,119,0,0,884,0,116,0,0,881,0,119,0,0,883,0,117,0,0,883,0,117,0,0,883,0,117,0,0,884,0,116,0,0,880,0,120,0,0
176,random,1.0,885,0,115,0,0,889,0,111,0,0,883,0,117,0,0,885,0,115,0,0,886,0,114,0,0,880,0,120,0,0,881,0,119,0,0,882,0,118,0,0,884,0,116,0,0,879,0,121,0,0,882,1,117,0,0,883,0,117,0,0,884,0,116,0,0,885,0,115,0,0,882,0,118,0,0,886,0,114,0,0,885,0,115,0,0,884,0,116,0,0,883,0,117,0,0,881,0,119,0,0,883,0,117,0,0,884,0,116,0,0,878,0,122,0,0,886,0,114,0,0,887,0,113,0,0,882,0,118,0,0,883,0,117,0,0,885,0,115,0,0,885,0,115,0,0,888,0,112,0,0,884,0,116,0,0,878,0,122,0,0,882,0,118,0,0,881,0,119,0,0,885,0,115,0,0,885,0,115,0,0,883,0,117,0,0,887,0,113,0,0,882,0,118,0,0,884,0,116,0,0,886,0,114,0,0,882,0,118,0,0,881,0,119,0,0,884,0,116,0,0,881,0,119,0,0,883,0,117,0,0,883,0,117,0,0,883,0,117,0,0,884,0,116,0,0,880,0,120,0,0
177,random,1.0,885,0,115,0,0,889,0,111,0,0,883,0,117,0,0,885,0,115,0,0,886,0,114,0,0,880,0,120,0,0,881,0,119,0,0,882,0,118,0,0,884,0,116,0,0,879,0,121,0,0,882,1,117,0,0,883,0,117,0,0,884,0,116,0,0,885,0,115,0,0,882,0,118,0,0,886,0,114,0,0,885,0,115,0,0,884,0,116,0,0,883,0,117,0,0,881,0,119,0,0,883,0,117,0,0,884,0,116,0,0,878,0,122,0,0,886,0,114,0,0,887,0,113,0,0,882,0,118,0,0,883,0,117,0,0,885,0,115,0,0,885,0,115,0,0,888,0,112,0,0,884,0,116,0,0,878,0,122,0,0,882,0,118,0,0,881,0,119,0,0,885,0,115,0,0,885,0,115,0,0,883,0,117,0,0,887,0,113,0,0,882,0,118,0,0,884,0,116,0,0,886,0,114,0,0,882,0,118,0,0,881,0,119,0,0,884,0,116,0,0,881,0,119,0,0,883,0,117,0,0,883,0,117,0,0,883,0,117,0,0,884,0,116,0,0,880,0,120,0,0
178,random,1.0,885,0,115,0,0,888,1,111,0,0,883,0,117,0,0,885,0,115,0,0,886,0,114,0,0,880,0,120,0,0,881,0,119,0,0,882,0,118,0,0,884,0,116,0,0,879,0,121,0,0,882,1,117,0,0,883,0,117,0,0,884,0,116,0,0,885,0,115,0,0,882,0,118,0,0,886,0,114,0,0,885,0,115,0,0,884,0,116,0,0,883,0,117,0,0,881,0,119,0,0,883,0,117,0,0,884,0,116,0,0,878,0,122,0,0,886,0,114,0,0,887,0,113,0,0,882,0,118,0,0,883,0,117,0,0,885,0,115,0,0,885,0,115,0,0,888,0,112,0,0,884,0,116,0,0,878,0,122,0,0,882,0,118,0,0,881,0,119,0,0,885,0,115,0,0,885,0,115,0,0,883,0,117,0,0,887,0,113,0,0,882,0,118,0,0,884,0,116,0,0,886,0,114,0,0,882,0,118,0,0,881,0,119,0,0,884,0,116,0,0,881,0,119,0,0,883,0,117,0,0,883,0,117,0,0,883,0,117,0,0,884,0,116,0,0,880,0,120,0,0
179,random,1.0,885,0,115,0,0,888,1,111,0,0,883,0,117,0,0,885,0,115,0,0,886,0,114,0,0,880,0,120,0,0,881,0,119,0,0,882,0,118,0,0,884,0,116,0,0,879,0,121,0,0,882,1,117,0,0,883,0,117,0,0,884,0,116,0,0,885,0,115,0,0,882,0,118,0,0,886,0,114,0,0,885,0,115,0,0,884,0,116,0,0,883,0,117,0,0,881,0,119,0,0,883,0,117,0,0,884,0,116,0,0,878,0,122,0,0,886,0,114,0,0,887,0,113,0,0,882,0,118,0,0,883,0,117,0,0,885,0,115,0,0,885,0,115,0,0,888,0,112,0,0,884,0,116,0,0,878,0,122,0,0,882,0,118,0,0,881,0,119,0,0,885,0,115,0,0,885,0,115,0,0,883,0,117,0,0,887,0,113,0,0,882,0,118,0,0,884,0,116,0,0,886,0,114,0,0,882,0,118,0,0,881,0,119,0,0,884,0,116,0,0,881,0,119,0,0,883,0,117,0,0,883,0,117,0,0,883,0,117,0,0,884,0,116,0,0,880,0,120,0,0
180,random,1.0,885,0,115,0,0,888,1,111,0,0,883,0,117,0,0,885,0,115,0,0,886,0,114,0,0,880,0,120,0,0,881,0,119,0,0,882,0,118,0,0,884,0,116,0,0,879,0,121,0,0,882,1,117,0,0,883,0,117,0,0,884,0,116,0,0,885,0,115,0,0,882,0,118,0,0,886,0,114,0,0,885,0,115,0,0,884,0,116,0,0,883,0,117,0,0,881,0,119,0,0,883,0,117,0,0,884,0,116,0,0,878,0,122,0,0,886,0,114,0,0,887,0,113,0,0,882,0,118,0,0,883,0,117,0,0,885,0,115,0,0,885,0,115,0,0,888,0,112,0,0,884,0,116,0,0,878,0,122,0,0,882,0,118,0,0,881,0,119,0,0,885,0,115,0,0,885,0,115,0,0,883,0,117,0,0,887,0,113,0,0,882,0,118,0,0,884,0,116,0,0,886,0,114,0,0,882,0,118,0,0,881,0,119,0,0,884,0,116,0,0,881,0,119,0,0,883,0,117,0,0,883,0,117,0,0,883,0,117,0,0,884,0,116,0,0,880,0,120,0,0
181,random,1.0,885,0,115,0,0,888,1,111,0,0,883,0,117,0,0,885,0,115,0,0,886,0,114,0,0,880,0,120,0,0,881,0,119,0,0,882,0,118,0,0,884,0,116,0,0,879,0,121,0,0,882,1,117,0,0,883,0,117,0,0,884,0,116,0,0,885,0,115,0,0,882,0,118,0,0,886,0,114,0,0,885,0,115,0,0,884,0,116,0,0,883,0,117,0,0,881,0,119,0,0,883,0,117,0,0,884,0,116,0,0,878,0,122,0,0,886,0,114,0,0,887,0,113,0,0,882,0,118,0,0,883,0,117,0,0,885,0,115,0,0,885,0,115,0,0,888,0,112,0,0,884,0,116,0,0,878,0,122,0,0,882,0,118,0,0,881,0,119,0,0,885,0,115,0,0,885,0,115,0,0,883,0,117,0,0,887,0,113,0,0,882,0,118,0,0,884,0,116,0,0,886,0,114,0,0,882,0,118,0,0,881,0,119,0,0,884,0,116,0,0,881,0,119,0,0,883,0,117,0,0,883,0,117,0,0,883,0,117,0,0,884,0,116,0,0,880,0,120,0,0
182,random,1.0,885,0,115,0,0,888,1,111,0,0,883,0,117,0,0,885,0,115,0,0,886,0,114,0,0,880,0,120,0,0,881,0,119,0,0,882,0,118,0,0,884,0,116,0,0,879,0,121,0,0,882,1,117,0,0,883,0,117,0,0,884,0,116,0,0,885,0,115,0,0,882,0,118,0,0,886,0,114,0,0,885,0,115,0,0,884,0,116,0,0,883,0,117,0,0,881,0,119,0,0,883,0,117,0,0,884,0,116,0,0,878,0,122,0,0,886,0,114,0,0,887,0,113,0,0,882,0,118,0,0,883,0,117,0,0,885,0,115,0,0,885,0,115,0,0,888,0,112,0,0,884,0,116,0,0,878,0,122,0,0,882,0,118,0,0,881,0,119,0,0,885,0,115,0,0,885,0,115,0,0,883,0,117,0,0,887,0,113,0,0,882,0,118,0,0,884,0,116,0,0,886,0,114,0,0,882,0,118,0,0,881,0,119,0,0,884,0,116,0,0,881,0,119,0,0,883,0,117,0,0,883,0,117,0,0,883,0,117,0,0,884,0,116,0,0,880,0,120,0,0
183,random,1.0,885,0,115,0,0,888,1,111,0,0,883,0,117,0,0,885,0,115,0,0,886,0,114,0,0,880,0,120,0,0,881,0,119,0,0,882,0,118,0,0,884,0,116,0,0,879,0,121,0,0,882,1,117,0,0,883,0,117,0,0,884,0,116,0,0,885,0,115,0,0,882,0,118,0,0,886,0,114,0,0,885,0,115,0,0,884,0,116,0,0,883,0,117,0,0,881,0,119,0,0,883,0,117,0,0,884,0,116,0,0,878,0,122,0,0,886,0,114,0,0,887,0,113,0,0,882,0,118,0,0,883,0,117,0,0,885,0,115,0,0,885,0,115,0,0,888,0,112,0,0,884,0,116,0,0,878,0,122,0,0,882,0,118,0,0,881,0,119,0,0,885,0,115,0,0,885,0,115,0,0,883,0,117,0,0,887,0,113,0,0,882,0,118,0,0,884,0,116,0,0,886,0,114,0,0,882,0,118,0,0,881,0,119,0,0,884,0,116,0,0,881,0,119,0,0,883,0,117,0,0,883,0,117,0,0,883,0,117,0,0,884,0,116,0,0,880,0,120,0,0
184,random,1.0,885,0,115,0,0,888,1,111,0,0,883,0,117,0,0,885,0,115,0,0,886,0,114,0,0,880,0,120,0,0,881,0,119,0,0,882,0,118,0,0,884,0,116,0,0,879,0,121,0,0,882,1,117,0,0,883,0,117,0,0,884,0,116,0,0,885,0,115,0,0,882,0,118,0,0,886,0,114,0,0,885,0,115,0,0,884,0,116,0,0,883,0,117,0,0,881,0,119,0,0,883,0,117,0,0,884,0,116,0,0,878,0,122,0,0,886,0,114,0,0,887,0,113,0,0,882,0,118,0,0,883,0,117,0,0,885,0,115,0,0,885,0,115,0,0,888,0,112,0,0,884,0,116,0,0,878,0,122,0,0,882,0,118,0,0,881,0,119,0,0,885,0,115,0,0,885,0,115,0,0,883,0,117,0,0,887,0,113,0,0,882,0,118,0,0,884,0,116,0,0,886,0,114,0,0,882,0,118,0,0,881,0,119,0,0,884,0,116,0,0,881,0,119,0,0,883,0,117,0,0,883,0,117,0,0,883,0,117,0,0,884,0,116,0,0,880,0,120,0,0
185,random,1.0,885,0,115,0,0,888,1,111,0,0,883,0,117,0,0,885,0,115,0,0,886,0,114,0,0,880,0,120,0,0,881,0,119,0,0,882,0,118,0,0,884,0,116,0,0,879,0,121,0,0,882,1,117,0,0,883,0,117,0,0,884,0,116,0,0,885,0,115,0,0,882,0,118,0,0,886,0,114,0,0,885,0,115,0,0,884,0,116,0,0,883,0,117,0,0,881,0,119,0,0,883,0,117,0,0,884,0,116,0,0,878,0,122,0,0,886,0,114,0,0,887,0,113,0,0,882,0,118,0,0,883,0,117,0,0,885,0,115,0,0,885,0,115,0,0,888,0,112,0,0,884,0,116,0,0,878,0,122,0,0,882,0,118,0,0,881,0,119,0,0,885,0,115,0,0,885,0,115,0,0,883,0,117,0,0,887,0,113,0,0,882,0,118,0,0,884,0,116,0,0,886,0,114,0,0,882,0,118,0,0,881,0,119,0,0,884,0,116,0,0,881,0,119,0,0,883,0,117,0,0,883,0,117,0,0,883,0,117,0,0,884,0,116,0,0,880,0,120,0,0
186,random,1.0,885,0,115,0,0,888,1,111,0,0,883,0,117,0,0,885,0,115,0,0,886,0,114,0,0,880,0,120,0,0,881,0,119,0,0,882,0,118,0,0,884,0,116,0,0,879,0,121,0,0,882,1,117,0,0,883,0,117,0,0,884,0,116,0,0,885,0,115,0,0,882,0,118,0,0,886,0,114,0,0,885,0,115,0,0,884,0,116,0,0,883,0,117,0,0,881,0,119,0,0,883,0,117,0,0,884,0,116,0,0,878,0,122,0,0,886,0,114,0,0,887,0,113,0,0,882,0,118,0,0,883,0,117,0,0,885,0,115,0,0,885,0,115,0,0,888,0,112,0,0,884,0,116,0,0,878,0,122,0,0,882,0,118,0,0,881,0,119,0,0,885,0,115,0,0,885,0,115,0,0,883,0,117,0,0,887,0,113,0,0,882,0,118,0,0,884,0,116,0,0,886,0,114,0,0,882,0,118,0,0,881,0,119,0,0,884,0,116,0,0,881,0,119,0,0,883,0,117,0,0,883,0,117,0,0,883,0,117,0,0,884,0,116,0,0,880,0,120,0,0
187,random,1.0,885,0,115,0,0,888,1,111,0,0,883,0,117,0,0,885,0,115,0,0,886,0,114,0,0,880,0,120,0,0,881,0,119,0,0,882,0,118,0,0,884,0,116,0,0,879,0,121,0,0,882,1,117,0,0,883,0,117,0,0,884,0,116,0,0,885,0,115,0,0,882,0,118,0,0,886,0,114,0,0,885,0,115,0,0,884,0,116,0,0,883,0,117,0,0,881,0,119,0,0,883,0,117,0,0,884,0,116,0,0,878,0,122,0,0,886,0,114,0,0,887,0,113,0,0,882,0,118,0,0,883,0,117,0,0,885,0,115,0,0,885,0,115,0,0,888,0,112,0,0,884,0,116,0,0,878,0,122,0,0,882,0,118,0,0,881,0,119,0,0,885,0,115,0,0,885,0,115,0,0,883,0,117,0,0,887,0,113,0,0,882,0,118,0,0,884,0,116,0,0,886,0,114,0,0,882,0,118,0,0,881,0,119,0,0,884,0,116,0,0,881,0,119,0,0,883,0,117,0,0,883,0,117,0,0,883,0,117,0,0,884,0,116,0,0,880,0,120,0,0
188,random,1.0,885,0,115,0,0,888,1,111,0,0,883,0,117,0,0,885,0,115,0,0,886,0,114,0,0,880,0,120,0,0,881,0,119,0,0,882,0,118,0,0,884,0,116,0,0,879,0,121,0,0,882,0,118,0,0,883,0,117,0,0,884,0,116,0,0,885,0,115,0,0,882,0,118,0,0,886,0,114,0,0,885,0,115,0,0,884,0,116,0,0,883,0,117,0,0,881,0,119,0,0,883,0,117,0,0,884,0,116,0,0,878,0,122,0,0,886,0,114,0,0,887,0,113,0,0,882,0,118,0,0,883,0,117,0,0,885,0,115,0,0,885,0,115,0,0,888,0,112,0,0,884,0,116,0,0,878,0,122,0,0,882,0,118,0,0,881,0,119,0,0,885,0,115,0,0,885,0,115,0,0,883,0,117,0,0,887,0,113,0,0,882,0,118,0,0,884,0,116,0,0,886,0,114,0,0,882,0,118,0,0,881,0,119,0,0,884,0,116,0,0,881,0,119,0,0,883,0,117,0,0,883,0,117,0,0,883,0,117,0,0,884,0,116,0,0,880,0,120,0,0
189,random,1.0,885,0,115,0,0,888,1,111,0,0,883,0,117,0,0,885,0,115,0,0,886,0,114,0,0,880,0,120,0,0,881,0,119,0,0,882,0,118,0,0,884,0,116,0,0,879,0,121,0,0,882,0,118,0,0,883,0,117,0,0,884,0,116,0,0,885,0,115,0,0,882,0,118,0,0,886,0,114,0,0,885,0,115,0,0,884,0,116,0,0,883,0,117,0,0,881,0,119,0,0,883,0,117,0,0,884,0,116,0,0,878,0,122,0,0,886,0,114,0,0,887,0,113,0,0,882,0,118,0,0,883,0,117,0,0,885,0,115,0,0,885,0,115,0,0,888,0,112,0,0,884,0,116,0,0,878,0,122,0,0,882,0,118,0,0,881,0,119,0,0,885,0,115,0,0,885,0,115,0,0,883,0,117,0,0,887,0,113,0,0,882,0,118,0,0,884,0,116,0,0,886,0,114,0,0,882,0,118,0,0,881,0,119,0,0,884,0,116,0,0,881,0,119,0,0,883,0,117,0,0,883,0,117,0,0,883,0,117,0,0,884,0,116,0,0,880,0,120,0,0
190,random,1.0,885,0,115,0,0,888,1,111,0,0,883,0,117,0,0,885,0,115,0,0,886,0,114,0,0,880,0,120,0,0,881,0,119,0,0,882,0,118,0,0,884,0,116,0,0,879,0,121,0,0,882,0,118,0,0,882,1,117,0,0,884,0,116,0,0,885,0,115,0,0,882,0,118,0,0,886,0,114,0,0,885,0,115,0,0,884,0,116,0,0,883,0,117,0,0,881,0,119,0,0,883,0,117,0,0,884,0,116,0,0,878,0,122,0,0,886,0,114,0,0,887,0,113,0,0,882,0,118,0,0,883,0,117,0,0,885,0,115,0,0,885,0,115,0,0,888,0,112,0,0,884,0,116,0,0,878,0,122,0,0,882,0,118,0,0,881,0,119,0,0,885,0,115,0,0,885,0,115,0,0,883,0,117,0,0,887,0,113,0,0,882,0,118,0,0,884,0,116,0,0,886,0,114,0,0,882,0,118,0,0,881,0,119,0,0,884,0,116,0,0,881,0,119,0,0,883,0,117,0,0,883,0,117,0,0,883,0,117,0,0,884,0,116,0,0,880,0,120,0,0
191,random,1.0,885,0,115,0,0,888,0,112,0,0,883,0,117,0,0,885,0,115,0,0,886,0,114,0,0,880,0,120,0,0,881,0,119,0,0,882,0,118,0,0,884,0,116,0,0,879,0,121,0,0,882,0,118,0,0,882,1,117,0,0,884,0,116,0,0,885,0,115,0,0,882,0,118,0,0,886,0,114,0,0,885,0,115,0,0,884,0,116,0,0,883,0,117,0,0,881,0,119,0,0,883,0,117,0,0,884,0,116,0,0,878,0,122,0,0,886,0,114,0,0,887,0,113,0,0,882,0,118,0,0,883,0,117,0,0,885,0,115,0,0,885,0,115,0,0,888,0,112,0,0,884,0,116,0,0,878,0,122,0,0,882,0,118,0,0,881,0,119,0,0,885,0,115,0,0,885,0,115,0,0,883,0,117,0,0,887,0,113,0,0,882,0,118,0,0,884,0,116,0,0,886,0,114,0,0,882,0,118,0,0,881,0,119,0,0,884,0,116,0,0,881,0,119,0,0,883,0,117,0,0,883,0,117,0,0,883,0,117,0,0,884,0,116,0,0,880,0,120,0,0
192,random,1.0,885,0,115,0,0,888,0,112,0,0,883,0,117,0,0,885,0,115,0,0,886,0,114,0,0,880,0,120,0,0,881,0,119,0,0,882,0,118,0,0,884,0,116,0,0,879,0,121,0,0,882,0,118,0,0,882,1,117,0,0,884,0,116,0,0,885,0,115,0,0,882,0,118,0,0,886,0,114,0,0,885,0,115,0,0,884,0,116,0,0,883,0,117,0,0,881,0,119,0,0,883,0,117,0,0,884,0,116,0,0,878,0,122,0,0,886,0,114,0,0,887,0,113,0,0,882,0,118,0,0,883,0,117,0,0,885,0,115,0,0,885,0,115,0,0,888,0,112,0,0,884,0,116,0,0,878,0,122,0,0,882,0,118,0,0,881,0,119,0,0,885,0,115,0,0,885,0,115,0,0,883,0,117,0,0,887,0,113,0,0,882,0,118,0,0,884,0,116,0,0,886,0,114,0,0,882,0,118,0,0,881,0,119,0,0,884,0,116,0,0,881,0,119,0,0,883,0,117,0,0,883,0,117,0,0,883,0,117,0,0,884,0,116,0,0,880,0,120,0,0
193,random,1.0,885,0,115,0,0,888,0,112,0,0,883,0,117,0,0,885,0,115,0,0,886,0,114,0,0,880,0,120,0,0,881,0,119,0,0,882,0,118,0,0,884,0,116,0,0,879,0,121,0,0,882,0,118,0,0,882,1,117,0,0,884,0,116,0,0,885,0,115,0,0,882,0,118,0,0,886,0,114,0,0,885,0,115,0,0,884,0,116,0,0,883,0,117,0,0,881,0,119,0,0,883,0,117,0,0,884,0,116,0,0,878,0,122,0,0,886,0,114,0,0,887,0,113,0,0,882,0,118,0,0,883,0,117,0,0,885,0,115,0,0,885,0,115,0,0,888,0,112,0,0,884,0,116,0,0,878,0,122,0,0,882,0,118,0,0,881,0,119,0,0,885,0,115,0,0,885,0,115,0,0,882,1,117,0,0,887,0,113,0,0,882,0,118,0,0,884,0,116,0,0,886,0,114,0,0,882,0,118,0,0,881,0,119,0,0,884,0,116,0,0,881,0,119,0,0,883,0,117,0,0,883,0,117,0,0,883,0,117,0,0,884,0,116,0,0,880,0,120,0,0
194,random,1.0,885,0,115,0,0,888,0,112,0,0,883,0,117,0,0,885,0,115,0,0,886,0,114,0,0,880,0,120,0,0,881,0,119,0,0,882,0,118,0,0,884,0,116,0,0,879,0,121,0,0,882,0,118,0,0,882,1,117,0,0,884,0,116,0,0,885,0,115,0,0,882,0,118,0,0,886,0,114,0,0,885,0,115,0,0,884,0,116,0,0,883,0,117,0,0,881,0,119,0,0,883,0,117,0,0,884,0,116,0,0,878,0,122,0,0,886,0,114,0,0,887,0,113,0,0,882,0,118,0,0,883,0,117,0,0,885,0,115,0,0,885,0,115,0,0,888,0,112,0,0,884,0,116,0,0,878,0,122,0,0,882,0,118,0,0,881,0,119,0,0,885,0,115,0,0,885,0,115,0,0,882,1,117,0,0,887,0,113,0,0,882,0,118,0,0,884,0,116,0,0,886,0,114,0,0,882,0,118,0,0,881,0,119,0,0,884,0,116,0,0,881,0,119,0,0,883,0,117,0,0,883,0,117,0,0,883,0,117,0,0,884,0,116,0,0,880,0,120,0,0
195,random,1.0,885,0,115,0,0,888,0,112,0,0,883,0,117,0,0,885,0,115,0,0,886,0,114,0,0,880,0,120,0,0,881,0,119,0,0,882,0,118,0,0,884,0,116,0,0,879,0,121,0,0,882,0,118,0,0,882,1,117,0,0,884,0,116,0,0,885,0,115,0,0,882,0,118,0,0,886,0,114,0,0,885,0,115,0,0,884,0,116,0,0,883,0,117,0,0,881,0,119,0,0,883,0,117,0,0,884,0,116,0,0,878,0,122,0,0,886,0,114,0,0,887,0,113,0,0,882,0,118,0,0,883,0,117,0,0,885,0,115,0,0,885,0,115,0,0,888,0,112,0,0,884,0,116,0,0,878,0,122,0,0,882,0,118,0,0,881,0,119,0,0,885,0,115,0,0,885,0,115,0,0,882,1,117,0,0,887,0,113,0,0,882,0,118,0,0,884,0,116,0,0,886,0,114,0,0,882,0,118,0,0,881,0,119,0,0,884,0,116,0,0,881,0,119,0,0,883,0,117,0,0,883,0,117,0,0,883,0,117,0,0,884,0,116,0,0,880,0,120,0,0
196,random,1.0,885,0,115,0,0,888,0,112,0,0,883,0,117,0,0,885,0,115,0,0,886,0,114,0,0,880,0,120,0,0,881,0,119,0,0,882,0,118,0,0,884,0,116,0,0,879,0,121,0,0,882,0,118,0,0,882,1,117,0,0,884,0,116,0,0,885,0,115,0,0,882,0,118,0,0,886,0,114,0,0,885,0,115,0,0,884,0,116,0,0,883,0,117,0,0,881,0,119,0,0,883,0,117,0,0,884,0,116,0,0,878,0,122,0,0,886,0,114,0,0,887,0,113,0,0,882,0,118,0,0,883,0,117,0,0,885,0,115,0,0,885,0,115,0,0,888,0,112,0,0,884,0,116,0,0,878,0,122,0,0,882,0,118,0,0,881,0,119,0,0,885,0,115,0,0,885,0,115,0,0,882,1,117,0,0,887,0,113,0,0,882,0,118,0,0,884,0,116,0,0,886,0,114,0,0,882,0,118,0,0,881,0,119,0,0,884,0,116,0,0,881,0,119,0,0,883,0,117,0,0,883,0,117,0,0,883,0,117,0,0,884,0,116,0,0,880,0,120,0,0
197,random,1.0,885,0,115,0,0,888,0,112,0,0,883,0,117,0,0,885,0,115,0,0,886,0,114,0,0,880,0,120,0,0,881,0,119,0,0,882,0,118,0,0,884,0,116,0,0,879,0,121,0,0,882,0,118,0,0,882,1,117,0,0,884,0,116,0,0,885,0,115,0,0,882,0,118,0,0,886,0,114,0,0,885,0,115,0,0,884,0,116,0,0,883,0,117,0,0,881,0,119,0,0,883,0,117,0,0,884,0,116,0,0,878,0,122,0,0,886,0,114,0,0,887,0,113,0,0,882,0,118,0,0,883,0,117,0,0,885,0,115,0,0,885,0,115,0,0,888,0,112,0,0,884,0,116,0,0,878,0,122,0,0,882,0,118,0,0,881,0,119,0,0,885,0,115,0,0,885,0,115,0,0,882,1,117,0,0,887,0,113,0,0,882,0,118,0,0,884,0,116,0,0,886,0,114,0,0,882,0,118,0,0,881,0,119,0,0,884,0,116,0,0,881,0,119,0,0,883,0,117,0,0,883,0,117,0,0,883,0,117,0,0,884,0,116,0,0,880,0,120,0,0
198,random,1.0,885,0,115,0,0,888,0,112,0,0,883,0,117,0,0,885,0,115,0,0,886,0,114,0,0,880,0,120,0,0,881,0,119,0,0,882,0,118,0,0,884,0,116,0,0,879,0,121,0,0,882,0,118,0,0,882,1,117,0,0,884,0,116,0,0,885,0,115,0,0,882,0,118,0,0,886,0,114,0,0,885,0,115,0,0,884,0,116,0,0,883,0,117,0,0,881,0,119,0,0,883,0,117,0,0,884,0,116,0,0,878,0,122,0,0,886,0,114,0,0,887,0,113,0,0,882,0,118,0,0,883,0,117,0,0,885,0,115,0,0,885,0,115,0,0,888,0,112,0,0,884,0,116,0,0,878,0,122,0,0,882,0,118,0,0,881,0,119,0,0,885,0,115,0,0,885,0,115,0,0,882,1,117,0,0,887,0,113,0,0,882,0,118,0,0,884,0,116,0,0,886,0,114,0,0,882,0,118,0,0,881,0,119,0,0,884,0,116,0,0,881,0,119,0,0,883,0,117,0,0,883,0,117,0,0,883,0,117,0,0,884,0,116,0,0,880,0,120,0,0
199,random,1.0,885,0,115,0,0,888,0,112,0,0,883,0,117,0,0,885,0,115,0,0,886,0,114,0,0,880,0,120,0,0,881,0,119,0,0,882,0,118,0,0,884,0,116,0,0,879,0,121,0,0,882,0,118,0,0,882,1,117,0,0,884,0,116,0,0,885,0,115,0,0,882,0,118,0,0,886,0,114,0,0,885,0,115,0,0,884,0,116,0,0,883,0,117,0,0,881,0,119,0,0,883,0,117,0,0,884,0,116,0,0,878,0,122,0,0,886,0,114,0,0,887,0,113,0,0,882,0,118,0,0,883,0,117,0,0,885,0,115,0,0,885,0,115,0,0,888,0,112,0,0,884,0,116,0,0,878,0,122,0,0,882,0,118,0,0,881,0,119,0,0,885,0,115,0,0,885,0,115,0,0,882,1,117,0,0,887,0,113,0,0,882,0,118,0,0,884,0,116,0,0,886,0,114,0,0,882,0,118,0,0,881,0,119,0,0,884,0,116,0,0,881,0,119,0,0,883,0,117,0,0,883,0,117,0,0,883,0,117,0,0,884,0,116,0,0,880,0,120,0,0
200,random,1.0,885,0,115,0,0,888,0,112,0,0,883,0,117,0,0,885,0,115,0,0,886,0,114,0,0,880,0,120,0,0,881,0,119,0,0,882,0,118,0,0,884,0,116,0,0,879,0,121,0,0,882,0,118,0,0,882,1,117,0,0,884,0,116,0,0,885,0,115,0,0,882,0,118,0,0,886,0,114,0,0,885,0,115,0,0,884,0,116,0,0,883,0,117,0,0,881,0,119,0,0,883,0,117,0,0,884,0,116,0,0,878,0,122,0,0,886,0,114,0,0,887,0,113,0,0,882,0,118,0,0,883,0,117,0,0,885,0,115,0,0,885,0,115,0,0,888,0,112,0,0,884,0,116,0,0,878,0,122,0,0,882,0,118,0,0,881,0,119,0,0,885,0,115,0,0,885,0,115,0,0,882,1,117,0,0,887,0,113,0,0,882,0,118,0,0,884,0,116,0,0,886,0,114,0,0,882,0,118,0,0,881,0,119,0,0,884,0,116,0,0,881,0,119,0,0,883,0,117,0,0,883,0,117,0,0,883,0,117,0,0,884,0,116,0,0,880,0,120,0,0
201,random,1.0,885,0,115,0,0,888,0,112,0,0,883,0,117,0,0,885,0,115,0,0,886,0,114,0,0,880,0,120,0,0,881,0,119,0,0,882,0,118,0,0,884,0,116,0,0,879,0,121,0,0,882,0,118,0,0,882,1,117,0,0,884,0,116,0,0,885,0,115,0,0,882,0,118,0,0,886,0,114,0,0,885,0,115,0,0,884,0,116,0,0,883,0,117,0,0,881,0,119,0,0,883,0,117,0,0,884,0,116,0,0,878,0,122,0,0,886,0,114,0,0,887,0,113,0,0,882,0,118,0,0,883,0,117,0,0,885,0,115,0,0,885,0,115,0,0,888,0,112,0,0,884,0,116,0,0,878,0,122,0,0,882,0,118,0,0,881,0,119,0,0,885,0,115,0,0,885,0,115,0,0,882,1,117,0,0,887,0,113,0,0,882,0,118,0,0,884,0,116,0,0,886,0,114,0,0,882,0,118,0,0,881,0,119,0,0,884,0,116,0,0,881,0,119,0,0,883,0,117,0,0,883,0,117,0,0,883,0,117,0,0,884,0,116,0,0,880,0,120,0,0
202,random,1.0,885,0,115,0,0,888,0,112,0,0,883,0,117,0,0,885,0,115,0,0,886,0,114,0,0,880,0,120,0,0,881,0,119,0,0,882,0,118,0,0,884,0,116,0,0,879,0,121,0,0,882,0,118,0,0,882,1,117,0,0,884,0,116,0,0,885,0,115,0,0,882,0,118,0,0,886,0,114,0,0,885,0,115,0,0,884,0,116,0,0,883,0,117,0,0,881,0,119,0,0,883,0,117,0,0,884,0,116,0,0,878,0,122,0,0,886,0,114,0,0,887,0,113,0,0,882,0,118,0,0,883,0,117,0,0,885,0,115,0,0,885,0,115,0,0,888,0,112,0,0,884,0,116,0,0,878,0,122,0,0,882,0,118,0,0,881,0,119,0,0,885,0,115,0,0,885,0,115,0,0,882,1,117,0,0,887,0,113,0,0,882,0,118,0,0,884,0,116,0,0,886,0,114,0,0,882,0,118,0,0,881,0,119,0,0,884,0,116,0,0,881,0,119,0,0,883,0,117,0,0,883,0,117,0,0,883,0,117,0,0,884,0,116,0,0,880,0,120,0,0
203,random,1.0,885,0,115,0,0,888,0,112,0,0,883,0,117,0,0,885,0,115,0,0,886,0,114,0,0,880,0,120,0,0,881,0,119,0,0,882,0,118,0,0,884,0,116,0,0,879,0,121,0,0,882,0,118,0,0,882,0,118,0,0,884,0,116,0,0,885,0,115,0,0,882,0,118,0,0,886,0,114,0,0,885,0,115,0,0,884,0,116,0,0,883,0,117,0,0,881,0,119,0,0,883,0,117,0,0,884,0,116,0,0,878,0,122,0,0,886,0,114,0,0,887,0,113,0,0,882,0,118,0,0,883,0,117,0,0,885,0,115,0,0,885,0,115,0,0,888,0,112,0,0,884,0,116,0,0,878,0,122,0,0,882,0,118,0,0,881,0,119,0,0,885,0,115,0,0,885,0,115,0,0,882,1,117,0,0,887,0,113,0,0,882,0,118,0,0,884,0,116,0,0,886,0,114,0,0,882,0,118,0,0,881,0,119,0,0,884,0,116,0,0,881,0,119,0,0,883,0,117,0,0,883,0,117,0,0,883,0,117,0,0,884,0,116,0,0,880,0,120,0,0
204,random,1.0,885,0,115,0,0,888,0,112,0,0,883,0,117,0,0,885,0,115,0,0,886,0,114,0,0,880,0,120,0,0,881,0,119,0,0,882,0,118,0,0,884,0,116,0,0,879,0,121,0,0,882,0,118,0,0,882,0,118,0,0,884,0,116,0,0,885,0,115,0,0,882,0,118,0,0,886,0,114,0,0,885,0,115,0,0,884,0,116,0,0,883,0,117,0,0,881,0,119,0,0,883,0,117,0,0,884,0,116,0,0,878,0,122,0,0,886,0,114,0,0,887,0,113,0,0,882,0,118,0,0,883,0,117,0,0,885,0,115,0,0,885,0,115,0,0,888,0,112,0,0,884,0,116,0,0,878,0,122,0,0,882,0,118,0,0,881,0,119,0,0,885,0,115,0,0,885,0,115,0,0,882,1,117,0,0,887,0,113,0,0,882,0,118,0,0,884,0,116,0,0,886,0,114,0,0,882,0,118,0,0,881,0,119,0,0,884,0,116,0,0,881,0,119,0,0,883,0,117,0,0,883,0,117,0,0,883,0,117,0,0,884,0,116,0,0,880,0,120,0,0
205,random,1.0,885,0,115,0,0,888,0,112,0,0,883,0,117,0,0,885,0,115,0,0,886,0,114,0,0,880,0,120,0,0,881,0,119,0,0,882,0,118,0,0,884,0,116,0,0,879,0,121,0,0,882,0,118,0,0,882,0,118,0,0,884,0,116,0,0,885,0,115,0,0,882,0,118,0,0,886,0,114,0,0,885,0,115,0,0,884,0,116,0,0,883,0,117,0,0,881,0,119,0,0,883,0,117,0,0,884,0,116,0,0,878,0,122,0,0,886,0,114,0,0,887,0,113,0,0,882,0,118,0,0,883,0,117,0,0,885,0,115,0,0,885,0,115,0,0,888,0,112,0,0,884,0,116,0,0,878,0,122,0,0,882,0,118,0,0,881,0,119,0,0,885,0,115,0,0,885,0,115,0,0,882,1,117,0,0,887,0,113,0,0,882,0,118,0,0,884,0,116,0,0,886,0,114,0,0,882,0,118,0,0,881,0,119,0,0,884,0,116,0,0,881,0,119,0,0,883,0,117,0,0,883,0,117,0,0,883,0,117,0,0,884,0,116,0,0,880,0,120,0,0
206,random,1.0,885,0,115,0,0,888,0,112,0,0,883,0,117,0,0,885,0,115,0,0,886,0,114,0,0,880,0,120,0,0,881,0,119,0,0,882,0,118,0,0,884,0,116,0,0,879,0,121,0,0,882,0,118,0,0,882,0,118,0,0,884,0,116,0,0,885,0,115,0,0,882,0,118,0,0,886,0,114,0,0,885,0,115,0,0,884,0,116,0,0,883,0,117,0,0,881,0,119,0,0,883,0,117,0,0,884,0,116,0,0,878,0,122,0,0,886,0,114,0,0,887,0,113,0,0,882,0,118,0,0,883,0,117,0,0,885,0,115,0,0,885,0,115,0,0,888,0,112,0,0,884,0,116,0,0,878,0,122,0,0,882,0,118,0,0,881,0,119,0,0,885,0,115,0,0,885,0,115,0,0,882,0,118,0,0,887,0,113,0,0,882,0,118,0,0,884,0,116,0,0,886,0,114,0,0,882,0,118,0,0,881,0,119,0,0,884,0,116,0,0,881,0,119,0,0,883,0,117,0,0,883,0,117,0,0,883,0,117,0,0,884,0,116,0,0,880,0,120,0,0
207,random,1.0,885,0,115,0,0,888,0,112,0,0,883,0,117,0,0,885,0,115,0,0,886,0,114,0,0,880,0,120,0,0,881,0,119,0,0,882,0,118,0,0,884,0,116,0,0,879,0,121,0,0,882,0,118,0,0,882,0,118,0,0,884,0,116,0,0,885,0,115,0,0,882,0,118,0,0,886,0,114,0,0,885,0,115,0,0,884,0,116,0,0,883,0,117,0,0,881,0,119,0,0,883,0,117,0,0,884,0,116,0,0,878,0,122,0,0,886,0,114,0,0,887,0,113,0,0,882,0,118,0,0,883,0,117,0,0,885,0,115,0,0,885,0,115,0,0,888,0,112,0,0,884,0,116,0,0,878,0,122,0,0,882,0,118,0,0,881,0,119,0,0,885,0,115,0,0,885,0,115,0,0,882,0,118,0,0,887,0,113,0,0,882,0,118,0,0,884,0,116,0,0,886,0,114,0,0,882,0,118,0,0,881,0,119,0,0,884,0,116,0,0,881,0,119,0,0,883,0,117,0,0,883,0,117,0,0,883,0,117,0,0,884,0,116,0,0,880,0,120,0,0
208,random,1.0,885,0,115,0,0,888,0,112,0,0,883,0,117,0,0,885,0,115,0,0,886,0,114,0,0,880,0,120,0,0,881,0,119,0,0,882,0,118,0,0,884,0,116,0,0,879,0,121,0,0,882,0,118,0,0,882,0,118,0,0,884,0,116,0,0,885,0,115,0,0,882,0,118,0,0,886,0,114,0,0,885,0,115,0,0,884,0,116,0,0,883,0,117,0,0,881,0,119,0,0,883,0,117,0,0,884,0,116,0,0,878,0,122,0,0,886,0,114,0,0,887,0,113,0,0,882,0,118,0,0,883,0,117,0,0,885,0,115,0,0,885,0,115,0,0,888,0,112,0,0,884,0,116,0,0,878,0,122,0,0,882,0,118,0,0,881,0,119,0,0,885,0,115,0,0,885,0,115,0,0,882,0,118,0,0,887,0,113,0,0,882,0,118,0,0,884,0,116,0,0,886,0,114,0,0,882,0,118,0,0,881,0,119,0,0,884,0,116,0,0,881,0,119,0,0,883,0,117,0,0,883,0,117,0,0,883,0,117,0,0,884,0,116,0,0,880,0,120,0,0
209,random,1.0,885,0,115,0,0,888,0,112,0,0,883,0,117,0,0,885,0,115,0,0,886,0,114,0,0,880,0,120,0,0,881,0,119,0,0,882,0,118,0,0,884,0,116,0,0,879,0,121,0,0,882,0,118,0,0,882,0,118,0,0,883,1,116,0,0,885,0,115,0,0,882,0,118,0,0,886,0,114,0,0,885,0,115,0,0,884,0,116,0,0,883,0,117,0,0,881,0,119,0,0,883,0,117,0,0,884,0,116,0,0,878,0,122,0,0,886,0,114,0,0,887,0,113,0,0,882,0,118,0,0,883,0,117,0,0,885,0,115,0,0,885,0,115,0,0,888,0,112,0,0,884,0,116,0,0,878,0,122,0,0,882,0,118,0,0,881,0,119,0,0,885,0,115,0,0,885,0,115,0,0,882,0,118,0,0,887,0,113,0,0,882,0,118,0,0,884,0,116,0,0,886,0,114,0,0,882,0,118,0,0,881,0,119,0,0,884,0,116,0,0,881,0,119,0,0,883,0,117,0,0,883,0,117,0,0,883,0,117,0,0,884,0,116,0,0,880,0,120,0,0
210,random,1.0,885,0,115,0,0,888,0,112,0,0,883,0,117,0,0,885,0,115,0,0,886,0,114,0,0,880,0,120,0,0,881,0,119,0,0,882,0,118,0,0,884,0,116,0,0,879,0,121,0,0,882,0,118,0,0,882,0,118,0,0,883,1,116,0,0,885,0,115,0,0,882,0,118,0,0,886,0,114,0,0,885,0,115,0,0,884,0,116,0,0,883,0,117,0,0,881,0,119,0,0,883,0,117,0,0,884,0,116,0,0,878,0,122,0,0,886,0,114,0,0,887,0,113,0,0,882,0,118,0,0,883,0,117,0,0,885,0,115,0,0,885,0,115,0,0,888,0,112,0,0,884,0,116,0,0,878,0,122,0,0,882,0,118,0,0,881,0,119,0,0,885,0,115,0,0,885,0,115,0,0,882,0,118,0,0,887,0,113,0,0,882,0,118,0,0,884,0,116,0,0,886,0,114,0,0,882,0,118,0,0,881,0,119,0,0,884,0,116,0,0,881,0,119,0,0,883,0,117,0,0,883,0,117,0,0,883,0,117,0,0,884,0,116,0,0,880,0,120,0,0
211,random,1.0,885,0,115,0,0,888,0,112,0,0,883,0,117,0,0,885,0,115,0,0,886,0,114,0,0,880,0,120,0,0,881,0,119,0,0,882,0,118,0,0,884,0,116,0,0,879,0,121,0,0,882,0,118,0,0,882,0,118,0,0,883,1,116,0,0,885,0,115,0,0,882,0,118,0,0,886,0,114,0,0,885,0,115,0,0,884,0,116,0,0,883,0,117,0,0,881,0,119,0,0,883,0,117,0,0,884,0,116,0,0,878,0,122,0,0,886,0,114,0,0,887,0,113,0,0,882,0,118,0,0,883,0,117,0,0,885,0,115,0,0,885,0,115,0,0,888,0,112,0,0,884,0,116,0,0,878,0,122,0,0,882,0,118,0,0,881,0,119,0,0,885,0,115,0,0,885,0,115,0,0,882,0,118,0,0,887,0,113,0,0,882,0,118,0,0,884,0,116,0,0,886,0,114,0,0,882,0,118,0,0,881,0,119,0,0,884,0,116,0,0,881,0,119,0,0,883,0,117,0,0,883,0,117,0,0,883,0,117,0,0,884,0,116,0,0,880,0,120,0,0
212,random,1.0,885,0,115,0,0,888,0,112,0,0,883,0,117,0,0,885,0,115,0,0,886,0,114,0,0,880,0,120,0,0,881,0,119,0,0,882,0,118,0,0,884,0,116,0,0,879,0,121,0,0,882,0,118,0,0,882,0,118,0,0,883,1,116,0,0,885,0,115,0,0,882,0,118,0,0,886,0,114,0,0,885,0,115,0,0,884,0,116,0,0,883,0,117,0,0,881,0,119,0,0,883,0,117,0,0,884,0,116,0,0,878,0,122,0,0,886,0,114,0,0,887,0,113,0,0,882,0,118,0,0,883,0,117,0,0,885,0,115,0,0,885,0,115,0,0,888,0,112,0,0,884,0,116,0,0,878,0,122,0,0,882,0,118,0,0,881,0,119,0,0,885,0,115,0,0,885,0,115,0,0,882,0,118,0,0,887,0,113,0,0,882,0,118,0,0,884,0,116,0,0,886,0,114,0,0,882,0,118,0,0,881,0,119,0,0,884,0,116,0,0,881,0,119,0,0,883,0,117,0,0,883,0,117,0,0,883,0,117,0,0,884,0,116,0,0,880,0,120,0,0
213,random,1.0,885,0,115,0,0,888,0,112,0,0,883,0,117,0,0,885,0,115,0,0,886,0,114,0,0,880,0,120,0,0,881,0,119,0,0,882,0,118,0,0,884,0,116,0,0,879,0,121,0,0,882,0,118,0,0,882,0,118,0,0,883,1,116,0,0,885,0,115,0,0,882,0,118,0,0,886,0,114,0,0,885,0,115,0,0,884,0,116,0,0,883,0,117,0,0,881,0,119,0,0,883,0,117,0,0,884,0,116,0,0,878,0,122,0,0,886,0,114,0,0,887,0,113,0,0,882,0,118,0,0,883,0,117,0,0,885,0,115,0,0,885,0,115,0,0,888,0,112,0,0,884,0,116,0,0,878,0,122,0,0,882,0,118,0,0,881,0,119,0,0,885,0,115,0,0,885,0,115,0,0,882,0,118,0,0,887,0,113,0,0,882,0,118,0,0,884,0,116,0,0,886,0,114,0,0,882,0,118,0,0,881,0,119,0,0,884,0,116,0,0,881,0,119,0,0,883,0,117,0,0,883,0,117,0,0,883,0,117,0,0,884,0,116,0,0,880,0,120,0,0
214,random,1.0,885,0,115,0,0,888,0,112,0,0,883,0,117,0,0,885,0,115,0,0,886,0,114,0,0,880,0,120,0,0,881,0,119,0,0,882,0,118,0,0,884,0,116,0,0,879,0,121,0,0,882,0,118,0,0,882,0,118,0,0,883,1,116,0,0,885,0,115,0,0,882,0,118,0,0,886,0,114,0,0,885,0,115,0,0,884,0,116,0,0,883,0,117,0,0,881,0,119,0,0,883,0,117,0,0,884,0,116,0,0,878,0,122,0,0,886,0,114,0,0,887,0,113,0,0,882,0,118,0,0,883,0,117,0,0,885,0,115,0,0,885,0,115,0,0,888,0,112,0,0,884,0,116,0,0,878,0,122,0,0,882,0,118,0,0,881,0,119,0,0,885,0,115,0,0,885,0,115,0,0,882,0,118,0,0,887,0,113,0,0,882,0,118,0,0,884,0,116,0,0,886,0,114,0,0,882,0,118,0,0,881,0,119,0,0,884,0,116,0,0,881,0,119,0,0,883,0,117,0,0,883,0,117,0,0,883,0,117,0,0,884,0,116,0,0,880,0,120,0,0
215,random,1.0,885,0,115,0,0,888,0,112,0,0,883,0,117,0,0,885,0,115,0,0,886,0,114,0,0,880,0,120,0,0,881,0,119,0,0,882,0,118,0,0,884,0,116,0,0,879,0,121,0,0,882,0,118,0,0,882,0,118,0,0,882,2,116,0,0,885,0,115,0,0,882,0,118,0,0,886,0,114,0,0,885,0,115,0,0,884,0,116,0,0,883,0,117,0,0,881,0,119,0,0,883,0,117,0,0,884,0,116,0,0,878,0,122,0,0,886,0,114,0,0,887,0,113,0,0,882,0,118,0,0,883,0,117,0,0,885,0,115,0,0,885,0,115,0,0,888,0,112,0,0,884,0,116,0,0,878,0,122,0,0,882,0,118,0,0,881,0,119,0,0,885,0,115,0,0,885,0,115,0,0,882,0,118,0,0,887,0,113,0,0,882,0,118,0,0,884,0,116,0,0,886,0,114,0,0,882,0,118,0,0,881,0,119,0,0,884,0,116,0,0,881,0,119,0,0,883,0,117,0,0,883,0,117,0,0,883,0,117,0,0,884,0,116,0,0,880,0,120,0,0
216,random,1.0,885,0,115,0,0,888,0,112,0,0,883,0,117,0,0,885,0,115,0,0,886,0,114,0,0,880,0,120,0,0,881,0,119,0,0,882,0,118,0,0,884,0,116,0,0,879,0,121,0,0,882,0,118,0,0,882,0,118,0,0,882,2,116,0,0,885,0,115,0,0,882,0,118,0,0,886,0,114,0,0,885,0,115,0,0,884,0,116,0,0,883,0,117,0,0,881,0,119,0,0,883,0,117,0,0,884,0,116,0,0,878,0,122,0,0,886,0,114,0,0,887,0,113,0,0,882,0,118,0,0,883,0,117,0,0,885,0,115,0,0,885,0,115,0,0,888,0,112,0,0,884,0,116,0,0,878,0,122,0,0,882,0,118,0,0,881,0,119,0,0,885,0,115,0,0,885,0,115,0,0,882,0,118,0,0,887,0,113,0,0,882,0,118,0,0,884,0,116,0,0,886,0,114,0,0,882,0,118,0,0,881,0,119,0,0,884,0,116,0,0,881,0,119,0,0,883,0,117,0,0,883,0,117,0,0,883,0,117,0,0,884,0,116,0,0,880,0,120,0,0
217,random,1.0,885,0,115,0,0,888,0,112,0,0,883,0,117,0,0,885,0,115,0,0,886,0,114,0,0,880,0,120,0,0,881,0,119,0,0,882,0,118,0,0,884,0,116,0,0,879,0,121,0,0,882,0,118,0,0,882,0,118,0,0,882,2,116,0,0,885,0,115,0,0,882,0,118,0,0,886,0,114,0,0,885,0,115,0,0,884,0,116,0,0,883,0,117,0,0,881,0,119,0,0,883,0,117,0,0,884,0,116,0,0,878,0,122,0,0,886,0,114,0,0,887,0,113,0,0,882,0,118,0,0,883,0,117,0,0,885,0,115,0,0,885,0,115,0,0,888,0,112,0,0,884,0,116,0,0,878,0,122,0,0,882,0,118,0,0,881,0,119,0,0,885,0,115,0,0,885,0,115,0,0,882,0,118,0,0,887,0,113,0,0,882,0,118,0,0,884,0,116,0,0,886,0,114,0,0,882,0,118,0,0,881,0,119,0,0,884,0,116,0,0,881,0,119,0,0,883,0,117,0,0,883,0,117,0,0,883,0,117,0,0,884,0,116,0,0,880,0,120,0,0
218,random,1.0,885,0,115,0,0,888,0,112,0,0,883,0,117,0,0,885,0,115,0,0,886,0,114,0,0,880,0,120,0,0,881,0,119,0,0,882,0,118,0,0,884,0,116,0,0,879,0,121,0,0,882,0,118,0,0,882,0,118,0,0,882,2,116,0,0,885,0,115,0,0,882,0,118,0,0,886,0,114,0,0,885,0,115,0,0,884,0,116,0,0,883,0,117,0,0,881,0,119,0,0,883,0,117,0,0,884,0,116,0,0,878,0,122,0,0,886,0,114,0,0,887,0,113,0,0,882,0,118,0,0,883,0,117,0,0,885,0,115,0,0,885,0,115,0,0,888,0,112,0,0,884,0,116,0,0,878,0,122,0,0,882,0,118,0,0,881,0,119,0,0,885,0,115,0,0,885,0,115,0,0,882,0,118,0,0,887,0,113,0,0,882,0,118,0,0,884,0,116,0,0,886,0,114,0,0,882,0,118,0,0,881,0,119,0,0,884,0,116,0,0,881,0,119,0,0,883,0,117,0,0,883,0,117,0,0,883,0,117,0,0,884,0,116,0,0,880,0,120,0,0
219,random,1.0,885,0,115,0,0,888,0,112,0,0,883,0,117,0,0,885,0,115,0,0,886,0,114,0,0,880,0,120,0,0,881,0,119,0,0,882,0,118,0,0,884,0,116,0,0,879,0,121,0,0,882,0,118,0,0,882,0,118,0,0,882,2,116,0,0,885,0,115,0,0,882,0,118,0,0,886,0,114,0,0,885,0,115,0,0,884,0,116,0,0,883,0,117,0,0,881,0,119,0,0,883,0,117,0,0,884,0,116,0,0,878,0,122,0,0,886,0,114,0,0,887,0,113,0,0,882,0,118,0,0,883,0,117,0,0,885,0,115,0,0,885,0,115,0,0,888,0,112,0,0,884,0,116,0,0,878,0,122,0,0,882,0,118,0,0,881,0,119,0,0,885,0,115,0,0,885,0,115,0,0,882,0,118,0,0,887,0,113,0,0,882,0,118,0,0,884,0,116,0,0,886,0,114,0,0,882,0,118,0,0,881,0,119,0,0,884,0,116,0,0,881,0,119,0,0,883,0,117,0,0,883,0,117,0,0,883,0,117,0,0,884,0,116,0,0,880,0,120,0,0
220,random,1.0,885,0,115,0,0,888,0,112,0,0,883,0,117,0,0,885,0,115,0,0,886,0,114,0,0,880,0,120,0,0,881,0,119,0,0,882,0,118,0,0,884,0,116,0,0,879,0,121,0,0,882,0,118,0,0,882,0,118,0,0,882,2,116,0,0,885,0,115,0,0,882,0,118,0,0,886,0,114,0,0,885,0,115,0,0,884,0,116,0,0,883,0,117,0,0,881,0,119,0,0,883,0,117,0,0,884,0,116,0,0,878,0,122,0,0,886,0,114,0,0,887,0,113,0,0,882,0,118,0,0,883,0,117,0,0,885,0,115,0,0,885,0,115,0,0,888,0,112,0,0,884,0,116,0,0,878,0,122,0,0,882,0,118,0,0,881,0,119,0,0,885,0,115,0,0,885,0,115,0,0,882,0,118,0,0,887,0,113,0,0,882,0,118,0,0,884,0,116,0,0,886,0,114,0,0,882,0,118,0,0,881,0,119,0,0,884,0,116,0,0,881,0,119,0,0,883,0,117,0,0,883,0,117,0,0,883,0,117,0,0,884,0,116,0,0,880,0,120,0,0
221,random,1.0,885,0,115,0,0,888,0,112,0,0,883,0,117,0,0,885,0,115,0,0,886,0,114,0,0,880,0,120,0,0,881,0,119,0,0,882,0,118,0,0,884,0,116,0,0,879,0,121,0,0,882,0,118,0,0,882,0,118,0,0,882,2,116,0,0,885,0,115,0,0,882,0,118,0,0,886,0,114,0,0,885,0,115,0,0,884,0,116,0,0,883,0,117,0,0,881,0,119,0,0,883,0,117,0,0,884,0,116,0,0,878,0,122,0,0,886,0,114,0,0,887,0,113,0,0,882,0,118,0,0,883,0,117,0,0,885,0,115,0,0,885,0,115,0,0,888,0,112,0,0,884,0,116,0,0,878,0,122,0,0,882,0,118,0,0,881,0,119,0,0,885,0,115,0,0,885,0,115,0,0,882,0,118,0,0,887,0,113,0,0,882,0,118,0,0,884,0,116,0,0,886,0,114,0,0,881,1,118,0,0,881,0,119,0,0,884,0,116,0,0,881,0,119,0,0,883,0,117,0,0,883,0,117,0,0,883,0,117,0,0,884,0,116,0,0,880,0,120,0,0
222,random,1.0,885,0,115,0,0,888,0,112,0,0,883,0,117,0,0,885,0,115,0,0,886,0,114,0,0,880,0,120,0,0,881,0,119,0,0,882,0,118,0,0,884,0,116,0,0,879,0,121,0,0,882,0,118,0,0,882,0,118,0,0,882,1,117,0,0,885,0,115,0,0,882,0,118,0,0,886,0,114,0,0,885,0,115,0,0,884,0,116,0,0,883,0,117,0,0,881,0,119,0,0,883,0,117,0,0,884,0,116,0,0,878,0,122,0,0,886,0,114,0,0,887,0,113,0,0,882,0,118,0,0,883,0,117,0,0,885,0,115,0,0,885,0,115,0,0,888,0,112,0,0,884,0,116,0,0,878,0,122,0,0,882,0,118,0,0,881,0,119,0,0,885,0,115,0,0,885,0,115,0,0,882,0,118,0,0,887,0,113,0,0,882,0,118,0,0,884,0,116,0,0,886,0,114,0,0,881,1,118,0,0,881,0,119,0,0,884,0,116,0,0,881,0,119,0,0,883,0,117,0,0,883,0,117,0,0,883,0,117,0,0,884,0,116,0,0,880,0,120,0,0
223,random,1.0,885,0,115,0,0,888,0,112,0,0,883,0,117,0,0,885,0,115,0,0,886,0,114,0,0,880,0,120,0,0,881,0,119,0,0,882,0,118,0,0,884,0,116,0,0,879,0,121,0,0,882,0,118,0,0,882,0,118,0,0,882,1,117,0,0,885,0,115,0,0,882,0,118,0,0,886,0,114,0,0,885,0,115,0,0,884,0,116,0,0,883,0,117,0,0,881,0,119,0,0,883,0,117,0,0,884,0,116,0,0,878,0,122,0,0,886,0,114,0,0,887,0,113,0,0,882,0,118,0,0,883,0,117,0,0,885,0,115,0,0,885,0,115,0,0,888,0,112,0,0,884,0,116,0,0,878,0,122,0,0,882,0,118,0,0,881,0,119,0,0,885,0,115,0,0,885,0,115,0,0,882,0,118,0,0,887,0,113,0,0,882,0,118,0,0,884,0,116,0,0,886,0,114,0,0,881,1,118,0,0,881,0,119,0,0,884,0,116,0,0,881,0,119,0,0,883,0,117,0,0,883,0,117,0,0,883,0,117,0,0,884,0,116,0,0,880,0,120,0,0
224,random,1.0,885,0,115,0,0,888,0,112,0,0,883,0,117,0,0,885,0,115,0,0,886,0,114,0,0,880,0,120,0,0,881,0,119,0,0,882,0,118,0,0,884,0,116,0,0,879,0,121,0,0,882,0,118,0,0,882,0,118,0,0,882,1,117,0,0,885,0,115,0,0,882,0,118,0,0,886,0,114,0,0,885,0,115,0,0,884,0,116,0,0,883,0,117,0,0,881,0,119,0,0,883,0,117,0,0,884,0,116,0,0,878,0,122,0,0,886,0,114,0,0,887,0,113,0,0,882,0,118,0,0,883,0,117,0,0,885,0,115,0,0,885,0,115,0,0,888,0,112,0,0,884,0,116,0,0,878,0,122,0,0,882,0,118,0,0,881,0,119,0,0,885,0,115,0,0,885,0,115,0,0,882,0,118,0,0,887,0,113,0,0,882,0,118,0,0,884,0,116,0,0,886,0,114,0,0,881,1,118,0,0,881,0,119,0,0,884,0,116,0,0,881,0,119,0,0,883,0,117,0,0,883,0,117,0,0,883,0,117,0,0,884,0,116,0,0,880,0,120,0,0
225,random,1.0,885,0,115,0,0,888,0,112,0,0,883,0,117,0,0,885,0,115,0,0,886,0,114,0,0,880,0,120,0,0,881,0,119,0,0,882,0,118,0,0,884,0,116,0,0,879,0,121,0,0,882,0,118,0,0,882,0,118,0,0,882,1,117,0,0,885,0,115,0,0,882,0,118,0,0,886,0,114,0,0,885,0,115,0,0,884,0,116,0,0,883,0,117,0,0,881,0,119,0,0,883,0,117,0,0,884,0,116,0,0,878,0,122,0,0,886,0,114,0,0,887,0,113,0,0,882,0,118,0,0,883,0,117,0,0,885,0,115,0,0,885,0,115,0,0,888,0,112,0,0,884,0,116,0,0,878,0,122,0,0,882,0,118,0,0,881,0,119,0,0,885,0,115,0,0,885,0,115,0,0,882,0,118,0,0,887,0,113,0,0,882,0,118,0,0,884,0,116,0,0,886,0,114,0,0,881,1,118,0,0,881,0,119,0,0,884,0,116,0,0,881,0,119,0,0,883,0,117,0,0,883,0,117,0,0,883,0,117,0,0,884,0,116,0,0,880,0,120,0,0
226,random,1.0,885,0,115,0,0,888,0,112,0,0,883,0,117,0,0,885,0,115,0,0,886,0,114,0,0,880,0,120,0,0,881,0,119,0,0,882,0,118,0,0,884,0,116,0,0,879,0,121,0,0,882,0,118,0,0,882,0,118,0,0,882,1,117,0,0,885,0,115,0,0,882,0,118,0,0,886,0,114,0,0,885,0,115,0,0,884,0,116,0,0,883,0,117,0,0,881,0,119,0,0,883,0,117,0,0,884,0,116,0,0,878,0,122,0,0,886,0,114,0,0,887,0,113,0,0,882,0,118,0,0,883,0,117,0,0,885,0,115,0,0,885,0,115,0,0,888,0,112,0,0,884,0,116,0,0,878,0,122,0,0,882,0,118,0,0,881,0,119,0,0,885,0,115,0,0,885,0,115,0,0,882,0,118,0,0,887,0,113,0,0,882,0,118,0,0,884,0,116,0,0,886,0,114,0,0,881,1,118,0,0,881,0,119,0,0,884,0,116,0,0,881,0,119,0,0,883,0,117,0,0,883,0,117,0,0,883,0,117,0,0,884,0,116,0,0,880,0,120,0,0
227,random,1.0,885,0,115,0,0,888,0,112,0,0,883,0,117,0,0,885,0,115,0,0,886,0,114,0,0,880,0,120,0,0,881,0,119,0,0,882,0,118,0,0,884,0,116,0,0,879,0,121,0,0,882,0,118,0,0,882,0,118,0,0,882,1,117,0,0,885,0,115,0,0,882,0,118,0,0,886,0,114,0,0,885,0,115,0,0,884,0,116,0,0,883,0,117,0,0,881,0,119,0,0,883,0,117,0,0,884,0,116,0,0,878,0,122,0,0,886,0,114,0,0,887,0,113,0,0,882,0,118,0,0,883,0,117,0,0,885,0,115,0,0,885,0,115,0,0,888,0,112,0,0,884,0,116,0,0,878,0,122,0,0,882,0,118,0,0,881,0,119,0,0,885,0,115,0,0,885,0,115,0,0,882,0,118,0,0,887,0,113,0,0,882,0,118,0,0,884,0,116,0,0,886,0,114,0,0,881,1,118,0,0,881,0,119,0,0,884,0,116,0,0,881,0,119,0,0,883,0,117,0,0,883,0,117,0,0,883,0,117,0,0,884,0,116,0,0,880,0,120,0,0
228,random,1.0,885,0,115,0,0,888,0,112,0,0,883,0,117,0,0,885,0,115,0,0,886,0,114,0,0,880,0,120,0,0,881,0,119,0,0,882,0,118,0,0,884,0,116,0,0,879,0,121,0,0,882,0,118,0,0,882,0,118,0,0,882,0,118,0,0,885,0,115,0,0,882,0,118,0,0,886,0,114,0,0,885,0,115,0,0,884,0,116,0,0,883,0,117,0,0,881,0,119,0,0,883,0,117,0,0,884,0,116,0,0,878,0,122,0,0,886,0,114,0,0,887,0,113,0,0,882,0,118,0,0,883,0,117,0,0,885,0,115,0,0,885,0,115,0,0,888,0,112,0,0,884,0,116,0,0,878,0,122,0,0,882,0,118,0,0,881,0,119,0,0,885,0,115,0,0,885,0,115,0,0,882,0,118,0,0,887,0,113,0,0,882,0,118,0,0,884,0,116,0,0,886,0,114,0,0,881,1,118,0,0,881,0,119,0,0,884,0,116,0,0,881,0,119,0,0,883,0,117,0,0,883,0,117,0,0,883,0,117,0,0,884,0,116,0,0,880,0,120,0,0
229,random,1.0,885,0,115,0,0,888,0,112,0,0,883,0,117,0,0,885,0,115,0,0,886,0,114,0,0,880,0,120,0,0,881,0,119,0,0,882,0,118,0,0,884,0,116,0,0,879,0,121,0,0,882,0,118,0,0,882,0,118,0,0,882,0,118,0,0,885,0,115,0,0,882,0,118,0,0,886,0,114,0,0,885,0,115,0,0,884,0,116,0,0,883,0,117,0,0,881,0,119,0,0,883,0,117,0,0,884,0,116,0,0,878,0,122,0,0,886,0,114,0,0,887,0,113,0,0,882,0,118,0,0,883,0,117,0,0,885,0,115,0,0,885,0,115,0,0,888,0,112,0,0,884,0,116,0,0,878,0,122,0,0,882,0,118,0,0,881,0,119,0,0,885,0,115,0,0,885,0,115,0,0,882,0,118,0,0,887,0,113,0,0,882,0,118,0,0,884,0,116,0,0,886,0,114,0,0,881,1,118,0,0,881,0,119,0,0,884,0,116,0,0,881,0,119,0,0,883,0,117,0,0,883,0,117,0,0,883,0,117,0,0,884,0,116,0,0,880,0,120,0,0
230,random,1.0,885,0,115,0,0,888,0,112,0,0,883,0,117,0,0,885,0,115,0,0,886,0,114,0,0,880,0,120,0,0,881,0,119,0,0,882,0,118,0,0,884,0,116,0,0,879,0,121,0,0,882,0,118,0,0,882,0,118,0,0,882,0,118,0,0,885,0,115,0,0,882,0,118,0,0,886,0,114,0,0,885,0,115,0,0,884,0,116,0,0,883,0,117,0,0,881,0,119,0,0,883,0,117,0,0,884,0,116,0,0,878,0,122,0,0,886,0,114,0,0,887,0,113,0,0,882,0,118,0,0,883,0,117,0,0,885,0,115,0,0,885,0,115,0,0,888,0,112,0,0,884,0,116,0,0,878,0,122,0,0,882,0,118,0,0,881,0,119,0,0,885,0,115,0,0,885,0,115,0,0,882,0,118,0,0,887,0,113,0,0,882,0,118,0,0,884,0,116,0,0,886,0,114,0,0,881,1,118,0,0,881,0,119,0,0,884,0,116,0,0,881,0,119,0,0,883,0,117,0,0,883,0,117,0,0,883,0,117,0,0,884,0,116,0,0,880,0,120,0,0
231,random,1.0,885,0,115,0,0,888,0,112,0,0,883,0,117,0,0,885,0,115,0,0,886,0,114,0,0,880,0,120,0,0,881,0,119,0,0,882,0,118,0,0,884,0,116,0,0,879,0,121,0,0,882,0,118,0,0,882,0,118,0,0,882,0,118,0,0,885,0,115,0,0,882,0,118,0,0,886,0,114,0,0,885,0,115,0,0,884,0,116,0,0,883,0,117,0,0,881,0,119,0,0,883,0,117,0,0,884,0,116,0,0,878,0,122,0,0,886,0,114,0,0,887,0,113,0,0,882,0,118,0,0,883,0,117,0,0,885,0,115,0,0,885,0,115,0,0,888,0,112,0,0,884,0,116,0,0,878,0,122,0,0,882,0,118,0,0,881,0,119,0,0,885,0,115,0,0,885,0,115,0,0,882,0,118,0,0,887,0,113,0,0,882,0,118,0,0,884,0,116,0,0,886,0,114,0,0,881,1,118,0,0,881,0,119,0,0,884,0,116,0,0,881,0,119,0,0,883,0,117,0,0,883,0,117,0,0,883,0,117,0,0,884,0,116,0,0,880,0,120,0,0
232,random,1.0,885,0,115,0,0,888,0,112,0,0,883,0,117,0,0,885,0,115,0,0,886,0,114,0,0,880,0,120,0,0,881,0,119,0,0,882,0,118,0,0,884,0,116,0,0,879,0,121,0,0,882,0,118,0,0,882,0,118,0,0,882,0,118,0,0,885,0,115,0,0,882,0,118,0,0,886,0,114,0,0,885,0,115,0,0,884,0,116,0,0,883,0,117,0,0,881,0,119,0,0,883,0,117,0,0,884,0,116,0,0,878,0,122,0,0,886,0,114,0,0,887,0,113,0,0,882,0,118,0,0,883,0,117,0,0,885,0,115,0,0,885,0,115,0,0,888,0,112,0,0,884,0,116,0,0,878,0,122,0,0,882,0,118,0,0,881,0,119,0,0,885,0,115,0,0,885,0,115,0,0,882,0,118,0,0,887,0,113,0,0,882,0,118,0,0,884,0,116,0,0,886,0,114,0,0,881,1,118,0,0,881,0,119,0,0,884,0,116,0,0,881,0,119,0,0,883,0,117,0,0,883,0,117,0,0,883,0,117,0,0,884,0,116,0,0,880,0,120,0,0
233,random,1.0,885,0,115,0,0,888,0,112,0,0,883,0,117,0,0,885,0,115,0,0,886,0,114,0,0,880,0,120,0,0,881,0,119,0,0,882,0,118,0,0,884,0,116,0,0,879,0,121,0,0,882,0,118,0,0,882,0,118,0,0,882,0,118,0,0,885,0,115,0,0,882,0,118,0,0,886,0,114,0,0,885,0,115,0,0,884,0,116,0,0,883,0,117,0,0,881,0,119,0,0,883,0,117,0,0,884,0,116,0,0,878,0,122,0,0,886,0,114,0,0,887,0,113,0,0,882,0,118,0,0,883,0,117,0,0,885,0,115,0,0,885,0,115,0,0,888,0,112,0,0,884,0,116,0,0,878,0,122,0,0,882,0,118,0,0,881,0,119,0,0,885,0,115,0,0,885,0,115,0,0,882,0,118,0,0,887,0,113,0,0,882,0,118,0,0,884,0,116,0,0,886,0,114,0,0,881,1,118,0,0,881,0,119,0,0,884,0,116,0,0,881,0,119,0,0,883,0,117,0,0,883,0,117,0,0,883,0,117,0,0,884,0,116,0,0,880,0,120,0,0
234,random,1.0,885,0,115,0,0,888,0,112,0,0,883,0,117,0,0,885,0,115,0,0,886,0,114,0,0,880,0,120,0,0,881,0,119,0,0,882,0,118,0,0,884,0,116,0,0,879,0,121,0,0,882,0,118,0,0,882,0,118,0,0,882,0,118,0,0,885,0,115,0,0,882,0,118,0,0,886,0,114,0,0,885,0,115,0,0,884,0,116,0,0,883,0,117,0,0,881,0,119,0,0,883,0,117,0,0,884,0,116,0,0,878,0,122,0,0,886,0,114,0,0,887,0,113,0,0,882,0,118,0,0,883,0,117,0,0,885,0,115,0,0,885,0,115,0,0,888,0,112,0,0,884,0,116,0,0,878,0,122,0,0,882,0,118,0,0,881,0,119,0,0,885,0,115,0,0,885,0,115,0,0,882,0,118,0,0,887,0,113,0,0,882,0,118,0,0,884,0,116,0,0,886,0,114,0,0,881,0,119,0,0,881,0,119,0,0,884,0,116,0,0,881,0,119,0,0,883,0,117,0,0,883,0,117,0,0,883,0,117,0,0,884,0,116,0,0,880,0,120,0,0
235,random,1.0,885,0,115,0,0,888,0,112,0,0,883,0,117,0,0,885,0,115,0,0,886,0,114,0,0,880,0,120,0,0,881,0,119,0,0,882,0,118,0,0,884,0,116,0,0,879,0,121,0,0,882,0,118,0,0,882,0,118,0,0,882,0,118,0,0,885,0,115,0,0,882,0,118,0,0,886,0,114,0,0,885,0,115,0,0,884,0,116,0,0,883,0,117,0,0,881,0,119,0,0,883,0,117,0,0,884,0,116,0,0,878,0,122,0,0,886,0,114,0,0,887,0,113,0,0,882,0,118,0,0,883,0,117,0,0,885,0,115,0,0,885,0,115,0,0,888,0,112,0,0,884,0,116,0,0,878,0,122,0,0,882,0,118,0,0,881,0,119,0,0,885,0,115,0,0,885,0,115,0,0,882,0,118,0,0,887,0,113,0,0,882,0,118,0,0,884,0,116,0,0,886,0,114,0,0,881,0,119,0,0,881,0,119,0,0,884,0,116,0,0,881,0,119,0,0,883,0,117,0,0,883,0,117,0,0,883,0,117,0,0,884,0,116,0,0,880,0,120,0,0
236,random,1.0,885,0,115,0,0,888,0,112,0,0,883,0,117,0,0,885,0,115,0,0,886,0,114,0,0,880,0,120,0,0,881,0,119,0,0,882,0,118,0,0,884,0,116,0,0,879,0,121,0,0,882,0,118,0,0,882,0,118,0,0,882,0,118,0,0,885,0,115,0,0,882,0,118,0,0,886,0,114,0,0,885,0,115,0,0,884,0,116,0,0,883,0,117,0,0,881,0,119,0,0,883,0,117,0,0,884,0,116,0,0,878,0,122,0,0,886,0,114,0,0,887,0,113,0,0,882,0,118,0,0,883,0,117,0,0,885,0,115,0,0,885,0,115,0,0,888,0,112,0,0,884,0,116,0,0,878,0,122,0,0,882,0,118,0,0,881,0,119,0,0,885,0,115,0,0,885,0,115,0,0,882,0,118,0,0,887,0,113,0,0,882,0,118,0,0,884,0,116,0,0,886,0,114,0,0,881,0,119,0,0,881,0,119,0,0,884,0,116,0,0,881,0,119,0,0,883,0,117,0,0,883,0,117,0,0,883,0,117,0,0,884,0,116,0,0,880,0,120,0,0
237,random,1.0,885,0,115,0,0,888,0,112,0,0,883,0,117,0,0,885,0,115,0,0,886,0,114,0,0,880,0,120,0,0,881,0,119,0,0,882,0,118,0,0,884,0,116,0,0,879,0,121,0,0,882,0,118,0,0,882,0,118,0,0,882,0,118,0,0,885,0,115,0,0,882,0,118,0,0,886,0,114,0,0,885,0,115,0,0,884,0,116,0,0,883,0,117,0,0,881,0,119,0,0,883,0,117,0,0,884,0,116,0,0,878,0,122,0,0,886,0,114,0,0,887,0,113,0,0,882,0,118,0,0,883,0,117,0,0,885,0,115,0,0,885,0,115,0,0,888,0,112,0,0,884,0,116,0,0,878,0,122,0,0,882,0,118,0,0,881,0,119,0,0,885,0,115,0,0,885,0,115,0,0,882,0,118,0,0,887,0,113,0,0,882,0,118,0,0,884,0,116,0,0,886,0,114,0,0,881,0,119,0,0,881,0,119,0,0,884,0,116,0,0,881,0,119,0,0,883,0,117,0,0,883,0,117,0,0,883,0,117,0,0,884,0,116,0,0,880,0,120,0,0
238,random,1.0,885,0,115,0,0,888,0,112,0,0,883,0,117,0,0,885,0,115,0,0,886,0,114,0,0,880,0,120,0,0,881,0,119,0,0,882,0,118,0,0,884,0,116,0,0,879,0,121,0,0,882,0,118,0,0,882,0,118,0,0,882,0,118,0,0,885,0,115,0,0,882,0,118,0,0,886,0,114,0,0,885,0,115,0,0,884,0,116,0,0,883,0,117,0,0,881,0,119,0,0,883,0,117,0,0,884,0,116,0,0,878,0,122,0,0,886,0,114,0,0,887,0,113,0,0,882,0,118,0,0,883,0,117,0,0,885,0,115,0,0,885,0,115,0,0,888,0,112,0,0,884,0,116,0,0,878,0,122,0,0,882,0,118,0,0,881,0,119,0,0,885,0,115,0,0,885,0,115,0,0,882,0,118,0,0,887,0,113,0,0,882,0,118,0,0,884,0,116,0,0,886,0,114,0,0,881,0,119,0,0,881,0,119,0,0,884,0,116,0,0,881,0,119,0,0,883,0,117,0,0,883,0,117,0,0,883,0,117,0,0,884,0,116,0,0,880,0,120,0,0
239,random,1.0,885,0,115,0,0,888,0,112,0,0,883,0,117,0,0,885,0,115,0,0,886,0,114,0,0,880,0,120,0,0,881,0,119,0,0,882,0,118,0,0,884,0,116,0,0,879,0,121,0,0,882,0,118,0,0,882,0,118,0,0,882,0,118,0,0,885,0,115,0,0,882,0,118,0,0,886,0,114,0,0,885,0,115,0,0,884,0,116,0,0,883,0,117,0,0,881,0,119,0,0,883,0,117,0,0,884,0,116,0,0,878,0,122,0,0,886,0,114,0,0,887,0,113,0,0,882,0,118,0,0,883,0,117,0,0,885,0,115,0,0,885,0,115,0,0,888,0,112,0,0,884,0,116,0,0,878,0,122,0,0,882,0,118,0,0,881,0,119,0,0,885,0,115,0,0,885,0,115,0,0,882,0,118,0,0,887,0,113,0,0,882,0,118,0,0,884,0,116,0,0,886,0,114,0,0,881,0,119,0,0,881,0,119,0,0,884,0,116,0,0,881,0,119,0,0,883,0,117,0,0,883,0,117,0,0,883,0,117,0,0,884,0,116,0,0,880,0,120,0,0
240,random,1.0,885,0,115,0,0,888,0,112,0,0,883,0,117,0,0,885,0,115,0,0,886,0,114,0,0,880,0,120,0,0,881,0,119,0,0,882,0,118,0,0,884,0,116,0,0,879,0,121,0,0,882,0,118,0,0,882,0,118,0,0,882,0,118,0,0,885,0,115,0,0,882,0,118,0,0,886,0,114,0,0,885,0,115,0,0,884,0,116,0,0,883,0,117,0,0,881,0,119,0,0,883,0,117,0,0,884,0,116,0,0,878,0,122,0,0,886,0,114,0,0,887,0,113,0,0,882,0,118,0,0,883,0,117,0,0,885,0,115,0,0,885,0,115,0,0,888,0,112,0,0,884,0,116,0,0,878,0,122,0,0,882,0,118,0,0,881,0,119,0,0,885,0,115,0,0,885,0,115,0,0,882,0,118,0,0,887,0,113,0,0,882,0,118,0,0,884,0,116,0,0,886,0,114,0,0,881,0,119,0,0,881,0,119,0,0,884,0,116,0,0,881,0,119,0,0,883,0,117,0,0,883,0,117,0,0,883,0,117,0,0,884,0,116,0,0,880,0,120,0,0
241,random,1.0,885,0,115,0,0,888,0,112,0,0,883,0,117,0,0,885,0,115,0,0,886,0,114,0,0,880,0,120,0,0,881,0,119,0,0,882,0,118,0,0,884,0,116,0,0,879,0,121,0,0,882,0,118,0,0,882,0,118,0,0,882,0,118,0,0,885,0,115,0,0,882,0,118,0,0,886,0,114,0,0,885,0,115,0,0,884,0,116,0,0,883,0,117,0,0,881,0,119,0,0,883,0,117,0,0,884,0,116,0,0,878,0,122,0,0,886,0,114,0,0,887,0,113,0,0,882,0,118,0,0,883,0,117,0,0,885,0,115,0,0,885,0,115,0,0,888,0,112,0,0,884,0,116,0,0,878,0,122,0,0,882,0,118,0,0,881,0,119,0,0,885,0,115,0,0,885,0,115,0,0,882,0,118,0,0,887,0,113,0,0,882,0,118,0,0,884,0,116,0,0,886,0,114,0,0,881,0,119,0,0,881,0,119,0,0,884,0,116,0,0,881,0,119,0,0,883,0,117,0,0,883,0,117,0,0,883,0,117,0,0,884,0,116,0,0,880,0,120,0,0
242,random,1.0,885,0,115,0,0,888,0,112,0,0,883,0,117,0,0,885,0,115,0,0,886,0,114,0,0,880,0,120,0,0,881,0,119,0,0,882,0,118,0,0,884,0,116,0,0,879,0,121,0,0,882,0,118,0,0,882,0,118,0,0,882,0,118,0,0,885,0,115,0,0,882,0,118,0,0,886,0,114,0,0,885,0,115,0,0,884,0,116,0,0,883,0,117,0,0,881,0,119,0,0,883,0,117,0,0,884,0,116,0,0,878,0,122,0,0,886,0,114,0,0,887,0,113,0,0,882,0,118,0,0,883,0,117,0,0,885,0,115,0,0,885,0,115,0,0,888,0,112,0,0,884,0,116,0,0,878,0,122,0,0,882,0,118,0,0,881,0,119,0,0,885,0,115,0,0,885,0,115,0,0,882,0,118,0,0,887,0,113,0,0,882,0,118,0,0,884,0,116,0,0,886,0,114,0,0,881,0,119,0,0,881,0,119,0,0,884,0,116,0,0,881,0,119,0,0,883,0,117,0,0,883,0,117,0,0,883,0,117,0,0,884,0,116,0,0,880,0,120,0,0
243,random,1.0,885,0,115,0,0,888,0,112,0,0,883,0,117,0,0,885,0,115,0,0,886,0,114,0,0,880,0,120,0,0,881,0,119,0,0,882,0,118,0,0,884,0,116,0,0,879,0,121,0,0,882,0,118,0,0,882,0,118,0,0,882,0,118,0,0,885,0,115,0,0,882,0,118,0,0,886,0,114,0,0,885,0,115,0,0,884,0,116,0,0,883,0,117,0,0,881,0,119,0,0,883,0,117,0,0,884,0,116,0,0,878,0,122,0,0,886,0,114,0,0,887,0,113,0,0,882,0,118,0,0,883,0,117,0,0,885,0,115,0,0,885,0,115,0,0,888,0,112,0,0,884,0,116,0,0,878,0,122,0,0,882,0,118,0,0,881,0,119,0,0,885,0,115,0,0,885,0,115,0,0,882,0,118,0,0,887,0,113,0,0,882,0,118,0,0,884,0,116,0,0,886,0,114,0,0,881,0,119,0,0,881,0,119,0,0,884,0,116,0,0,881,0,119,0,0,883,0,117,0,0,883,0,117,0,0,883,0,117,0,0,884,0,116,0,0,880,0,120,0,0
244,random,1.0,885,0,115,0,0,888,0,112,0,0,883,0,117,0,0,885,0,115,0,0,886,0,114,0,0,880,0,120,0,0,881,0,119,0,0,882,0,118,0,0,884,0,116,0,0,879,0,121,0,0,882,0,118,0,0,882,0,118,0,0,882,0,118,0,0,885,0,115,0,0,882,0,118,0,0,886,0,114,0,0,885,0,115,0,0,884,0,116,0,0,883,0,117,0,0,881,0,119,0,0,883,0,117,0,0,884,0,116,0,0,878,0,122,0,0,886,0,114,0,0,887,0,113,0,0,882,0,118,0,0,883,0,117,0,0,885,0,115,0,0,885,0,115,0,0,888,0,112,0,0,884,0,116,0,0,878,0,122,0,0,882,0,118,0,0,881,0,119,0,0,885,0,115,0,0,885,0,115,0,0,882,0,118,0,0,887,0,113,0,0,882,0,118,0,0,884,0,116,0,0,886,0,114,0,0,881,0,119,0,0,881,0,119,0,0,884,0,116,0,0,881,0,119,0,0,883,0,117,0,0,883,0,117,0,0,883,0,117,0,0,884,0,116,0,0,880,0,120,0,0
245,random,1.0,885,0,115,0,0,888,0,112,0,0,883,0,117,0,0,885,0,115,0,0,886,0,114,0,0,880,0,120,0,0,881,0,119,0,0,882,0,118,0,0,884,0,116,0,0,879,0,121,0,0,882,0,118,0,0,882,0,118,0,0,882,0,118,0,0,885,0,115,0,0,882,0,118,0,0,886,0,114,0,0,885,0,115,0,0,884,0,116,0,0,883,0,117,0,0,881,0,119,0,0,883,0,117,0,0,884,0,116,0,0,878,0,122,0,0,886,0,114,0,0,887,0,113,0,0,882,0,118,0,0,883,0,117,0,0,885,0,115,0,0,885,0,115,0,0,888,0,112,0,0,884,0,116,0,0,878,0,122,0,0,882,0,118,0,0,881,0,119,0,0,885,0,115,0,0,885,0,115,0,0,882,0,118,0,0,887,0,113,0,0,882,0,118,0,0,884,0,116,0,0,886,0,114,0,0,881,0,119,0,0,881,0,119,0,0,884,0,116,0,0,881,0,119,0,0,883,0,117,0,0,883,0,117,0,0,883,0,117,0,0,884,0,116,0,0,880,0,120,0,0
246,random,1.0,885,0,115,0,0,888,0,112,0,0,883,0,117,0,0,885,0,115,0,0,886,0,114,0,0,880,0,120,0,0,881,0,119,0,0,882,0,118,0,0,884,0,116,0,0,879,0,121,0,0,882,0,118,0,0,882,0,118,0,0,882,0,118,0,0,885,0,115,0,0,882,0,118,0,0,886,0,114,0,0,885,0,115,0,0,884,0,116,0,0,883,0,117,0,0,881,0,119,0,0,883,0,117,0,0,884,0,116,0,0,878,0,122,0,0,886,0,114,0,0,887,0,113,0,0,882,0,118,0,0,883,0,117,0,0,885,0,115,0,0,885,0,115,0,0,888,0,112,0,0,884,0,116,0,0,878,0,122,0,0,882,0,118,0,0,881,0,119,0,0,885,0,115,0,0,885,0,115,0,0,882,0,118,0,0,887,0,113,0,0,882,0,118,0,0,884,0,116,0,0,886,0,114,0,0,881,0,119,0,0,881,0,119,0,0,884,0,116,0,0,881,0,119,0,0,883,0,117,0,0,883,0,117,0,0,883,0,117,0,0,884,0,116,0,0,880,0,120,0,0
247,random,1.0,885,0,115,0,0,888,0,112,0,0,883,0,117,0,0,885,0,115,0,0,886,0,114,0,0,880,0,120,0,0,881,0,119,0,0,882,0,118,0,0,884,0,116,0,0,879,0,121,0,0,882,0,118,0,0,882,0,118,0,0,882,0,118,0,0,885,0,115,0,0,882,0,118,0,0,886,0,114,0,0,885,0,115,0,0,884,0,116,0,0,883,0,117,0,0,881,0,119,0,0,883,0,117,0,0,884,0,116,0,0,878,0,122,0,0,886,0,114,0,0,887,0,113,0,0,882,0,118,0,0,883,0,117,0,0,885,0,115,0,0,885,0,115,0,0,888,0,112,0,0,884,0,116,0,0,878,0,122,0,0,882,0,118,0,0,881,0,119,0,0,885,0,115,0,0,885,0,115,0,0,882,0,118,0,0,887,0,113,0,0,882,0,118,0,0,884,0,116,0,0,886,0,114,0,0,881,0,119,0,0,881,0,119,0,0,884,0,116,0,0,881,0,119,0,0,883,0,117,0,0,883,0,117,0,0,883,0,117,0,0,884,0,116,0,0,880,0,120,0,0
248,random,1.0,885,0,115,0,0,888,0,112,0,0,883,0,117,0,0,885,0,115,0,0,886,0,114,0,0,880,0,120,0,0,881,0,119,0,0,882,0,118,0,0,884,0,116,0,0,879,0,121,0,0,882,0,118,0,0,882,0,118,0,0,882,0,118,0,0,885,0,115,0,0,882,0,118,0,0,886,0,114,0,0,885,0,115,0,0,884,0,116,0,0,883,0,117,0,0,881,0,119,0,0,883,0,117,0,0,884,0,116,0,0,878,0,122,0,0,886,0,114,0,0,887,0,113,0,0,882,0,118,0,0,883,0,117,0,0,885,0,115,0,0,885,0,115,0,0,888,0,112,0,0,884,0,116,0,0,878,0,122,0,0,882,0,118,0,0,881,0,119,0,0,885,0,115,0,0,885,0,115,0,0,882,0,118,0,0,887,0,113,0,0,882,0,118,0,0,884,0,116,0,0,886,0,114,0,0,881,0,119,0,0,881,0,119,0,0,884,0,116,0,0,881,0,119,0,0,883,0,117,0,0,883,0,117,0,0,883,0,117,0,0,884,0,116,0,0,880,0,120,0,0
249,random,1.0,885,0,115,0,0,888,0,112,0,0,883,0,117,0,0,885,0,115,0,0,886,0,114,0,0,880,0,120,0,0,881,0,119,0,0,882,0,118,0,0,884,0,116,0,0,879,0,121,0,0,882,0,118,0,0,882,0,118,0,0,882,0,118,0,0,885,0,115,0,0,882,0,118,0,0,886,0,114,0,0,885,0,115,0,0,884,0,116,0,0,883,0,117,0,0,881,0,119,0,0,883,0,117,0,0,884,0,116,0,0,878,0,122,0,0,886,0,114,0,0,887,0,113,0,0,882,0,118,0,0,883,0,117,0,0,885,0,115,0,0,885,0,115,0,0,888,0,112,0,0,884,0,116,0,0,878,0,122,0,0,882,0,118,0,0,881,0,119,0,0,885,0,115,0,0,885,0,115,0,0,882,0,118,0,0,887,0,113,0,0,882,0,118,0,0,884,0,116,0,0,886,0,114,0,0,881,0,119,0,0,881,0,119,0,0,884,0,116,0,0,881,0,119,0,0,883,0,117,0,0,883,0,117,0,0,883,0,117,0,0,884,0,116,0,0,880,0,120,0,0
250,random,1.0,885,0,115,0,0,888,0,112,0,0,883,0,117,0,0,885,0,115,0,0,886,0,114,0,0,880,0,120,0,0,881,0,119,0,0,882,0,118,0,0,884,0,116,0,0,879,0,121,0,0,882,0,118,0,0,882,0,118,0,0,882,0,118,0,0,885,0,115,0,0,882,0,118,0,0,886,0,114,0,0,885,0,115,0,0,884,0,116,0,0,883,0,117,0,0,881,0,119,0,0,883,0,117,0,0,884,0,116,0,0,878,0,122,0,0,886,0,114,0,0,887,0,113,0,0,882,0,118,0,0,883,0,117,0,0,885,0,115,0,0,885,0,115,0,0,888,0,112,0,0,884,0,116,0,0,878,0,122,0,0,882,0,118,0,0,881,0,119,0,0,885,0,115,0,0,885,0,115,0,0,882,0,118,0,0,887,0,113,0,0,882,0,118,0,0,884,0,116,0,0,886,0,114,0,0,881,0,119,0,0,881,0,119,0,0,884,0,116,0,0,881,0,119,0,0,883,0,117,0,0,883,0,117,0,0,883,0,117,0,0,884,0,116,0,0,880,0,120,0,0
251,random,1.0,885,0,115,0,0,888,0,112,0,0,883,0,117,0,0,885,0,115,0,0,886,0,114,0,0,880,0,120,0,0,881,0,119,0,0,882,0,118,0,0,884,0,116,0,0,879,0,121,0,0,882,0,118,0,0,882,0,118,0,0,882,0,118,0,0,885,0,115,0,0,882,0,118,0,0,886,0,114,0,0,885,0,115,0,0,884,0,116,0,0,883,0,117,0,0,881,0,119,0,0,883,0,117,0,0,884,0,116,0,0,878,0,122,0,0,886,0,114,0,0,887,0,113,0,0,882,0,118,0,0,883,0,117,0,0,885,0,115,0,0,885,0,115,0,0,888,0,112,0,0,884,0,116,0,0,878,0,122,0,0,882,0,118,0,0,881,0,119,0,0,885,0,115,0,0,885,0,115,0,0,882,0,118,0,0,887,0,113,0,0,882,0,118,0,0,884,0,116,0,0,886,0,114,0,0,881,0,119,0,0,881,0,119,0,0,884,0,116,0,0,881,0,119,0,0,883,0,117,0,0,883,0,117,0,0,883,0,117,0,0,884,0,116,0,0,880,0,120,0,0
252,random,1.0,885,0,115,0,0,888,0,112,0,0,883,0,117,0,0,885,0,115,0,0,886,0,114,0,0,880,0,120,0,0,881,0,119,0,0,882,0,118,0,0,884,0,116,0,0,879,0,121,0,0,882,0,118,0,0,882,0,118,0,0,882,0,118,0,0,885,0,115,0,0,882,0,118,0,0,886,0,114,0,0,885,0,115,0,0,884,0,116,0,0,883,0,117,0,0,881,0,119,0,0,883,0,117,0,0,884,0,116,0,0,878,0,122,0,0,886,0,114,0,0,887,0,113,0,0,882,0,118,0,0,883,0,117,0,0,885,0,115,0,0,885,0,115,0,0,888,0,112,0,0,884,0,116,0,0,878,0,122,0,0,882,0,118,0,0,881,0,119,0,0,885,0,115,0,0,885,0,115,0,0,882,0,118,0,0,887,0,113,0,0,882,0,118,0,0,884,0,116,0,0,886,0,114,0,0,881,0,119,0,0,881,0,119,0,0,884,0,116,0,0,881,0,119,0,0,883,0,117,0,0,883,0,117,0,0,883,0,117,0,0,884,0,116,0,0,880,0,120,0,0
253,random,1.0,885,0,115,0,0,888,0,112,0,0,883,0,117,0,0,885,0,115,0,0,886,0,114,0,0,880,0,120,0,0,881,0,119,0,0,882,0,118,0,0,884,0,116,0,0,879,0,121,0,0,882,0,118,0,0,882,0,118,0,0,882,0,118,0,0,885,0,115,0,0,882,0,118,0,0,886,0,114,0,0,885,0,115,0,0,884,0,116,0,0,883,0,117,0,0,881,0,119,0,0,883,0,117,0,0,884,0,116,0,0,878,0,122,0,0,886,0,114,0,0,887,0,113,0,0,882,0,118,0,0,883,0,117,0,0,885,0,115,0,0,885,0,115,0,0,888,0,112,0,0,884,0,116,0,0,878,0,122,0,0,882,0,118,0,0,881,0,119,0,0,885,0,115,0,0,885,0,115,0,0,882,0,118,0,0,887,0,113,0,0,882,0,118,0,0,884,0,116,0,0,886,0,114,0,0,881,0,119,0,0,881,0,119,0,0,884,0,116,0,0,881,0,119,0,0,883,0,117,0,0,883,0,117,0,0,883,0,117,0,0,884,0,116,0,0,880,0,120,0,0
254,random,1.0,885,0,115,0,0,888,0,112,0,0,883,0,117,0,0,885,0,115,0,0,886,0,114,0,0,880,0,120,0,0,881,0,119,0,0,882,0,118,0,0,884,0,116,0,0,879,0,121,0,0,882,0,118,0,0,882,0,118,0,0,882,0,118,0,0,885,0,115,0,0,882,0,118,0,0,886,0,114,0,0,885,0,115,0,0,884,0,116,0,0,883,0,117,0,0,881,0,119,0,0,883,0,117,0,0,884,0,116,0,0,878,0,122,0,0,886,0,114,0,0,887,0,113,0,0,882,0,118,0,0,883,0,117,0,0,885,0,115,0,0,885,0,115,0,0,888,0,112,0,0,884,0,116,0,0,878,0,122,0,0,882,0,118,0,0,881,0,119,0,0,885,0,115,0,0,885,0,115,0,0,882,0,118,0,0,887,0,113,0,0,882,0,118,0,0,884,0,116,0,0,886,0,114,0,0,881,0,119,0,0,881,0,119,0,0,884,0,116,0,0,881,0,119,0,0,883,0,117,0,0,883,0,117,0,0,883,0,117,0,0,884,0,116,0,0,880,0,120,0,0
255,random,1.0,885,0,115,0,0,888,0,112,0,0,883,0,117,0,0,885,0,115,0,0,886,0,114,0,0,880,0,120,0,0,881,0,119,0,0,882,0,118,0,0,884,0,116,0,0,879,0,121,0,0,882,0,118,0,0,882,0,118,0,0,882,0,118,0,0,885,0,115,0,0,882,0,118,0,0,886,0,114,0,0,885,0,115,0,0,884,0,116,0,0,883,0,117,0,0,881,0,119,0,0,883,0,117,0,0,884,0,116,0,0,878,0,122,0,0,886,0,114,0,0,887,0,113,0,0,882,0,118,0,0,883,0,117,0,0,885,0,115,0,0,885,0,115,0,0,888,0,112,0,0,884,0,116,0,0,878,0,122,0,0,882,0,118,0,0,881,0,119,0,0,885,0,115,0,0,885,0,115,0,0,882,0,118,0,0,887,0,113,0,0,882,0,118,0,0,884,0,116,0,0,886,0,114,0,0,881,0,119,0,0,881,0,119,0,0,884,0,116,0,0,881,0,119,0,0,883,0,117,0,0,883,0,117,0,0,883,0,117,0,0,884,0,116,0,0,880,0,120,0,0
256,random,1.0,885,0,115,0,0,888,0,112,0,0,883,0,117,0,0,885,0,115,0,0,886,0,114,0,0,880,0,120,0,0,881,0,119,0,0,882,0,118,0,0,884,0,116,0,0,879,0,121,0,0,882,0,118,0,0,882,0,118,0,0,882,0,118,0,0,885,0,115,0,0,882,0,118,0,0,886,0,114,0,0,885,0,115,0,0,884,0,116,0,0,883,0,117,0,0,881,0,119,0,0,883,0,117,0,0,884,0,116,0,0,878,0,122,0,0,886,0,114,0,0,887,0,113,0,0,882,0,118,0,0,883,0,117,0,0,885,0,115,0,0,885,0,115,0,0,888,0,112,0,0,884,0,116,0,0,878,0,122,0,0,882,0,118,0,0,881,0,119,0,0,885,0,115,0,0,885,0,115,0,0,882,0,118,0,0,887,0,113,0,0,882,0,118,0,0,884,0,116,0,0,886,0,114,0,0,881,0,119,0,0,881,0,119,0,0,884,0,116,0,0,881,0,119,0,0,883,0,117,0,0,883,0,117,0,0,883,0,117,0,0,884,0,116,0,0,880,0,120,0,0
257,random,1.0,885,0,115,0,0,888,0,112,0,0,883,0,117,0,0,885,0,115,0,0,886,0,114,0,0,880,0,120,0,0,881,0,119,0,0,882,0,118,0,0,884,0,116,0,0,879,0,121,0,0,882,0,118,0,0,882,0,118,0,0,882,0,118,0,0,885,0,115,0,0,882,0,118,0,0,886,0,114,0,0,885,0,115,0,0,884,0,116,0,0,883,0,117,0,0,881,0,119,0,0,883,0,117,0,0,884,0,116,0,0,878,0,122,0,0,886,0,114,0,0,887,0,113,0,0,882,0,118,0,0,883,0,117,0,0,885,0,115,0,0,885,0,115,0,0,888,0,112,0,0,884,0,116,0,0,878,0,122,0,0,882,0,118,0,0,881,0,119,0,0,885,0,115,0,0,885,0,115,0,0,882,0,118,0,0,887,0,113,0,0,882,0,118,0,0,884,0,116,0,0,886,0,114,0,0,881,0,119,0,0,881,0,119,0,0,884,0,116,0,0,881,0,119,0,0,883,0,117,0,0,883,0,117,0,0,883,0,117,0,0,884,0,116,0,0,880,0,120,0,0
258,random,1.0,885,0,115,0,0,888,0,112,0,0,883,0,117,0,0,885,0,115,0,0,886,0,114,0,0,880,0,120,0,0,881,0,119,0,0,882,0,118,0,0,884,0,116,0,0,879,0,121,0,0,882,0,118,0,0,882,0,118,0,0,882,0,118,0,0,885,0,115,0,0,882,0,118,0,0,886,0,114,0,0,885,0,115,0,0,884,0,116,0,0,883,0,117,0,0,881,0,119,0,0,883,0,117,0,0,884,0,116,0,0,878,0,122,0,0,886,0,114,0,0,887,0,113,0,0,881,1,118,0,0,883,0,117,0,0,885,0,115,0,0,885,0,115,0,0,888,0,112,0,0,884,0,116,0,0,878,0,122,0,0,882,0,118,0,0,881,0,119,0,0,885,0,115,0,0,885,0,115,0,0,882,0,118,0,0,887,0,113,0,0,882,0,118,0,0,884,0,116,0,0,886,0,114,0,0,881,0,119,0,0,881,0,119,0,0,884,0,116,0,0,881,0,119,0,0,883,0,117,0,0,883,0,117,0,0,883,0,117,0,0,884,0,116,0,0,880,0,120,0,0
259,random,1.0,885,0,115,0,0,888,0,112,0,0,883,0,117,0,0,885,0,115,0,0,886,0,114,0,0,880,0,120,0,0,881,0,119,0,0,882,0,118,0,0,884,0,116,0,0,879,0,121,0,0,882,0,118,0,0,882,0,118,0,0,882,0,118,0,0,885,0,115,0,0,882,0,118,0,0,886,0,114,0,0,885,0,115,0,0,884,0,116,0,0,883,0,117,0,0,881,0,119,0,0,883,0,117,0,0,884,0,116,0,0,878,0,122,0,0,886,0,114,0,0,887,0,113,0,0,881,1,118,0,0,883,0,117,0,0,885,0,115,0,0,885,0,115,0,0,888,0,112,0,0,884,0,116,0,0,878,0,122,0,0,882,0,118,0,0,881,0,119,0,0,885,0,115,0,0,885,0,115,0,0,882,0,118,0,0,887,0,113,0,0,882,0,118,0,0,884,0,116,0,0,886,0,114,0,0,881,0,119,0,0,881,0,119,0,0,884,0,116,0,0,881,0,119,0,0,883,0,117,0,0,883,0,117,0,0,883,0,117,0,0,884,0,116,0,0,880,0,120,0,0
260,random,1.0,885,0,115,0,0,888,0,112,0,0,883,0,117,0,0,885,0,115,0,0,886,0,114,0,0,880,0,120,0,0,881,0,119,0,0,882,0,118,0,0,884,0,116,0,0,879,0,121,0,0,882,0,118,0,0,882,0,118,0,0,882,0,118,0,0,885,0,115,0,0,882,0,118,0,0,886,0,114,0,0,885,0,115,0,0,884,0,116,0,0,883,0,117,0,0,881,0,119,0,0,883,0,117,0,0,884,0,116,0,0,878,0,122,0,0,886,0,114,0,0,887,0,113,0,0,881,1,118,0,0,883,0,117,0,0,885,0,115,0,0,885,0,115,0,0,888,0,112,0,0,884,0,116,0,0,878,0,122,0,0,882,0,118,0,0,881,0,119,0,0,885,0,115,0,0,885,0,115,0,0,882,0,118,0,0,887,0,113,0,0,882,0,118,0,0,884,0,116,0,0,886,0,114,0,0,881,0,119,0,0,881,0,119,0,0,884,0,116,0,0,881,0,119,0,0,883,0,117,0,0,883,0,117,0,0,883,0,117,0,0,884,0,116,0,0,880,0,120,0,0
261,random,1.0,885,0,115,0,0,888,0,112,0,0,883,0,117,0,0,885,0,115,0,0,886,0,114,0,0,880,0,120,0,0,881,0,119,0,0,882,0,118,0,0,884,0,116,0,0,879,0,121,0,0,882,0,118,0,0,882,0,118,0,0,882,0,118,0,0,885,0,115,0,0,882,0,118,0,0,886,0,114,0,0,885,0,115,0,0,884,0,116,0,0,883,0,117,0,0,881,0,119,0,0,883,0,117,0,0,884,0,116,0,0,878,0,122,0,0,886,0,114,0,0,887,0,113,0,0,881,1,118,0,0,883,0,117,0,0,885,0,115,0,0,885,0,115,0,0,888,0,112,0,0,884,0,116,0,0,878,0,122,0,0,882,0,118,0,0,881,0,119,0,0,885,0,115,0,0,885,0,115,0,0,882,0,118,0,0,887,0,113,0,0,882,0,118,0,0,884,0,116,0,0,886,0,114,0,0,881,0,119,0,0,881,0,119,0,0,884,0,116,0,0,881,0,119,0,0,883,0,117,0,0,883,0,117,0,0,883,0,117,0,0,884,0,116,0,0,880,0,120,0,0
262,random,1.0,885,0,115,0,0,888,0,112,0,0,883,0,117,0,0,885,0,115,0,0,886,0,114,0,0,880,0,120,0,0,881,0,119,0,0,882,0,118,0,0,884,0,116,0,0,879,0,121,0,0,882,0,118,0,0,882,0,118,0,0,882,0,118,0,0,885,0,115,0,0,882,0,118,0,0,886,0,114,0,0,885,0,115,0,0,884,0,116,0,0,883,0,117,0,0,881,0,119,0,0,883,0,117,0,0,884,0,116,0,0,878,0,122,0,0,886,0,114,0,0,887,0,113,0,0,881,1,118,0,0,883,0,117,0,0,885,0,115,0,0,885,0,115,0,0,888,0,112,0,0,884,0,116,0,0,878,0,122,0,0,882,0,118,0,0,881,0,119,0,0,885,0,115,0,0,885,0,115,0,0,882,0,118,0,0,887,0,113,0,0,882,0,118,0,0,884,0,116,0,0,886,0,114,0,0,881,0,119,0,0,881,0,119,0,0,884,0,116,0,0,881,0,119,0,0,883,0,117,0,0,883,0,117,0,0,883,0,117,0,0,884,0,116,0,0,880,0,120,0,0
263,random,1.0,885,0,115,0,0,888,0,112,0,0,883,0,117,0,0,885,0,115,0,0,886,0,114,0,0,880,0,120,0,0,881,0,119,0,0,882,0,118,0,0,884,0,116,0,0,879,0,121,0,0,882,0,118,0,0,882,0,118,0,0,882,0,118,0,0,885,0,115,0,0,882,0,118,0,0,886,0,114,0,0,885,0,115,0,0,884,0,116,0,0,883,0,117,0,0,881,0,119,0,0,883,0,117,0,0,884,0,116,0,0,878,0,122,0,0,886,0,114,0,0,887,0,113,0,0,881,1,118,0,0,883,0,117,0,0,885,0,115,0,0,885,0,115,0,0,888,0,112,0,0,884,0,116,0,0,878,0,122,0,0,882,0,118,0,0,881,0,119,0,0,885,0,115,0,0,885,0,115,0,0,882,0,118,0,0,887,0,113,0,0,882,0,118,0,0,884,0,116,0,0,886,0,114,0,0,881,0,119,0,0,881,0,119,0,0,884,0,116,0,0,881,0,119,0,0,883,0,117,0,0,883,0,117,0,0,883,0,117,0,0,884,0,116,0,0,880,0,120,0,0
264,random,1.0,885,0,115,0,0,888,0,112,0,0,883,0,117,0,0,885,0,115,0,0,886,0,114,0,0,880,0,120,0,0,881,0,119,0,0,882,0,118,0,0,884,0,116,0,0,879,0,121,0,0,882,0,118,0,0,882,0,118,0,0,882,0,118,0,0,885,0,115,0,0,882,0,118,0,0,886,0,114,0,0,885,0,115,0,0,884,0,116,0,0,883,0,117,0,0,881,0,119,0,0,883,0,117,0,0,884,0,116,0,0,878,0,122,0,0,886,0,114,0,0,887,0,113,0,0,881,1,118,0,0,883,0,117,0,0,885,0,115,0,0,885,0,115,0,0,888,0,112,0,0,884,0,116,0,0,878,0,122,0,0,882,0,118,0,0,881,0,119,0,0,885,0,115,0,0,885,0,115,0,0,882,0,118,0,0,887,0,113,0,0,882,0,118,0,0,884,0,116,0,0,886,0,114,0,0,881,0,119,0,0,881,0,119,0,0,884,0,116,0,0,881,0,119,0,0,883,0,117,0,0,883,0,117,0,0,883,0,117,0,0,884,0,116,0,0,880,0,120,0,0
265,random,1.0,885,0,115,0,0,888,0,112,0,0,883,0,117,0,0,885,0,115,0,0,886,0,114,0,0,880,0,120,0,0,881,0,119,0,0,882,0,118,0,0,884,0,116,0,0,879,0,121,0,0,882,0,118,0,0,882,0,118,0,0,882,0,118,0,0,885,0,115,0,0,882,0,118,0,0,886,0,114,0,0,885,0,115,0,0,884,0,116,0,0,883,0,117,0,0,881,0,119,0,0,883,0,117,0,0,884,0,116,0,0,878,0,122,0,0,886,0,114,0,0,887,0,113,0,0,881,1,118,0,0,883,0,117,0,0,885,0,115,0,0,885,0,115,0,0,888,0,112,0,0,884,0,116,0,0,878,0,122,0,0,882,0,118,0,0,881,0,119,0,0,885,0,115,0,0,885,0,115,0,0,882,0,118,0,0,887,0,113,0,0,882,0,118,0,0,884,0,116,0,0,886,0,114,0,0,881,0,119,0,0,881,0,119,0,0,884,0,116,0,0,881,0,119,0,0,883,0,117,0,0,883,0,117,0,0,883,0,117,0,0,884,0,116,0,0,880,0,120,0,0
266,random,1.0,885,0,115,0,0,888,0,112,0,0,883,0,117,0,0,885,0,115,0,0,886,0,114,0,0,880,0,120,0,0,881,0,119,0,0,882,0,118,0,0,884,0,116,0,0,879,0,121,0,0,882,0,118,0,0,882,0,118,0,0,882,0,118,0,0,885,0,115,0,0,882,0,118,0,0,886,0,114,0,0,885,0,115,0,0,884,0,116,0,0,883,0,117,0,0,881,0,119,0,0,883,0,117,0,0,884,0,116,0,0,878,0,122,0,0,886,0,114,0,0,887,0,113,0,0,881,1,118,0,0,883,0,117,0,0,885,0,115,0,0,885,0,115,0,0,888,0,112,0,0,884,0,116,0,0,878,0,122,0,0,882,0,118,0,0,881,0,119,0,0,885,0,115,0,0,885,0,115,0,0,882,0,118,0,0,887,0,113,0,0,882,0,118,0,0,884,0,116,0,0,886,0,114,0,0,881,0,119,0,0,881,0,119,0,0,884,0,116,0,0,881,0,119,0,0,883,0,117,0,0,883,0,117,0,0,883,0,117,0,0,884,0,116,0,0,880,0,120,0,0
267,random,1.0,885,0,115,0,0,888,0,112,0,0,883,0,117,0,0,885,0,115,0,0,886,0,114,0,0,880,0,120,0,0,881,0,119,0,0,882,0,118,0,0,884,0,116,0,0,879,0,121,0,0,882,0,118,0,0,882,0,118,0,0,882,0,118,0,0,885,0,115,0,0,882,0,118,0,0,886,0,114,0,0,885,0,115,0,0,884,0,116,0,0,883,0,117,0,0,881,0,119,0,0,883,0,117,0,0,884,0,116,0,0,878,0,122,0,0,886,0,114,0,0,887,0,113,0,0,881,1,118,0,0,883,0,117,0,0,885,0,115,0,0,885,0,115,0,0,888,0,112,0,0,884,0,116,0,0,878,0,122,0,0,882,0,118,0,0,881,0,119,0,0,885,0,115,0,0,885,0,115,0,0,882,0,118,0,0,887,0,113,0,0,882,0,118,0,0,884,0,116,0,0,886,0,114,0,0,881,0,119,0,0,881,0,119,0,0,884,0,116,0,0,881,0,119,0,0,883,0,117,0,0,883,0,117,0,0,883,0,117,0,0,884,0,116,0,0,880,0,120,0,0
268,random,1.0,885,0,115,0,0,888,0,112,0,0,883,0,117,0,0,885,0,115,0,0,886,0,114,0,0,880,0,120,0,0,881,0,119,0,0,882,0,118,0,0,884,0,116,0,0,879,0,121,0,0,882,0,118,0,0,882,0,118,0,0,882,0,118,0,0,885,0,115,0,0,882,0,118,0,0,886,0,114,0,0,885,0,115,0,0,884,0,116,0,0,883,0,117,0,0,881,0,119,0,0,883,0,117,0,0,884,0,116,0,0,878,0,122,0,0,886,0,114,0,0,887,0,113,0,0,881,1,118,0,0,883,0,117,0,0,885,0,115,0,0,885,0,115,0,0,888,0,112,0,0,884,0,116,0,0,878,0,122,0,0,882,0,118,0,0,881,0,119,0,0,885,0,115,0,0,885,0,115,0,0,882,0,118,0,0,887,0,113,0,0,882,0,118,0,0,884,0,116,0,0,886,0,114,0,0,881,0,119,0,0,881,0,119,0,0,884,0,116,0,0,881,0,119,0,0,883,0,117,0,0,883,0,117,0,0,883,0,117,0,0,884,0,116,0,0,880,0,120,0,0
269,random,1.0,885,0,115,0,0,888,0,112,0,0,883,0,117,0,0,885,0,115,0,0,886,0,114,0,0,880,0,120,0,0,881,0,119,0,0,882,0,118,0,0,884,0,116,0,0,879,0,121,0,0,882,0,118,0,0,882,0,118,0,0,882,0,118,0,0,885,0,115,0,0,882,0,118,0,0,886,0,114,0,0,885,0,115,0,0,884,0,116,0,0,883,0,117,0,0,881,0,119,0,0,883,0,117,0,0,884,0,116,0,0,878,0,122,0,0,886,0,114,0,0,887,0,113,0,0,881,1,118,0,0,883,0,117,0,0,885,0,115,0,0,885,0,115,0,0,888,0,112,0,0,884,0,116,0,0,878,0,122,0,0,882,0,118,0,0,881,0,119,0,0,885,0,115,0,0,885,0,115,0,0,882,0,118,0,0,887,0,113,0,0,882,0,118,0,0,884,0,116,0,0,886,0,114,0,0,881,0,119,0,0,881,0,119,0,0,884,0,116,0,0,881,0,119,0,0,883,0,117,0,0,883,0,117,0,0,883,0,117,0,0,884,0,116,0,0,880,0,120,0,0
270,random,1.0,885,0,115,0,0,888,0,112,0,0,883,0,117,0,0,885,0,115,0,0,886,0,114,0,0,880,0,120,0,0,881,0,119,0,0,882,0,118,0,0,884,0,116,0,0,879,0,121,0,0,882,0,118,0,0,882,0,118,0,0,882,0,118,0,0,885,0,115,0,0,882,0,118,0,0,886,0,114,0,0,885,0,115,0,0,884,0,116,0,0,883,0,117,0,0,881,0,119,0,0,883,0,117,0,0,884,0,116,0,0,878,0,122,0,0,886,0,114,0,0,887,0,113,0,0,881,1,118,0,0,883,0,117,0,0,885,0,115,0,0,885,0,115,0,0,888,0,112,0,0,884,0,116,0,0,878,0,122,0,0,882,0,118,0,0,881,0,119,0,0,885,0,115,0,0,885,0,115,0,0,882,0,118,0,0,887,0,113,0,0,882,0,118,0,0,884,0,116,0,0,886,0,114,0,0,881,0,119,0,0,881,0,119,0,0,884,0,116,0,0,881,0,119,0,0,883,0,117,0,0,883,0,117,0,0,883,0,117,0,0,884,0,116,0,0,880,0,120,0,0
271,random,1.0,885,0,115,0,0,888,0,112,0,0,883,0,117,0,0,885,0,115,0,0,886,0,114,0,0,880,0,120,0,0,881,0,119,0,0,882,0,118,0,0,884,0,116,0,0,879,0,121,0,0,882,0,118,0,0,882,0,118,0,0,882,0,118,0,0,885,0,115,0,0,882,0,118,0,0,886,0,114,0,0,885,0,115,0,0,884,0,116,0,0,883,0,117,0,0,881,0,119,0,0,883,0,117,0,0,884,0,116,0,0,878,0,122,0,0,886,0,114,0,0,887,0,113,0,0,881,0,119,0,0,883,0,117,0,0,885,0,115,0,0,885,0,115,0,0,888,0,112,0,0,884,0,116,0,0,878,0,122,0,0,882,0,118,0,0,881,0,119,0,0,885,0,115,0,0,885,0,115,0,0,882,0,118,0,0,887,0,113,0,0,882,0,118,0,0,884,0,116,0,0,886,0,114,0,0,881,0,119,0,0,881,0,119,0,0,884,0,116,0,0,881,0,119,0,0,883,0,117,0,0,883,0,117,0,0,883,0,117,0,0,884,0,116,0,0,880,0,120,0,0
272,random,1.0,885,0,115,0,0,888,0,112,0,0,883,0,117,0,0,885,0,115,0,0,886,0,114,0,0,880,0,120,0,0,881,0,119,0,0,882,0,118,0,0,884,0,116,0,0,879,0,121,0,0,882,0,118,0,0,882,0,118,0,0,882,0,118,0,0,885,0,115,0,0,882,0,118,0,0,886,0,114,0,0,885,0,115,0,0,884,0,116,0,0,883,0,117,0,0,881,0,119,0,0,883,0,117,0,0,884,0,116,0,0,878,0,122,0,0,886,0,114,0,0,887,0,113,0,0,881,0,119,0,0,883,0,117,0,0,885,0,115,0,0,885,0,115,0,0,888,0,112,0,0,884,0,116,0,0,878,0,122,0,0,882,0,118,0,0,881,0,119,0,0,885,0,115,0,0,885,0,115,0,0,882,0,118,0,0,887,0,113,0,0,882,0,118,0,0,884,0,116,0,0,886,0,114,0,0,881,0,119,0,0,881,0,119,0,0,884,0,116,0,0,881,0,119,0,0,883,0,117,0,0,883,0,117,0,0,883,0,117,0,0,884,0,116,0,0,880,0,120,0,0
273,random,1.0,885,0,115,0,0,888,0,112,0,0,883,0,117,0,0,885,0,115,0,0,886,0,114,0,0,880,0,120,0,0,881,0,119,0,0,882,0,118,0,0,884,0,116,0,0,879,0,121,0,0,882,0,118,0,0,882,0,118,0,0,882,0,118,0,0,885,0,115,0,0,882,0,118,0,0,886,0,114,0,0,885,0,115,0,0,884,0,116,0,0,883,0,117,0,0,881,0,119,0,0,883,0,117,0,0,884,0,116,0,0,878,0,122,0,0,886,0,114,0,0,887,0,113,0,0,881,0,119,0,0,883,0,117,0,0,885,0,115,0,0,885,0,115,0,0,888,0,112,0,0,884,0,116,0,0,878,0,122,0,0,882,0,118,0,0,881,0,119,0,0,885,0,115,0,0,885,0,115,0,0,882,0,118,0,0,887,0,113,0,0,882,0,118,0,0,884,0,116,0,0,886,0,114,0,0,881,0,119,0,0,881,0,119,0,0,884,0,116,0,0,881,0,119,0,0,883,0,117,0,0,883,0,117,0,0,883,0,117,0,0,884,0,116,0,0,880,0,120,0,0
274,random,1.0,885,0,115,0,0,888,0,112,0,0,883,0,117,0,0,885,0,115,0,0,886,0,114,0,0,880,0,120,0,0,881,0,119,0,0,882,0,118,0,0,884,0,116,0,0,879,0,121,0,0,882,0,118,0,0,882,0,118,0,0,882,0,118,0,0,885,0,115,0,0,882,0,118,0,0,886,0,114,0,0,885,0,115,0,0,884,0,116,0,0,883,0,117,0,0,881,0,119,0,0,883,0,117,0,0,884,0,116,0,0,878,0,122,0,0,886,0,114,0,0,887,0,113,0,0,881,0,119,0,0,883,0,117,0,0,885,0,115,0,0,885,0,115,0,0,888,0,112,0,0,884,0,116,0,0,878,0,122,0,0,882,0,118,0,0,881,0,119,0,0,885,0,115,0,0,885,0,115,0,0,882,0,118,0,0,887,0,113,0,0,882,0,118,0,0,884,0,116,0,0,886,0,114,0,0,881,0,119,0,0,881,0,119,0,0,884,0,116,0,0,881,0,119,0,0,883,0,117,0,0,883,0,117,0,0,883,0,117,0,0,884,0,116,0,0,880,0,120,0,0
275,random,1.0,885,0,115,0,0,888,0,112,0,0,883,0,117,0,0,885,0,115,0,0,886,0,114,0,0,880,0,120,0,0,881,0,119,0,0,882,0,118,0,0,884,0,116,0,0,879,0,121,0,0,882,0,118,0,0,882,0,118,0,0,882,0,118,0,0,885,0,115,0,0,882,0,118,0,0,886,0,114,0,0,885,0,115,0,0,884,0,116,0,0,883,0,117,0,0,881,0,119,0,0,883,0,117,0,0,884,0,116,0,0,878,0,122,0,0,886,0,114,0,0,887,0,113,0,0,881,0,119,0,0,883,0,117,0,0,885,0,115,0,0,885,0,115,0,0,888,0,112,0,0,884,0,116,0,0,878,0,122,0,0,882,0,118,0,0,881,0,119,0,0,885,0,115,0,0,885,0,115,0,0,882,0,118,0,0,887,0,113,0,0,882,0,118,0,0,884,0,116,0,0,886,0,114,0,0,881,0,119,0,0,881,0,119,0,0,884,0,116,0,0,881,0,119,0,0,883,0,117,0,0,883,0,117,0,0,883,0,117,0,0,884,0,116,0,0,880,0,120,0,0
276,random,1.0,885,0,115,0,0,888,0,112,0,0,883,0,117,0,0,885,0,115,0,0,886,0,114,0,0,880,0,120,0,0,881,0,119,0,0,882,0,118,0,0,884,0,116,0,0,879,0,121,0,0,882,0,118,0,0,882,0,118,0,0,882,0,118,0,0,885,0,115,0,0,882,0,118,0,0,886,0,114,0,0,885,0,115,0,0,884,0,116,0,0,883,0,117,0,0,881,0,119,0,0,883,0,117,0,0,884,0,116,0,0,878,0,122,0,0,886,0,114,0,0,887,0,113,0,0,881,0,119,0,0,883,0,117,0,0,885,0,115,0,0,885,0,115,0,0,888,0,112,0,0,884,0,116,0,0,878,0,122,0,0,882,0,118,0,0,881,0,119,0,0,885,0,115,0,0,885,0,115,0,0,882,0,118,0,0,887,0,113,0,0,882,0,118,0,0,884,0,116,0,0,886,0,114,0,0,881,0,119,0,0,881,0,119,0,0,884,0,116,0,0,881,0,119,0,0,883,0,117,0,0,883,0,117,0,0,883,0,117,0,0,884,0,116,0,0,880,0,120,0,0
277,random,1.0,885,0,115,0,0,888,0,112,0,0,883,0,117,0,0,885,0,115,0,0,886,0,114,0,0,880,0,120,0,0,881,0,119,0,0,882,0,118,0,0,884,0,116,0,0,879,0,121,0,0,882,0,118,0,0,882,0,118,0,0,882,0,118,0,0,885,0,115,0,0,882,0,118,0,0,886,0,114,0,0,885,0,115,0,0,884,0,116,0,0,883,0,117,0,0,881,0,119,0,0,883,0,117,0,0,884,0,116,0,0,878,0,122,0,0,886,0,114,0,0,887,0,113,0,0,881,0,119,0,0,883,0,117,0,0,885,0,115,0,0,885,0,115,0,0,888,0,112,0,0,884,0,116,0,0,878,0,122,0,0,882,0,118,0,0,881,0,119,0,0,885,0,115,0,0,885,0,115,0,0,882,0,118,0,0,887,0,113,0,0,882,0,118,0,0,884,0,116,0,0,886,0,114,0,0,881,0,119,0,0,881,0,119,0,0,884,0,116,0,0,881,0,119,0,0,883,0,117,0,0,883,0,117,0,0,883,0,117,0,0,884,0,116,0,0,880,0,120,0,0
278,random,1.0,885,0,115,0,0,888,0,112,0,0,883,0,117,0,0,885,0,115,0,0,886,0,114,0,0,880,0,120,0,0,881,0,119,0,0,882,0,118,0,0,884,0,116,0,0,879,0,121,0,0,882,0,118,0,0,882,0,118,0,0,882,0,118,0,0,885,0,115,0,0,882,0,118,0,0,886,0,114,0,0,885,0,115,0,0,884,0,116,0,0,883,0,117,0,0,881,0,119,0,0,883,0,117,0,0,884,0,116,0,0,878,0,122,0,0,886,0,114,0,0,887,0,113,0,0,881,0,119,0,0,883,0,117,0,0,885,0,115,0,0,885,0,115,0,0,888,0,112,0,0,884,0,116,0,0,878,0,122,0,0,882,0,118,0,0,881,0,119,0,0,885,0,115,0,0,885,0,115,0,0,882,0,118,0,0,887,0,113,0,0,882,0,118,0,0,884,0,116,0,0,886,0,114,0,0,881,0,119,0,0,881,0,119,0,0,884,0,116,0,0,881,0,119,0,0,883,0,117,0,0,883,0,117,0,0,883,0,117,0,0,884,0,116,0,0,880,0,120,0,0
279,random,1.0,885,0,115,0,0,888,0,112,0,0,883,0,117,0,0,885,0,115,0,0,886,0,114,0,0,880,0,120,0,0,881,0,119,0,0,882,0,118,0,0,884,0,116,0,0,879,0,121,0,0,882,0,118,0,0,882,0,118,0,0,882,0,118,0,0,885,0,115,0,0,882,0,118,0,0,886,0,114,0,0,885,0,115,0,0,884,0,116,0,0,883,0,117,0,0,881,0,119,0,0,883,0,117,0,0,884,0,116,0,0,878,0,122,0,0,886,0,114,0,0,887,0,113,0,0,881,0,119,0,0,883,0,117,0,0,885,0,115,0,0,885,0,115,0,0,888,0,112,0,0,884,0,116,0,0,878,0,122,0,0,882,0,118,0,0,881,0,119,0,0,885,0,115,0,0,885,0,115,0,0,882,0,118,0,0,887,0,113,0,0,882,0,118,0,0,884,0,116,0,0,886,0,114,0,0,881,0,119,0,0,881,0,119,0,0,884,0,116,0,0,881,0,119,0,0,883,0,117,0,0,883,0,117,0,0,883,0,117,0,0,884,0,116,0,0,880,0,120,0,0
280,random,1.0,885,0,115,0,0,888,0,112,0,0,883,0,117,0,0,885,0,115,0,0,886,0,114,0,0,880,0,120,0,0,881,0,119,0,0,882,0,118,0,0,884,0,116,0,0,879,0,121,0,0,882,0,118,0,0,882,0,118,0,0,882,0,118,0,0,885,0,115,0,0,882,0,118,0,0,886,0,114,0,0,885,0,115,0,0,884,0,116,0,0,883,0,117,0,0,881,0,119,0,0,883,0,117,0,0,884,0,116,0,0,878,0,122,0,0,886,0,114,0,0,887,0,113,0,0,881,0,119,0,0,883,0,117,0,0,885,0,115,0,0,885,0,115,0,0,888,0,112,0,0,884,0,116,0,0,878,0,122,0,0,882,0,118,0,0,881,0,119,0,0,885,0,115,0,0,885,0,115,0,0,882,0,118,0,0,887,0,113,0,0,882,0,118,0,0,884,0,116,0,0,886,0,114,0,0,881,0,119,0,0,881,0,119,0,0,884,0,116,0,0,881,0,119,0,0,883,0,117,0,0,883,0,117,0,0,883,0,117,0,0,884,0,116,0,0,880,0,120,0,0
281,random,1.0,885,0,115,0,0,888,0,112,0,0,883,0,117,0,0,885,0,115,0,0,886,0,114,0,0,880,0,120,0,0,881,0,119,0,0,882,0,118,0,0,884,0,116,0,0,879,0,121,0,0,882,0,118,0,0,882,0,118,0,0,882,0,118,0,0,885,0,115,0,0,882,0,118,0,0,886,0,114,0,0,885,0,115,0,0,884,0,116,0,0,883,0,117,0,0,881,0,119,0,0,883,0,117,0,0,884,0,116,0,0,878,0,122,0,0,886,0,114,0,0,887,0,113,0,0,881,0,119,0,0,883,0,117,0,0,885,0,115,0,0,885,0,115,0,0,888,0,112,0,0,884,0,116,0,0,878,0,122,0,0,882,0,118,0,0,881,0,119,0,0,885,0,115,0,0,885,0,115,0,0,882,0,118,0,0,887,0,113,0,0,882,0,118,0,0,884,0,116,0,0,886,0,114,0,0,881,0,119,0,0,881,0,119,0,0,884,0,116,0,0,881,0,119,0,0,883,0,117,0,0,883,0,117,0,0,883,0,117,0,0,884,0,116,0,0,880,0,120,0,0
282,random,1.0,885,0,115,0,0,888,0,112,0,0,883,0,117,0,0,885,0,115,0,0,886,0,114,0,0,880,0,120,0,0,881,0,119,0,0,882,0,118,0,0,884,0,116,0,0,879,0,121,0,0,882,0,118,0,0,882,0,118,0,0,882,0,118,0,0,885,0,115,0,0,882,0,118,0,0,886,0,114,0,0,885,0,115,0,0,884,0,116,0,0,883,0,117,0,0,881,0,119,0,0,883,0,117,0,0,884,0,116,0,0,878,0,122,0,0,886,0,114,0,0,887,0,113,0,0,881,0,119,0,0,883,0,117,0,0,885,0,115,0,0,885,0,115,0,0,888,0,112,0,0,884,0,116,0,0,878,0,122,0,0,882,0,118,0,0,881,0,119,0,0,885,0,115,0,0,885,0,115,0,0,882,0,118,0,0,887,0,113,0,0,882,0,118,0,0,884,0,116,0,0,886,0,114,0,0,881,0,119,0,0,881,0,119,0,0,884,0,116,0,0,881,0,119,0,0,883,0,117,0,0,883,0,117,0,0,883,0,117,0,0,884,0,116,0,0,880,0,120,0,0
283,random,1.0,885,0,115,0,0,888,0,112,0,0,883,0,117,0,0,885,0,115,0,0,886,0,114,0,0,880,0,120,0,0,881,0,119,0,0,882,0,118,0,0,884,0,116,0,0,879,0,121,0,0,882,0,118,0,0,882,0,118,0,0,882,0,118,0,0,885,0,115,0,0,882,0,118,0,0,886,0,114,0,0,885,0,115,0,0,884,0,116,0,0,883,0,117,0,0,881,0,119,0,0,883,0,117,0,0,884,0,116,0,0,878,0,122,0,0,886,0,114,0,0,887,0,113,0,0,881,0,119,0,0,883,0,117,0,0,885,0,115,0,0,885,0,115,0,0,888,0,112,0,0,884,0,116,0,0,878,0,122,0,0,882,0,118,0,0,881,0,119,0,0,885,0,115,0,0,885,0,115,0,0,882,0,118,0,0,887,0,113,0,0,882,0,118,0,0,884,0,116,0,0,886,0,114,0,0,881,0,119,0,0,881,0,119,0,0,884,0,116,0,0,881,0,119,0,0,883,0,117,0,0,883,0,117,0,0,883,0,117,0,0,884,0,116,0,0,880,0,120,0,0
284,random,1.0,885,0,115,0,0,888,0,112,0,0,883,0,117,0,0,885,0,115,0,0,886,0,114,0,0,880,0,120,0,0,881,0,119,0,0,882,0,118,0,0,884,0,116,0,0,879,0,121,0,0,882,0,118,0,0,882,0,118,0,0,882,0,118,0,0,885,0,115,0,0,882,0,118,0,0,886,0,114,0,0,885,0,115,0,0,884,0,116,0,0,883,0,117,0,0,881,0,119,0,0,883,0,117,0,0,884,0,116,0,0,878,0,122,0,0,886,0,114,0,0,887,0,113,0,0,881,0,119,0,0,883,0,117,0,0,885,0,115,0,0,885,0,115,0,0,888,0,112,0,0,884,0,116,0,0,878,0,122,0,0,882,0,118,0,0,881,0,119,0,0,885,0,115,0,0,885,0,115,0,0,882,0,118,0,0,887,0,113,0,0,882,0,118,0,0,884,0,116,0,0,886,0,114,0,0,881,0,119,0,0,881,0,119,0,0,884,0,116,0,0,881,0,119,0,0,883,0,117,0,0,883,0,117,0,0,883,0,117,0,0,884,0,116,0,0,880,0,120,0,0
285,random,1.0,885,0,115,0,0,888,0,112,0,0,883,0,117,0,0,885,0,115,0,0,886,0,114,0,0,880,0,120,0,0,881,0,119,0,0,882,0,118,0,0,884,0,116,0,0,879,0,121,0,0,882,0,118,0,0,882,0,118,0,0,882,0,118,0,0,885,0,115,0,0,882,0,118,0,0,886,0,114,0,0,885,0,115,0,0,884,0,116,0,0,883,0,117,0,0,881,0,119,0,0,883,0,117,0,0,884,0,116,0,0,878,0,122,0,0,886,0,114,0,0,887,0,113,0,0,881,0,119,0,0,883,0,117,0,0,885,0,115,0,0,885,0,115,0,0,888,0,112,0,0,884,0,116,0,0,878,0,122,0,0,882,0,118,0,0,881,0,119,0,0,885,0,115,0,0,885,0,115,0,0,882,0,118,0,0,887,0,113,0,0,882,0,118,0,0,884,0,116,0,0,886,0,114,0,0,881,0,119,0,0,881,0,119,0,0,884,0,116,0,0,881,0,119,0,0,883,0,117,0,0,883,0,117,0,0,883,0,117,0,0,884,0,116,0,0,880,0,120,0,0
286,random,1.0,885,0,115,0,0,888,0,112,0,0,883,0,117,0,0,885,0,115,0,0,886,0,114,0,0,880,0,120,0,0,881,0,119,0,0,882,0,118,0,0,884,0,116,0,0,879,0,121,0,0,882,0,118,0,0,882,0,118,0,0,882,0,118,0,0,885,0,115,0,0,882,0,118,0,0,886,0,114,0,0,885,0,115,0,0,884,0,116,0,0,883,0,117,0,0,881,0,119,0,0,883,0,117,0,0,884,0,116,0,0,878,0,122,0,0,886,0,114,0,0,887,0,113,0,0,881,0,119,0,0,883,0,117,0,0,885,0,115,0,0,885,0,115,0,0,888,0,112,0,0,884,0,116,0,0,878,0,122,0,0,882,0,118,0,0,881,0,119,0,0,885,0,115,0,0,885,0,115,0,0,882,0,118,0,0,887,0,113,0,0,882,0,118,0,0,884,0,116,0,0,886,0,114,0,0,881,0,119,0,0,881,0,119,0,0,884,0,116,0,0,881,0,119,0,0,883,0,117,0,0,883,0,117,0,0,883,0,117,0,0,884,0,116,0,0,880,0,120,0,0
287,random,1.0,885,0,115,0,0,888,0,112,0,0,883,0,117,0,0,885,0,115,0,0,886,0,114,0,0,880,0,120,0,0,881,0,119,0,0,882,0,118,0,0,884,0,116,0,0,879,0,121,0,0,882,0,118,0,0,882,0,118,0,0,882,0,118,0,0,885,0,115,0,0,882,0,118,0,0,886,0,114,0,0,885,0,115,0,0,884,0,116,0,0,883,0,117,0,0,881,0,119,0,0,883,0,117,0,0,884,0,116,0,0,878,0,122,0,0,886,0,114,0,0,887,0,113,0,0,881,0,119,0,0,883,0,117,0,0,885,0,115,0,0,885,0,115,0,0,888,0,112,0,0,884,0,116,0,0,878,0,122,0,0,882,0,118,0,0,881,0,119,0,0,885,0,115,0,0,885,0,115,0,0,882,0,118,0,0,887,0,113,0,0,882,0,118,0,0,884,0,116,0,0,886,0,114,0,0,881,0,119,0,0,881,0,119,0,0,884,0,116,0,0,881,0,119,0,0,883,0,117,0,0,883,0,117,0,0,883,0,117,0,0,884,0,116,0,0,880,0,120,0,0
288,random,1.0,885,0,115,0,0,888,0,112,0,0,883,0,117,0,0,885,0,115,0,0,886,0,114,0,0,880,0,120,0,0,881,0,119,0,0,882,0,118,0,0,884,0,116,0,0,879,0,121,0,0,882,0,118,0,0,882,0,118,0,0,882,0,118,0,0,885,0,115,0,0,882,0,118,0,0,886,0,114,0,0,885,0,115,0,0,884,0,116,0,0,883,0,117,0,0,881,0,119,0,0,883,0,117,0,0,884,0,116,0,0,878,0,122,0,0,886,0,114,0,0,887,0,113,0,0,881,0,119,0,0,883,0,117,0,0,885,0,115,0,0,885,0,115,0,0,888,0,112,0,0,884,0,116,0,0,878,0,122,0,0,882,0,118,0,0,881,0,119,0,0,885,0,115,0,0,885,0,115,0,0,882,0,118,0,0,887,0,113,0,0,882,0,118,0,0,884,0,116,0,0,886,0,114,0,0,881,0,119,0,0,881,0,119,0,0,884,0,116,0,0,881,0,119,0,0,883,0,117,0,0,883,0,117,0,0,883,0,117,0,0,884,0,116,0,0,880,0,120,0,0
289,random,1.0,885,0,115,0,0,888,0,112,0,0,883,0,117,0,0,885,0,115,0,0,886,0,114,0,0,880,0,120,0,0,881,0,119,0,0,882,0,118,0,0,884,0,116,0,0,879,0,121,0,0,882,0,118,0,0,882,0,118,0,0,882,0,118,0,0,885,0,115,0,0,882,0,118,0,0,886,0,114,0,0,885,0,115,0,0,884,0,116,0,0,883,0,117,0,0,881,0,119,0,0,883,0,117,0,0,884,0,116,0,0,878,0,122,0,0,886,0,114,0,0,887,0,113,0,0,881,0,119,0,0,883,0,117,0,0,885,0,115,0,0,885,0,115,0,0,888,0,112,0,0,884,0,116,0,0,878,0,122,0,0,882,0,118,0,0,881,0,119,0,0,885,0,115,0,0,885,0,115,0,0,882,0,118,0,0,887,0,113,0,0,882,0,118,0,0,884,0,116,0,0,886,0,114,0,0,881,0,119,0,0,881,0,119,0,0,884,0,116,0,0,881,0,119,0,0,883,0,117,0,0,883,0,117,0,0,883,0,117,0,0,884,0,116,0,0,880,0,120,0,0
290,random,1.0,885,0,115,0,0,888,0,112,0,0,883,0,117,0,0,885,0,115,0,0,886,0,114,0,0,880,0,120,0,0,881,0,119,0,0,882,0,118,0,0,884,0,116,0,0,879,0,121,0,0,882,0,118,0,0,882,0,118,0,0,882,0,118,0,0,885,0,115,0,0,882,0,118,0,0,886,0,114,0,0,885,0,115,0,0,884,0,116,0,0,883,0,117,0,0,881,0,119,0,0,883,0,117,0,0,884,0,116,0,0,878,0,122,0,0,886,0,114,0,0,887,0,113,0,0,881,0,119,0,0,883,0,117,0,0,885,0,115,0,0,885,0,115,0,0,888,0,112,0,0,884,0,116,0,0,878,0,122,0,0,882,0,118,0,0,881,0,119,0,0,885,0,115,0,0,885,0,115,0,0,882,0,118,0,0,887,0,113,0,0,882,0,118,0,0,884,0,116,0,0,886,0,114,0,0,881,0,119,0,0,881,0,119,0,0,884,0,116,0,0,881,0,119,0,0,883,0,117,0,0,883,0,117,0,0,883,0,117,0,0,884,0,116,0,0,880,0,120,0,0
291,random,1.0,885,0,115,0,0,888,0,112,0,0,883,0,117,0,0,885,0,115,0,0,886,0,114,0,0,880,0,120,0,0,881,0,119,0,0,882,0,118,0,0,884,0,116,0,0,879,0,121,0,0,882,0,118,0,0,882,0,118,0,0,882,0,118,0,0,885,0,115,0,0,882,0,118,0,0,886,0,114,0,0,885,0,115,0,0,884,0,116,0,0,883,0,117,0,0,881,0,119,0,0,883,0,117,0,0,884,0,116,0,0,878,0,122,0,0,886,0,114,0,0,887,0,113,0,0,881,0,119,0,0,883,0,117,0,0,885,0,115,0,0,885,0,115,0,0,888,0,112,0,0,884,0,116,0,0,878,0,122,0,0,882,0,118,0,0,881,0,119,0,0,885,0,115,0,0,885,0,115,0,0,882,0,118,0,0,887,0,113,0,0,882,0,118,0,0,884,0,116,0,0,886,0,114,0,0,881,0,119,0,0,881,0,119,0,0,884,0,116,0,0,881,0,119,0,0,883,0,117,0,0,883,0,117,0,0,883,0,117,0,0,884,0,116,0,0,880,0,120,0,0
292,random,1.0,885,0,115,0,0,888,0,112,0,0,883,0,117,0,0,885,0,115,0,0,886,0,114,0,0,880,0,120,0,0,881,0,119,0,0,882,0,118,0,0,884,0,116,0,0,879,0,121,0,0,882,0,118,0,0,882,0,118,0,0,882,0,118,0,0,885,0,115,0,0,882,0,118,0,0,886,0,114,0,0,885,0,115,0,0,884,0,116,0,0,883,0,117,0,0,881,0,119,0,0,883,0,117,0,0,884,0,116,0,0,878,0,122,0,0,886,0,114,0,0,887,0,113,0,0,881,0,119,0,0,883,0,117,0,0,885,0,115,0,0,885,0,115,0,0,888,0,112,0,0,884,0,116,0,0,878,0,122,0,0,882,0,118,0,0,881,0,119,0,0,885,0,115,0,0,885,0,115,0,0,882,0,118,0,0,887,0,113,0,0,882,0,118,0,0,884,0,116,0,0,886,0,114,0,0,881,0,119,0,0,881,0,119,0,0,884,0,116,0,0,881,0,119,0,0,883,0,117,0,0,883,0,117,0,0,883,0,117,0,0,884,0,116,0,0,880,0,120,0,0
293,random,1.0,885,0,115,0,0,888,0,112,0,0,883,0,117,0,0,885,0,115,0,0,886,0,114,0,0,880,0,120,0,0,881,0,119,0,0,882,0,118,0,0,884,0,116,0,0,879,0,121,0,0,882,0,118,0,0,882,0,118,0,0,882,0,118,0,0,885,0,115,0,0,882,0,118,0,0,886,0,114,0,0,885,0,115,0,0,884,0,116,0,0,883,0,117,0,0,881,0,119,0,0,883,0,117,0,0,884,0,116,0,0,878,0,122,0,0,886,0,114,0,0,887,0,113,0,0,881,0,119,0,0,883,0,117,0,0,885,0,115,0,0,885,0,115,0,0,888,0,112,0,0,884,0,116,0,0,878,0,122,0,0,882,0,118,0,0,881,0,119,0,0,885,0,115,0,0,885,0,115,0,0,882,0,118,0,0,887,0,113,0,0,882,0,118,0,0,884,0,116,0,0,886,0,114,0,0,881,0,119,0,0,881,0,119,0,0,884,0,116,0,0,881,0,119,0,0,883,0,117,0,0,883,0,117,0,0,883,0,117,0,0,884,0,116,0,0,880,0,120,0,0
294,random,1.0,885,0,115,0,0,888,0,112,0,0,883,0,117,0,0,885,0,115,0,0,886,0,114,0,0,880,0,120,0,0,881,0,119,0,0,882,0,118,0,0,884,0,116,0,0,879,0,121,0,0,882,0,118,0,0,882,0,118,0,0,882,0,118,0,0,885,0,115,0,0,882,0,118,0,0,886,0,114,0,0,885,0,115,0,0,884,0,116,0,0,883,0,117,0,0,881,0,119,0,0,883,0,117,0,0,884,0,116,0,0,878,0,122,0,0,886,0,114,0,0,887,0,113,0,0,881,0,119,0,0,883,0,117,0,0,885,0,115,0,0,885,0,115,0,0,888,0,112,0,0,884,0,116,0,0,878,0,122,0,0,882,0,118,0,0,881,0,119,0,0,885,0,115,0,0,885,0,115,0,0,882,0,118,0,0,887,0,113,0,0,882,0,118,0,0,884,0,116,0,0,886,0,114,0,0,881,0,119,0,0,881,0,119,0,0,884,0,116,0,0,881,0,119,0,0,883,0,117,0,0,883,0,117,0,0,883,0,117,0,0,884,0,116,0,0,880,0,120,0,0
295,random,1.0,885,0,115,0,0,888,0,112,0,0,883,0,117,0,0,885,0,115,0,0,886,0,114,0,0,880,0,120,0,0,881,0,119,0,0,882,0,118,0,0,884,0,116,0,0,879,0,121,0,0,882,0,118,0,0,882,0,118,0,0,882,0,118,0,0,885,0,115,0,0,882,0,118,0,0,886,0,114,0,0,885,0,115,0,0,884,0,116,0,0,883,0,117,0,0,881,0,119,0,0,883,0,117,0,0,884,0,116,0,0,878,0,122,0,0,886,0,114,0,0,887,0,113,0,0,881,0,119,0,0,883,0,117,0,0,885,0,115,0,0,885,0,115,0,0,888,0,112,0,0,884,0,116,0,0,878,0,122,0,0,882,0,118,0,0,881,0,119,0,0,885,0,115,0,0,885,0,115,0,0,882,0,118,0,0,887,0,113,0,0,882,0,118,0,0,884,0,116,0,0,886,0,114,0,0,881,0,119,0,0,881,0,119,0,0,884,0,116,0,0,881,0,119,0,0,883,0,117,0,0,883,0,117,0,0,883,0,117,0,0,884,0,116,0,0,880,0,120,0,0
296,random,1.0,885,0,115,0,0,888,0,112,0,0,883,0,117,0,0,885,0,115,0,0,886,0,114,0,0,880,0,120,0,0,881,0,119,0,0,882,0,118,0,0,884,0,116,0,0,879,0,121,0,0,882,0,118,0,0,882,0,118,0,0,882,0,118,0,0,885,0,115,0,0,882,0,118,0,0,886,0,114,0,0,885,0,115,0,0,884,0,116,0,0,883,0,117,0,0,881,0,119,0,0,883,0,117,0,0,884,0,116,0,0,878,0,122,0,0,886,0,114,0,0,887,0,113,0,0,881,0,119,0,0,883,0,117,0,0,885,0,115,0,0,885,0,115,0,0,888,0,112,0,0,884,0,116,0,0,878,0,122,0,0,882,0,118,0,0,881,0,119,0,0,885,0,115,0,0,885,0,115,0,0,882,0,118,0,0,887,0,113,0,0,882,0,118,0,0,884,0,116,0,0,886,0,114,0,0,881,0,119,0,0,881,0,119,0,0,884,0,116,0,0,881,0,119,0,0,883,0,117,0,0,883,0,117,0,0,883,0,117,0,0,884,0,116,0,0,880,0,120,0,0
297,random,1.0,885,0,115,0,0,888,0,112,0,0,883,0,117,0,0,885,0,115,0,0,886,0,114,0,0,880,0,120,0,0,881,0,119,0,0,882,0,118,0,0,884,0,116,0,0,879,0,121,0,0,882,0,118,0,0,882,0,118,0,0,882,0,118,0,0,885,0,115,0,0,882,0,118,0,0,886,0,114,0,0,885,0,115,0,0,884,0,116,0,0,883,0,117,0,0,881,0,119,0,0,883,0,117,0,0,884,0,116,0,0,878,0,122,0,0,886,0,114,0,0,887,0,113,0,0,881,0,119,0,0,883,0,117,0,0,885,0,115,0,0,885,0,115,0,0,888,0,112,0,0,884,0,116,0,0,878,0,122,0,0,882,0,118,0,0,881,0,119,0,0,885,0,115,0,0,885,0,115,0,0,882,0,118,0,0,887,0,113,0,0,882,0,118,0,0,884,0,116,0,0,886,0,114,0,0,881,0,119,0,0,881,0,119,0,0,884,0,116,0,0,881,0,119,0,0,883,0,117,0,0,883,0,117,0,0,883,0,117,0,0,884,0,116,0,0,880,0,120,0,0
298,random,1.0,885,0,115,0,0,888,0,112,0,0,883,0,117,0,0,885,0,115,0,0,886,0,114,0,0,880,0,120,0,0,881,0,119,0,0,882,0,118,0,0,884,0,116,0,0,879,0,121,0,0,882,0,118,0,0,882,0,118,0,0,882,0,118,0,0,885,0,115,0,0,882,0,118,0,0,886,0,114,0,0,885,0,115,0,0,884,0,116,0,0,883,0,117,0,0,881,0,119,0,0,883,0,117,0,0,884,0,116,0,0,878,0,122,0,0,886,0,114,0,0,887,0,113,0,0,881,0,119,0,0,883,0,117,0,0,885,0,115,0,0,885,0,115,0,0,888,0,112,0,0,884,0,116,0,0,878,0,122,0,0,882,0,118,0,0,881,0,119,0,0,885,0,115,0,0,885,0,115,0,0,882,0,118,0,0,887,0,113,0,0,882,0,118,0,0,884,0,116,0,0,886,0,114,0,0,881,0,119,0,0,881,0,119,0,0,884,0,116,0,0,881,0,119,0,0,883,0,117,0,0,883,0,117,0,0,883,0,117,0,0,884,0,116,0,0,880,0,120,0,0
299,random,1.0,885,0,115,0,0,888,0,112,0,0,883,0,117,0,0,885,0,115,0,0,886,0,114,0,0,880,0,120,0,0,881,0,119,0,0,882,0,118,0,0,884,0,116,0,0,879,0,121,0,0,882,0,118,0,0,882,0,118,0,0,882,0,118,0,0,885,0,115,0,0,882,0,118,0,0,886,0,114,0,0,885,0,115,0,0,884,0,116,0,0,883,0,117,0,0,881,0,119,0,0,883,0,117,0,0,884,0,116,0,0,878,0,122,0,0,886,0,114,0,0,887,0,113,0,0,881,0,119,0,0,883,0,117,0,0,885,0,115,0,0,885,0,115,0,0,888,0,112,0,0,884,0,116,0,0,878,0,122,0,0,882,0,118,0,0,881,0,119,0,0,885,0,115,0,0,885,0,115,0,0,882,0,118,0,0,887,0,113,0,0,882,0,118,0,0,884,0,116,0,0,886,0,114,0,0,881,0,119,0,0,881,0,119,0,0,884,0,116,0,0,881,0,119,0,0,883,0,117,0,0,883,0,117,0,0,883,0,117,0,0,884,0,116,0,0,880,0,120,0,0
300,random,1.0,885,0,115,0,0,888,0,112,0,0,883,0,117,0,0,885,0,115,0,0,886,0,114,0,0,880,0,120,0,0,881,0,119,0,0,882,0,118,0,0,884,0,116,0,0,879,0,121,0,0,882,0,118,0,0,882,0,118,0,0,882,0,118,0,0,885,0,115,0,0,882,0,118,0,0,886,0,114,0,0,885,0,115,0,0,884,0,116,0,0,883,0,117,0,0,881,0,119,0,0,883,0,117,0,0,884,0,116,0,0,878,0,122,0,0,886,0,114,0,0,887,0,113,0,0,881,0,119,0,0,883,0,117,0,0,885,0,115,0,0,885,0,115,0,0,888,0,112,0,0,884,0,116,0,0,878,0,122,0,0,882,0,118,0,0,881,0,119,0,0,885,0,115,0,0,885,0,115,0,0,882,0,118,0,0,887,0,113,0,0,882,0,118,0,0,884,0,116,0,0,886,0,114,0,0,881,0,119,0,0,881,0,119,0,0,884,0,116,0,0,881,0,119,0,0,883,0,117,0,0,883,0,117,0,0,883,0,117,0,0,884,0,116,0,0,880,0,120,0,0
301,random,1.0,885,0,115,0,0,888,0,112,0,0,883,0,117,0,0,885,0,115,0,0,886,0,114,0,0,880,0,120,0,0,881,0,119,0,0,882,0,118,0,0,884,0,116,0,0,879,0,121,0,0,882,0,118,0,0,882,0,118,0,0,882,0,118,0,0,885,0,115,0,0,882,0,118,0,0,886,0,114,0,0,885,0,115,0,0,884,0,116,0,0,883,0,117,0,0,881,0,119,0,0,883,0,117,0,0,884,0,116,0,0,878,0,122,0,0,886,0,114,0,0,887,0,113,0,0,881,0,119,0,0,883,0,117,0,0,885,0,115,0,0,885,0,115,0,0,888,0,112,0,0,884,0,116,0,0,878,0,122,0,0,882,0,118,0,0,881,0,119,0,0,885,0,115,0,0,885,0,115,0,0,882,0,118,0,0,887,0,113,0,0,882,0,118,0,0,884,0,116,0,0,886,0,114,0,0,881,0,119,0,0,881,0,119,0,0,884,0,116,0,0,881,0,119,0,0,883,0,117,0,0,883,0,117,0,0,883,0,117,0,0,884,0,116,0,0,880,0,120,0,0
302,random,1.0,885,0,115,0,0,888,0,112,0,0,883,0,117,0,0,885,0,115,0,0,886,0,114,0,0,880,0,120,0,0,881,0,119,0,0,882,0,118,0,0,884,0,116,0,0,879,0,121,0,0,882,0,118,0,0,882,0,118,0,0,882,0,118,0,0,885,0,115,0,0,882,0,118,0,0,886,0,114,0,0,885,0,115,0,0,884,0,116,0,0,883,0,117,0,0,881,0,119,0,0,883,0,117,0,0,884,0,116,0,0,878,0,122,0,0,886,0,114,0,0,887,0,113,0,0,881,0,119,0,0,883,0,117,0,0,885,0,115,0,0,885,0,115,0,0,888,0,112,0,0,884,0,116,0,0,878,0,122,0,0,882,0,118,0,0,881,0,119,0,0,885,0,115,0,0,885,0,115,0,0,882,0,118,0,0,887,0,113,0,0,882,0,118,0,0,884,0,116,0,0,886,0,114,0,0,881,0,119,0,0,881,0,119,0,0,884,0,116,0,0,881,0,119,0,0,883,0,117,0,0,883,0,117,0,0,883,0,117,0,0,884,0,116,0,0,880,0,120,0,0
303,random,1.0,885,0,115,0,0,888,0,112,0,0,883,0,117,0,0,885,0,115,0,0,886,0,114,0,0,880,0,120,0,0,881,0,119,0,0,882,0,118,0,0,884,0,116,0,0,879,0,121,0,0,882,0,118,0,0,882,0,118,0,0,882,0,118,0,0,885,0,115,0,0,882,0,118,0,0,886,0,114,0,0,885,0,115,0,0,884,0,116,0,0,883,0,117,0,0,881,0,119,0,0,883,0,117,0,0,884,0,116,0,0,878,0,122,0,0,886,0,114,0,0,887,0,113,0,0,881,0,119,0,0,883,0,117,0,0,885,0,115,0,0,885,0,115,0,0,888,0,112,0,0,884,0,116,0,0,878,0,122,0,0,882,0,118,0,0,881,0,119,0,0,885,0,115,0,0,885,0,115,0,0,882,0,118,0,0,887,0,113,0,0,882,0,118,0,0,884,0,116,0,0,886,0,114,0,0,881,0,119,0,0,881,0,119,0,0,884,0,116,0,0,881,0,119,0,0,883,0,117,0,0,883,0,117,0,0,883,0,117,0,0,884,0,116,0,0,880,0,120,0,0
304,random,1.0,885,0,115,0,0,888,0,112,0,0,883,0,117,0,0,885,0,115,0,0,886,0,114,0,0,880,0,120,0,0,881,0,119,0,0,882,0,118,0,0,884,0,116,0,0,879,0,121,0,0,882,0,118,0,0,882,0,118,0,0,882,0,118,0,0,885,0,115,0,0,882,0,118,0,0,886,0,114,0,0,885,0,115,0,0,884,0,116,0,0,883,0,117,0,0,881,0,119,0,0,883,0,117,0,0,884,0,116,0,0,878,0,122,0,0,886,0,114,0,0,887,0,113,0,0,881,0,119,0,0,883,0,117,0,0,885,0,115,0,0,885,0,115,0,0,888,0,112,0,0,884,0,116,0,0,878,0,122,0,0,882,0,118,0,0,881,0,119,0,0,885,0,115,0,0,885,0,115,0,0,882,0,118,0,0,887,0,113,0,0,882,0,118,0,0,884,0,116,0,0,886,0,114,0,0,881,0,119,0,0,881,0,119,0,0,884,0,116,0,0,881,0,119,0,0,883,0,117,0,0,883,0,117,0,0,883,0,117,0,0,884,0,116,0,0,880,0,120,0,0
305,random,1.0,885,0,115,0,0,888,0,112,0,0,883,0,117,0,0,885,0,115,0,0,886,0,114,0,0,880,0,120,0,0,881,0,119,0,0,882,0,118,0,0,884,0,116,0,0,879,0,121,0,0,882,0,118,0,0,882,0,118,0,0,882,0,118,0,0,885,0,115,0,0,882,0,118,0,0,886,0,114,0,0,885,0,115,0,0,884,0,116,0,0,883,0,117,0,0,881,0,119,0,0,883,0,117,0,0,884,0,116,0,0,878,0,122,0,0,886,0,114,0,0,887,0,113,0,0,881,0,119,0,0,883,0,117,0,0,885,0,115,0,0,885,0,115,0,0,888,0,112,0,0,884,0,116,0,0,878,0,122,0,0,882,0,118,0,0,881,0,119,0,0,885,0,115,0,0,885,0,115,0,0,882,0,118,0,0,887,0,113,0,0,882,0,118,0,0,884,0,116,0,0,886,0,114,0,0,881,0,119,0,0,881,0,119,0,0,884,0,116,0,0,881,0,119,0,0,883,0,117,0,0,883,0,117,0,0,883,0,117,0,0,884,0,116,0,0,880,0,120,0,0
306,random,1.0,885,0,115,0,0,888,0,112,0,0,883,0,117,0,0,885,0,115,0,0,886,0,114,0,0,880,0,120,0,0,881,0,119,0,0,882,0,118,0,0,884,0,116,0,0,879,0,121,0,0,882,0,118,0,0,882,0,118,0,0,882,0,118,0,0,885,0,115,0,0,882,0,118,0,0,886,0,114,0,0,885,0,115,0,0,884,0,116,0,0,883,0,117,0,0,881,0,119,0,0,883,0,117,0,0,884,0,116,0,0,878,0,122,0,0,886,0,114,0,0,887,0,113,0,0,881,0,119,0,0,883,0,117,0,0,885,0,115,0,0,885,0,115,0,0,888,0,112,0,0,884,0,116,0,0,878,0,122,0,0,882,0,118,0,0,881,0,119,0,0,885,0,115,0,0,885,0,115,0,0,882,0,118,0,0,887,0,113,0,0,882,0,118,0,0,884,0,116,0,0,886,0,114,0,0,881,0,119,0,0,881,0,119,0,0,884,0,116,0,0,881,0,119,0,0,883,0,117,0,0,883,0,117,0,0,883,0,117,0,0,884,0,116,0,0,880,0,120,0,0
307,random,1.0,885,0,115,0,0,888,0,112,0,0,883,0,117,0,0,885,0,115,0,0,886,0,114,0,0,880,0,120,0,0,881,0,119,0,0,882,0,118,0,0,884,0,116,0,0,879,0,121,0,0,882,0,118,0,0,882,0,118,0,0,882,0,118,0,0,885,0,115,0,0,882,0,118,0,0,886,0,114,0,0,885,0,115,0,0,884,0,116,0,0,883,0,117,0,0,881,0,119,0,0,883,0,117,0,0,884,0,116,0,0,878,0,122,0,0,886,0,114,0,0,887,0,113,0,0,881,0,119,0,0,883,0,117,0,0,885,0,115,0,0,885,0,115,0,0,888,0,112,0,0,884,0,116,0,0,878,0,122,0,0,882,0,118,0,0,881,0,119,0,0,885,0,115,0,0,885,0,115,0,0,882,0,118,0,0,887,0,113,0,0,882,0,118,0,0,884,0,116,0,0,886,0,114,0,0,881,0,119,0,0,881,0,119,0,0,884,0,116,0,0,881,0,119,0,0,883,0,117,0,0,883,0,117,0,0,883,0,117,0,0,884,0,116,0,0,880,0,120,0,0
308,random,1.0,885,0,115,0,0,888,0,112,0,0,883,0,117,0,0,885,0,115,0,0,886,0,114,0,0,880,0,120,0,0,881,0,119,0,0,882,0,118,0,0,884,0,116,0,0,879,0,121,0,0,882,0,118,0,0,882,0,118,0,0,882,0,118,0,0,885,0,115,0,0,882,0,118,0,0,886,0,114,0,0,885,0,115,0,0,884,0,116,0,0,883,0,117,0,0,881,0,119,0,0,883,0,117,0,0,884,0,116,0,0,878,0,122,0,0,886,0,114,0,0,887,0,113,0,0,881,0,119,0,0,883,0,117,0,0,885,0,115,0,0,885,0,115,0,0,888,0,112,0,0,884,0,116,0,0,878,0,122,0,0,882,0,118,0,0,881,0,119,0,0,885,0,115,0,0,885,0,115,0,0,882,0,118,0,0,887,0,113,0,0,882,0,118,0,0,884,0,116,0,0,886,0,114,0,0,881,0,119,0,0,881,0,119,0,0,884,0,116,0,0,881,0,119,0,0,883,0,117,0,0,883,0,117,0,0,883,0,117,0,0,884,0,116,0,0,880,0,120,0,0
309,random,1.0,885,0,115,0,0,888,0,112,0,0,883,0,117,0,0,885,0,115,0,0,886,0,114,0,0,880,0,120,0,0,881,0,119,0,0,882,0,118,0,0,884,0,116,0,0,879,0,121,0,0,882,0,118,0,0,882,0,118,0,0,882,0,118,0,0,885,0,115,0,0,882,0,118,0,0,886,0,114,0,0,885,0,115,0,0,884,0,116,0,0,883,0,117,0,0,881,0,119,0,0,883,0,117,0,0,884,0,116,0,0,878,0,122,0,0,886,0,114,0,0,887,0,113,0,0,881,0,119,0,0,883,0,117,0,0,885,0,115,0,0,885,0,115,0,0,888,0,112,0,0,884,0,116,0,0,878,0,122,0,0,882,0,118,0,0,881,0,119,0,0,885,0,115,0,0,885,0,115,0,0,882,0,118,0,0,887,0,113,0,0,882,0,118,0,0,884,0,116,0,0,886,0,114,0,0,881,0,119,0,0,881,0,119,0,0,884,0,116,0,0,881,0,119,0,0,883,0,117,0,0,883,0,117,0,0,883,0,117,0,0,884,0,116,0,0,880,0,120,0,0
310,random,1.0,885,0,115,0,0,888,0,112,0,0,883,0,117,0,0,885,0,115,0,0,886,0,114,0,0,880,0,120,0,0,881,0,119,0,0,882,0,118,0,0,884,0,116,0,0,879,0,121,0,0,882,0,118,0,0,882,0,118,0,0,882,0,118,0,0,885,0,115,0,0,882,0,118,0,0,886,0,114,0,0,885,0,115,0,0,884,0,116,0,0,883,0,117,0,0,881,0,119,0,0,883,0,117,0,0,884,0,116,0,0,878,0,122,0,0,886,0,114,0,0,887,0,113,0,0,881,0,119,0,0,883,0,117,0,0,885,0,115,0,0,885,0,115,0,0,888,0,112,0,0,884,0,116,0,0,878,0,122,0,0,882,0,118,0,0,881,0,119,0,0,885,0,115,0,0,885,0,115,0,0,882,0,118,0,0,887,0,113,0,0,882,0,118,0,0,884,0,116,0,0,886,0,114,0,0,881,0,119,0,0,881,0,119,0,0,884,0,116,0,0,881,0,119,0,0,883,0,117,0,0,883,0,117,0,0,883,0,117,0,0,884,0,116,0,0,880,0,120,0,0
311,random,1.0,885,0,115,0,0,888,0,112,0,0,883,0,117,0,0,885,0,115,0,0,886,0,114,0,0,880,0,120,0,0,881,0,119,0,0,882,0,118,0,0,884,0,116,0,0,879,0,121,0,0,882,0,118,0,0,882,0,118,0,0,882,0,118,0,0,885,0,115,0,0,882,0,118,0,0,886,0,114,0,0,885,0,115,0,0,884,0,116,0,0,883,0,117,0,0,881,0,119,0,0,883,0,117,0,0,884,0,116,0,0,878,0,122,0,0,886,0,114,0,0,887,0,113,0,0,881,0,119,0,0,883,0,117,0,0,885,0,115,0,0,885,0,115,0,0,888,0,112,0,0,884,0,116,0,0,878,0,122,0,0,882,0,118,0,0,881,0,119,0,0,885,0,115,0,0,885,0,115,0,0,882,0,118,0,0,887,0,113,0,0,882,0,118,0,0,884,0,116,0,0,886,0,114,0,0,881,0,119,0,0,881,0,119,0,0,884,0,116,0,0,881,0,119,0,0,883,0,117,0,0,883,0,117,0,0,883,0,117,0,0,884,0,116,0,0,880,0,120,0,0
312,random,1.0,885,0,115,0,0,888,0,112,0,0,883,0,117,0,0,885,0,115,0,0,886,0,114,0,0,880,0,120,0,0,881,0,119,0,0,882,0,118,0,0,884,0,116,0,0,879,0,121,0,0,882,0,118,0,0,882,0,118,0,0,882,0,118,0,0,885,0,115,0,0,882,0,118,0,0,886,0,114,0,0,885,0,115,0,0,884,0,116,0,0,883,0,117,0,0,881,0,119,0,0,883,0,117,0,0,884,0,116,0,0,878,0,122,0,0,886,0,114,0,0,887,0,113,0,0,881,0,119,0,0,883,0,117,0,0,885,0,115,0,0,885,0,115,0,0,888,0,112,0,0,884,0,116,0,0,878,0,122,0,0,882,0,118,0,0,881,0,119,0,0,885,0,115,0,0,885,0,115,0,0,882,0,118,0,0,887,0,113,0,0,882,0,118,0,0,884,0,116,0,0,886,0,114,0,0,881,0,119,0,0,881,0,119,0,0,884,0,116,0,0,881,0,119,0,0,883,0,117,0,0,883,0,117,0,0,883,0,117,0,0,884,0,116,0,0,880,0,120,0,0
313,random,1.0,885,0,115,0,0,888,0,112,0,0,883,0,117,0,0,885,0,115,0,0,886,0,114,0,0,880,0,120,0,0,881,0,119,0,0,882,0,118,0,0,884,0,116,0,0,879,0,121,0,0,882,0,118,0,0,882,0,118,0,0,882,0,118,0,0,885,0,115,0,0,882,0,118,0,0,886,0,114,0,0,885,0,115,0,0,884,0,116,0,0,883,0,117,0,0,881,0,119,0,0,883,0,117,0,0,884,0,116,0,0,878,0,122,0,0,886,0,114,0,0,887,0,113,0,0,881,0,119,0,0,883,0,117,0,0,885,0,115,0,0,885,0,115,0,0,888,0,112,0,0,884,0,116,0,0,878,0,122,0,0,882,0,118,0,0,881,0,119,0,0,885,0,115,0,0,885,0,115,0,0,882,0,118,0,0,887,0,113,0,0,882,0,118,0,0,884,0,116,0,0,886,0,114,0,0,881,0,119,0,0,881,0,119,0,0,884,0,116,0,0,881,0,119,0,0,883,0,117,0,0,883,0,117,0,0,883,0,117,0,0,884,0,116,0,0,880,0,120,0,0
314,random,1.0,885,0,115,0,0,888,0,112,0,0,883,0,117,0,0,885,0,115,0,0,886,0,114,0,0,880,0,120,0,0,881,0,119,0,0,882,0,118,0,0,884,0,116,0,0,879,0,121,0,0,882,0,118,0,0,882,0,118,0,0,882,0,118,0,0,885,0,115,0,0,882,0,118,0,0,886,0,114,0,0,885,0,115,0,0,884,0,116,0,0,883,0,117,0,0,881,0,119,0,0,883,0,117,0,0,884,0,116,0,0,878,0,122,0,0,886,0,114,0,0,887,0,113,0,0,881,0,119,0,0,883,0,117,0,0,885,0,115,0,0,885,0,115,0,0,888,0,112,0,0,884,0,116,0,0,878,0,122,0,0,882,0,118,0,0,881,0,119,0,0,885,0,115,0,0,885,0,115,0,0,882,0,118,0,0,887,0,113,0,0,882,0,118,0,0,884,0,116,0,0,886,0,114,0,0,881,0,119,0,0,881,0,119,0,0,884,0,116,0,0,881,0,119,0,0,883,0,117,0,0,883,0,117,0,0,883,0,117,0,0,884,0,116,0,0,880,0,120,0,0
315,random,1.0,885,0,115,0,0,888,0,112,0,0,883,0,117,0,0,885,0,115,0,0,886,0,114,0,0,880,0,120,0,0,881,0,119,0,0,882,0,118,0,0,884,0,116,0,0,879,0,121,0,0,882,0,118,0,0,882,0,118,0,0,882,0,118,0,0,885,0,115,0,0,882,0,118,0,0,886,0,114,0,0,885,0,115,0,0,884,0,116,0,0,883,0,117,0,0,881,0,119,0,0,883,0,117,0,0,884,0,116,0,0,878,0,122,0,0,886,0,114,0,0,887,0,113,0,0,881,0,119,0,0,883,0,117,0,0,885,0,115,0,0,885,0,115,0,0,888,0,112,0,0,884,0,116,0,0,878,0,122,0,0,882,0,118,0,0,881,0,119,0,0,885,0,115,0,0,885,0,115,0,0,882,0,118,0,0,887,0,113,0,0,882,0,118,0,0,884,0,116,0,0,886,0,114,0,0,881,0,119,0,0,881,0,119,0,0,884,0,116,0,0,881,0,119,0,0,883,0,117,0,0,883,0,117,0,0,883,0,117,0,0,884,0,116,0,0,880,0,120,0,0
316,random,1.0,885,0,115,0,0,888,0,112,0,0,883,0,117,0,0,885,0,115,0,0,886,0,114,0,0,880,0,120,0,0,881,0,119,0,0,882,0,118,0,0,884,0,116,0,0,879,0,121,0,0,882,0,118,0,0,882,0,118,0,0,882,0,118,0,0,885,0,115,0,0,882,0,118,0,0,886,0,114,0,0,885,0,115,0,0,884,0,116,0,0,883,0,117,0,0,881,0,119,0,0,883,0,117,0,0,884,0,116,0,0,878,0,122,0,0,886,0,114,0,0,887,0,113,0,0,881,0,119,0,0,883,0,117,0,0,885,0,115,0,0,885,0,115,0,0,888,0,112,0,0,884,0,116,0,0,878,0,122,0,0,882,0,118,0,0,881,0,119,0,0,885,0,115,0,0,885,0,115,0,0,882,0,118,0,0,887,0,113,0,0,882,0,118,0,0,884,0,116,0,0,886,0,114,0,0,881,0,119,0,0,881,0,119,0,0,884,0,116,0,0,881,0,119,0,0,883,0,117,0,0,883,0,117,0,0,883,0,117,0,0,884,0,116,0,0,880,0,120,0,0
317,random,1.0,885,0,115,0,0,888,0,112,0,0,883,0,117,0,0,885,0,115,0,0,886,0,114,0,0,880,0,120,0,0,881,0,119,0,0,882,0,118,0,0,884,0,116,0,0,879,0,121,0,0,882,0,118,0,0,882,0,118,0,0,882,0,118,0,0,885,0,115,0,0,882,0,118,0,0,886,0,114,0,0,885,0,115,0,0,884,0,116,0,0,883,0,117,0,0,881,0,119,0,0,883,0,117,0,0,884,0,116,0,0,878,0,122,0,0,886,0,114,0,0,887,0,113,0,0,881,0,119,0,0,883,0,117,0,0,885,0,115,0,0,885,0,115,0,0,888,0,112,0,0,884,0,116,0,0,878,0,122,0,0,882,0,118,0,0,881,0,119,0,0,885,0,115,0,0,885,0,115,0,0,882,0,118,0,0,887,0,113,0,0,882,0,118,0,0,884,0,116,0,0,886,0,114,0,0,881,0,119,0,0,881,0,119,0,0,884,0,116,0,0,881,0,119,0,0,883,0,117,0,0,883,0,117,0,0,883,0,117,0,0,884,0,116,0,0,880,0,120,0,0
318,random,1.0,885,0,115,0,0,888,0,112,0,0,883,0,117,0,0,885,0,115,0,0,886,0,114,0,0,880,0,120,0,0,881,0,119,0,0,882,0,118,0,0,884,0,116,0,0,879,0,121,0,0,882,0,118,0,0,882,0,118,0,0,882,0,118,0,0,885,0,115,0,0,882,0,118,0,0,886,0,114,0,0,885,0,115,0,0,884,0,116,0,0,883,0,117,0,0,881,0,119,0,0,883,0,117,0,0,884,0,116,0,0,878,0,122,0,0,886,0,114,0,0,887,0,113,0,0,881,0,119,0,0,883,0,117,0,0,885,0,115,0,0,885,0,115,0,0,888,0,112,0,0,884,0,116,0,0,878,0,122,0,0,882,0,118,0,0,881,0,119,0,0,885,0,115,0,0,885,0,115,0,0,882,0,118,0,0,887,0,113,0,0,882,0,118,0,0,884,0,116,0,0,886,0,114,0,0,881,0,119,0,0,881,0,119,0,0,884,0,116,0,0,881,0,119,0,0,883,0,117,0,0,883,0,117,0,0,883,0,117,0,0,884,0,116,0,0,880,0,120,0,0
319,random,1.0,885,0,115,0,0,888,0,112,0,0,883,0,117,0,0,885,0,115,0,0,886,0,114,0,0,880,0,120,0,0,881,0,119,0,0,882,0,118,0,0,884,0,116,0,0,879,0,121,0,0,882,0,118,0,0,882,0,118,0,0,882,0,118,0,0,885,0,115,0,0,882,0,118,0,0,886,0,114,0,0,885,0,115,0,0,884,0,116,0,0,883,0,117,0,0,881,0,119,0,0,883,0,117,0,0,884,0,116,0,0,878,0,122,0,0,886,0,114,0,0,887,0,113,0,0,881,0,119,0,0,883,0,117,0,0,885,0,115,0,0,885,0,115,0,0,888,0,112,0,0,884,0,116,0,0,878,0,122,0,0,882,0,118,0,0,881,0,119,0,0,885,0,115,0,0,885,0,115,0,0,882,0,118,0,0,887,0,113,0,0,882,0,118,0,0,884,0,116,0,0,886,0,114,0,0,881,0,119,0,0,881,0,119,0,0,884,0,116,0,0,881,0,119,0,0,883,0,117,0,0,883,0,117,0,0,883,0,117,0,0,884,0,116,0,0,880,0,120,0,0
320,random,1.0,885,0,115,0,0,888,0,112,0,0,883,0,117,0,0,885,0,115,0,0,886,0,114,0,0,880,0,120,0,0,881,0,119,0,0,882,0,118,0,0,884,0,116,0,0,879,0,121,0,0,882,0,118,0,0,882,0,118,0,0,882,0,118,0,0,885,0,115,0,0,882,0,118,0,0,886,0,114,0,0,885,0,115,0,0,884,0,116,0,0,883,0,117,0,0,881,0,119,0,0,883,0,117,0,0,884,0,116,0,0,878,0,122,0,0,886,0,114,0,0,887,0,113,0,0,881,0,119,0,0,883,0,117,0,0,885,0,115,0,0,885,0,115,0,0,888,0,112,0,0,884,0,116,0,0,878,0,122,0,0,882,0,118,0,0,881,0,119,0,0,885,0,115,0,0,885,0,115,0,0,882,0,118,0,0,887,0,113,0,0,882,0,118,0,0,884,0,116,0,0,886,0,114,0,0,881,0,119,0,0,881,0,119,0,0,884,0,116,0,0,881,0,119,0,0,883,0,117,0,0,883,0,117,0,0,883,0,117,0,0,884,0,116,0,0,880,0,120,0,0
321,random,1.0,885,0,115,0,0,888,0,112,0,0,883,0,117,0,0,885,0,115,0,0,886,0,114,0,0,880,0,120,0,0,881,0,119,0,0,882,0,118,0,0,884,0,116,0,0,879,0,121,0,0,882,0,118,0,0,882,0,118,0,0,882,0,118,0,0,885,0,115,0,0,882,0,118,0,0,886,0,114,0,0,885,0,115,0,0,884,0,116,0,0,883,0,117,0,0,881,0,119,0,0,883,0,117,0,0,884,0,116,0,0,878,0,122,0,0,886,0,114,0,0,887,0,113,0,0,881,0,119,0,0,883,0,117,0,0,885,0,115,0,0,885,0,115,0,0,888,0,112,0,0,884,0,116,0,0,878,0,122,0,0,882,0,118,0,0,881,0,119,0,0,885,0,115,0,0,885,0,115,0,0,882,0,118,0,0,887,0,113,0,0,882,0,118,0,0,884,0,116,0,0,886,0,114,0,0,881,0,119,0,0,881,0,119,0,0,884,0,116,0,0,881,0,119,0,0,883,0,117,0,0,883,0,117,0,0,883,0,117,0,0,884,0,116,0,0,880,0,120,0,0
322,random,1.0,885,0,115,0,0,888,0,112,0,0,883,0,117,0,0,885,0,115,0,0,886,0,114,0,0,880,0,120,0,0,881,0,119,0,0,882,0,118,0,0,884,0,116,0,0,879,0,121,0,0,882,0,118,0,0,882,0,118,0,0,882,0,118,0,0,885,0,115,0,0,882,0,118,0,0,886,0,114,0,0,885,0,115,0,0,884,0,116,0,0,883,0,117,0,0,881,0,119,0,0,883,0,117,0,0,884,0,116,0,0,878,0,122,0,0,886,0,114,0,0,887,0,113,0,0,881,0,119,0,0,883,0,117,0,0,885,0,115,0,0,885,0,115,0,0,888,0,112,0,0,884,0,116,0,0,878,0,122,0,0,882,0,118,0,0,881,0,119,0,0,885,0,115,0,0,885,0,115,0,0,882,0,118,0,0,887,0,113,0,0,882,0,118,0,0,884,0,116,0,0,886,0,114,0,0,881,0,119,0,0,881,0,119,0,0,884,0,116,0,0,881,0,119,0,0,883,0,117,0,0,883,0,117,0,0,883,0,117,0,0,884,0,116,0,0,880,0,120,0,0
323,random,1.0,885,0,115,0,0,888,0,112,0,0,883,0,117,0,0,885,0,115,0,0,886,0,114,0,0,880,0,120,0,0,881,0,119,0,0,882,0,118,0,0,884,0,116,0,0,879,0,121,0,0,882,0,118,0,0,882,0,118,0,0,882,0,118,0,0,885,0,115,0,0,882,0,118,0,0,886,0,114,0,0,885,0,115,0,0,884,0,116,0,0,883,0,117,0,0,881,0,119,0,0,883,0,117,0,0,884,0,116,0,0,878,0,122,0,0,886,0,114,0,0,887,0,113,0,0,881,0,119,0,0,883,0,117,0,0,885,0,115,0,0,885,0,115,0,0,888,0,112,0,0,884,0,116,0,0,878,0,122,0,0,882,0,118,0,0,881,0,119,0,0,885,0,115,0,0,885,0,115,0,0,882,0,118,0,0,887,0,113,0,0,882,0,118,0,0,884,0,116,0,0,886,0,114,0,0,881,0,119,0,0,881,0,119,0,0,884,0,116,0,0,881,0,119,0,0,883,0,117,0,0,883,0,117,0,0,883,0,117,0,0,884,0,116,0,0,880,0,120,0,0
324,random,1.0,885,0,115,0,0,888,0,112,0,0,883,0,117,0,0,885,0,115,0,0,886,0,114,0,0,880,0,120,0,0,881,0,119,0,0,882,0,118,0,0,884,0,116,0,0,879,0,121,0,0,882,0,118,0,0,882,0,118,0,0,882,0,118,0,0,885,0,115,0,0,882,0,118,0,0,886,0,114,0,0,885,0,115,0,0,884,0,116,0,0,883,0,117,0,0,881,0,119,0,0,883,0,117,0,0,884,0,116,0,0,878,0,122,0,0,886,0,114,0,0,887,0,113,0,0,881,0,119,0,0,883,0,117,0,0,885,0,115,0,0,885,0,115,0,0,888,0,112,0,0,884,0,116,0,0,878,0,122,0,0,882,0,118,0,0,881,0,119,0,0,885,0,115,0,0,885,0,115,0,0,882,0,118,0,0,887,0,113,0,0,882,0,118,0,0,884,0,116,0,0,886,0,114,0,0,881,0,119,0,0,881,0,119,0,0,884,0,116,0,0,881,0,119,0,0,883,0,117,0,0,883,0,117,0,0,883,0,117,0,0,884,0,116,0,0,880,0,120,0,0
325,random,1.0,885,0,115,0,0,888,0,112,0,0,883,0,117,0,0,885,0,115,0,0,886,0,114,0,0,880,0,120,0,0,881,0,119,0,0,882,0,118,0,0,884,0,116,0,0,879,0,121,0,0,882,0,118,0,0,882,0,118,0,0,882,0,118,0,0,885,0,115,0,0,882,0,118,0,0,886,0,114,0,0,885,0,115,0,0,884,0,116,0,0,883,0,117,0,0,881,0,119,0,0,883,0,117,0,0,884,0,116,0,0,878,0,122,0,0,886,0,114,0,0,887,0,113,0,0,881,0,119,0,0,883,0,117,0,0,885,0,115,0,0,884,1,115,0,0,888,0,112,0,0,884,0,116,0,0,878,0,122,0,0,882,0,118,0,0,881,0,119,0,0,885,0,115,0,0,885,0,115,0,0,882,0,118,0,0,887,0,113,0,0,882,0,118,0,0,884,0,116,0,0,886,0,114,0,0,881,0,119,0,0,881,0,119,0,0,884,0,116,0,0,881,0,119,0,0,883,0,117,0,0,883,0,117,0,0,883,0,117,0,0,884,0,116,0,0,880,0,120,0,0
326,random,1.0,885,0,115,0,0,888,0,112,0,0,883,0,117,0,0,885,0,115,0,0,886,0,114,0,0,880,0,120,0,0,881,0,119,0,0,882,0,118,0,0,884,0,116,0,0,879,0,121,0,0,882,0,118,0,0,882,0,118,0,0,882,0,118,0,0,885,0,115,0,0,882,0,118,0,0,886,0,114,0,0,885,0,115,0,0,884,0,116,0,0,883,0,117,0,0,881,0,119,0,0,883,0,117,0,0,884,0,116,0,0,878,0,122,0,0,886,0,114,0,0,887,0,113,0,0,881,0,119,0,0,883,0,117,0,0,885,0,115,0,0,884,1,115,0,0,888,0,112,0,0,884,0,116,0,0,878,0,122,0,0,882,0,118,0,0,881,0,119,0,0,885,0,115,0,0,885,0,115,0,0,882,0,118,0,0,887,0,113,0,0,882,0,118,0,0,884,0,116,0,0,886,0,114,0,0,881,0,119,0,0,881,0,119,0,0,884,0,116,0,0,881,0,119,0,0,883,0,117,0,0,883,0,117,0,0,883,0,117,0,0,884,0,116,0,0,880,0,120,0,0
327,random,1.0,885,0,115,0,0,888,0,112,0,0,883,0,117,0,0,885,0,115,0,0,886,0,114,0,0,880,0,120,0,0,881,0,119,0,0,882,0,118,0,0,884,0,116,0,0,879,0,121,0,0,882,0,118,0,0,882,0,118,0,0,882,0,118,0,0,885,0,115,0,0,882,0,118,0,0,886,0,114,0,0,885,0,115,0,0,884,0,116,0,0,883,0,117,0,0,881,0,119,0,0,883,0,117,0,0,884,0,116,0,0,878,0,122,0,0,886,0,114,0,0,887,0,113,0,0,881,0,119,0,0,883,0,117,0,0,885,0,115,0,0,884,1,115,0,0,888,0,112,0,0,884,0,116,0,0,878,0,122,0,0,882,0,118,0,0,881,0,119,0,0,885,0,115,0,0,885,0,115,0,0,882,0,118,0,0,887,0,113,0,0,882,0,118,0,0,884,0,116,0,0,886,0,114,0,0,881,0,119,0,0,881,0,119,0,0,884,0,116,0,0,881,0,119,0,0,883,0,117,0,0,883,0,117,0,0,883,0,117,0,0,884,0,116,0,0,880,0,120,0,0
328,random,1.0,885,0,115,0,0,888,0,112,0,0,883,0,117,0,0,885,0,115,0,0,886,0,114,0,0,880,0,120,0,0,881,0,119,0,0,882,0,118,0,0,884,0,116,0,0,879,0,121,0,0,882,0,118,0,0,882,0,118,0,0,882,0,118,0,0,885,0,115,0,0,882,0,118,0,0,886,0,114,0,0,885,0,115,0,0,884,0,116,0,0,883,0,117,0,0,881,0,119,0,0,883,0,117,0,0,884,0,116,0,0,878,0,122,0,0,886,0,114,0,0,887,0,113,0,0,881,0,119,0,0,883,0,117,0,0,885,0,115,0,0,884,1,115,0,0,888,0,112,0,0,884,0,116,0,0,878,0,122,0,0,882,0,118,0,0,881,0,119,0,0,885,0,115,0,0,885,0,115,0,0,882,0,118,0,0,887,0,113,0,0,882,0,118,0,0,884,0,116,0,0,886,0,114,0,0,881,0,119,0,0,881,0,119,0,0,884,0,116,0,0,881,0,119,0,0,883,0,117,0,0,882,1,117,0,0,883,0,117,0,0,884,0,116,0,0,880,0,120,0,0
329,random,1.0,885,0,115,0,0,888,0,112,0,0,883,0,117,0,0,885,0,115,0,0,886,0,114,0,0,880,0,120,0,0,881,0,119,0,0,882,0,118,0,0,884,0,116,0,0,879,0,121,0,0,882,0,118,0,0,882,0,118,0,0,882,0,118,0,0,885,0,115,0,0,882,0,118,0,0,886,0,114,0,0,885,0,115,0,0,884,0,116,0,0,883,0,117,0,0,881,0,119,0,0,883,0,117,0,0,884,0,116,0,0,878,0,122,0,0,886,0,114,0,0,887,0,113,0,0,881,0,119,0,0,883,0,117,0,0,885,0,115,0,0,884,1,115,0,0,888,0,112,0,0,884,0,116,0,0,878,0,122,0,0,882,0,118,0,0,881,0,119,0,0,885,0,115,0,0,885,0,115,0,0,882,0,118,0,0,887,0,113,0,0,882,0,118,0,0,884,0,116,0,0,886,0,114,0,0,881,0,119,0,0,881,0,119,0,0,884,0,116,0,0,881,0,119,0,0,883,0,117,0,0,882,1,117,0,0,883,0,117,0,0,884,0,116,0,0,880,0,120,0,0
330,random,1.0,885,0,115,0,0,888,0,112,0,0,883,0,117,0,0,885,0,115,0,0,886,0,114,0,0,880,0,120,0,0,881,0,119,0,0,882,0,118,0,0,884,0,116,0,0,879,0,121,0,0,882,0,118,0,0,882,0,118,0,0,882,0,118,0,0,885,0,115,0,0,882,0,118,0,0,886,0,114,0,0,885,0,115,0,0,884,0,116,0,0,883,0,117,0,0,881,0,119,0,0,883,0,117,0,0,884,0,116,0,0,878,0,122,0,0,886,0,114,0,0,887,0,113,0,0,881,0,119,0,0,883,0,117,0,0,885,0,115,0,0,884,1,115,0,0,888,0,112,0,0,884,0,116,0,0,878,0,122,0,0,882,0,118,0,0,881,0,119,0,0,885,0,115,0,0,885,0,115,0,0,882,0,118,0,0,887,0,113,0,0,882,0,118,0,0,884,0,116,0,0,886,0,114,0,0,881,0,119,0,0,881,0,119,0,0,884,0,116,0,0,881,0,119,0,0,883,0,117,0,0,882,1,117,0,0,883,0,117,0,0,884,0,116,0,0,880,0,120,0,0
331,random,1.0,885,0,115,0,0,888,0,112,0,0,883,0,117,0,0,885,0,115,0,0,886,0,114,0,0,880,0,120,0,0,881,0,119,0,0,882,0,118,0,0,884,0,116,0,0,879,0,121,0,0,882,0,118,0,0,882,0,118,0,0,882,0,118,0,0,885,0,115,0,0,882,0,118,0,0,886,0,114,0,0,885,0,115,0,0,884,0,116,0,0,883,0,117,0,0,881,0,119,0,0,883,0,117,0,0,884,0,116,0,0,878,0,122,0,0,886,0,114,0,0,887,0,113,0,0,881,0,119,0,0,883,0,117,0,0,885,0,115,0,0,884,1,115,0,0,888,0,112,0,0,884,0,116,0,0,878,0,122,0,0,882,0,118,0,0,881,0,119,0,0,885,0,115,0,0,885,0,115,0,0,882,0,118,0,0,887,0,113,0,0,882,0,118,0,0,884,0,116,0,0,886,0,114,0,0,881,0,119,0,0,881,0,119,0,0,884,0,116,0,0,881,0,119,0,0,883,0,117,0,0,882,1,117,0,0,883,0,117,0,0,884,0,116,0,0,880,0,120,0,0
332,random,1.0,885,0,115,0,0,888,0,112,0,0,883,0,117,0,0,885,0,115,0,0,886,0,114,0,0,880,0,120,0,0,881,0,119,0,0,882,0,118,0,0,884,0,116,0,0,879,0,121,0,0,882,0,118,0,0,882,0,118,0,0,882,0,118,0,0,885,0,115,0,0,882,0,118,0,0,886,0,114,0,0,885,0,115,0,0,884,0,116,0,0,883,0,117,0,0,881,0,119,0,0,883,0,117,0,0,884,0,116,0,0,878,0,122,0,0,886,0,114,0,0,887,0,113,0,0,881,0,119,0,0,883,0,117,0,0,885,0,115,0,0,884,1,115,0,0,888,0,112,0,0,884,0,116,0,0,878,0,122,0,0,882,0,118,0,0,881,0,119,0,0,885,0,115,0,0,885,0,115,0,0,882,0,118,0,0,887,0,113,0,0,882,0,118,0,0,884,0,116,0,0,886,0,114,0,0,881,0,119,0,0,881,0,119,0,0,884,0,116,0,0,881,0,119,0,0,883,0,117,0,0,882,1,117,0,0,883,0,117,0,0,884,0,116,0,0,880,0,120,0,0
333,random,1.0,885,0,115,0,0,888,0,112,0,0,883,0,117,0,0,885,0,115,0,0,886,0,114,0,0,880,0,120,0,0,881,0,119,0,0,881,1,118,0,0,884,0,116,0,0,879,0,121,0,0,882,0,118,0,0,882,0,118,0,0,882,0,118,0,0,885,0,115,0,0,882,0,118,0,0,886,0,114,0,0,885,0,115,0,0,884,0,116,0,0,883,0,117,0,0,881,0,119,0,0,883,0,117,0,0,884,0,116,0,0,878,0,122,0,0,886,0,114,0,0,887,0,113,0,0,881,0,119,0,0,883,0,117,0,0,885,0,115,0,0,884,1,115,0,0,888,0,112,0,0,884,0,116,0,0,878,0,122,0,0,882,0,118,0,0,881,0,119,0,0,885,0,115,0,0,885,0,115,0,0,882,0,118,0,0,887,0,113,0,0,882,0,118,0,0,884,0,116,0,0,886,0,114,0,0,881,0,119,0,0,881,0,119,0,0,884,0,116,0,0,881,0,119,0,0,883,0,117,0,0,882,1,117,0,0,883,0,117,0,0,884,0,116,0,0,880,0,120,0,0
334,random,1.0,885,0,115,0,0,888,0,112,0,0,883,0,117,0,0,885,0,115,0,0,886,0,114,0,0,880,0,120,0,0,881,0,119,0,0,881,1,118,0,0,884,0,116,0,0,879,0,121,0,0,882,0,118,0,0,882,0,118,0,0,882,0,118,0,0,885,0,115,0,0,882,0,118,0,0,886,0,114,0,0,885,0,115,0,0,884,0,116,0,0,883,0,117,0,0,881,0,119,0,0,883,0,117,0,0,884,0,116,0,0,878,0,122,0,0,886,0,114,0,0,887,0,113,0,0,881,0,119,0,0,883,0,117,0,0,885,0,115,0,0,884,1,115,0,0,888,0,112,0,0,884,0,116,0,0,878,0,122,0,0,882,0,118,0,0,881,0,119,0,0,885,0,115,0,0,885,0,115,0,0,882,0,118,0,0,887,0,113,0,0,882,0,118,0,0,884,0,116,0,0,886,0,114,0,0,881,0,119,0,0,881,0,119,0,0,884,0,116,0,0,881,0,119,0,0,883,0,117,0,0,882,1,117,0,0,883,0,117,0,0,884,0,116,0,0,880,0,120,0,0
335,random,1.0,885,0,115,0,0,888,0,112,0,0,883,0,117,0,0,885,0,115,0,0,886,0,114,0,0,880,0,120,0,0,881,0,119,0,0,881,1,118,0,0,884,0,116,0,0,879,0,121,0,0,882,0,118,0,0,882,0,118,0,0,882,0,118,0,0,885,0,115,0,0,882,0,118,0,0,886,0,114,0,0,885,0,115,0,0,884,0,116,0,0,883,0,117,0,0,881,0,119,0,0,883,0,117,0,0,884,0,116,0,0,878,0,122,0,0,886,0,114,0,0,887,0,113,0,0,881,0,119,0,0,883,0,117,0,0,885,0,115,0,0,884,1,115,0,0,888,0,112,0,0,884,0,116,0,0,878,0,122,0,0,882,0,118,0,0,881,0,119,0,0,885,0,115,0,0,885,0,115,0,0,882,0,118,0,0,887,0,113,0,0,882,0,118,0,0,884,0,116,0,0,886,0,114,0,0,881,0,119,0,0,881,0,119,0,0,884,0,116,0,0,881,0,119,0,0,883,0,117,0,0,882,1,117,0,0,883,0,117,0,0,884,0,116,0,0,880,0,120,0,0
336,random,1.0,885,0,115,0,0,888,0,112,0,0,883,0,117,0,0,885,0,115,0,0,886,0,114,0,0,880,0,120,0,0,881,0,119,0,0,881,1,118,0,0,884,0,116,0,0,879,0,121,0,0,882,0,118,0,0,882,0,118,0,0,882,0,118,0,0,885,0,115,0,0,882,0,118,0,0,886,0,114,0,0,885,0,115,0,0,884,0,116,0,0,882,1,117,0,0,881,0,119,0,0,883,0,117,0,0,884,0,116,0,0,878,0,122,0,0,886,0,114,0,0,887,0,113,0,0,881,0,119,0,0,883,0,117,0,0,885,0,115,0,0,884,1,115,0,0,888,0,112,0,0,884,0,116,0,0,878,0,122,0,0,882,0,118,0,0,881,0,119,0,0,885,0,115,0,0,885,0,115,0,0,882,0,118,0,0,887,0,113,0,0,882,0,118,0,0,884,0,116,0,0,886,0,114,0,0,881,0,119,0,0,881,0,119,0,0,884,0,116,0,0,881,0,119,0,0,883,0,117,0,0,882,1,117,0,0,883,0,117,0,0,884,0,116,0,0,880,0,120,0,0
337,random,1.0,885,0,115,0,0,888,0,112,0,0,883,0,117,0,0,885,0,115,0,0,886,0,114,0,0,880,0,120,0,0,881,0,119,0,0,881,1,118,0,0,884,0,116,0,0,878,1,121,0,0,882,0,118,0,0,882,0,118,0,0,882,0,118,0,0,885,0,115,0,0,882,0,118,0,0,886,0,114,0,0,885,0,115,0,0,884,0,116,0,0,882,1,117,0,0,881,0,119,0,0,883,0,117,0,0,884,0,116,0,0,878,0,122,0,0,886,0,114,0,0,887,0,113,0,0,881,0,119,0,0,883,0,117,0,0,885,0,115,0,0,884,1,115,0,0,888,0,112,0,0,884,0,116,0,0,878,0,122,0,0,882,0,118,0,0,881,0,119,0,0,885,0,115,0,0,885,0,115,0,0,882,0,118,0,0,887,0,113,0,0,882,0,118,0,0,884,0,116,0,0,886,0,114,0,0,881,0,119,0,0,881,0,119,0,0,884,0,116,0,0,881,0,119,0,0,883,0,117,0,0,882,1,117,0,0,883,0,117,0,0,884,0,116,0,0,880,0,120,0,0
338,random,1.0,885,0,115,0,0,888,0,112,0,0,883,0,117,0,0,885,0,115,0,0,886,0,114,0,0,880,0,120,0,0,881,0,119,0,0,881,1,118,0,0,884,0,116,0,0,878,1,121,0,0,882,0,118,0,0,882,0,118,0,0,882,0,118,0,0,885,0,115,0,0,882,0,118,0,0,886,0,114,0,0,885,0,115,0,0,884,0,116,0,0,882,1,117,0,0,881,0,119,0,0,883,0,117,0,0,884,0,116,0,0,878,0,122,0,0,886,0,114,0,0,887,0,113,0,0,881,0,119,0,0,883,0,117,0,0,885,0,115,0,0,884,0,116,0,0,888,0,112,0,0,884,0,116,0,0,878,0,122,0,0,882,0,118,0,0,881,0,119,0,0,885,0,115,0,0,885,0,115,0,0,882,0,118,0,0,887,0,113,0,0,882,0,118,0,0,884,0,116,0,0,886,0,114,0,0,881,0,119,0,0,881,0,119,0,0,884,0,116,0,0,881,0,119,0,0,883,0,117,0,0,882,1,117,0,0,883,0,117,0,0,884,0,116,0,0,880,0,120,0,0
339,random,1.0,885,0,115,0,0,888,0,112,0,0,883,0,117,0,0,885,0,115,0,0,886,0,114,0,0,880,0,120,0,0,881,0,119,0,0,881,1,118,0,0,884,0,116,0,0,878,1,121,0,0,882,0,118,0,0,882,0,118,0,0,882,0,118,0,0,885,0,115,0,0,882,0,118,0,0,886,0,114,0,0,885,0,115,0,0,884,0,116,0,0,882,1,117,0,0,881,0,119,0,0,883,0,117,0,0,884,0,116,0,0,878,0,122,0,0,886,0,114,0,0,887,0,113,0,0,881,0,119,0,0,883,0,117,0,0,885,0,115,0,0,884,0,116,0,0,888,0,112,0,0,884,0,116,0,0,878,0,122,0,0,882,0,118,0,0,881,0,119,0,0,885,0,115,0,0,885,0,115,0,0,882,0,118,0,0,887,0,113,0,0,882,0,118,0,0,884,0,116,0,0,886,0,114,0,0,881,0,119,0,0,881,0,119,0,0,884,0,116,0,0,881,0,119,0,0,883,0,117,0,0,882,1,117,0,0,883,0,117,0,0,884,0,116,0,0,880,0,120,0,0
340,random,1.0,885,0,115,0,0,888,0,112,0,0,883,0,117,0,0,885,0,115,0,0,886,0,114,0,0,880,0,120,0,0,881,0,119,0,0,881,1,118,0,0,884,0,116,0,0,878,1,121,0,0,882,0,118,0,0,882,0,118,0,0,882,0,118,0,0,885,0,115,0,0,882,0,118,0,0,886,0,114,0,0,885,0,115,0,0,884,0,116,0,0,882,1,117,0,0,881,0,119,0,0,883,0,117,0,0,884,0,116,0,0,878,0,122,0,0,886,0,114,0,0,887,0,113,0,0,881,0,119,0,0,883,0,117,0,0,885,0,115,0,0,884,0,116,0,0,888,0,112,0,0,884,0,116,0,0,878,0,122,0,0,882,0,118,0,0,881,0,119,0,0,885,0,115,0,0,885,0,115,0,0,882,0,118,0,0,887,0,113,0,0,882,0,118,0,0,884,0,116,0,0,886,0,114,0,0,881,0,119,0,0,881,0,119,0,0,884,0,116,0,0,881,0,119,0,0,883,0,117,0,0,882,1,117,0,0,883,0,117,0,0,884,0,116,0,0,880,0,120,0,0
341,random,1.0,885,0,115,0,0,888,0,112,0,0,883,0,117,0,0,885,0,115,0,0,886,0,114,0,0,880,0,120,0,0,881,0,119,0,0,881,1,118,0,0,884,0,116,0,0,878,1,121,0,0,882,0,118,0,0,882,0,118,0,0,882,0,118,0,0,885,0,115,0,0,882,0,118,0,0,886,0,114,0,0,885,0,115,0,0,884,0,116,0,0,882,1,117,0,0,881,0,119,0,0,883,0,117,0,0,884,0,116,0,0,878,0,122,0,0,886,0,114,0,0,887,0,113,0,0,881,0,119,0,0,883,0,117,0,0,885,0,115,0,0,884,0,116,0,0,888,0,112,0,0,884,0,116,0,0,878,0,122,0,0,882,0,118,0,0,881,0,119,0,0,885,0,115,0,0,885,0,115,0,0,882,0,118,0,0,887,0,113,0,0,882,0,118,0,0,884,0,116,0,0,886,0,114,0,0,881,0,119,0,0,881,0,119,0,0,884,0,116,0,0,881,0,119,0,0,883,0,117,0,0,882,0,118,0,0,883,0,117,0,0,884,0,116,0,0,880,0,120,0,0
342,random,1.0,885,0,115,0,0,888,0,112,0,0,883,0,117,0,0,885,0,115,0,0,886,0,114,0,0,880,0,120,0,0,881,0,119,0,0,881,1,118,0,0,884,0,116,0,0,878,1,121,0,0,882,0,118,0,0,882,0,118,0,0,882,0,118,0,0,885,0,115,0,0,882,0,118,0,0,885,1,114,0,0,885,0,115,0,0,884,0,116,0,0,882,1,117,0,0,881,0,119,0,0,883,0,117,0,0,884,0,116,0,0,878,0,122,0,0,886,0,114,0,0,887,0,113,0,0,881,0,119,0,0,883,0,117,0,0,885,0,115,0,0,884,0,116,0,0,888,0,112,0,0,884,0,116,0,0,878,0,122,0,0,882,0,118,0,0,881,0,119,0,0,885,0,115,0,0,885,0,115,0,0,882,0,118,0,0,887,0,113,0,0,882,0,118,0,0,884,0,116,0,0,886,0,114,0,0,881,0,119,0,0,881,0,119,0,0,884,0,116,0,0,881,0,119,0,0,883,0,117,0,0,882,0,118,0,0,883,0,117,0,0,884,0,116,0,0,880,0,120,0,0
343,random,1.0,885,0,115,0,0,888,0,112,0,0,883,0,117,0,0,885,0,115,0,0,886,0,114,0,0,880,0,120,0,0,881,0,119,0,0,881,1,118,0,0,884,0,116,0,0,878,1,121,0,0,882,0,118,0,0,882,0,118,0,0,882,0,118,0,0,885,0,115,0,0,882,0,118,0,0,885,1,114,0,0,885,0,115,0,0,884,0,116,0,0,882,1,117,0,0,881,0,119,0,0,883,0,117,0,0,884,0,116,0,0,878,0,122,0,0,886,0,114,0,0,887,0,113,0,0,881,0,119,0,0,883,0,117,0,0,885,0,115,0,0,884,0,116,0,0,888,0,112,0,0,884,0,116,0,0,878,0,122,0,0,882,0,118,0,0,881,0,119,0,0,885,0,115,0,0,885,0,115,0,0,882,0,118,0,0,887,0,113,0,0,882,0,118,0,0,884,0,116,0,0,886,0,114,0,0,881,0,119,0,0,881,0,119,0,0,884,0,116,0,0,881,0,119,0,0,883,0,117,0,0,882,0,118,0,0,883,0,117,0,0,884,0,116,0,0,880,0,120,0,0
344,random,1.0,885,0,115,0,0,888,0,112,0,0,883,0,117,0,0,885,0,115,0,0,886,0,114,0,0,880,0,120,0,0,881,0,119,0,0,881,1,118,0,0,884,0,116,0,0,878,1,121,0,0,882,0,118,0,0,882,0,118,0,0,882,0,118,0,0,885,0,115,0,0,882,0,118,0,0,885,1,114,0,0,885,0,115,0,0,884,0,116,0,0,882,1,117,0,0,881,0,119,0,0,883,0,117,0,0,884,0,116,0,0,878,0,122,0,0,886,0,114,0,0,887,0,113,0,0,881,0,119,0,0,883,0,117,0,0,885,0,115,0,0,884,0,116,0,0,888,0,112,0,0,884,0,116,0,0,878,0,122,0,0,882,0,118,0,0,881,0,119,0,0,885,0,115,0,0,885,0,115,0,0,882,0,118,0,0,887,0,113,0,0,882,0,118,0,0,884,0,116,0,0,886,0,114,0,0,881,0,119,0,0,881,0,119,0,0,884,0,116,0,0,881,0,119,0,0,883,0,117,0,0,882,0,118,0,0,883,0,117,0,0,884,0,116,0,0,880,0,120,0,0
345,random,1.0,885,0,115,0,0,888,0,112,0,0,883,0,117,0,0,885,0,115,0,0,886,0,114,0,0,880,0,120,0,0,881,0,119,0,0,881,1,118,0,0,884,0,116,0,0,878,1,121,0,0,882,0,118,0,0,882,0,118,0,0,882,0,118,0,0,885,0,115,0,0,882,0,118,0,0,885,1,114,0,0,885,0,115,0,0,884,0,116,0,0,882,1,117,0,0,881,0,119,0,0,883,0,117,0,0,884,0,116,0,0,878,0,122,0,0,886,0,114,0,0,887,0,113,0,0,881,0,119,0,0,883,0,117,0,0,885,0,115,0,0,884,0,116,0,0,888,0,112,0,0,884,0,116,0,0,878,0,122,0,0,882,0,118,0,0,881,0,119,0,0,885,0,115,0,0,885,0,115,0,0,882,0,118,0,0,887,0,113,0,0,882,0,118,0,0,884,0,116,0,0,886,0,114,0,0,881,0,119,0,0,881,0,119,0,0,884,0,116,0,0,881,0,119,0,0,883,0,117,0,0,882,0,118,0,0,883,0,117,0,0,884,0,116,0,0,880,0,120,0,0
346,random,1.0,885,0,115,0,0,888,0,112,0,0,883,0,117,0,0,885,0,115,0,0,886,0,114,0,0,880,0,120,0,0,881,0,119,0,0,881,0,119,0,0,884,0,116,0,0,878,1,121,0,0,882,0,118,0,0,882,0,118,0,0,882,0,118,0,0,885,0,115,0,0,882,0,118,0,0,885,1,114,0,0,885,0,115,0,0,884,0,116,0,0,882,1,117,0,0,881,0,119,0,0,883,0,117,0,0,884,0,116,0,0,878,0,122,0,0,886,0,114,0,0,887,0,113,0,0,881,0,119,0,0,883,0,117,0,0,885,0,115,0,0,884,0,116,0,0,888,0,112,0,0,884,0,116,0,0,878,0,122,0,0,882,0,118,0,0,881,0,119,0,0,885,0,115,0,0,885,0,115,0,0,882,0,118,0,0,887,0,113,0,0,882,0,118,0,0,884,0,116,0,0,886,0,114,0,0,881,0,119,0,0,881,0,119,0,0,884,0,116,0,0,881,0,119,0,0,883,0,117,0,0,882,0,118,0,0,883,0,117,0,0,884,0,116,0,0,880,0,120,0,0
347,random,1.0,885,0,115,0,0,888,0,112,0,0,883,0,117,0,0,885,0,115,0,0,886,0,114,0,0,880,0,120,0,0,881,0,119,0,0,881,0,119,0,0,884,0,116,0,0,878,1,121,0,0,882,0,118,0,0,882,0,118,0,0,882,0,118,0,0,885,0,115,0,0,882,0,118,0,0,885,1,114,0,0,885,0,115,0,0,884,0,116,0,0,882,1,117,0,0,881,0,119,0,0,883,0,117,0,0,884,0,116,0,0,878,0,122,0,0,886,0,114,0,0,887,0,113,0,0,881,0,119,0,0,883,0,117,0,0,885,0,115,0,0,884,0,116,0,0,888,0,112,0,0,884,0,116,0,0,878,0,122,0,0,882,0,118,0,0,881,0,119,0,0,885,0,115,0,0,885,0,115,0,0,882,0,118,0,0,887,0,113,0,0,882,0,118,0,0,884,0,116,0,0,886,0,114,0,0,881,0,119,0,0,881,0,119,0,0,884,0,116,0,0,881,0,119,0,0,883,0,117,0,0,882,0,118,0,0,883,0,117,0,0,884,0,116,0,0,880,0,120,0,0
348,random,1.0,885,0,115,0,0,888,0,112,0,0,883,0,117,0,0,885,0,115,0,0,886,0,114,0,0,880,0,120,0,0,881,0,119,0,0,881,0,119,0,0,884,0,116,0,0,878,1,121,0,0,882,0,118,0,0,882,0,118,0,0,882,0,118,0,0,885,0,115,0,0,882,0,118,0,0,885,1,114,0,0,885,0,115,0,0,884,0,116,0,0,882,1,117,0,0,881,0,119,0,0,883,0,117,0,0,884,0,116,0,0,878,0,122,0,0,886,0,114,0,0,887,0,113,0,0,881,0,119,0,0,883,0,117,0,0,885,0,115,0,0,884,0,116,0,0,888,0,112,0,0,884,0,116,0,0,878,0,122,0,0,882,0,118,0,0,881,0,119,0,0,885,0,115,0,0,885,0,115,0,0,882,0,118,0,0,887,0,113,0,0,882,0,118,0,0,884,0,116,0,0,886,0,114,0,0,881,0,119,0,0,881,0,119,0,0,884,0,116,0,0,881,0,119,0,0,883,0,117,0,0,882,0,118,0,0,883,0,117,0,0,884,0,116,0,0,880,0,120,0,0
349,random,1.0,885,0,115,0,0,888,0,112,0,0,883,0,117,0,0,885,0,115,0,0,886,0,114,0,0,880,0,120,0,0,881,0,119,0,0,881,0,119,0,0,884,0,116,0,0,878,1,121,0,0,882,0,118,0,0,882,0,118,0,0,882,0,118,0,0,885,0,115,0,0,882,0,118,0,0,885,1,114,0,0,885,0,115,0,0,884,0,116,0,0,882,0,118,0,0,881,0,119,0,0,883,0,117,0,0,884,0,116,0,0,878,0,122,0,0,886,0,114,0,0,887,0,113,0,0,881,0,119,0,0,883,0,117,0,0,885,0,115,0,0,884,0,116,0,0,888,0,112,0,0,884,0,116,0,0,878,0,122,0,0,882,0,118,0,0,881,0,119,0,0,885,0,115,0,0,885,0,115,0,0,882,0,118,0,0,887,0,113,0,0,882,0,118,0,0,884,0,116,0,0,886,0,114,0,0,881,0,119,0,0,881,0,119,0,0,884,0,116,0,0,881,0,119,0,0,883,0,117,0,0,882,0,118,0,0,883,0,117,0,0,884,0,116,0,0,880,0,120,0,0
350,random,1.0,885,0,115,0,0,888,0,112,0,0,883,0,117,0,0,885,0,115,0,0,886,0,114,0,0,880,0,120,0,0,881,0,119,0,0,881,0,119,0,0,884,0,116,0,0,878,0,122,0,0,882,0,118,0,0,882,0,118,0,0,882,0,118,0,0,885,0,115,0,0,882,0,118,0,0,885,1,114,0,0,885,0,115,0,0,884,0,116,0,0,882,0,118,0,0,881,0,119,0,0,883,0,117,0,0,884,0,116,0,0,878,0,122,0,0,886,0,114,0,0,887,0,113,0,0,881,0,119,0,0,883,0,117,0,0,885,0,115,0,0,884,0,116,0,0,888,0,112,0,0,884,0,116,0,0,878,0,122,0,0,882,0,118,0,0,881,0,119,0,0,885,0,115,0,0,885,0,115,0,0,882,0,118,0,0,887,0,113,0,0,882,0,118,0,0,884,0,116,0,0,886,0,114,0,0,881,0,119,0,0,881,0,119,0,0,884,0,116,0,0,881,0,119,0,0,883,0,117,0,0,882,0,118,0,0,883,0,117,0,0,884,0,116,0,0,880,0,120,0,0
351,random,1.0,885,0,115,0,0,888,0,112,0,0,883,0,117,0,0,885,0,115,0,0,886,0,114,0,0,880,0,120,0,0,881,0,119,0,0,881,0,119,0,0,884,0,116,0,0,878,0,122,0,0,882,0,118,0,0,882,0,118,0,0,882,0,118,0,0,885,0,115,0,0,882,0,118,0,0,885,1,114,0,0,885,0,115,0,0,884,0,116,0,0,882,0,118,0,0,881,0,119,0,0,883,0,117,0,0,884,0,116,0,0,878,0,122,0,0,886,0,114,0,0,887,0,113,0,0,881,0,119,0,0,883,0,117,0,0,885,0,115,0,0,884,0,116,0,0,888,0,112,0,0,884,0,116,0,0,878,0,122,0,0,882,0,118,0,0,881,0,119,0,0,885,0,115,0,0,885,0,115,0,0,882,0,118,0,0,887,0,113,0,0,882,0,118,0,0,884,0,116,0,0,886,0,114,0,0,881,0,119,0,0,881,0,119,0,0,884,0,116,0,0,881,0,119,0,0,883,0,117,0,0,882,0,118,0,0,883,0,117,0,0,884,0,116,0,0,880,0,120,0,0
352,random,1.0,885,0,115,0,0,888,0,112,0,0,883,0,117,0,0,885,0,115,0,0,886,0,114,0,0,880,0,120,0,0,881,0,119,0,0,881,0,119,0,0,884,0,116,0,0,878,0,122,0,0,882,0,118,0,0,882,0,118,0,0,882,0,118,0,0,885,0,115,0,0,882,0,118,0,0,885,1,114,0,0,885,0,115,0,0,884,0,116,0,0,882,0,118,0,0,881,0,119,0,0,883,0,117,0,0,884,0,116,0,0,878,0,122,0,0,886,0,114,0,0,887,0,113,0,0,881,0,119,0,0,883,0,117,0,0,885,0,115,0,0,884,0,116,0,0,888,0,112,0,0,884,0,116,0,0,878,0,122,0,0,882,0,118,0,0,881,0,119,0,0,885,0,115,0,0,885,0,115,0,0,882,0,118,0,0,887,0,113,0,0,882,0,118,0,0,884,0,116,0,0,886,0,114,0,0,881,0,119,0,0,881,0,119,0,0,884,0,116,0,0,881,0,119,0,0,883,0,117,0,0,882,0,118,0,0,883,0,117,0,0,884,0,116,0,0,880,0,120,0,0
353,random,1.0,885,0,115,0,0,888,0,112,0,0,883,0,117,0,0,885,0,115,0,0,886,0,114,0,0,880,0,120,0,0,881,0,119,0,0,881,0,119,0,0,884,0,116,0,0,878,0,122,0,0,882,0,118,0,0,882,0,118,0,0,882,0,118,0,0,885,0,115,0,0,882,0,118,0,0,885,1,114,0,0,885,0,115,0,0,884,0,116,0,0,882,0,118,0,0,881,0,119,0,0,883,0,117,0,0,884,0,116,0,0,878,0,122,0,0,886,0,114,0,0,887,0,113,0,0,881,0,119,0,0,883,0,117,0,0,885,0,115,0,0,884,0,116,0,0,888,0,112,0,0,884,0,116,0,0,878,0,122,0,0,882,0,118,0,0,881,0,119,0,0,885,0,115,0,0,885,0,115,0,0,882,0,118,0,0,887,0,113,0,0,882,0,118,0,0,884,0,116,0,0,886,0,114,0,0,881,0,119,0,0,881,0,119,0,0,884,0,116,0,0,881,0,119,0,0,883,0,117,0,0,882,0,118,0,0,883,0,117,0,0,884,0,116,0,0,880,0,120,0,0
354,random,1.0,885,0,115,0,0,888,0,112,0,0,883,0,117,0,0,885,0,115,0,0,886,0,114,0,0,880,0,120,0,0,881,0,119,0,0,881,0,119,0,0,884,0,116,0,0,878,0,122,0,0,882,0,118,0,0,882,0,118,0,0,882,0,118,0,0,885,0,115,0,0,882,0,118,0,0,884,2,114,0,0,885,0,115,0,0,884,0,116,0,0,882,0,118,0,0,881,0,119,0,0,883,0,117,0,0,884,0,116,0,0,878,0,122,0,0,886,0,114,0,0,887,0,113,0,0,881,0,119,0,0,883,0,117,0,0,885,0,115,0,0,884,0,116,0,0,888,0,112,0,0,884,0,116,0,0,878,0,122,0,0,882,0,118,0,0,881,0,119,0,0,885,0,115,0,0,885,0,115,0,0,882,0,118,0,0,887,0,113,0,0,882,0,118,0,0,884,0,116,0,0,886,0,114,0,0,881,0,119,0,0,881,0,119,0,0,884,0,116,0,0,881,0,119,0,0,883,0,117,0,0,882,0,118,0,0,883,0,117,0,0,884,0,116,0,0,880,0,120,0,0
355,random,1.0,885,0,115,0,0,888,0,112,0,0,883,0,117,0,0,885,0,115,0,0,886,0,114,0,0,880,0,120,0,0,881,0,119,0,0,881,0,119,0,0,884,0,116,0,0,878,0,122,0,0,882,0,118,0,0,882,0,118,0,0,882,0,118,0,0,885,0,115,0,0,882,0,118,0,0,884,1,115,0,0,885,0,115,0,0,884,0,116,0,0,882,0,118,0,0,881,0,119,0,0,883,0,117,0,0,884,0,116,0,0,878,0,122,0,0,886,0,114,0,0,887,0,113,0,0,881,0,119,0,0,883,0,117,0,0,885,0,115,0,0,884,0,116,0,0,888,0,112,0,0,884,0,116,0,0,878,0,122,0,0,882,0,118,0,0,881,0,119,0,0,885,0,115,0,0,885,0,115,0,0,882,0,118,0,0,887,0,113,0,0,882,0,118,0,0,884,0,116,0,0,886,0,114,0,0,881,0,119,0,0,881,0,119,0,0,884,0,116,0,0,881,0,119,0,0,883,0,117,0,0,882,0,118,0,0,883,0,117,0,0,884,0,116,0,0,880,0,120,0,0
356,random,1.0,885,0,115,0,0,888,0,112,0,0,883,0,117,0,0,885,0,115,0,0,886,0,114,0,0,880,0,120,0,0,881,0,119,0,0,881,0,119,0,0,884,0,116,0,0,878,0,122,0,0,882,0,118,0,0,882,0,118,0,0,882,0,118,0,0,885,0,115,0,0,882,0,118,0,0,884,1,115,0,0,885,0,115,0,0,884,0,116,0,0,882,0,118,0,0,881,0,119,0,0,883,0,117,0,0,884,0,116,0,0,878,0,122,0,0,886,0,114,0,0,887,0,113,0,0,881,0,119,0,0,883,0,117,0,0,885,0,115,0,0,884,0,116,0,0,888,0,112,0,0,884,0,116,0,0,878,0,122,0,0,882,0,118,0,0,881,0,119,0,0,885,0,115,0,0,885,0,115,0,0,882,0,118,0,0,887,0,113,0,0,882,0,118,0,0,884,0,116,0,0,886,0,114,0,0,881,0,119,0,0,881,0,119,0,0,884,0,116,0,0,881,0,119,0,0,883,0,117,0,0,882,0,118,0,0,883,0,117,0,0,884,0,116,0,0,880,0,120,0,0
357,random,1.0,885,0,115,0,0,888,0,112,0,0,883,0,117,0,0,885,0,115,0,0,886,0,114,0,0,880,0,120,0,0,881,0,119,0,0,881,0,119,0,0,884,0,116,0,0,878,0,122,0,0,882,0,118,0,0,882,0,118,0,0,882,0,118,0,0,885,0,115,0,0,882,0,118,0,0,884,1,115,0,0,885,0,115,0,0,884,0,116,0,0,882,0,118,0,0,881,0,119,0,0,883,0,117,0,0,884,0,116,0,0,878,0,122,0,0,886,0,114,0,0,887,0,113,0,0,881,0,119,0,0,883,0,117,0,0,885,0,115,0,0,884,0,116,0,0,888,0,112,0,0,884,0,116,0,0,878,0,122,0,0,882,0,118,0,0,881,0,119,0,0,885,0,115,0,0,885,0,115,0,0,882,0,118,0,0,887,0,113,0,0,882,0,118,0,0,884,0,116,0,0,886,0,114,0,0,881,0,119,0,0,881,0,119,0,0,884,0,116,0,0,881,0,119,0,0,883,0,117,0,0,882,0,118,0,0,883,0,117,0,0,884,0,116,0,0,880,0,120,0,0
358,random,1.0,885,0,115,0,0,888,0,112,0,0,883,0,117,0,0,885,0,115,0,0,886,0,114,0,0,880,0,120,0,0,881,0,119,0,0,881,0,119,0,0,884,0,116,0,0,878,0,122,0,0,882,0,118,0,0,882,0,118,0,0,882,0,118,0,0,885,0,115,0,0,882,0,118,0,0,884,1,115,0,0,885,0,115,0,0,884,0,116,0,0,882,0,118,0,0,881,0,119,0,0,883,0,117,0,0,884,0,116,0,0,878,0,122,0,0,886,0,114,0,0,887,0,113,0,0,881,0,119,0,0,883,0,117,0,0,885,0,115,0,0,884,0,116,0,0,888,0,112,0,0,884,0,116,0,0,878,0,122,0,0,882,0,118,0,0,881,0,119,0,0,885,0,115,0,0,885,0,115,0,0,882,0,118,0,0,887,0,113,0,0,882,0,118,0,0,884,0,116,0,0,886,0,114,0,0,881,0,119,0,0,881,0,119,0,0,884,0,116,0,0,881,0,119,0,0,883,0,117,0,0,882,0,118,0,0,883,0,117,0,0,884,0,116,0,0,880,0,120,0,0
359,random,1.0,885,0,115,0,0,888,0,112,0,0,883,0,117,0,0,885,0,115,0,0,886,0,114,0,0,880,0,120,0,0,881,0,119,0,0,881,0,119,0,0,884,0,116,0,0,878,0,122,0,0,882,0,118,0,0,882,0,118,0,0,882,0,118,0,0,885,0,115,0,0,882,0,118,0,0,884,1,115,0,0,885,0,115,0,0,884,0,116,0,0,882,0,118,0,0,881,0,119,0,0,883,0,117,0,0,884,0,116,0,0,878,0,122,0,0,886,0,114,0,0,887,0,113,0,0,881,0,119,0,0,883,0,117,0,0,885,0,115,0,0,884,0,116,0,0,888,0,112,0,0,884,0,116,0,0,878,0,122,0,0,882,0,118,0,0,881,0,119,0,0,885,0,115,0,0,885,0,115,0,0,882,0,118,0,0,887,0,113,0,0,882,0,118,0,0,884,0,116,0,0,886,0,114,0,0,881,0,119,0,0,881,0,119,0,0,884,0,116,0,0,881,0,119,0,0,883,0,117,0,0,882,0,118,0,0,883,0,117,0,0,884,0,116,0,0,880,0,120,0,0
360,random,1.0,885,0,115,0,0,888,0,112,0,0,883,0,117,0,0,885,0,115,0,0,886,0,114,0,0,880,0,120,0,0,881,0,119,0,0,881,0,119,0,0,884,0,116,0,0,878,0,122,0,0,882,0,118,0,0,882,0,118,0,0,882,0,118,0,0,885,0,115,0,0,882,0,118,0,0,884,1,115,0,0,885,0,115,0,0,884,0,116,0,0,882,0,118,0,0,881,0,119,0,0,883,0,117,0,0,884,0,116,0,0,878,0,122,0,0,886,0,114,0,0,887,0,113,0,0,881,0,119,0,0,883,0,117,0,0,885,0,115,0,0,884,0,116,0,0,888,0,112,0,0,884,0,116,0,0,878,0,122,0,0,882,0,118,0,0,881,0,119,0,0,885,0,115,0,0,885,0,115,0,0,882,0,118,0,0,887,0,113,0,0,882,0,118,0,0,884,0,116,0,0,886,0,114,0,0,881,0,119,0,0,881,0,119,0,0,884,0,116,0,0,881,0,119,0,0,883,0,117,0,0,882,0,118,0,0,883,0,117,0,0,884,0,116,0,0,880,0,120,0,0
361,random,1.0,885,0,115,0,0,888,0,112,0,0,883,0,117,0,0,885,0,115,0,0,886,0,114,0,0,880,0,120,0,0,881,0,119,0,0,881,0,119,0,0,884,0,116,0,0,878,0,122,0,0,882,0,118,0,0,882,0,118,0,0,882,0,118,0,0,885,0,115,0,0,882,0,118,0,0,884,1,115,0,0,885,0,115,0,0,884,0,116,0,0,882,0,118,0,0,881,0,119,0,0,883,0,117,0,0,884,0,116,0,0,878,0,122,0,0,886,0,114,0,0,887,0,113,0,0,881,0,119,0,0,883,0,117,0,0,885,0,115,0,0,884,0,116,0,0,888,0,112,0,0,884,0,116,0,0,878,0,122,0,0,882,0,118,0,0,881,0,119,0,0,885,0,115,0,0,885,0,115,0,0,882,0,118,0,0,887,0,113,0,0,882,0,118,0,0,884,0,116,0,0,886,0,114,0,0,881,0,119,0,0,881,0,119,0,0,884,0,116,0,0,881,0,119,0,0,883,0,117,0,0,882,0,118,0,0,883,0,117,0,0,884,0,116,0,0,880,0,120,0,0
362,random,1.0,885,0,115,0,0,888,0,112,0,0,883,0,117,0,0,885,0,115,0,0,886,0,114,0,0,880,0,120,0,0,881,0,119,0,0,881,0,119,0,0,884,0,116,0,0,878,0,122,0,0,882,0,118,0,0,882,0,118,0,0,882,0,118,0,0,885,0,115,0,0,882,0,118,0,0,884,1,115,0,0,885,0,115,0,0,884,0,116,0,0,882,0,118,0,0,881,0,119,0,0,883,0,117,0,0,884,0,116,0,0,878,0,122,0,0,886,0,114,0,0,887,0,113,0,0,881,0,119,0,0,883,0,117,0,0,885,0,115,0,0,884,0,116,0,0,888,0,112,0,0,884,0,116,0,0,878,0,122,0,0,882,0,118,0,0,881,0,119,0,0,885,0,115,0,0,885,0,115,0,0,882,0,118,0,0,887,0,113,0,0,882,0,118,0,0,884,0,116,0,0,886,0,114,0,0,881,0,119,0,0,881,0,119,0,0,884,0,116,0,0,881,0,119,0,0,883,0,117,0,0,882,0,118,0,0,883,0,117,0,0,884,0,116,0,0,880,0,120,0,0
363,random,1.0,885,0,115,0,0,888,0,112,0,0,883,0,117,0,0,885,0,115,0,0,886,0,114,0,0,880,0,120,0,0,881,0,119,0,0,881,0,119,0,0,884,0,116,0,0,878,0,122,0,0,882,0,118,0,0,882,0,118,0,0,882,0,118,0,0,885,0,115,0,0,882,0,118,0,0,884,1,115,0,0,885,0,115,0,0,884,0,116,0,0,882,0,118,0,0,881,0,119,0,0,883,0,117,0,0,884,0,116,0,0,878,0,122,0,0,886,0,114,0,0,887,0,113,0,0,881,0,119,0,0,883,0,117,0,0,885,0,115,0,0,884,0,116,0,0,888,0,112,0,0,884,0,116,0,0,878,0,122,0,0,882,0,118,0,0,881,0,119,0,0,885,0,115,0,0,885,0,115,0,0,882,0,118,0,0,887,0,113,0,0,882,0,118,0,0,884,0,116,0,0,886,0,114,0,0,881,0,119,0,0,881,0,119,0,0,884,0,116,0,0,881,0,119,0,0,883,0,117,0,0,882,0,118,0,0,883,0,117,0,0,884,0,116,0,0,880,0,120,0,0
364,random,1.0,885,0,115,0,0,888,0,112,0,0,883,0,117,0,0,885,0,115,0,0,886,0,114,0,0,880,0,120,0,0,881,0,119,0,0,881,0,119,0,0,884,0,116,0,0,878,0,122,0,0,882,0,118,0,0,882,0,118,0,0,882,0,118,0,0,885,0,115,0,0,882,0,118,0,0,884,1,115,0,0,885,0,115,0,0,884,0,116,0,0,882,0,118,0,0,881,0,119,0,0,883,0,117,0,0,884,0,116,0,0,878,0,122,0,0,886,0,114,0,0,887,0,113,0,0,881,0,119,0,0,883,0,117,0,0,885,0,115,0,0,884,0,116,0,0,888,0,112,0,0,884,0,116,0,0,878,0,122,0,0,882,0,118,0,0,881,0,119,0,0,885,0,115,0,0,885,0,115,0,0,882,0,118,0,0,887,0,113,0,0,882,0,118,0,0,884,0,116,0,0,886,0,114,0,0,881,0,119,0,0,881,0,119,0,0,884,0,116,0,0,881,0,119,0,0,883,0,117,0,0,882,0,118,0,0,883,0,117,0,0,884,0,116,0,0,880,0,120,0,0
365,random,1.0,885,0,115,0,0,888,0,112,0,0,883,0,117,0,0,885,0,115,0,0,886,0,114,0,0,880,0,120,0,0,881,0,119,0,0,881,0,119,0,0,884,0,116,0,0,878,0,122,0,0,882,0,118,0,0,882,0,118,0,0,882,0,118,0,0,885,0,115,0,0,882,0,118,0,0,884,1,115,0,0,885,0,115,0,0,884,0,116,0,0,882,0,118,0,0,881,0,119,0,0,883,0,117,0,0,884,0,116,0,0,878,0,122,0,0,886,0,114,0,0,887,0,113,0,0,881,0,119,0,0,883,0,117,0,0,885,0,115,0,0,884,0,116,0,0,888,0,112,0,0,884,0,116,0,0,878,0,122,0,0,882,0,118,0,0,881,0,119,0,0,885,0,115,0,0,885,0,115,0,0,882,0,118,0,0,887,0,113,0,0,882,0,118,0,0,884,0,116,0,0,886,0,114,0,0,881,0,119,0,0,881,0,119,0,0,884,0,116,0,0,881,0,119,0,0,883,0,117,0,0,882,0,118,0,0,883,0,117,0,0,884,0,116,0,0,880,0,120,0,0
366,random,1.0,885,0,115,0,0,888,0,112,0,0,883,0,117,0,0,885,0,115,0,0,886,0,114,0,0,880,0,120,0,0,881,0,119,0,0,881,0,119,0,0,884,0,116,0,0,878,0,122,0,0,882,0,118,0,0,882,0,118,0,0,882,0,118,0,0,885,0,115,0,0,882,0,118,0,0,884,1,115,0,0,885,0,115,0,0,884,0,116,0,0,882,0,118,0,0,881,0,119,0,0,883,0,117,0,0,884,0,116,0,0,878,0,122,0,0,886,0,114,0,0,887,0,113,0,0,881,0,119,0,0,883,0,117,0,0,885,0,115,0,0,884,0,116,0,0,888,0,112,0,0,884,0,116,0,0,878,0,122,0,0,882,0,118,0,0,881,0,119,0,0,885,0,115,0,0,885,0,115,0,0,882,0,118,0,0,887,0,113,0,0,882,0,118,0,0,884,0,116,0,0,886,0,114,0,0,881,0,119,0,0,881,0,119,0,0,884,0,116,0,0,881,0,119,0,0,883,0,117,0,0,882,0,118,0,0,883,0,117,0,0,884,0,116,0,0,880,0,120,0,0
367,random,1.0,885,0,115,0,0,888,0,112,0,0,883,0,117,0,0,885,0,115,0,0,886,0,114,0,0,880,0,120,0,0,881,0,119,0,0,881,0,119,0,0,884,0,116,0,0,878,0,122,0,0,882,0,118,0,0,882,0,118,0,0,882,0,118,0,0,885,0,115,0,0,882,0,118,0,0,884,0,116,0,0,885,0,115,0,0,884,0,116,0,0,882,0,118,0,0,881,0,119,0,0,883,0,117,0,0,884,0,116,0,0,878,0,122,0,0,886,0,114,0,0,887,0,113,0,0,881,0,119,0,0,883,0,117,0,0,885,0,115,0,0,884,0,116,0,0,888,0,112,0,0,884,0,116,0,0,878,0,122,0,0,882,0,118,0,0,881,0,119,0,0,885,0,115,0,0,885,0,115,0,0,882,0,118,0,0,887,0,113,0,0,882,0,118,0,0,884,0,116,0,0,886,0,114,0,0,881,0,119,0,0,881,0,119,0,0,884,0,116,0,0,881,0,119,0,0,883,0,117,0,0,882,0,118,0,0,883,0,117,0,0,884,0,116,0,0,880,0,120,0,0
368,random,1.0,885,0,115,0,0,888,0,112,0,0,883,0,117,0,0,885,0,115,0,0,886,0,114,0,0,880,0,120,0,0,881,0,119,0,0,881,0,119,0,0,884,0,116,0,0,878,0,122,0,0,882,0,118,0,0,882,0,118,0,0,882,0,118,0,0,885,0,115,0,0,882,0,118,0,0,884,0,116,0,0,885,0,115,0,0,884,0,116,0,0,882,0,118,0,0,881,0,119,0,0,883,0,117,0,0,884,0,116,0,0,878,0,122,0,0,886,0,114,0,0,887,0,113,0,0,881,0,119,0,0,883,0,117,0,0,885,0,115,0,0,884,0,116,0,0,888,0,112,0,0,884,0,116,0,0,878,0,122,0,0,882,0,118,0,0,881,0,119,0,0,885,0,115,0,0,885,0,115,0,0,882,0,118,0,0,887,0,113,0,0,882,0,118,0,0,884,0,116,0,0,886,0,114,0,0,881,0,119,0,0,881,0,119,0,0,884,0,116,0,0,881,0,119,0,0,883,0,117,0,0,882,0,118,0,0,883,0,117,0,0,884,0,116,0,0,880,0,120,0,0
369,random,1.0,885,0,115,0,0,888,0,112,0,0,883,0,117,0,0,885,0,115,0,0,886,0,114,0,0,880,0,120,0,0,881,0,119,0,0,881,0,119,0,0,884,0,116,0,0,878,0,122,0,0,882,0,118,0,0,882,0,118,0,0,882,0,118,0,0,885,0,115,0,0,882,0,118,0,0,884,0,116,0,0,885,0,115,0,0,884,0,116,0,0,882,0,118,0,0,881,0,119,0,0,883,0,117,0,0,884,0,116,0,0,878,0,122,0,0,886,0,114,0,0,887,0,113,0,0,881,0,119,0,0,883,0,117,0,0,885,0,115,0,0,884,0,116,0,0,888,0,112,0,0,884,0,116,0,0,878,0,122,0,0,882,0,118,0,0,881,0,119,0,0,885,0,115,0,0,885,0,115,0,0,882,0,118,0,0,887,0,113,0,0,882,0,118,0,0,884,0,116,0,0,886,0,114,0,0,881,0,119,0,0,881,0,119,0,0,884,0,116,0,0,881,0,119,0,0,883,0,117,0,0,882,0,118,0,0,883,0,117,0,0,884,0,116,0,0,880,0,120,0,0
370,random,1.0,885,0,115,0,0,888,0,112,0,0,883,0,117,0,0,885,0,115,0,0,886,0,114,0,0,880,0,120,0,0,881,0,119,0,0,881,0,119,0,0,884,0,116,0,0,878,0,122,0,0,882,0,118,0,0,882,0,118,0,0,882,0,118,0,0,885,0,115,0,0,882,0,118,0,0,884,0,116,0,0,885,0,115,0,0,884,0,116,0,0,882,0,118,0,0,881,0,119,0,0,883,0,117,0,0,884,0,116,0,0,878,0,122,0,0,886,0,114,0,0,887,0,113,0,0,881,0,119,0,0,883,0,117,0,0,885,0,115,0,0,884,0,116,0,0,888,0,112,0,0,884,0,116,0,0,878,0,122,0,0,882,0,118,0,0,881,0,119,0,0,885,0,115,0,0,885,0,115,0,0,882,0,118,0,0,887,0,113,0,0,882,0,118,0,0,884,0,116,0,0,886,0,114,0,0,881,0,119,0,0,881,0,119,0,0,884,0,116,0,0,881,0,119,0,0,883,0,117,0,0,882,0,118,0,0,883,0,117,0,0,884,0,116,0,0,880,0,120,0,0
371,random,1.0,885,0,115,0,0,888,0,112,0,0,883,0,117,0,0,885,0,115,0,0,886,0,114,0,0,880,0,120,0,0,881,0,119,0,0,881,0,119,0,0,884,0,116,0,0,878,0,122,0,0,882,0,118,0,0,882,0,118,0,0,882,0,118,0,0,885,0,115,0,0,882,0,118,0,0,884,0,116,0,0,885,0,115,0,0,884,0,116,0,0,882,0,118,0,0,881,0,119,0,0,883,0,117,0,0,884,0,116,0,0,878,0,122,0,0,886,0,114,0,0,887,0,113,0,0,881,0,119,0,0,883,0,117,0,0,885,0,115,0,0,884,0,116,0,0,888,0,112,0,0,884,0,116,0,0,878,0,122,0,0,882,0,118,0,0,881,0,119,0,0,885,0,115,0,0,885,0,115,0,0,882,0,118,0,0,887,0,113,0,0,882,0,118,0,0,884,0,116,0,0,886,0,114,0,0,881,0,119,0,0,881,0,119,0,0,884,0,116,0,0,881,0,119,0,0,883,0,117,0,0,882,0,118,0,0,883,0,117,0,0,884,0,116,0,0,880,0,120,0,0
372,random,1.0,885,0,115,0,0,888,0,112,0,0,883,0,117,0,0,885,0,115,0,0,886,0,114,0,0,880,0,120,0,0,881,0,119,0,0,881,0,119,0,0,884,0,116,0,0,878,0,122,0,0,882,0,118,0,0,882,0,118,0,0,882,0,118,0,0,885,0,115,0,0,882,0,118,0,0,884,0,116,0,0,885,0,115,0,0,884,0,116,0,0,882,0,118,0,0,881,0,119,0,0,883,0,117,0,0,884,0,116,0,0,878,0,122,0,0,886,0,114,0,0,887,0,113,0,0,881,0,119,0,0,883,0,117,0,0,885,0,115,0,0,884,0,116,0,0,888,0,112,0,0,884,0,116,0,0,878,0,122,0,0,882,0,118,0,0,881,0,119,0,0,885,0,115,0,0,885,0,115,0,0,882,0,118,0,0,887,0,113,0,0,882,0,118,0,0,884,0,116,0,0,886,0,114,0,0,881,0,119,0,0,881,0,119,0,0,884,0,116,0,0,881,0,119,0,0,883,0,117,0,0,882,0,118,0,0,883,0,117,0,0,884,0,116,0,0,880,0,120,0,0
373,random,1.0,885,0,115,0,0,888,0,112,0,0,883,0,117,0,0,885,0,115,0,0,886,0,114,0,0,880,0,120,0,0,881,0,119,0,0,881,0,119,0,0,884,0,116,0,0,878,0,122,0,0,882,0,118,0,0,882,0,118,0,0,882,0,118,0,0,885,0,115,0,0,882,0,118,0,0,884,0,116,0,0,885,0,115,0,0,884,0,116,0,0,882,0,118,0,0,881,0,119,0,0,883,0,117,0,0,884,0,116,0,0,878,0,122,0,0,886,0,114,0,0,887,0,113,0,0,881,0,119,0,0,883,0,117,0,0,885,0,115,0,0,884,0,116,0,0,888,0,112,0,0,884,0,116,0,0,878,0,122,0,0,882,0,118,0,0,881,0,119,0,0,885,0,115,0,0,885,0,115,0,0,882,0,118,0,0,887,0,113,0,0,882,0,118,0,0,884,0,116,0,0,886,0,114,0,0,881,0,119,0,0,881,0,119,0,0,884,0,116,0,0,881,0,119,0,0,883,0,117,0,0,882,0,118,0,0,883,0,117,0,0,884,0,116,0,0,880,0,120,0,0
374,random,1.0,885,0,115,0,0,888,0,112,0,0,883,0,117,0,0,885,0,115,0,0,886,0,114,0,0,880,0,120,0,0,881,0,119,0,0,881,0,119,0,0,884,0,116,0,0,878,0,122,0,0,882,0,118,0,0,882,0,118,0,0,882,0,118,0,0,885,0,115,0,0,882,0,118,0,0,884,0,116,0,0,885,0,115,0,0,884,0,116,0,0,882,0,118,0,0,881,0,119,0,0,883,0,117,0,0,884,0,116,0,0,878,0,122,0,0,886,0,114,0,0,887,0,113,0,0,881,0,119,0,0,883,0,117,0,0,885,0,115,0,0,884,0,116,0,0,888,0,112,0,0,884,0,116,0,0,878,0,122,0,0,882,0,118,0,0,881,0,119,0,0,885,0,115,0,0,885,0,115,0,0,882,0,118,0,0,887,0,113,0,0,882,0,118,0,0,884,0,116,0,0,886,0,114,0,0,881,0,119,0,0,881,0,119,0,0,884,0,116,0,0,881,0,119,0,0,883,0,117,0,0,882,0,118,0,0,883,0,117,0,0,884,0,116,0,0,880,0,120,0,0
375,random,1.0,885,0,115,0,0,888,0,112,0,0,883,0,117,0,0,885,0,115,0,0,886,0,114,0,0,880,0,120,0,0,881,0,119,0,0,881,0,119,0,0,884,0,116,0,0,878,0,122,0,0,882,0,118,0,0,882,0,118,0,0,882,0,118,0,0,885,0,115,0,0,882,0,118,0,0,884,0,116,0,0,885,0,115,0,0,884,0,116,0,0,882,0,118,0,0,881,0,119,0,0,883,0,117,0,0,884,0,116,0,0,878,0,122,0,0,886,0,114,0,0,887,0,113,0,0,881,0,119,0,0,883,0,117,0,0,885,0,115,0,0,884,0,116,0,0,888,0,112,0,0,884,0,116,0,0,878,0,122,0,0,882,0,118,0,0,881,0,119,0,0,885,0,115,0,0,885,0,115,0,0,882,0,118,0,0,887,0,113,0,0,882,0,118,0,0,884,0,116,0,0,886,0,114,0,0,881,0,119,0,0,881,0,119,0,0,884,0,116,0,0,881,0,119,0,0,883,0,117,0,0,882,0,118,0,0,883,0,117,0,0,884,0,116,0,0,880,0,120,0,0
376,random,1.0,885,0,115,0,0,888,0,112,0,0,883,0,117,0,0,885,0,115,0,0,886,0,114,0,0,880,0,120,0,0,881,0,119,0,0,881,0,119,0,0,884,0,116,0,0,878,0,122,0,0,882,0,118,0,0,882,0,118,0,0,882,0,118,0,0,885,0,115,0,0,882,0,118,0,0,884,0,116,0,0,885,0,115,0,0,884,0,116,0,0,882,0,118,0,0,881,0,119,0,0,883,0,117,0,0,884,0,116,0,0,878,0,122,0,0,886,0,114,0,0,887,0,113,0,0,881,0,119,0,0,883,0,117,0,0,885,0,115,0,0,884,0,116,0,0,888,0,112,0,0,884,0,116,0,0,878,0,122,0,0,882,0,118,0,0,881,0,119,0,0,885,0,115,0,0,885,0,115,0,0,882,0,118,0,0,887,0,113,0,0,882,0,118,0,0,884,0,116,0,0,886,0,114,0,0,881,0,119,0,0,881,0,119,0,0,884,0,116,0,0,881,0,119,0,0,883,0,117,0,0,882,0,118,0,0,883,0,117,0,0,884,0,116,0,0,880,0,120,0,0
377,random,1.0,885,0,115,0,0,888,0,112,0,0,883,0,117,0,0,885,0,115,0,0,886,0,114,0,0,880,0,120,0,0,881,0,119,0,0,881,0,119,0,0,884,0,116,0,0,878,0,122,0,0,882,0,118,0,0,882,0,118,0,0,882,0,118,0,0,885,0,115,0,0,882,0,118,0,0,884,0,116,0,0,885,0,115,0,0,884,0,116,0,0,882,0,118,0,0,881,0,119,0,0,883,0,117,0,0,884,0,116,0,0,878,0,122,0,0,886,0,114,0,0,887,0,113,0,0,881,0,119,0,0,883,0,117,0,0,885,0,115,0,0,884,0,116,0,0,888,0,112,0,0,884,0,116,0,0,878,0,122,0,0,882,0,118,0,0,881,0,119,0,0,885,0,115,0,0,885,0,115,0,0,882,0,118,0,0,887,0,113,0,0,882,0,118,0,0,884,0,116,0,0,886,0,114,0,0,881,0,119,0,0,881,0,119,0,0,884,0,116,0,0,881,0,119,0,0,883,0,117,0,0,882,0,118,0,0,883,0,117,0,0,884,0,116,0,0,880,0,120,0,0
378,random,1.0,885,0,115,0,0,888,0,112,0,0,883,0,117,0,0,885,0,115,0,0,886,0,114,0,0,880,0,120,0,0,881,0,119,0,0,881,0,119,0,0,884,0,116,0,0,878,0,122,0,0,882,0,118,0,0,882,0,118,0,0,882,0,118,0,0,885,0,115,0,0,882,0,118,0,0,884,0,116,0,0,885,0,115,0,0,884,0,116,0,0,882,0,118,0,0,881,0,119,0,0,883,0,117,0,0,884,0,116,0,0,878,0,122,0,0,886,0,114,0,0,887,0,113,0,0,881,0,119,0,0,883,0,117,0,0,885,0,115,0,0,884,0,116,0,0,888,0,112,0,0,884,0,116,0,0,878,0,122,0,0,882,0,118,0,0,881,0,119,0,0,885,0,115,0,0,885,0,115,0,0,882,0,118,0,0,887,0,113,0,0,882,0,118,0,0,884,0,116,0,0,886,0,114,0,0,881,0,119,0,0,881,0,119,0,0,884,0,116,0,0,881,0,119,0,0,883,0,117,0,0,882,0,118,0,0,883,0,117,0,0,884,0,116,0,0,880,0,120,0,0
379,random,1.0,885,0,115,0,0,888,0,112,0,0,883,0,117,0,0,885,0,115,0,0,886,0,114,0,0,880,0,120,0,0,881,0,119,0,0,881,0,119,0,0,884,0,116,0,0,878,0,122,0,0,882,0,118,0,0,882,0,118,0,0,882,0,118,0,0,885,0,115,0,0,882,0,118,0,0,884,0,116,0,0,885,0,115,0,0,884,0,116,0,0,882,0,118,0,0,881,0,119,0,0,883,0,117,0,0,884,0,116,0,0,878,0,122,0,0,886,0,114,0,0,887,0,113,0,0,881,0,119,0,0,883,0,117,0,0,885,0,115,0,0,884,0,116,0,0,888,0,112,0,0,884,0,116,0,0,878,0,122,0,0,882,0,118,0,0,881,0,119,0,0,885,0,115,0,0,885,0,115,0,0,882,0,118,0,0,887,0,113,0,0,882,0,118,0,0,884,0,116,0,0,886,0,114,0,0,881,0,119,0,0,881,0,119,0,0,884,0,116,0,0,881,0,119,0,0,883,0,117,0,0,882,0,118,0,0,883,0,117,0,0,884,0,116,0,0,880,0,120,0,0
380,random,1.0,885,0,115,0,0,888,0,112,0,0,883,0,117,0,0,885,0,115,0,0,886,0,114,0,0,880,0,120,0,0,881,0,119,0,0,881,0,119,0,0,884,0,116,0,0,878,0,122,0,0,882,0,118,0,0,882,0,118,0,0,882,0,118,0,0,885,0,115,0,0,882,0,118,0,0,884,0,116,0,0,885,0,115,0,0,884,0,116,0,0,882,0,118,0,0,881,0,119,0,0,883,0,117,0,0,884,0,116,0,0,878,0,122,0,0,886,0,114,0,0,887,0,113,0,0,881,0,119,0,0,883,0,117,0,0,885,0,115,0,0,884,0,116,0,0,888,0,112,0,0,884,0,116,0,0,878,0,122,0,0,882,0,118,0,0,881,0,119,0,0,885,0,115,0,0,885,0,115,0,0,882,0,118,0,0,887,0,113,0,0,882,0,118,0,0,884,0,116,0,0,886,0,114,0,0,881,0,119,0,0,881,0,119,0,0,884,0,116,0,0,881,0,119,0,0,883,0,117,0,0,882,0,118,0,0,883,0,117,0,0,884,0,116,0,0,880,0,120,0,0
381,random,1.0,885,0,115,0,0,888,0,112,0,0,883,0,117,0,0,885,0,115,0,0,886,0,114,0,0,880,0,120,0,0,881,0,119,0,0,881,0,119,0,0,884,0,116,0,0,878,0,122,0,0,882,0,118,0,0,882,0,118,0,0,882,0,118,0,0,885,0,115,0,0,882,0,118,0,0,884,0,116,0,0,885,0,115,0,0,884,0,116,0,0,882,0,118,0,0,881,0,119,0,0,883,0,117,0,0,884,0,116,0,0,878,0,122,0,0,886,0,114,0,0,887,0,113,0,0,881,0,119,0,0,883,0,117,0,0,885,0,115,0,0,884,0,116,0,0,888,0,112,0,0,884,0,116,0,0,878,0,122,0,0,882,0,118,0,0,881,0,119,0,0,885,0,115,0,0,885,0,115,0,0,882,0,118,0,0,887,0,113,0,0,882,0,118,0,0,884,0,116,0,0,886,0,114,0,0,881,0,119,0,0,881,0,119,0,0,884,0,116,0,0,881,0,119,0,0,883,0,117,0,0,882,0,118,0,0,883,0,117,0,0,884,0,116,0,0,880,0,120,0,0
382,random,1.0,885,0,115,0,0,888,0,112,0,0,883,0,117,0,0,885,0,115,0,0,886,0,114,0,0,880,0,120,0,0,881,0,119,0,0,881,0,119,0,0,884,0,116,0,0,878,0,122,0,0,882,0,118,0,0,882,0,118,0,0,882,0,118,0,0,885,0,115,0,0,882,0,118,0,0,884,0,116,0,0,885,0,115,0,0,884,0,116,0,0,882,0,118,0,0,881,0,119,0,0,883,0,117,0,0,884,0,116,0,0,878,0,122,0,0,886,0,114,0,0,887,0,113,0,0,881,0,119,0,0,883,0,117,0,0,885,0,115,0,0,884,0,116,0,0,888,0,112,0,0,884,0,116,0,0,878,0,122,0,0,882,0,118,0,0,881,0,119,0,0,885,0,115,0,0,885,0,115,0,0,882,0,118,0,0,887,0,113,0,0,882,0,118,0,0,884,0,116,0,0,886,0,114,0,0,881,0,119,0,0,881,0,119,0,0,884,0,116,0,0,881,0,119,0,0,883,0,117,0,0,882,0,118,0,0,883,0,117,0,0,884,0,116,0,0,880,0,120,0,0
383,random,1.0,885,0,115,0,0,888,0,112,0,0,883,0,117,0,0,885,0,115,0,0,886,0,114,0,0,880,0,120,0,0,881,0,119,0,0,881,0,119,0,0,884,0,116,0,0,878,0,122,0,0,882,0,118,0,0,882,0,118,0,0,882,0,118,0,0,885,0,115,0,0,882,0,118,0,0,884,0,116,0,0,885,0,115,0,0,884,0,116,0,0,882,0,118,0,0,881,0,119,0,0,883,0,117,0,0,884,0,116,0,0,878,0,122,0,0,886,0,114,0,0,887,0,113,0,0,881,0,119,0,0,883,0,117,0,0,885,0,115,0,0,884,0,116,0,0,888,0,112,0,0,884,0,116,0,0,878,0,122,0,0,882,0,118,0,0,881,0,119,0,0,885,0,115,0,0,885,0,115,0,0,882,0,118,0,0,887,0,113,0,0,882,0,118,0,0,884,0,116,0,0,886,0,114,0,0,881,0,119,0,0,881,0,119,0,0,884,0,116,0,0,881,0,119,0,0,883,0,117,0,0,882,0,118,0,0,883,0,117,0,0,884,0,116,0,0,880,0,120,0,0
384,random,1.0,885,0,115,0,0,888,0,112,0,0,883,0,117,0,0,885,0,115,0,0,886,0,114,0,0,880,0,120,0,0,881,0,119,0,0,881,0,119,0,0,884,0,116,0,0,878,0,122,0,0,882,0,118,0,0,882,0,118,0,0,882,0,118,0,0,885,0,115,0,0,882,0,118,0,0,884,0,116,0,0,885,0,115,0,0,884,0,116,0,0,882,0,118,0,0,881,0,119,0,0,883,0,117,0,0,884,0,116,0,0,878,0,122,0,0,886,0,114,0,0,887,0,113,0,0,881,0,119,0,0,883,0,117,0,0,885,0,115,0,0,884,0,116,0,0,888,0,112,0,0,884,0,116,0,0,878,0,122,0,0,882,0,118,0,0,881,0,119,0,0,885,0,115,0,0,885,0,115,0,0,882,0,118,0,0,887,0,113,0,0,882,0,118,0,0,884,0,116,0,0,886,0,114,0,0,881,0,119,0,0,881,0,119,0,0,884,0,116,0,0,881,0,119,0,0,883,0,117,0,0,882,0,118,0,0,883,0,117,0,0,884,0,116,0,0,880,0,120,0,0
385,random,1.0,885,0,115,0,0,888,0,112,0,0,883,0,117,0,0,885,0,115,0,0,886,0,114,0,0,880,0,120,0,0,881,0,119,0,0,881,0,119,0,0,884,0,116,0,0,878,0,122,0,0,882,0,118,0,0,882,0,118,0,0,882,0,118,0,0,885,0,115,0,0,882,0,118,0,0,884,0,116,0,0,885,0,115,0,0,884,0,116,0,0,882,0,118,0,0,881,0,119,0,0,883,0,117,0,0,884,0,116,0,0,878,0,122,0,0,886,0,114,0,0,887,0,113,0,0,881,0,119,0,0,883,0,117,0,0,885,0,115,0,0,884,0,116,0,0,888,0,112,0,0,884,0,116,0,0,878,0,122,0,0,882,0,118,0,0,881,0,119,0,0,885,0,115,0,0,885,0,115,0,0,882,0,118,0,0,887,0,113,0,0,882,0,118,0,0,884,0,116,0,0,886,0,114,0,0,881,0,119,0,0,881,0,119,0,0,884,0,116,0,0,881,0,119,0,0,883,0,117,0,0,882,0,118,0,0,883,0,117,0,0,884,0,116,0,0,880,0,120,0,0
386,random,1.0,885,0,115,0,0,888,0,112,0,0,883,0,117,0,0,885,0,115,0,0,886,0,114,0,0,880,0,120,0,0,881,0,119,0,0,881,0,119,0,0,884,0,116,0,0,878,0,122,0,0,882,0,118,0,0,882,0,118,0,0,882,0,118,0,0,885,0,115,0,0,882,0,118,0,0,884,0,116,0,0,885,0,115,0,0,884,0,116,0,0,882,0,118,0,0,881,0,119,0,0,883,0,117,0,0,884,0,116,0,0,878,0,122,0,0,886,0,114,0,0,887,0,113,0,0,881,0,119,0,0,883,0,117,0,0,885,0,115,0,0,884,0,116,0,0,888,0,112,0,0,884,0,116,0,0,878,0,122,0,0,882,0,118,0,0,881,0,119,0,0,885,0,115,0,0,885,0,115,0,0,882,0,118,0,0,887,0,113,0,0,882,0,118,0,0,884,0,116,0,0,886,0,114,0,0,881,0,119,0,0,881,0,119,0,0,884,0,116,0,0,881,0,119,0,0,883,0,117,0,0,882,0,118,0,0,883,0,117,0,0,884,0,116,0,0,880,0,120,0,0
387,random,1.0,885,0,115,0,0,888,0,112,0,0,883,0,117,0,0,885,0,115,0,0,886,0,114,0,0,880,0,120,0,0,881,0,119,0,0,881,0,119,0,0,884,0,116,0,0,878,0,122,0,0,882,0,118,0,0,882,0,118,0,0,882,0,118,0,0,885,0,115,0,0,882,0,118,0,0,884,0,116,0,0,885,0,115,0,0,884,0,116,0,0,882,0,118,0,0,881,0,119,0,0,883,0,117,0,0,884,0,116,0,0,878,0,122,0,0,886,0,114,0,0,887,0,113,0,0,881,0,119,0,0,883,0,117,0,0,885,0,115,0,0,884,0,116,0,0,888,0,112,0,0,884,0,116,0,0,878,0,122,0,0,882,0,118,0,0,881,0,119,0,0,885,0,115,0,0,885,0,115,0,0,882,0,118,0,0,887,0,113,0,0,882,0,118,0,0,884,0,116,0,0,886,0,114,0,0,881,0,119,0,0,881,0,119,0,0,884,0,116,0,0,881,0,119,0,0,883,0,117,0,0,882,0,118,0,0,883,0,117,0,0,884,0,116,0,0,880,0,120,0,0
388,random,1.0,885,0,115,0,0,888,0,112,0,0,883,0,117,0,0,885,0,115,0,0,886,0,114,0,0,880,0,120,0,0,881,0,119,0,0,881,0,119,0,0,884,0,116,0,0,878,0,122,0,0,882,0,118,0,0,882,0,118,0,0,882,0,118,0,0,885,0,115,0,0,882,0,118,0,0,884,0,116,0,0,885,0,115,0,0,884,0,116,0,0,882,0,118,0,0,881,0,119,0,0,883,0,117,0,0,884,0,116,0,0,878,0,122,0,0,886,0,114,0,0,887,0,113,0,0,881,0,119,0,0,883,0,117,0,0,885,0,115,0,0,884,0,116,0,0,888,0,112,0,0,884,0,116,0,0,878,0,122,0,0,882,0,118,0,0,881,0,119,0,0,885,0,115,0,0,885,0,115,0,0,882,0,118,0,0,887,0,113,0,0,882,0,118,0,0,884,0,116,0,0,886,0,114,0,0,881,0,119,0,0,881,0,119,0,0,884,0,116,0,0,881,0,119,0,0,883,0,117,0,0,882,0,118,0,0,883,0,117,0,0,884,0,116,0,0,880,0,120,0,0
389,random,1.0,885,0,115,0,0,888,0,112,0,0,883,0,117,0,0,885,0,115,0,0,886,0,114,0,0,880,0,120,0,0,881,0,119,0,0,881,0,119,0,0,884,0,116,0,0,878,0,122,0,0,882,0,118,0,0,882,0,118,0,0,882,0,118,0,0,885,0,115,0,0,882,0,118,0,0,884,0,116,0,0,885,0,115,0,0,884,0,116,0,0,882,0,118,0,0,881,0,119,0,0,883,0,117,0,0,884,0,116,0,0,878,0,122,0,0,886,0,114,0,0,887,0,113,0,0,881,0,119,0,0,883,0,117,0,0,885,0,115,0,0,884,0,116,0,0,888,0,112,0,0,884,0,116,0,0,878,0,122,0,0,882,0,118,0,0,881,0,119,0,0,885,0,115,0,0,885,0,115,0,0,882,0,118,0,0,887,0,113,0,0,882,0,118,0,0,884,0,116,0,0,886,0,114,0,0,881,0,119,0,0,881,0,119,0,0,884,0,116,0,0,881,0,119,0,0,883,0,117,0,0,882,0,118,0,0,883,0,117,0,0,884,0,116,0,0,880,0,120,0,0
390,random,1.0,885,0,115,0,0,888,0,112,0,0,883,0,117,0,0,885,0,115,0,0,886,0,114,0,0,880,0,120,0,0,881,0,119,0,0,881,0,119,0,0,884,0,116,0,0,878,0,122,0,0,882,0,118,0,0,882,0,118,0,0,882,0,118,0,0,885,0,115,0,0,882,0,118,0,0,884,0,116,0,0,885,0,115,0,0,884,0,116,0,0,882,0,118,0,0,881,0,119,0,0,883,0,117,0,0,884,0,116,0,0,878,0,122,0,0,886,0,114,0,0,887,0,113,0,0,881,0,119,0,0,883,0,117,0,0,885,0,115,0,0,884,0,116,0,0,888,0,112,0,0,884,0,116,0,0,878,0,122,0,0,882,0,118,0,0,881,0,119,0,0,885,0,115,0,0,885,0,115,0,0,882,0,118,0,0,887,0,113,0,0,882,0,118,0,0,884,0,116,0,0,886,0,114,0,0,881,0,119,0,0,881,0,119,0,0,884,0,116,0,0,881,0,119,0,0,883,0,117,0,0,882,0,118,0,0,883,0,117,0,0,884,0,116,0,0,880,0,120,0,0
391,random,1.0,885,0,115,0,0,888,0,112,0,0,883,0,117,0,0,885,0,115,0,0,886,0,114,0,0,880,0,120,0,0,881,0,119,0,0,881,0,119,0,0,884,0,116,0,0,878,0,122,0,0,882,0,118,0,0,882,0,118,0,0,882,0,118,0,0,885,0,115,0,0,882,0,118,0,0,884,0,116,0,0,885,0,115,0,0,884,0,116,0,0,882,0,118,0,0,881,0,119,0,0,883,0,117,0,0,884,0,116,0,0,878,0,122,0,0,886,0,114,0,0,887,0,113,0,0,881,0,119,0,0,883,0,117,0,0,885,0,115,0,0,884,0,116,0,0,888,0,112,0,0,884,0,116,0,0,878,0,122,0,0,882,0,118,0,0,881,0,119,0,0,885,0,115,0,0,885,0,115,0,0,882,0,118,0,0,887,0,113,0,0,882,0,118,0,0,884,0,116,0,0,886,0,114,0,0,881,0,119,0,0,881,0,119,0,0,884,0,116,0,0,881,0,119,0,0,883,0,117,0,0,882,0,118,0,0,883,0,117,0,0,884,0,116,0,0,880,0,120,0,0
392,random,1.0,885,0,115,0,0,888,0,112,0,0,883,0,117,0,0,885,0,115,0,0,886,0,114,0,0,880,0,120,0,0,881,0,119,0,0,881,0,119,0,0,884,0,116,0,0,878,0,122,0,0,882,0,118,0,0,882,0,118,0,0,882,0,118,0,0,885,0,115,0,0,882,0,118,0,0,884,0,116,0,0,885,0,115,0,0,884,0,116,0,0,882,0,118,0,0,881,0,119,0,0,883,0,117,0,0,884,0,116,0,0,878,0,122,0,0,886,0,114,0,0,887,0,113,0,0,881,0,119,0,0,883,0,117,0,0,885,0,115,0,0,884,0,116,0,0,888,0,112,0,0,884,0,116,0,0,878,0,122,0,0,882,0,118,0,0,881,0,119,0,0,885,0,115,0,0,885,0,115,0,0,882,0,118,0,0,887,0,113,0,0,882,0,118,0,0,884,0,116,0,0,886,0,114,0,0,881,0,119,0,0,881,0,119,0,0,884,0,116,0,0,881,0,119,0,0,883,0,117,0,0,882,0,118,0,0,883,0,117,0,0,884,0,116,0,0,880,0,120,0,0
393,random,1.0,885,0,115,0,0,888,0,112,0,0,883,0,117,0,0,885,0,115,0,0,886,0,114,0,0,880,0,120,0,0,881,0,119,0,0,881,0,119,0,0,884,0,116,0,0,878,0,122,0,0,882,0,118,0,0,882,0,118,0,0,882,0,118,0,0,885,0,115,0,0,882,0,118,0,0,884,0,116,0,0,885,0,115,0,0,884,0,116,0,0,882,0,118,0,0,881,0,119,0,0,883,0,117,0,0,884,0,116,0,0,878,0,122,0,0,886,0,114,0,0,887,0,113,0,0,881,0,119,0,0,883,0,117,0,0,885,0,115,0,0,884,0,116,0,0,888,0,112,0,0,884,0,116,0,0,878,0,122,0,0,882,0,118,0,0,881,0,119,0,0,885,0,115,0,0,885,0,115,0,0,882,0,118,0,0,887,0,113,0,0,882,0,118,0,0,884,0,116,0,0,886,0,114,0,0,881,0,119,0,0,881,0,119,0,0,884,0,116,0,0,881,0,119,0,0,883,0,117,0,0,882,0,118,0,0,883,0,117,0,0,884,0,116,0,0,880,0,120,0,0
394,random,1.0,885,0,115,0,0,888,0,112,0,0,883,0,117,0,0,885,0,115,0,0,886,0,114,0,0,880,0,120,0,0,881,0,119,0,0,881,0,119,0,0,884,0,116,0,0,878,0,122,0,0,882,0,118,0,0,882,0,118,0,0,882,0,118,0,0,885,0,115,0,0,882,0,118,0,0,884,0,116,0,0,885,0,115,0,0,884,0,116,0,0,882,0,118,0,0,881,0,119,0,0,883,0,117,0,0,884,0,116,0,0,878,0,122,0,0,886,0,114,0,0,887,0,113,0,0,881,0,119,0,0,883,0,117,0,0,885,0,115,0,0,884,0,116,0,0,888,0,112,0,0,884,0,116,0,0,878,0,122,0,0,882,0,118,0,0,881,0,119,0,0,885,0,115,0,0,885,0,115,0,0,882,0,118,0,0,887,0,113,0,0,882,0,118,0,0,884,0,116,0,0,886,0,114,0,0,881,0,119,0,0,881,0,119,0,0,884,0,116,0,0,881,0,119,0,0,883,0,117,0,0,882,0,118,0,0,883,0,117,0,0,884,0,116,0,0,880,0,120,0,0
395,random,1.0,885,0,115,0,0,888,0,112,0,0,883,0,117,0,0,885,0,115,0,0,886,0,114,0,0,880,0,120,0,0,881,0,119,0,0,881,0,119,0,0,884,0,116,0,0,878,0,122,0,0,882,0,118,0,0,882,0,118,0,0,882,0,118,0,0,885,0,115,0,0,882,0,118,0,0,884,0,116,0,0,885,0,115,0,0,884,0,116,0,0,882,0,118,0,0,881,0,119,0,0,883,0,117,0,0,884,0,116,0,0,878,0,122,0,0,886,0,114,0,0,887,0,113,0,0,881,0,119,0,0,883,0,117,0,0,885,0,115,0,0,884,0,116,0,0,888,0,112,0,0,884,0,116,0,0,878,0,122,0,0,882,0,118,0,0,881,0,119,0,0,885,0,115,0,0,885,0,115,0,0,882,0,118,0,0,887,0,113,0,0,882,0,118,0,0,884,0,116,0,0,886,0,114,0,0,881,0,119,0,0,881,0,119,0,0,884,0,116,0,0,881,0,119,0,0,883,0,117,0,0,882,0,118,0,0,883,0,117,0,0,884,0,116,0,0,880,0,120,0,0
396,random,1.0,885,0,115,0,0,888,0,112,0,0,883,0,117,0,0,885,0,115,0,0,886,0,114,0,0,880,0,120,0,0,881,0,119,0,0,881,0,119,0,0,884,0,116,0,0,878,0,122,0,0,882,0,118,0,0,882,0,118,0,0,882,0,118,0,0,885,0,115,0,0,882,0,118,0,0,884,0,116,0,0,885,0,115,0,0,884,0,116,0,0,882,0,118,0,0,881,0,119,0,0,883,0,117,0,0,884,0,116,0,0,878,0,122,0,0,886,0,114,0,0,887,0,113,0,0,881,0,119,0,0,883,0,117,0,0,885,0,115,0,0,884,0,116,0,0,888,0,112,0,0,884,0,116,0,0,878,0,122,0,0,882,0,118,0,0,881,0,119,0,0,885,0,115,0,0,885,0,115,0,0,882,0,118,0,0,887,0,113,0,0,882,0,118,0,0,884,0,116,0,0,886,0,114,0,0,881,0,119,0,0,881,0,119,0,0,884,0,116,0,0,881,0,119,0,0,883,0,117,0,0,882,0,118,0,0,883,0,117,0,0,884,0,116,0,0,880,0,120,0,0
397,random,1.0,885,0,115,0,0,888,0,112,0,0,883,0,117,0,0,885,0,115,0,0,886,0,114,0,0,880,0,120,0,0,881,0,119,0,0,881,0,119,0,0,884,0,116,0,0,878,0,122,0,0,882,0,118,0,0,882,0,118,0,0,882,0,118,0,0,885,0,115,0,0,882,0,118,0,0,884,0,116,0,0,885,0,115,0,0,884,0,116,0,0,882,0,118,0,0,881,0,119,0,0,883,0,117,0,0,884,0,116,0,0,878,0,122,0,0,886,0,114,0,0,887,0,113,0,0,881,0,119,0,0,883,0,117,0,0,885,0,115,0,0,884,0,116,0,0,888,0,112,0,0,884,0,116,0,0,878,0,122,0,0,882,0,118,0,0,881,0,119,0,0,885,0,115,0,0,885,0,115,0,0,882,0,118,0,0,887,0,113,0,0,882,0,118,0,0,884,0,116,0,0,886,0,114,0,0,881,0,119,0,0,881,0,119,0,0,884,0,116,0,0,881,0,119,0,0,883,0,117,0,0,882,0,118,0,0,883,0,117,0,0,884,0,116,0,0,880,0,120,0,0
398,random,1.0,885,0,115,0,0,888,0,112,0,0,883,0,117,0,0,885,0,115,0,0,886,0,114,0,0,880,0,120,0,0,881,0,119,0,0,881,0,119,0,0,884,0,116,0,0,878,0,122,0,0,882,0,118,0,0,882,0,118,0,0,882,0,118,0,0,885,0,115,0,0,882,0,118,0,0,884,0,116,0,0,885,0,115,0,0,884,0,116,0,0,882,0,118,0,0,881,0,119,0,0,883,0,117,0,0,884,0,116,0,0,878,0,122,0,0,886,0,114,0,0,887,0,113,0,0,881,0,119,0,0,883,0,117,0,0,885,0,115,0,0,884,0,116,0,0,888,0,112,0,0,884,0,116,0,0,878,0,122,0,0,882,0,118,0,0,881,0,119,0,0,885,0,115,0,0,885,0,115,0,0,882,0,118,0,0,886,1,113,0,0,882,0,118,0,0,884,0,116,0,0,886,0,114,0,0,881,0,119,0,0,881,0,119,0,0,884,0,116,0,0,881,0,119,0,0,883,0,117,0,0,882,0,118,0,0,883,0,117,0,0,884,0,116,0,0,880,0,120,0,0
399,random,1.0,885,0,115,0,0,888,0,112,0,0,883,0,117,0,0,885,0,115,0,0,886,0,114,0,0,880,0,120,0,0,881,0,119,0,0,881,0,119,0,0,884,0,116,0,0,878,0,122,0,0,882,0,118,0,0,882,0,118,0,0,882,0,118,0,0,885,0,115,0,0,882,0,118,0,0,884,0,116,0,0,885,0,115,0,0,884,0,116,0,0,882,0,118,0,0,881,0,119,0,0,883,0,117,0,0,884,0,116,0,0,878,0,122,0,0,886,0,114,0,0,887,0,113,0,0,881,0,119,0,0,883,0,117,0,0,885,0,115,0,0,884,0,116,0,0,888,0,112,0,0,884,0,116,0,0,878,0,122,0,0,882,0,118,0,0,881,0,119,0,0,885,0,115,0,0,885,0,115,0,0,882,0,118,0,0,886,1,113,0,0,882,0,118,0,0,884,0,116,0,0,886,0,114,0,0,881,0,119,0,0,881,0,119,0,0,884,0,116,0,0,881,0,119,0,0,883,0,117,0,0,882,0,118,0,0,883,0,117,0,0,884,0,116,0,0,880,0,120,0,0
400,random,1.0,885,0,115,0,0,888,0,112,0,0,883,0,117,0,0,885,0,115,0,0,886,0,114,0,0,880,0,120,0,0,881,0,119,0,0,881,0,119,0,0,884,0,116,0,0,878,0,122,0,0,882,0,118,0,0,882,0,118,0,0,882,0,118,0,0,885,0,115,0,0,882,0,118,0,0,884,0,116,0,0,885,0,115,0,0,884,0,116,0,0,882,0,118,0,0,881,0,119,0,0,883,0,117,0,0,884,0,116,0,0,878,0,122,0,0,886,0,114,0,0,887,0,113,0,0,881,0,119,0,0,883,0,117,0,0,885,0,115,0,0,884,0,116,0,0,888,0,112,0,0,884,0,116,0,0,878,0,122,0,0,882,0,118,0,0,881,0,119,0,0,885,0,115,0,0,885,0,115,0,0,882,0,118,0,0,886,1,113,0,0,882,0,118,0,0,884,0,116,0,0,886,0,114,0,0,881,0,119,0,0,881,0,119,0,0,884,0,116,0,0,881,0,119,0,0,883,0,117,0,0,882,0,118,0,0,883,0,117,0,0,884,0,116,0,0,880,0,120,0,0
401,random,1.0,885,0,115,0,0,888,0,112,0,0,883,0,117,0,0,885,0,115,0,0,886,0,114,0,0,880,0,120,0,0,881,0,119,0,0,881,0,119,0,0,884,0,116,0,0,878,0,122,0,0,882,0,118,0,0,882,0,118,0,0,882,0,118,0,0,885,0,115,0,0,882,0,118,0,0,884,0,116,0,0,885,0,115,0,0,884,0,116,0,0,882,0,118,0,0,881,0,119,0,0,883,0,117,0,0,884,0,116,0,0,878,0,122,0,0,886,0,114,0,0,887,0,113,0,0,881,0,119,0,0,883,0,117,0,0,885,0,115,0,0,884,0,116,0,0,888,0,112,0,0,884,0,116,0,0,878,0,122,0,0,882,0,118,0,0,881,0,119,0,0,885,0,115,0,0,885,0,115,0,0,882,0,118,0,0,886,1,113,0,0,882,0,118,0,0,884,0,116,0,0,886,0,114,0,0,881,0,119,0,0,881,0,119,0,0,884,0,116,0,0,881,0,119,0,0,883,0,117,0,0,882,0,118,0,0,883,0,117,0,0,884,0,116,0,0,880,0,120,0,0
402,random,1.0,885,0,115,0,0,888,0,112,0,0,883,0,117,0,0,885,0,115,0,0,886,0,114,0,0,880,0,120,0,0,881,0,119,0,0,881,0,119,0,0,884,0,116,0,0,878,0,122,0,0,882,0,118,0,0,882,0,118,0,0,882,0,118,0,0,885,0,115,0,0,882,0,118,0,0,884,0,116,0,0,885,0,115,0,0,884,0,116,0,0,882,0,118,0,0,881,0,119,0,0,883,0,117,0,0,884,0,116,0,0,878,0,122,0,0,886,0,114,0,0,887,0,113,0,0,881,0,119,0,0,883,0,117,0,0,885,0,115,0,0,884,0,116,0,0,888,0,112,0,0,884,0,116,0,0,878,0,122,0,0,882,0,118,0,0,881,0,119,0,0,885,0,115,0,0,885,0,115,0,0,882,0,118,0,0,886,1,113,0,0,882,0,118,0,0,884,0,116,0,0,886,0,114,0,0,881,0,119,0,0,881,0,119,0,0,884,0,116,0,0,881,0,119,0,0,883,0,117,0,0,882,0,118,0,0,883,0,117,0,0,884,0,116,0,0,880,0,120,0,0
403,random,1.0,885,0,115,0,0,888,0,112,0,0,883,0,117,0,0,885,0,115,0,0,886,0,114,0,0,880,0,120,0,0,881,0,119,0,0,881,0,119,0,0,884,0,116,0,0,878,0,122,0,0,882,0,118,0,0,882,0,118,0,0,882,0,118,0,0,885,0,115,0,0,882,0,118,0,0,884,0,116,0,0,885,0,115,0,0,884,0,116,0,0,882,0,118,0,0,881,0,119,0,0,883,0,117,0,0,884,0,116,0,0,878,0,122,0,0,886,0,114,0,0,887,0,113,0,0,881,0,119,0,0,883,0,117,0,0,885,0,115,0,0,884,0,116,0,0,888,0,112,0,0,884,0,116,0,0,878,0,122,0,0,882,0,118,0,0,881,0,119,0,0,885,0,115,0,0,885,0,115,0,0,882,0,118,0,0,886,1,113,0,0,882,0,118,0,0,884,0,116,0,0,886,0,114,0,0,881,0,119,0,0,881,0,119,0,0,884,0,116,0,0,881,0,119,0,0,883,0,117,0,0,882,0,118,0,0,883,0,117,0,0,884,0,116,0,0,880,0,120,0,0
404,random,1.0,885,0,115,0,0,888,0,112,0,0,883,0,117,0,0,885,0,115,0,0,886,0,114,0,0,880,0,120,0,0,881,0,119,0,0,881,0,119,0,0,884,0,116,0,0,878,0,122,0,0,882,0,118,0,0,882,0,118,0,0,882,0,118,0,0,885,0,115,0,0,882,0,118,0,0,884,0,116,0,0,885,0,115,0,0,884,0,116,0,0,882,0,118,0,0,881,0,119,0,0,883,0,117,0,0,884,0,116,0,0,878,0,122,0,0,886,0,114,0,0,887,0,113,0,0,881,0,119,0,0,883,0,117,0,0,885,0,115,0,0,884,0,116,0,0,888,0,112,0,0,884,0,116,0,0,878,0,122,0,0,882,0,118,0,0,881,0,119,0,0,885,0,115,0,0,885,0,115,0,0,882,0,118,0,0,886,1,113,0,0,882,0,118,0,0,884,0,116,0,0,886,0,114,0,0,881,0,119,0,0,881,0,119,0,0,884,0,116,0,0,881,0,119,0,0,883,0,117,0,0,882,0,118,0,0,883,0,117,0,0,884,0,116,0,0,880,0,120,0,0
405,random,1.0,885,0,115,0,0,888,0,112,0,0,883,0,117,0,0,885,0,115,0,0,886,0,114,0,0,880,0,120,0,0,881,0,119,0,0,881,0,119,0,0,884,0,116,0,0,878,0,122,0,0,882,0,118,0,0,882,0,118,0,0,882,0,118,0,0,885,0,115,0,0,882,0,118,0,0,884,0,116,0,0,885,0,115,0,0,884,0,116,0,0,882,0,118,0,0,881,0,119,0,0,883,0,117,0,0,884,0,116,0,0,878,0,122,0,0,886,0,114,0,0,887,0,113,0,0,881,0,119,0,0,883,0,117,0,0,885,0,115,0,0,884,0,116,0,0,888,0,112,0,0,884,0,116,0,0,878,0,122,0,0,882,0,118,0,0,881,0,119,0,0,885,0,115,0,0,885,0,115,0,0,882,0,118,0,0,886,1,113,0,0,882,0,118,0,0,884,0,116,0,0,886,0,114,0,0,881,0,119,0,0,881,0,119,0,0,884,0,116,0,0,881,0,119,0,0,883,0,117,0,0,882,0,118,0,0,883,0,117,0,0,884,0,116,0,0,880,0,120,0,0
406,random,1.0,885,0,115,0,0,888,0,112,0,0,883,0,117,0,0,885,0,115,0,0,886,0,114,0,0,880,0,120,0,0,881,0,119,0,0,881,0,119,0,0,884,0,116,0,0,878,0,122,0,0,882,0,118,0,0,882,0,118,0,0,882,0,118,0,0,885,0,115,0,0,882,0,118,0,0,884,0,116,0,0,885,0,115,0,0,884,0,116,0,0,882,0,118,0,0,881,0,119,0,0,883,0,117,0,0,884,0,116,0,0,878,0,122,0,0,886,0,114,0,0,887,0,113,0,0,881,0,119,0,0,883,0,117,0,0,885,0,115,0,0,884,0,116,0,0,888,0,112,0,0,884,0,116,0,0,878,0,122,0,0,882,0,118,0,0,881,0,119,0,0,885,0,115,0,0,885,0,115,0,0,882,0,118,0,0,886,1,113,0,0,882,0,118,0,0,884,0,116,0,0,886,0,114,0,0,881,0,119,0,0,881,0,119,0,0,884,0,116,0,0,881,0,119,0,0,883,0,117,0,0,882,0,118,0,0,883,0,117,0,0,884,0,116,0,0,880,0,120,0,0
407,random,1.0,885,0,115,0,0,888,0,112,0,0,883,0,117,0,0,885,0,115,0,0,886,0,114,0,0,880,0,120,0,0,881,0,119,0,0,881,0,119,0,0,884,0,116,0,0,878,0,122,0,0,882,0,118,0,0,882,0,118,0,0,882,0,118,0,0,885,0,115,0,0,882,0,118,0,0,884,0,116,0,0,885,0,115,0,0,884,0,116,0,0,882,0,118,0,0,881,0,119,0,0,883,0,117,0,0,884,0,116,0,0,878,0,122,0,0,886,0,114,0,0,887,0,113,0,0,881,0,119,0,0,883,0,117,0,0,885,0,115,0,0,884,0,116,0,0,888,0,112,0,0,884,0,116,0,0,878,0,122,0,0,882,0,118,0,0,881,0,119,0,0,885,0,115,0,0,885,0,115,0,0,882,0,118,0,0,886,1,113,0,0,882,0,118,0,0,884,0,116,0,0,886,0,114,0,0,881,0,119,0,0,881,0,119,0,0,884,0,116,0,0,881,0,119,0,0,883,0,117,0,0,882,0,118,0,0,883,0,117,0,0,884,0,116,0,0,880,0,120,0,0
408,random,1.0,885,0,115,0,0,888,0,112,0,0,883,0,117,0,0,885,0,115,0,0,886,0,114,0,0,880,0,120,0,0,881,0,119,0,0,881,0,119,0,0,884,0,116,0,0,878,0,122,0,0,882,0,118,0,0,882,0,118,0,0,882,0,118,0,0,885,0,115,0,0,882,0,118,0,0,884,0,116,0,0,885,0,115,0,0,884,0,116,0,0,882,0,118,0,0,881,0,119,0,0,883,0,117,0,0,884,0,116,0,0,878,0,122,0,0,886,0,114,0,0,887,0,113,0,0,881,0,119,0,0,883,0,117,0,0,885,0,115,0,0,884,0,116,0,0,888,0,112,0,0,884,0,116,0,0,878,0,122,0,0,882,0,118,0,0,881,0,119,0,0,885,0,115,0,0,885,0,115,0,0,882,0,118,0,0,886,1,113,0,0,882,0,118,0,0,884,0,116,0,0,886,0,114,0,0,881,0,119,0,0,881,0,119,0,0,884,0,116,0,0,881,0,119,0,0,883,0,117,0,0,882,0,118,0,0,883,0,117,0,0,884,0,116,0,0,880,0,120,0,0
409,random,1.0,885,0,115,0,0,888,0,112,0,0,883,0,117,0,0,885,0,115,0,0,886,0,114,0,0,880,0,120,0,0,881,0,119,0,0,881,0,119,0,0,884,0,116,0,0,878,0,122,0,0,882,0,118,0,0,882,0,118,0,0,882,0,118,0,0,885,0,115,0,0,882,0,118,0,0,884,0,116,0,0,885,0,115,0,0,884,0,116,0,0,882,0,118,0,0,881,0,119,0,0,883,0,117,0,0,884,0,116,0,0,878,0,122,0,0,886,0,114,0,0,887,0,113,0,0,881,0,119,0,0,883,0,117,0,0,885,0,115,0,0,884,0,116,0,0,888,0,112,0,0,884,0,116,0,0,878,0,122,0,0,882,0,118,0,0,881,0,119,0,0,885,0,115,0,0,885,0,115,0,0,882,0,118,0,0,886,1,113,0,0,882,0,118,0,0,884,0,116,0,0,886,0,114,0,0,881,0,119,0,0,881,0,119,0,0,884,0,116,0,0,881,0,119,0,0,883,0,117,0,0,882,0,118,0,0,883,0,117,0,0,884,0,116,0,0,880,0,120,0,0
410,random,1.0,885,0,115,0,0,888,0,112,0,0,883,0,117,0,0,885,0,115,0,0,886,0,114,0,0,880,0,120,0,0,881,0,119,0,0,881,0,119,0,0,884,0,116,0,0,878,0,122,0,0,882,0,118,0,0,882,0,118,0,0,882,0,118,0,0,885,0,115,0,0,882,0,118,0,0,884,0,116,0,0,885,0,115,0,0,884,0,116,0,0,882,0,118,0,0,881,0,119,0,0,883,0,117,0,0,884,0,116,0,0,878,0,122,0,0,886,0,114,0,0,887,0,113,0,0,881,0,119,0,0,883,0,117,0,0,885,0,115,0,0,884,0,116,0,0,888,0,112,0,0,884,0,116,0,0,878,0,122,0,0,882,0,118,0,0,881,0,119,0,0,885,0,115,0,0,885,0,115,0,0,882,0,118,0,0,886,1,113,0,0,882,0,118,0,0,884,0,116,0,0,886,0,114,0,0,881,0,119,0,0,881,0,119,0,0,884,0,116,0,0,881,0,119,0,0,883,0,117,0,0,882,0,118,0,0,883,0,117,0,0,884,0,116,0,0,880,0,120,0,0
411,random,1.0,885,0,115,0,0,888,0,112,0,0,883,0,117,0,0,885,0,115,0,0,886,0,114,0,0,880,0,120,0,0,881,0,119,0,0,881,0,119,0,0,884,0,116,0,0,878,0,122,0,0,882,0,118,0,0,882,0,118,0,0,882,0,118,0,0,885,0,115,0,0,882,0,118,0,0,884,0,116,0,0,885,0,115,0,0,884,0,116,0,0,882,0,118,0,0,881,0,119,0,0,883,0,117,0,0,884,0,116,0,0,878,0,122,0,0,886,0,114,0,0,887,0,113,0,0,881,0,119,0,0,883,0,117,0,0,885,0,115,0,0,884,0,116,0,0,888,0,112,0,0,884,0,116,0,0,878,0,122,0,0,882,0,118,0,0,881,0,119,0,0,885,0,115,0,0,885,0,115,0,0,882,0,118,0,0,886,0,114,0,0,882,0,118,0,0,884,0,116,0,0,886,0,114,0,0,881,0,119,0,0,881,0,119,0,0,884,0,116,0,0,881,0,119,0,0,883,0,117,0,0,882,0,118,0,0,883,0,117,0,0,884,0,116,0,0,880,0,120,0,0
412,random,1.0,885,0,115,0,0,888,0,112,0,0,883,0,117,0,0,885,0,115,0,0,886,0,114,0,0,880,0,120,0,0,881,0,119,0,0,881,0,119,0,0,884,0,116,0,0,878,0,122,0,0,882,0,118,0,0,882,0,118,0,0,882,0,118,0,0,885,0,115,0,0,882,0,118,0,0,884,0,116,0,0,885,0,115,0,0,884,0,116,0,0,882,0,118,0,0,881,0,119,0,0,883,0,117,0,0,884,0,116,0,0,878,0,122,0,0,886,0,114,0,0,887,0,113,0,0,881,0,119,0,0,883,0,117,0,0,885,0,115,0,0,884,0,116,0,0,888,0,112,0,0,884,0,116,0,0,878,0,122,0,0,882,0,118,0,0,881,0,119,0,0,885,0,115,0,0,885,0,115,0,0,882,0,118,0,0,886,0,114,0,0,882,0,118,0,0,884,0,116,0,0,886,0,114,0,0,881,0,119,0,0,881,0,119,0,0,884,0,116,0,0,881,0,119,0,0,883,0,117,0,0,882,0,118,0,0,883,0,117,0,0,884,0,116,0,0,880,0,120,0,0
413,random,1.0,885,0,115,0,0,888,0,112,0,0,883,0,117,0,0,885,0,115,0,0,886,0,114,0,0,880,0,120,0,0,881,0,119,0,0,881,0,119,0,0,884,0,116,0,0,878,0,122,0,0,882,0,118,0,0,882,0,118,0,0,882,0,118,0,0,885,0,115,0,0,882,0,118,0,0,884,0,116,0,0,885,0,115,0,0,884,0,116,0,0,882,0,118,0,0,881,0,119,0,0,883,0,117,0,0,884,0,116,0,0,878,0,122,0,0,886,0,114,0,0,887,0,113,0,0,881,0,119,0,0,883,0,117,0,0,885,0,115,0,0,884,0,116,0,0,888,0,112,0,0,884,0,116,0,0,878,0,122,0,0,882,0,118,0,0,881,0,119,0,0,885,0,115,0,0,885,0,115,0,0,882,0,118,0,0,886,0,114,0,0,882,0,118,0,0,884,0,116,0,0,886,0,114,0,0,881,0,119,0,0,881,0,119,0,0,884,0,116,0,0,881,0,119,0,0,883,0,117,0,0,882,0,118,0,0,883,0,117,0,0,884,0,116,0,0,880,0,120,0,0
414,random,1.0,885,0,115,0,0,888,0,112,0,0,883,0,117,0,0,885,0,115,0,0,886,0,114,0,0,880,0,120,0,0,881,0,119,0,0,881,0,119,0,0,884,0,116,0,0,878,0,122,0,0,882,0,118,0,0,882,0,118,0,0,882,0,118,0,0,885,0,115,0,0,882,0,118,0,0,884,0,116,0,0,885,0,115,0,0,884,0,116,0,0,882,0,118,0,0,881,0,119,0,0,883,0,117,0,0,884,0,116,0,0,878,0,122,0,0,886,0,114,0,0,887,0,113,0,0,881,0,119,0,0,883,0,117,0,0,885,0,115,0,0,884,0,116,0,0,888,0,112,0,0,884,0,116,0,0,878,0,122,0,0,882,0,118,0,0,881,0,119,0,0,885,0,115,0,0,885,0,115,0,0,882,0,118,0,0,886,0,114,0,0,882,0,118,0,0,884,0,116,0,0,886,0,114,0,0,881,0,119,0,0,881,0,119,0,0,884,0,116,0,0,881,0,119,0,0,883,0,117,0,0,882,0,118,0,0,883,0,117,0,0,884,0,116,0,0,880,0,120,0,0
415,random,1.0,885,0,115,0,0,888,0,112,0,0,883,0,117,0,0,885,0,115,0,0,886,0,114,0,0,880,0,120,0,0,881,0,119,0,0,881,0,119,0,0,884,0,116,0,0,878,0,122,0,0,882,0,118,0,0,882,0,118,0,0,882,0,118,0,0,885,0,115,0,0,882,0,118,0,0,884,0,116,0,0,885,0,115,0,0,884,0,116,0,0,882,0,118,0,0,881,0,119,0,0,883,0,117,0,0,884,0,116,0,0,878,0,122,0,0,886,0,114,0,0,887,0,113,0,0,881,0,119,0,0,883,0,117,0,0,885,0,115,0,0,884,0,116,0,0,888,0,112,0,0,884,0,116,0,0,878,0,122,0,0,882,0,118,0,0,881,0,119,0,0,885,0,115,0,0,885,0,115,0,0,882,0,118,0,0,886,0,114,0,0,882,0,118,0,0,884,0,116,0,0,886,0,114,0,0,881,0,119,0,0,881,0,119,0,0,884,0,116,0,0,881,0,119,0,0,883,0,117,0,0,882,0,118,0,0,883,0,117,0,0,884,0,116,0,0,880,0,120,0,0
416,random,1.0,885,0,115,0,0,888,0,112,0,0,883,0,117,0,0,885,0,115,0,0,886,0,114,0,0,880,0,120,0,0,881,0,119,0,0,881,0,119,0,0,884,0,116,0,0,878,0,122,0,0,882,0,118,0,0,882,0,118,0,0,882,0,118,0,0,885,0,115,0,0,882,0,118,0,0,884,0,116,0,0,885,0,115,0,0,884,0,116,0,0,882,0,118,0,0,881,0,119,0,0,883,0,117,0,0,884,0,116,0,0,878,0,122,0,0,886,0,114,0,0,887,0,113,0,0,881,0,119,0,0,883,0,117,0,0,885,0,115,0,0,884,0,116,0,0,888,0,112,0,0,884,0,116,0,0,878,0,122,0,0,882,0,118,0,0,881,0,119,0,0,885,0,115,0,0,885,0,115,0,0,882,0,118,0,0,886,0,114,0,0,882,0,118,0,0,884,0,116,0,0,886,0,114,0,0,881,0,119,0,0,881,0,119,0,0,884,0,116,0,0,881,0,119,0,0,883,0,117,0,0,882,0,118,0,0,883,0,117,0,0,884,0,116,0,0,879,1,120,0,0
417,random,1.0,885,0,115,0,0,888,0,112,0,0,883,0,117,0,0,885,0,115,0,0,886,0,114,0,0,880,0,120,0,0,881,0,119,0,0,881,0,119,0,0,884,0,116,0,0,878,0,122,0,0,882,0,118,0,0,882,0,118,0,0,882,0,118,0,0,885,0,115,0,0,882,0,118,0,0,884,0,116,0,0,885,0,115,0,0,884,0,116,0,0,882,0,118,0,0,881,0,119,0,0,883,0,117,0,0,884,0,116,0,0,878,0,122,0,0,886,0,114,0,0,887,0,113,0,0,881,0,119,0,0,883,0,117,0,0,885,0,115,0,0,884,0,116,0,0,888,0,112,0,0,884,0,116,0,0,878,0,122,0,0,882,0,118,0,0,881,0,119,0,0,885,0,115,0,0,885,0,115,0,0,882,0,118,0,0,886,0,114,0,0,882,0,118,0,0,884,0,116,0,0,886,0,114,0,0,881,0,119,0,0,881,0,119,0,0,884,0,116,0,0,881,0,119,0,0,883,0,117,0,0,882,0,118,0,0,883,0,117,0,0,884,0,116,0,0,879,1,120,0,0
418,random,1.0,885,0,115,0,0,888,0,112,0,0,883,0,117,0,0,885,0,115,0,0,886,0,114,0,0,880,0,120,0,0,881,0,119,0,0,881,0,119,0,0,884,0,116,0,0,878,0,122,0,0,882,0,118,0,0,882,0,118,0,0,882,0,118,0,0,885,0,115,0,0,882,0,118,0,0,884,0,116,0,0,885,0,115,0,0,884,0,116,0,0,882,0,118,0,0,881,0,119,0,0,883,0,117,0,0,884,0,116,0,0,878,0,122,0,0,886,0,114,0,0,887,0,113,0,0,881,0,119,0,0,883,0,117,0,0,885,0,115,0,0,884,0,116,0,0,888,0,112,0,0,884,0,116,0,0,878,0,122,0,0,882,0,118,0,0,881,0,119,0,0,885,0,115,0,0,885,0,115,0,0,882,0,118,0,0,886,0,114,0,0,882,0,118,0,0,884,0,116,0,0,886,0,114,0,0,881,0,119,0,0,881,0,119,0,0,884,0,116,0,0,881,0,119,0,0,883,0,117,0,0,882,0,118,0,0,883,0,117,0,0,884,0,116,0,0,879,1,120,0,0
419,random,1.0,885,0,115,0,0,888,0,112,0,0,883,0,117,0,0,885,0,115,0,0,886,0,114,0,0,880,0,120,0,0,881,0,119,0,0,881,0,119,0,0,884,0,116,0,0,878,0,122,0,0,882,0,118,0,0,882,0,118,0,0,882,0,118,0,0,885,0,115,0,0,882,0,118,0,0,884,0,116,0,0,885,0,115,0,0,884,0,116,0,0,882,0,118,0,0,881,0,119,0,0,883,0,117,0,0,884,0,116,0,0,878,0,122,0,0,886,0,114,0,0,887,0,113,0,0,881,0,119,0,0,883,0,117,0,0,885,0,115,0,0,884,0,116,0,0,888,0,112,0,0,884,0,116,0,0,878,0,122,0,0,882,0,118,0,0,881,0,119,0,0,885,0,115,0,0,885,0,115,0,0,882,0,118,0,0,886,0,114,0,0,882,0,118,0,0,884,0,116,0,0,886,0,114,0,0,881,0,119,0,0,881,0,119,0,0,884,0,116,0,0,881,0,119,0,0,883,0,117,0,0,882,0,118,0,0,883,0,117,0,0,884,0,116,0,0,879,1,120,0,0
420,random,1.0,885,0,115,0,0,888,0,112,0,0,883,0,117,0,0,885,0,115,0,0,886,0,114,0,0,880,0,120,0,0,881,0,119,0,0,881,0,119,0,0,884,0,116,0,0,878,0,122,0,0,882,0,118,0,0,882,0,118,0,0,882,0,118,0,0,885,0,115,0,0,882,0,118,0,0,884,0,116,0,0,885,0,115,0,0,884,0,116,0,0,882,0,118,0,0,881,0,119,0,0,883,0,117,0,0,883,1,116,0,0,878,0,122,0,0,886,0,114,0,0,887,0,113,0,0,881,0,119,0,0,883,0,117,0,0,885,0,115,0,0,884,0,116,0,0,888,0,112,0,0,884,0,116,0,0,878,0,122,0,0,882,0,118,0,0,881,0,119,0,0,885,0,115,0,0,885,0,115,0,0,882,0,118,0,0,886,0,114,0,0,882,0,118,0,0,884,0,116,0,0,886,0,114,0,0,881,0,119,0,0,881,0,119,0,0,884,0,116,0,0,881,0,119,0,0,883,0,117,0,0,882,0,118,0,0,883,0,117,0,0,884,0,116,0,0,879,1,120,0,0
421,random,1.0,885,0,115,0,0,888,0,112,0,0,883,0,117,0,0,885,0,115,0,0,886,0,114,0,0,880,0,120,0,0,881,0,119,0,0,881,0,119,0,0,884,0,116,0,0,878,0,122,0,0,882,0,118,0,0,882,0,118,0,0,882,0,118,0,0,885,0,115,0,0,882,0,118,0,0,884,0,116,0,0,885,0,115,0,0,884,0,116,0,0,882,0,118,0,0,881,0,119,0,0,883,0,117,0,0,883,1,116,0,0,878,0,122,0,0,886,0,114,0,0,887,0,113,0,0,881,0,119,0,0,883,0,117,0,0,885,0,115,0,0,884,0,116,0,0,888,0,112,0,0,884,0,116,0,0,878,0,122,0,0,882,0,118,0,0,881,0,119,0,0,885,0,115,0,0,885,0,115,0,0,882,0,118,0,0,886,0,114,0,0,882,0,118,0,0,884,0,116,0,0,886,0,114,0,0,881,0,119,0,0,881,0,119,0,0,884,0,116,0,0,881,0,119,0,0,883,0,117,0,0,882,0,118,0,0,883,0,117,0,0,884,0,116,0,0,879,1,120,0,0
422,random,1.0,885,0,115,0,0,888,0,112,0,0,883,0,117,0,0,885,0,115,0,0,886,0,114,0,0,880,0,120,0,0,881,0,119,0,0,881,0,119,0,0,884,0,116,0,0,878,0,122,0,0,882,0,118,0,0,882,0,118,0,0,882,0,118,0,0,885,0,115,0,0,882,0,118,0,0,884,0,116,0,0,885,0,115,0,0,884,0,116,0,0,882,0,118,0,0,881,0,119,0,0,883,0,117,0,0,883,1,116,0,0,878,0,122,0,0,886,0,114,0,0,887,0,113,0,0,881,0,119,0,0,883,0,117,0,0,885,0,115,0,0,884,0,116,0,0,888,0,112,0,0,884,0,116,0,0,878,0,122,0,0,882,0,118,0,0,881,0,119,0,0,885,0,115,0,0,885,0,115,0,0,882,0,118,0,0,886,0,114,0,0,882,0,118,0,0,884,0,116,0,0,886,0,114,0,0,881,0,119,0,0,881,0,119,0,0,884,0,116,0,0,881,0,119,0,0,883,0,117,0,0,882,0,118,0,0,883,0,117,0,0,884,0,116,0,0,879,1,120,0,0
423,random,1.0,885,0,115,0,0,888,0,112,0,0,883,0,117,0,0,885,0,115,0,0,886,0,114,0,0,880,0,120,0,0,881,0,119,0,0,881,0,119,0,0,884,0,116,0,0,878,0,122,0,0,882,0,118,0,0,882,0,118,0,0,882,0,118,0,0,885,0,115,0,0,882,0,118,0,0,884,0,116,0,0,885,0,115,0,0,884,0,116,0,0,882,0,118,0,0,881,0,119,0,0,883,0,117,0,0,883,1,116,0,0,878,0,122,0,0,886,0,114,0,0,887,0,113,0,0,881,0,119,0,0,883,0,117,0,0,885,0,115,0,0,884,0,116,0,0,888,0,112,0,0,884,0,116,0,0,878,0,122,0,0,882,0,118,0,0,881,0,119,0,0,885,0,115,0,0,885,0,115,0,0,882,0,118,0,0,886,0,114,0,0,882,0,118,0,0,884,0,116,0,0,886,0,114,0,0,881,0,119,0,0,881,0,119,0,0,884,0,116,0,0,881,0,119,0,0,883,0,117,0,0,882,0,118,0,0,883,0,117,0,0,884,0,116,0,0,879,1,120,0,0
424,random,1.0,885,0,115,0,0,888,0,112,0,0,883,0,117,0,0,885,0,115,0,0,886,0,114,0,0,880,0,120,0,0,881,0,119,0,0,881,0,119,0,0,884,0,116,0,0,878,0,122,0,0,882,0,118,0,0,882,0,118,0,0,882,0,118,0,0,885,0,115,0,0,882,0,118,0,0,884,0,116,0,0,885,0,115,0,0,884,0,116,0,0,882,0,118,0,0,881,0,119,0,0,883,0,117,0,0,883,1,116,0,0,878,0,122,0,0,886,0,114,0,0,887,0,113,0,0,881,0,119,0,0,883,0,117,0,0,885,0,115,0,0,884,0,116,0,0,888,0,112,0,0,884,0,116,0,0,878,0,122,0,0,882,0,118,0,0,881,0,119,0,0,885,0,115,0,0,885,0,115,0,0,882,0,118,0,0,886,0,114,0,0,882,0,118,0,0,884,0,116,0,0,886,0,114,0,0,881,0,119,0,0,881,0,119,0,0,884,0,116,0,0,881,0,119,0,0,883,0,117,0,0,882,0,118,0,0,883,0,117,0,0,884,0,116,0,0,879,1,120,0,0
425,random,1.0,885,0,115,0,0,888,0,112,0,0,883,0,117,0,0,885,0,115,0,0,886,0,114,0,0,880,0,120,0,0,881,0,119,0,0,881,0,119,0,0,884,0,116,0,0,878,0,122,0,0,882,0,118,0,0,882,0,118,0,0,882,0,118,0,0,885,0,115,0,0,882,0,118,0,0,884,0,116,0,0,885,0,115,0,0,884,0,116,0,0,882,0,118,0,0,881,0,119,0,0,883,0,117,0,0,883,1,116,0,0,878,0,122,0,0,886,0,114,0,0,887,0,113,0,0,881,0,119,0,0,883,0,117,0,0,885,0,115,0,0,884,0,116,0,0,888,0,112,0,0,884,0,116,0,0,878,0,122,0,0,882,0,118,0,0,881,0,119,0,0,885,0,115,0,0,885,0,115,0,0,882,0,118,0,0,886,0,114,0,0,882,0,118,0,0,884,0,116,0,0,886,0,114,0,0,881,0,119,0,0,881,0,119,0,0,884,0,116,0,0,881,0,119,0,0,883,0,117,0,0,882,0,118,0,0,883,0,117,0,0,884,0,116,0,0,879,1,120,0,0
426,random,1.0,885,0,115,0,0,888,0,112,0,0,883,0,117,0,0,885,0,115,0,0,886,0,114,0,0,880,0,120,0,0,881,0,119,0,0,881,0,119,0,0,884,0,116,0,0,878,0,122,0,0,882,0,118,0,0,882,0,118,0,0,882,0,118,0,0,885,0,115,0,0,882,0,118,0,0,884,0,116,0,0,885,0,115,0,0,884,0,116,0,0,882,0,118,0,0,881,0,119,0,0,883,0,117,0,0,883,1,116,0,0,878,0,122,0,0,886,0,114,0,0,887,0,113,0,0,881,0,119,0,0,883,0,117,0,0,885,0,115,0,0,884,0,116,0,0,888,0,112,0,0,884,0,116,0,0,878,0,122,0,0,882,0,118,0,0,881,0,119,0,0,885,0,115,0,0,885,0,115,0,0,882,0,118,0,0,886,0,114,0,0,882,0,118,0,0,884,0,116,0,0,886,0,114,0,0,881,0,119,0,0,881,0,119,0,0,884,0,116,0,0,881,0,119,0,0,883,0,117,0,0,882,0,118,0,0,883,0,117,0,0,884,0,116,0,0,879,1,120,0,0
427,random,1.0,885,0,115,0,0,888,0,112,0,0,883,0,117,0,0,885,0,115,0,0,885,1,114,0,0,880,0,120,0,0,881,0,119,0,0,881,0,119,0,0,884,0,116,0,0,878,0,122,0,0,882,0,118,0,0,882,0,118,0,0,882,0,118,0,0,885,0,115,0,0,882,0,118,0,0,884,0,116,0,0,885,0,115,0,0,884,0,116,0,0,882,0,118,0,0,881,0,119,0,0,883,0,117,0,0,883,1,116,0,0,878,0,122,0,0,886,0,114,0,0,887,0,113,0,0,881,0,119,0,0,883,0,117,0,0,885,0,115,0,0,884,0,116,0,0,888,0,112,0,0,884,0,116,0,0,878,0,122,0,0,882,0,118,0,0,881,0,119,0,0,885,0,115,0,0,885,0,115,0,0,882,0,118,0,0,886,0,114,0,0,882,0,118,0,0,884,0,116,0,0,886,0,114,0,0,881,0,119,0,0,881,0,119,0,0,884,0,116,0,0,881,0,119,0,0,883,0,117,0,0,882,0,118,0,0,883,0,117,0,0,884,0,116,0,0,879,1,120,0,0
428,random,1.0,885,0,115,0,0,888,0,112,0,0,883,0,117,0,0,885,0,115,0,0,885,1,114,0,0,880,0,120,0,0,881,0,119,0,0,881,0,119,0,0,884,0,116,0,0,878,0,122,0,0,882,0,118,0,0,882,0,118,0,0,882,0,118,0,0,885,0,115,0,0,882,0,118,0,0,884,0,116,0,0,885,0,115,0,0,884,0,116,0,0,882,0,118,0,0,881,0,119,0,0,883,0,117,0,0,883,1,116,0,0,878,0,122,0,0,886,0,114,0,0,887,0,113,0,0,881,0,119,0,0,883,0,117,0,0,885,0,115,0,0,884,0,116,0,0,888,0,112,0,0,884,0,116,0,0,878,0,122,0,0,882,0,118,0,0,881,0,119,0,0,885,0,115,0,0,885,0,115,0,0,882,0,118,0,0,886,0,114,0,0,882,0,118,0,0,884,0,116,0,0,886,0,114,0,0,881,0,119,0,0,881,0,119,0,0,884,0,116,0,0,881,0,119,0,0,883,0,117,0,0,882,0,118,0,0,883,0,117,0,0,884,0,116,0,0,879,1,120,0,0
429,random,1.0,885,0,115,0,0,888,0,112,0,0,883,0,117,0,0,885,0,115,0,0,885,1,114,0,0,880,0,120,0,0,881,0,119,0,0,881,0,119,0,0,884,0,116,0,0,878,0,122,0,0,882,0,118,0,0,882,0,118,0,0,882,0,118,0,0,885,0,115,0,0,882,0,118,0,0,884,0,116,0,0,885,0,115,0,0,884,0,116,0,0,882,0,118,0,0,881,0,119,0,0,883,0,117,0,0,883,1,116,0,0,878,0,122,0,0,886,0,114,0,0,887,0,113,0,0,881,0,119,0,0,883,0,117,0,0,885,0,115,0,0,884,0,116,0,0,888,0,112,0,0,884,0,116,0,0,878,0,122,0,0,882,0,118,0,0,881,0,119,0,0,885,0,115,0,0,885,0,115,0,0,882,0,118,0,0,886,0,114,0,0,882,0,118,0,0,884,0,116,0,0,886,0,114,0,0,881,0,119,0,0,881,0,119,0,0,884,0,116,0,0,881,0,119,0,0,883,0,117,0,0,882,0,118,0,0,883,0,117,0,0,884,0,116,0,0,879,0,121,0,0
430,random,1.0,885,0,115,0,0,888,0,112,0,0,883,0,117,0,0,885,0,115,0,0,885,1,114,0,0,880,0,120,0,0,881,0,119,0,0,881,0,119,0,0,884,0,116,0,0,878,0,122,0,0,882,0,118,0,0,882,0,118,0,0,882,0,118,0,0,885,0,115,0,0,882,0,118,0,0,884,0,116,0,0,885,0,115,0,0,884,0,116,0,0,882,0,118,0,0,881,0,119,0,0,883,0,117,0,0,883,1,116,0,0,878,0,122,0,0,886,0,114,0,0,887,0,113,0,0,881,0,119,0,0,883,0,117,0,0,885,0,115,0,0,884,0,116,0,0,888,0,112,0,0,884,0,116,0,0,878,0,122,0,0,882,0,118,0,0,881,0,119,0,0,885,0,115,0,0,885,0,115,0,0,882,0,118,0,0,886,0,114,0,0,882,0,118,0,0,884,0,116,0,0,886,0,114,0,0,881,0,119,0,0,881,0,119,0,0,884,0,116,0,0,881,0,119,0,0,883,0,117,0,0,882,0,118,0,0,883,0,117,0,0,884,0,116,0,0,879,0,121,0,0
431,random,1.0,885,0,115,0,0,888,0,112,0,0,883,0,117,0,0,885,0,115,0,0,885,1,114,0,0,880,0,120,0,0,881,0,119,0,0,881,0,119,0,0,884,0,116,0,0,878,0,122,0,0,882,0,118,0,0,882,0,118,0,0,882,0,118,0,0,885,0,115,0,0,882,0,118,0,0,884,0,116,0,0,885,0,115,0,0,884,0,116,0,0,882,0,118,0,0,881,0,119,0,0,883,0,117,0,0,883,1,116,0,0,878,0,122,0,0,886,0,114,0,0,887,0,113,0,0,881,0,119,0,0,883,0,117,0,0,885,0,115,0,0,884,0,116,0,0,888,0,112,0,0,884,0,116,0,0,878,0,122,0,0,882,0,118,0,0,881,0,119,0,0,885,0,115,0,0,885,0,115,0,0,882,0,118,0,0,886,0,114,0,0,882,0,118,0,0,884,0,116,0,0,886,0,114,0,0,881,0,119,0,0,881,0,119,0,0,884,0,116,0,0,881,0,119,0,0,883,0,117,0,0,882,0,118,0,0,883,0,117,0,0,884,0,116,0,0,879,0,121,0,0
432,random,1.0,885,0,115,0,0,888,0,112,0,0,883,0,117,0,0,885,0,115,0,0,885,1,114,0,0,880,0,120,0,0,881,0,119,0,0,881,0,119,0,0,884,0,116,0,0,878,0,122,0,0,882,0,118,0,0,882,0,118,0,0,882,0,118,0,0,885,0,115,0,0,882,0,118,0,0,884,0,116,0,0,885,0,115,0,0,884,0,116,0,0,882,0,118,0,0,881,0,119,0,0,883,0,117,0,0,883,1,116,0,0,878,0,122,0,0,886,0,114,0,0,887,0,113,0,0,881,0,119,0,0,883,0,117,0,0,885,0,115,0,0,884,0,116,0,0,888,0,112,0,0,884,0,116,0,0,878,0,122,0,0,882,0,118,0,0,881,0,119,0,0,885,0,115,0,0,885,0,115,0,0,882,0,118,0,0,886,0,114,0,0,882,0,118,0,0,884,0,116,0,0,886,0,114,0,0,881,0,119,0,0,881,0,119,0,0,884,0,116,0,0,881,0,119,0,0,883,0,117,0,0,882,0,118,0,0,883,0,117,0,0,884,0,116,0,0,879,0,121,0,0
433,random,1.0,885,0,115,0,0,888,0,112,0,0,883,0,117,0,0,885,0,115,0,0,885,1,114,0,0,880,0,120,0,0,881,0,119,0,0,881,0,119,0,0,884,0,116,0,0,878,0,122,0,0,882,0,118,0,0,882,0,118,0,0,882,0,118,0,0,885,0,115,0,0,882,0,118,0,0,884,0,116,0,0,885,0,115,0,0,884,0,116,0,0,882,0,118,0,0,881,0,119,0,0,883,0,117,0,0,883,0,117,0,0,878,0,122,0,0,886,0,114,0,0,887,0,113,0,0,881,0,119,0,0,883,0,117,0,0,885,0,115,0,0,884,0,116,0,0,888,0,112,0,0,884,0,116,0,0,878,0,122,0,0,882,0,118,0,0,881,0,119,0,0,885,0,115,0,0,885,0,115,0,0,882,0,118,0,0,886,0,114,0,0,882,0,118,0,0,884,0,116,0,0,886,0,114,0,0,881,0,119,0,0,881,0,119,0,0,884,0,116,0,0,881,0,119,0,0,883,0,117,0,0,882,0,118,0,0,883,0,117,0,0,884,0,116,0,0,879,0,121,0,0
434,random,1.0,885,0,115,0,0,888,0,112,0,0,883,0,117,0,0,885,0,115,0,0,885,1,114,0,0,880,0,120,0,0,881,0,119,0,0,881,0,119,0,0,884,0,116,0,0,878,0,122,0,0,882,0,118,0,0,882,0,118,0,0,882,0,118,0,0,885,0,115,0,0,882,0,118,0,0,884,0,116,0,0,885,0,115,0,0,884,0,116,0,0,882,0,118,0,0,881,0,119,0,0,883,0,117,0,0,883,0,117,0,0,878,0,122,0,0,886,0,114,0,0,887,0,113,0,0,881,0,119,0,0,883,0,117,0,0,885,0,115,0,0,884,0,116,0,0,888,0,112,0,0,884,0,116,0,0,878,0,122,0,0,882,0,118,0,0,881,0,119,0,0,885,0,115,0,0,885,0,115,0,0,882,0,118,0,0,886,0,114,0,0,882,0,118,0,0,884,0,116,0,0,886,0,114,0,0,881,0,119,0,0,881,0,119,0,0,884,0,116,0,0,881,0,119,0,0,883,0,117,0,0,882,0,118,0,0,883,0,117,0,0,884,0,116,0,0,879,0,121,0,0
435,random,1.0,885,0,115,0,0,888,0,112,0,0,883,0,117,0,0,885,0,115,0,0,885,1,114,0,0,880,0,120,0,0,881,0,119,0,0,881,0,119,0,0,884,0,116,0,0,878,0,122,0,0,882,0,118,0,0,882,0,118,0,0,882,0,118,0,0,885,0,115,0,0,882,0,118,0,0,884,0,116,0,0,885,0,115,0,0,884,0,116,0,0,882,0,118,0,0,881,0,119,0,0,883,0,117,0,0,883,0,117,0,0,878,0,122,0,0,886,0,114,0,0,887,0,113,0,0,881,0,119,0,0,883,0,117,0,0,885,0,115,0,0,884,0,116,0,0,888,0,112,0,0,884,0,116,0,0,878,0,122,0,0,882,0,118,0,0,881,0,119,0,0,885,0,115,0,0,885,0,115,0,0,882,0,118,0,0,886,0,114,0,0,882,0,118,0,0,884,0,116,0,0,886,0,114,0,0,881,0,119,0,0,881,0,119,0,0,884,0,116,0,0,881,0,119,0,0,883,0,117,0,0,882,0,118,0,0,883,0,117,0,0,884,0,116,0,0,879,0,121,0,0
436,random,1.0,885,0,115,0,0,888,0,112,0,0,883,0,117,0,0,885,0,115,0,0,885,1,114,0,0,880,0,120,0,0,881,0,119,0,0,881,0,119,0,0,884,0,116,0,0,878,0,122,0,0,882,0,118,0,0,882,0,118,0,0,882,0,118,0,0,885,0,115,0,0,882,0,118,0,0,884,0,116,0,0,885,0,115,0,0,884,0,116,0,0,882,0,118,0,0,881,0,119,0,0,883,0,117,0,0,883,0,117,0,0,878,0,122,0,0,886,0,114,0,0,887,0,113,0,0,881,0,119,0,0,883,0,117,0,0,885,0,115,0,0,884,0,116,0,0,888,0,112,0,0,884,0,116,0,0,878,0,122,0,0,882,0,118,0,0,881,0,119,0,0,885,0,115,0,0,885,0,115,0,0,882,0,118,0,0,886,0,114,0,0,882,0,118,0,0,884,0,116,0,0,886,0,114,0,0,881,0,119,0,0,881,0,119,0,0,884,0,116,0,0,881,0,119,0,0,883,0,117,0,0,882,0,118,0,0,883,0,117,0,0,884,0,116,0,0,879,0,121,0,0
437,random,1.0,885,0,115,0,0,888,0,112,0,0,883,0,117,0,0,885,0,115,0,0,885,1,114,0,0,880,0,120,0,0,881,0,119,0,0,881,0,119,0,0,884,0,116,0,0,878,0,122,0,0,882,0,118,0,0,882,0,118,0,0,882,0,118,0,0,885,0,115,0,0,882,0,118,0,0,884,0,116,0,0,885,0,115,0,0,884,0,116,0,0,882,0,118,0,0,881,0,119,0,0,883,0,117,0,0,883,0,117,0,0,878,0,122,0,0,886,0,114,0,0,887,0,113,0,0,881,0,119,0,0,883,0,117,0,0,885,0,115,0,0,884,0,116,0,0,888,0,112,0,0,884,0,116,0,0,878,0,122,0,0,882,0,118,0,0,881,0,119,0,0,885,0,115,0,0,885,0,115,0,0,882,0,118,0,0,886,0,114,0,0,882,0,118,0,0,884,0,116,0,0,886,0,114,0,0,881,0,119,0,0,881,0,119,0,0,884,0,116,0,0,881,0,119,0,0,883,0,117,0,0,882,0,118,0,0,883,0,117,0,0,884,0,116,0,0,879,0,121,0,0
438,random,1.0,885,0,115,0,0,888,0,112,0,0,883,0,117,0,0,885,0,115,0,0,885,1,114,0,0,880,0,120,0,0,881,0,119,0,0,881,0,119,0,0,884,0,116,0,0,878,0,122,0,0,882,0,118,0,0,882,0,118,0,0,882,0,118,0,0,885,0,115,0,0,882,0,118,0,0,884,0,116,0,0,885,0,115,0,0,884,0,116,0,0,882,0,118,0,0,881,0,119,0,0,883,0,117,0,0,883,0,117,0,0,878,0,122,0,0,886,0,114,0,0,887,0,113,0,0,881,0,119,0,0,883,0,117,0,0,885,0,115,0,0,884,0,116,0,0,888,0,112,0,0,884,0,116,0,0,878,0,122,0,0,882,0,118,0,0,881,0,119,0,0,885,0,115,0,0,885,0,115,0,0,882,0,118,0,0,886,0,114,0,0,882,0,118,0,0,884,0,116,0,0,886,0,114,0,0,881,0,119,0,0,881,0,119,0,0,884,0,116,0,0,881,0,119,0,0,883,0,117,0,0,882,0,118,0,0,883,0,117,0,0,884,0,116,0,0,879,0,121,0,0
439,random,1.0,885,0,115,0,0,888,0,112,0,0,883,0,117,0,0,885,0,115,0,0,885,1,114,0,0,880,0,120,0,0,881,0,119,0,0,881,0,119,0,0,884,0,116,0,0,878,0,122,0,0,882,0,118,0,0,882,0,118,0,0,882,0,118,0,0,885,0,115,0,0,882,0,118,0,0,884,0,116,0,0,885,0,115,0,0,884,0,116,0,0,882,0,118,0,0,881,0,119,0,0,883,0,117,0,0,883,0,117,0,0,878,0,122,0,0,886,0,114,0,0,887,0,113,0,0,881,0,119,0,0,883,0,117,0,0,885,0,115,0,0,884,0,116,0,0,888,0,112,0,0,884,0,116,0,0,878,0,122,0,0,882,0,118,0,0,881,0,119,0,0,885,0,115,0,0,885,0,115,0,0,882,0,118,0,0,886,0,114,0,0,882,0,118,0,0,884,0,116,0,0,886,0,114,0,0,881,0,119,0,0,881,0,119,0,0,884,0,116,0,0,881,0,119,0,0,883,0,117,0,0,882,0,118,0,0,883,0,117,0,0,884,0,116,0,0,879,0,121,0,0
440,random,1.0,885,0,115,0,0,888,0,112,0,0,883,0,117,0,0,885,0,115,0,0,885,0,115,0,0,880,0,120,0,0,881,0,119,0,0,881,0,119,0,0,884,0,116,0,0,878,0,122,0,0,882,0,118,0,0,882,0,118,0,0,882,0,118,0,0,885,0,115,0,0,882,0,118,0,0,884,0,116,0,0,885,0,115,0,0,884,0,116,0,0,882,0,118,0,0,881,0,119,0,0,883,0,117,0,0,883,0,117,0,0,878,0,122,0,0,886,0,114,0,0,887,0,113,0,0,881,0,119,0,0,883,0,117,0,0,885,0,115,0,0,884,0,116,0,0,888,0,112,0,0,884,0,116,0,0,878,0,122,0,0,882,0,118,0,0,881,0,119,0,0,885,0,115,0,0,885,0,115,0,0,882,0,118,0,0,886,0,114,0,0,882,0,118,0,0,884,0,116,0,0,886,0,114,0,0,881,0,119,0,0,881,0,119,0,0,884,0,116,0,0,881,0,119,0,0,883,0,117,0,0,882,0,118,0,0,883,0,117,0,0,884,0,116,0,0,879,0,121,0,0
441,random,1.0,885,0,115,0,0,888,0,112,0,0,883,0,117,0,0,885,0,115,0,0,885,0,115,0,0,880,0,120,0,0,881,0,119,0,0,881,0,119,0,0,884,0,116,0,0,878,0,122,0,0,882,0,118,0,0,882,0,118,0,0,882,0,118,0,0,885,0,115,0,0,882,0,118,0,0,884,0,116,0,0,885,0,115,0,0,884,0,116,0,0,882,0,118,0,0,881,0,119,0,0,883,0,117,0,0,883,0,117,0,0,878,0,122,0,0,886,0,114,0,0,887,0,113,0,0,881,0,119,0,0,883,0,117,0,0,885,0,115,0,0,884,0,116,0,0,888,0,112,0,0,884,0,116,0,0,878,0,122,0,0,882,0,118,0,0,881,0,119,0,0,885,0,115,0,0,885,0,115,0,0,882,0,118,0,0,886,0,114,0,0,882,0,118,0,0,884,0,116,0,0,886,0,114,0,0,881,0,119,0,0,881,0,119,0,0,884,0,116,0,0,881,0,119,0,0,883,0,117,0,0,882,0,118,0,0,883,0,117,0,0,884,0,116,0,0,879,0,121,0,0
442,random,1.0,885,0,115,0,0,888,0,112,0,0,883,0,117,0,0,885,0,115,0,0,885,0,115,0,0,880,0,120,0,0,881,0,119,0,0,881,0,119,0,0,884,0,116,0,0,878,0,122,0,0,882,0,118,0,0,882,0,118,0,0,882,0,118,0,0,885,0,115,0,0,882,0,118,0,0,884,0,116,0,0,885,0,115,0,0,884,0,116,0,0,882,0,118,0,0,881,0,119,0,0,883,0,117,0,0,883,0,117,0,0,878,0,122,0,0,886,0,114,0,0,887,0,113,0,0,881,0,119,0,0,883,0,117,0,0,885,0,115,0,0,884,0,116,0,0,888,0,112,0,0,884,0,116,0,0,878,0,122,0,0,882,0,118,0,0,881,0,119,0,0,885,0,115,0,0,885,0,115,0,0,882,0,118,0,0,886,0,114,0,0,882,0,118,0,0,884,0,116,0,0,886,0,114,0,0,881,0,119,0,0,881,0,119,0,0,884,0,116,0,0,881,0,119,0,0,883,0,117,0,0,882,0,118,0,0,883,0,117,0,0,884,0,116,0,0,879,0,121,0,0
443,random,1.0,885,0,108,7,0,888,0,105,7,0,883,0,110,7,0,885,0,106,9,0,885,0,107,8,0,880,0,115,5,0,881,0,108,11,0,881,0,114,5,0,884,0,108,8,0,878,0,119,3,0,882,0,113,5,0,882,0,113,5,0,882,0,110,8,0,885,0,110,5,0,882,0,115,3,0,884,0,108,8,0,885,0,112,3,0,884,0,106,10,0,882,0,111,7,0,881,0,111,8,0,883,0,109,8,0,883,0,113,4,0,878,0,114,8,0,886,0,107,7,0,887,0,106,7,0,881,0,112,7,0,883,0,111,6,0,885,0,108,7,0,884,0,103,13,0,888,0,107,5,0,884,0,109,7,0,878,0,116,6,0,882,0,114,4,0,881,0,114,5,0,885,0,107,8,0,885,0,106,9,0,882,0,112,6,0,886,0,107,7,0,882,0,110,8,0,884,0,111,5,0,886,0,109,5,0,881,0,111,8,0,881,0,112,7,0,884,0,108,8,0,881,0,114,5,0,883,0,108,9,0,882,0,112,6,0,883,0,109,8,0,884,0,108,8,0,879,0,113,8,0
444,random,1.0,885,0,108,7,0,888,0,105,7,0,883,0,110,7,0,885,0,106,9,0,885,0,107,8,0,880,0,115,5,0,881,0,108,11,0,881,0,114,5,0,884,0,108,8,0,878,0,119,3,0,882,0,113,5,0,882,0,113,5,0,882,0,110,8,0,885,0,110,5,0,882,0,115,3,0,884,0,108,8,0,885,0,112,3,0,884,0,106,10,0,882,0,111,7,0,881,0,111,8,0,883,0,109,8,0,883,0,113,4,0,878,0,114,8,0,886,0,107,7,0,887,0,106,7,0,881,0,112,7,0,883,0,111,6,0,885,0,108,7,0,884,0,103,13,0,888,0,107,5,0,884,0,109,7,0,878,0,116,6,0,882,0,114,4,0,881,0,114,5,0,885,0,107,8,0,885,0,106,9,0,882,0,112,6,0,886,0,107,7,0,882,0,110,8,0,884,0,111,5,0,886,0,109,5,0,881,0,111,8,0,881,0,112,7,0,884,0,108,8,0,881,0,114,5,0,883,0,108,9,0,882,0,112,6,0,883,0,109,8,0,884,0,108,8,0,879,0,113,8,0
445,random,1.0,885,0,108,7,0,888,0,105,7,0,883,0,110,7,0,885,0,106,9,0,885,0,107,8,0,880,0,115,5,0,881,0,108,11,0,881,0,114,5,0,884,0,108,8,0,878,0,119,3,0,882,0,113,5,0,882,0,113,5,0,882,0,110,8,0,885,0,110,5,0,882,0,115,3,0,884,0,108,8,0,885,0,112,3,0,884,0,106,10,0,882,0,111,7,0,881,0,111,8,0,883,0,109,8,0,883,0,113,4,0,878,0,114,8,0,886,0,107,7,0,887,0,106,7,0,881,0,112,7,0,883,0,111,6,0,885,0,108,7,0,884,0,103,13,0,888,0,107,5,0,884,0,109,7,0,878,0,116,6,0,882,0,114,4,0,881,0,114,5,0,885,0,107,8,0,885,0,106,9,0,882,0,112,6,0,886,0,107,7,0,882,0,110,8,0,884,0,111,5,0,886,0,109,5,0,881,0,111,8,0,881,0,112,7,0,884,0,108,8,0,881,0,114,5,0,883,0,108,9,0,882,0,112,6,0,883,0,109,8,0,884,0,108,8,0,879,0,113,8,0
446,random,1.0,885,0,108,7,0,888,0,105,7,0,883,0,110,7,0,885,0,106,9,0,885,0,107,8,0,880,0,115,5,0,881,0,108,11,0,881,0,114,5,0,884,0,108,8,0,878,0,119,3,0,882,0,113,5,0,882,0,113,5,0,882,0,110,8,0,885,0,110,5,0,882,0,115,3,0,884,0,108,8,0,885,0,112,3,0,884,0,106,10,0,882,0,111,7,0,881,0,111,8,0,883,0,109,8,0,883,0,113,4,0,878,0,114,8,0,886,0,107,7,0,887,0,106,7,0,881,0,112,7,0,883,0,110,7,0,885,0,108,7,0,884,0,103,13,0,888,0,107,5,0,884,0,109,7,0,878,0,116,6,0,882,0,114,4,0,881,0,114,5,0,885,0,107,8,0,885,0,106,9,0,882,0,112,6,0,886,0,107,7,0,882,0,110,8,0,884,0,111,5,0,886,0,109,5,0,881,0,111,8,0,881,0,112,7,0,884,0,108,8,0,881,0,114,5,0,883,0,108,9,0,882,0,112,6,0,883,0,109,8,0,884,0,108,8,0,879,0,113,8,0
447,random,1.0,885,0,108,7,0,888,0,105,7,0,883,0,110,7,0,885,0,106,9,0,885,0,107,8,0,880,0,115,5,0,881,0,108,11,0,881,0,114,5,0,884,0,108,8,0,878,0,119,3,0,882,0,113,5,0,882,0,113,5,0,882,0,110,8,0,885,0,110,5,0,882,0,115,3,0,884,0,108,8,0,885,0,112,3,0,884,0,106,10,0,882,0,111,7,0,881,0,111,8,0,883,0,109,8,0,883,0,113,4,0,878,0,113,9,0,886,0,107,7,0,887,0,106,7,0,881,0,112,7,0,883,0,110,7,0,885,0,108,7,0,884,0,103,13,0,888,0,107,5,0,884,0,109,7,0,878,0,116,6,0,882,0,114,4,0,881,0,114,5,0,885,0,107,8,0,885,0,106,9,0,882,0,112,6,0,886,0,107,7,0,882,0,110,8,0,884,0,111,5,0,886,0,109,5,0,881,0,111,8,0,881,0,112,7,0,884,0,108,8,0,881,0,114,5,0,883,0,108,9,0,882,0,112,6,0,883,0,109,8,0,884,0,108,8,0,879,0,113,8,0
448,random,1.0,885,0,108,7,0,888,0,105,7,0,883,0,110,7,0,885,0,106,9,0,885,0,107,8,0,880,0,115,5,0,881,0,108,11,0,881,0,114,5,0,884,0,108,8,0,878,0,119,3,0,882,0,113,5,0,882,0,113,5,0,882,0,110,8,0,885,0,110,5,0,882,0,115,3,0,884,0,108,8,0,885,0,112,3,0,884,0,106,10,0,882,0,111,7,0,881,0,111,8,0,883,0,109,8,0,883,0,113,4,0,878,0,113,9,0,886,0,107,7,0,887,0,106,7,0,881,0,112,7,0,883,0,110,7,0,885,0,108,7,0,884,0,103,13,0,888,0,107,5,0,884,0,109,7,0,878,0,116,6,0,882,0,114,4,0,881,0,114,5,0,885,0,107,8,0,885,0,106,9,0,882,0,112,6,0,886,0,107,7,0,882,0,110,8,0,884,0,111,5,0,886,0,109,5,0,881,0,111,8,0,881,0,112,7,0,884,0,107,9,0,881,0,114,5,0,883,0,108,9,0,882,0,112,6,0,883,0,109,8,0,884,0,108,8,0,879,0,113,8,0
449,random,1.0,885,0,108,7,0,888,0,105,7,0,883,0,110,7,0,885,0,106,9,0,885,0,107,8,0,880,0,115,5,0,881,0,108,11,0,881,0,114,5,0,884,0,108,8,0,878,0,119,3,0,882,0,113,5,0,882,0,113,5,0,882,0,110,8,0,885,0,110,5,0,882,0,115,3,0,884,0,108,8,0,885,0,112,3,0,884,0,106,10,0,882,0,111,7,0,881,0,111,8,0,883,0,109,8,0,883,0,113,4,0,878,0,113,9,0,886,0,107,7,0,887,0,106,7,0,881,0,112,7,0,883,0,110,7,0,885,0,108,7,0,884,0,103,13,0,888,0,107,5,0,884,0,109,7,0,878,0,116,6,0,882,0,114,4,0,881,0,114,5,0,885,0,107,8,0,885,0,106,9,0,882,0,112,6,0,886,0,107,7,0,882,0,110,8,0,884,0,111,5,0,886,0,109,5,0,881,0,111,8,0,881,0,112,7,0,884,0,107,9,0,881,0,114,5,0,883,0,108,9,0,882,0,112,6,0,883,0,109,8,0,884,0,108,8,0,879,0,113,8,0
450,random,1.0,885,0,108,7,0,888,0,105,7,0,883,0,110,7,0,885,0,106,9,0,885,0,107,8,0,880,0,115,5,0,881,0,108,11,0,881,0,114,5,0,884,0,108,8,0,878,0,119,3,0,882,0,113,5,0,882,0,113,5,0,882,0,110,8,0,885,0,110,5,0,882,0,115,3,0,884,0,108,8,0,885,0,112,3,0,884,0,106,10,0,882,0,111,7,0,881,0,111,8,0,883,0,109,8,0,883,0,113,4,0,878,0,113,9,0,886,0,107,7,0,887,0,106,7,0,881,0,112,7,0,883,0,110,7,0,885,0,108,7,0,884,0,103,13,0,888,0,107,5,0,884,0,109,7,0,878,0,116,6,0,882,0,114,4,0,881,0,114,5,0,885,0,107,8,0,885,0,106,9,0,882,0,112,6,0,886,0,107,7,0,882,0,110,8,0,884,0,111,5,0,886,0,109,5,0,881,0,111,8,0,881,0,112,7,0,884,0,107,9,0,881,0,114,5,0,883,0,108,9,0,882,0,112,6,0,883,0,109,8,0,884,0,108,8,0,879,0,113,8,0
451,random,1.0,885,0,108,7,0,888,0,105,7,0,883,0,110,7,0,885,0,106,9,0,885,0,107,8,0,880,0,115,5,0,881,0,108,11,0,881,0,114,5,0,884,0,108,8,0,878,0,119,3,0,882,0,113,5,0,882,0,113,5,0,882,0,110,8,0,885,0,110,5,0,882,0,115,3,0,884,0,108,8,0,885,0,112,3,0,884,0,106,10,0,882,0,111,7,0,881,0,111,8,0,883,0,109,8,0,883,0,113,4,0,878,0,113,9,0,886,0,107,7,0,887,0,106,7,0,881,0,112,7,0,883,0,110,7,0,885,0,108,7,0,884,0,103,13,0,888,0,107,5,0,884,0,109,7,0,878,0,116,6,0,882,0,114,4,0,881,0,114,5,0,885,0,107,8,0,885,0,106,9,0,882,0,112,6,0,886,0,107,7,0,882,0,110,8,0,884,0,111,5,0,886,0,109,5,0,881,0,111,8,0,881,0,112,7,0,884,0,107,9,0,881,0,114,5,0,883,0,108,9,0,882,0,112,6,0,883,0,109,8,0,884,0,108,8,0,879,0,113,8,0
452,random,1.0,885,0,108,7,0,888,0,105,7,0,883,0,110,7,0,885,0,106,9,0,885,0,107,8,0,880,0,115,5,0,881,0,108,11,0,881,0,114,5,0,884,0,108,8,0,878,0,119,3,0,882,0,113,5,0,882,0,113,5,0,882,0,110,8,0,885,0,110,5,0,882,0,115,3,0,884,0,108,8,0,885,0,112,3,0,884,0,106,10,0,882,0,111,7,0,881,0,111,8,0,883,0,109,8,0,883,0,113,4,0,878,0,113,9,0,886,0,107,7,0,887,0,106,7,0,881,0,112,7,0,883,0,110,7,0,885,0,108,7,0,884,0,103,13,0,888,0,107,5,0,884,0,109,7,0,878,0,116,6,0,882,0,114,4,0,881,0,114,5,0,885,0,107,8,0,885,0,106,9,0,882,0,112,6,0,886,0,107,7,0,882,0,110,8,0,884,0,111,5,0,886,0,109,5,0,881,0,111,8,0,881,0,112,7,0,884,0,107,9,0,881,0,114,5,0,883,0,108,9,0,882,0,112,6,0,883,0,109,8,0,884,0,108,8,0,879,0,113,8,0
453,random,1.0,885,0,108,7,0,888,0,105,7,0,883,0,110,7,0,885,0,106,9,0,885,0,107,8,0,880,0,115,5,0,881,0,108,11,0,881,0,114,5,0,884,0,108,8,0,878,0,119,3,0,882,0,113,5,0,882,0,113,5,0,882,0,110,8,0,885,0,110,5,0,882,0,115,3,0,884,0,108,8,0,885,0,112,3,0,884,0,106,10,0,882,0,111,7,0,881,0,111,8,0,883,0,109,8,0,883,0,113,4,0,878,0,113,9,0,886,0,107,7,0,887,0,106,7,0,881,0,112,7,0,883,0,110,7,0,885,0,108,7,0,884,0,103,13,0,888,0,107,5,0,884,0,109,7,0,878,0,116,6,0,882,0,114,4,0,881,0,114,5,0,885,0,107,8,0,885,0,106,9,0,882,0,112,6,0,886,0,107,7,0,882,0,110,8,0,884,0,111,5,0,886,0,109,5,0,881,0,111,8,0,881,0,112,7,0,884,0,107,9,0,881,0,114,5,0,883,0,108,9,0,882,0,112,6,0,883,0,109,8,0,884,0,108,8,0,879,0,113,8,0
454,random,1.0,885,0,108,7,0,888,0,105,7,0,883,0,110,7,0,885,0,106,9,0,885,0,107,8,0,880,0,115,5,0,881,0,108,11,0,881,0,114,5,0,884,0,108,8,0,878,0,119,3,0,882,0,113,5,0,882,0,113,5,0,882,0,110,8,0,885,0,110,5,0,882,0,115,3,0,884,0,108,8,0,885,0,112,3,0,884,0,106,10,0,882,0,111,7,0,881,0,111,8,0,883,0,109,8,0,883,0,113,4,0,878,0,113,9,0,886,0,107,7,0,887,0,106,7,0,881,0,112,7,0,883,0,110,7,0,885,0,108,7,0,884,0,103,13,0,888,0,107,5,0,884,0,109,7,0,878,0,116,6,0,882,0,114,4,0,881,0,114,5,0,885,0,107,8,0,885,0,106,9,0,882,0,112,6,0,886,0,107,7,0,882,0,110,8,0,884,0,111,5,0,886,0,109,5,0,881,0,111,8,0,881,0,112,7,0,884,0,107,9,0,881,0,114,5,0,883,0,108,9,0,882,0,112,6,0,883,0,109,8,0,884,0,108,8,0,879,0,113,8,0
455,random,1.0,885,0,108,7,0,888,0,105,7,0,883,0,110,7,0,885,0,106,9,0,885,0,107,8,0,880,0,115,5,0,881,0,108,11,0,881,0,114,5,0,884,0,108,8,0,878,0,119,3,0,882,0,113,5,0,882,0,113,5,0,882,0,110,8,0,885,0,110,5,0,882,0,115,3,0,884,0,108,8,0,885,0,112,3,0,884,0,106,10,0,882,0,111,7,0,881,0,111,8,0,883,0,109,8,0,883,0,113,4,0,878,0,113,9,0,886,0,107,7,0,887,0,106,7,0,881,0,112,7,0,883,0,110,7,0,885,0,108,7,0,884,0,103,13,0,888,0,107,5,0,884,0,109,7,0,878,0,116,6,0,882,0,114,4,0,881,0,114,5,0,885,0,107,8,0,885,0,106,9,0,882,0,112,6,0,886,0,107,7,0,882,0,110,8,0,884,0,111,5,0,886,0,109,5,0,881,0,111,8,0,881,0,112,7,0,884,0,107,9,0,881,0,114,5,0,883,0,108,9,0,882,0,112,6,0,883,0,109,8,0,884,0,108,8,0,879,0,113,8,0
456,random,1.0,885,0,108,7,0,888,0,105,7,0,883,0,110,7,0,885,0,106,9,0,885,0,107,8,0,880,0,115,5,0,881,0,108,11,0,881,0,114,5,0,884,0,108,8,0,878,0,119,3,0,882,0,113,5,0,882,0,113,5,0,882,0,110,8,0,885,0,110,5,0,882,0,115,3,0,884,0,108,8,0,885,0,112,3,0,884,0,106,10,0,882,0,111,7,0,881,0,111,8,0,883,0,109,8,0,883,0,113,4,0,878,0,113,9,0,886,0,107,7,0,887,0,106,7,0,881,0,112,7,0,883,0,110,7,0,885,0,108,7,0,884,0,103,13,0,888,0,107,5,0,884,0,109,7,0,878,0,116,6,0,882,0,114,4,0,881,0,114,5,0,885,0,107,8,0,885,0,106,9,0,882,0,112,6,0,886,0,107,7,0,882,0,110,8,0,884,0,111,5,0,886,0,109,5,0,881,0,111,8,0,881,0,112,7,0,884,0,107,9,0,881,0,114,5,0,883,0,108,9,0,882,0,112,6,0,883,0,109,8,0,884,0,108,8,0,879,0,113,8,0
457,random,1.0,885,0,108,7,0,888,0,105,7,0,883,0,110,7,0,885,0,106,9,0,885,0,107,8,0,880,0,115,5,0,881,0,108,11,0,881,0,114,5,0,884,0,108,8,0,878,0,119,3,0,882,0,113,5,0,882,0,113,5,0,882,0,110,8,0,885,0,110,5,0,882,0,115,3,0,884,0,108,8,0,885,0,112,3,0,884,0,106,10,0,882,0,111,7,0,881,0,111,8,0,883,0,109,8,0,883,0,113,4,0,878,0,113,9,0,886,0,107,7,0,887,0,106,7,0,881,0,112,7,0,883,0,110,7,0,885,0,108,7,0,884,0,103,13,0,888,0,107,5,0,884,0,109,7,0,878,0,116,6,0,882,0,114,4,0,881,0,114,5,0,885,0,107,8,0,885,0,106,9,0,882,0,112,6,0,886,0,107,7,0,882,0,110,8,0,884,0,111,5,0,886,0,109,5,0,881,0,111,8,0,881,0,112,7,0,884,0,107,9,0,881,0,114,5,0,883,0,108,9,0,882,0,112,6,0,883,0,109,8,0,884,0,108,8,0,879,0,113,8,0
458,random,1.0,885,0,108,7,0,888,0,105,7,0,883,0,110,7,0,885,0,106,9,0,885,0,107,8,0,880,0,115,5,0,881,0,108,11,0,881,0,114,5,0,884,0,108,8,0,878,0,119,3,0,882,0,113,5,0,882,0,113,5,0,882,0,110,8,0,885,0,110,5,0,882,0,115,3,0,884,0,108,8,0,885,0,112,3,0,884,0,106,10,0,882,0,111,7,0,881,0,111,8,0,883,0,109,8,0,883,0,113,4,0,878,0,113,9,0,886,0,107,7,0,887,0,106,7,0,881,0,112,7,0,883,0,110,7,0,885,0,108,7,0,884,0,103,13,0,888,0,107,5,0,884,0,109,7,0,878,0,116,6,0,882,0,114,4,0,881,0,114,5,0,885,0,107,8,0,885,0,106,9,0,882,0,112,6,0,886,0,107,7,0,882,0,110,8,0,884,0,111,5,0,886,0,109,5,0,881,0,111,8,0,881,0,112,7,0,884,0,107,9,0,881,0,114,5,0,883,0,108,9,0,882,0,112,6,0,883,0,109,8,0,884,0,108,8,0,879,0,113,8,0
459,random,1.0,885,0,108,7,0,888,0,105,7,0,883,0,110,7,0,885,0,106,9,0,885,0,107,8,0,880,0,115,5,0,881,0,108,11,0,881,0,114,5,0,884,0,108,8,0,878,0,119,3,0,882,0,113,5,0,882,0,113,5,0,882,0,110,8,0,885,0,110,5,0,882,0,115,3,0,884,0,108,8,0,885,0,112,3,0,884,0,106,10,0,882,0,111,7,0,881,0,111,8,0,883,0,109,8,0,883,0,113,4,0,878,0,113,9,0,886,0,107,7,0,887,0,106,7,0,881,0,112,7,0,883,0,110,7,0,885,0,108,7,0,884,0,103,13,0,888,0,107,5,0,884,0,109,7,0,878,0,116,6,0,882,0,114,4,0,881,0,114,5,0,885,0,107,8,0,885,0,106,9,0,882,0,112,6,0,886,0,107,7,0,882,0,110,8,0,884,0,111,5,0,886,0,109,5,0,881,0,111,8,0,881,0,112,7,0,884,0,107,9,0,881,0,114,5,0,883,0,108,9,0,882,0,112,6,0,883,0,109,8,0,884,0,108,8,0,879,0,113,8,0
460,random,1.0,885,0,108,7,0,888,0,105,7,0,883,0,110,7,0,885,0,106,9,0,885,0,107,8,0,880,0,115,5,0,881,0,108,11,0,881,0,114,5,0,884,0,108,8,0,878,0,119,3,0,882,0,113,5,0,882,0,113,5,0,882,0,110,8,0,885,0,110,5,0,882,0,115,3,0,884,0,108,8,0,885,0,112,3,0,884,0,106,10,0,882,0,111,7,0,881,0,111,8,0,883,0,109,8,0,883,0,113,4,0,878,0,113,9,0,886,0,107,7,0,887,0,106,7,0,881,0,112,7,0,883,0,110,7,0,885,0,108,7,0,884,0,103,13,0,888,0,107,5,0,884,0,109,7,0,878,0,116,6,0,882,0,114,4,0,881,0,114,5,0,885,0,107,8,0,885,0,106,9,0,882,0,112,6,0,886,0,107,7,0,882,0,110,8,0,884,0,111,5,0,886,0,109,5,0,881,0,111,8,0,881,0,112,7,0,884,0,107,9,0,881,0,114,5,0,883,0,108,9,0,882,0,112,6,0,883,0,109,8,0,884,0,108,8,0,879,0,113,8,0
461,random,1.0,885,0,108,7,0,888,0,105,7,0,883,0,110,7,0,885,0,106,9,0,885,0,107,8,0,880,0,115,5,0,881,0,108,11,0,881,0,114,5,0,884,0,108,8,0,878,0,119,3,0,882,0,113,5,0,882,0,113,5,0,882,0,110,8,0,885,0,110,5,0,882,0,115,3,0,884,0,108,8,0,885,0,112,3,0,884,0,106,10,0,882,0,111,7,0,881,0,111,8,0,883,0,109,8,0,883,0,113,4,0,878,0,113,9,0,886,0,107,7,0,887,0,106,7,0,881,0,112,7,0,883,0,110,7,0,885,0,108,7,0,884,0,103,13,0,888,0,107,5,0,884,0,109,7,0,878,0,116,6,0,882,0,114,4,0,881,0,114,5,0,885,0,107,8,0,885,0,106,9,0,882,0,112,6,0,886,0,107,7,0,882,0,110,8,0,884,0,111,5,0,886,0,109,5,0,881,0,111,8,0,881,0,112,7,0,884,0,107,9,0,881,0,114,5,0,883,0,108,9,0,882,0,112,6,0,883,0,109,8,0,884,0,108,8,0,879,0,113,8,0
462,random,1.0,885,0,108,7,0,888,0,105,7,0,883,0,110,7,0,885,0,106,9,0,885,0,107,8,0,880,0,115,5,0,881,0,108,11,0,881,0,114,5,0,884,0,108,8,0,878,0,119,3,0,882,0,113,5,0,882,0,113,5,0,882,0,110,8,0,885,0,110,5,0,882,0,115,3,0,884,0,108,8,0,885,0,112,3,0,884,0,106,10,0,882,0,111,7,0,881,0,111,8,0,883,0,109,8,0,883,0,113,4,0,878,0,113,9,0,886,0,107,7,0,887,0,106,7,0,881,0,112,7,0,883,0,110,7,0,885,0,108,7,0,884,0,103,13,0,888,0,107,5,0,884,0,109,7,0,878,0,116,6,0,882,0,114,4,0,881,0,114,5,0,885,0,107,8,0,885,0,106,9,0,882,0,112,6,0,886,0,107,7,0,882,0,110,8,0,884,0,111,5,0,886,0,109,5,0,881,0,111,8,0,881,0,112,7,0,884,0,107,9,0,881,0,114,5,0,883,0,108,9,0,882,0,112,6,0,883,0,109,8,0,884,0,108,8,0,879,0,113,8,0
463,random,1.0,885,0,108,7,0,888,0,105,7,0,883,0,110,7,0,885,0,106,9,0,885,0,107,8,0,880,0,115,5,0,881,0,108,11,0,881,0,114,5,0,884,0,108,8,0,878,0,119,3,0,882,0,113,5,0,882,0,113,5,0,882,0,110,8,0,885,0,110,5,0,882,0,115,3,0,884,0,108,8,0,885,0,112,3,0,884,0,106,10,0,882,0,111,7,0,881,0,111,8,0,883,0,109,8,0,883,0,113,4,0,878,0,113,9,0,886,0,107,7,0,887,0,106,7,0,881,0,112,7,0,883,0,110,7,0,885,0,108,7,0,884,0,103,13,0,888,0,107,5,0,884,0,109,7,0,878,0,116,6,0,882,0,114,4,0,881,0,114,5,0,885,0,107,8,0,885,0,106,9,0,882,0,112,6,0,886,0,107,7,0,882,0,110,8,0,884,0,111,5,0,886,0,109,5,0,881,0,111,8,0,881,0,112,7,0,884,0,107,9,0,881,0,114,5,0,883,0,108,9,0,882,0,112,6,0,883,0,109,8,0,884,0,108,8,0,879,0,113,8,0
464,random,1.0,885,0,108,7,0,888,0,105,7,0,883,0,110,7,0,885,0,106,9,0,885,0,107,8,0,880,0,115,5,0,881,0,108,11,0,881,0,114,5,0,884,0,108,8,0,878,0,119,3,0,882,0,113,5,0,882,0,113,5,0,882,0,110,8,0,885,0,110,5,0,882,0,115,3,0,884,0,108,8,0,885,0,112,3,0,884,0,106,10,0,882,0,111,7,0,881,0,111,8,0,883,0,109,8,0,883,0,113,4,0,878,0,113,9,0,886,0,107,7,0,887,0,106,7,0,881,0,112,7,0,883,0,110,7,0,885,0,108,7,0,884,0,103,13,0,888,0,107,5,0,884,0,109,7,0,878,0,116,6,0,882,0,114,4,0,881,0,114,5,0,885,0,107,8,0,885,0,106,9,0,882,0,112,6,0,886,0,107,7,0,882,0,110,8,0,884,0,111,5,0,886,0,109,5,0,881,0,111,8,0,881,0,112,7,0,884,0,107,9,0,881,0,114,5,0,883,0,108,9,0,882,0,112,6,0,883,0,109,8,0,884,0,108,8,0,879,0,113,8,0
465,random,1.0,885,0,108,7,0,888,0,105,7,0,883,0,110,7,0,885,0,106,9,0,885,0,107,8,0,880,0,115,5,0,881,0,108,11,0,881,0,114,5,0,884,0,108,8,0,878,0,119,3,0,882,0,113,5,0,882,0,113,5,0,882,0,110,8,0,885,0,110,5,0,882,0,115,3,0,884,0,108,8,0,885,0,112,3,0,884,0,106,10,0,882,0,111,7,0,881,0,111,8,0,883,0,109,8,0,883,0,113,4,0,878,0,113,9,0,886,0,107,7,0,887,0,106,7,0,881,0,112,7,0,883,0,110,7,0,885,0,108,7,0,884,0,103,13,0,888,0,107,5,0,884,0,109,7,0,878,0,116,6,0,882,0,114,4,0,881,0,114,5,0,885,0,107,8,0,885,0,106,9,0,882,0,112,6,0,886,0,107,7,0,882,0,110,8,0,884,0,111,5,0,886,0,109,5,0,881,0,111,8,0,881,0,112,7,0,884,0,107,9,0,881,0,114,5,0,883,0,108,9,0,882,0,112,6,0,883,0,109,8,0,884,0,108,8,0,879,0,113,8,0
466,random,1.0,885,0,108,7,0,888,0,105,7,0,883,0,110,7,0,885,0,106,9,0,885,0,107,8,0,880,0,115,5,0,881,0,108,11,0,881,0,114,5,0,884,0,108,8,0,878,0,119,3,0,882,0,113,5,0,882,0,113,5,0,882,0,110,8,0,885,0,110,5,0,882,0,115,3,0,884,0,108,8,0,885,0,112,3,0,884,0,106,10,0,882,0,111,7,0,881,0,111,8,0,883,0,109,8,0,883,0,113,4,0,878,0,113,9,0,886,0,107,7,0,887,0,106,7,0,881,0,112,7,0,883,0,110,7,0,885,0,108,7,0,884,0,103,13,0,888,0,107,5,0,884,0,109,7,0,878,0,116,6,0,882,0,114,4,0,881,0,114,5,0,885,0,107,8,0,885,0,106,9,0,882,0,112,6,0,886,0,107,7,0,882,0,110,8,0,884,0,111,5,0,886,0,109,5,0,881,0,111,8,0,881,0,112,7,0,884,0,107,9,0,881,0,114,5,0,883,0,108,9,0,882,0,112,6,0,883,0,109,8,0,884,0,108,8,0,879,0,113,8,0
467,random,1.0,885,0,108,7,0,888,0,105,7,0,883,0,110,7,0,885,0,106,9,0,885,0,107,8,0,880,0,115,5,0,881,0,108,11,0,881,0,114,5,0,884,0,108,8,0,878,0,119,3,0,882,0,113,5,0,882,0,113,5,0,882,0,110,8,0,885,0,110,5,0,882,0,115,3,0,884,0,108,8,0,885,0,112,3,0,884,0,106,10,0,882,0,111,7,0,881,0,111,8,0,883,0,109,8,0,883,0,113,4,0,878,0,113,9,0,886,0,107,7,0,887,0,106,7,0,881,0,112,7,0,883,0,110,7,0,885,0,108,7,0,884,0,103,13,0,888,0,107,5,0,884,0,109,7,0,878,0,116,6,0,882,0,114,4,0,881,0,114,5,0,885,0,107,8,0,885,0,106,9,0,882,0,112,6,0,886,0,107,7,0,882,0,110,8,0,884,0,111,5,0,886,0,109,5,0,881,0,111,8,0,881,0,112,7,0,884,0,107,9,0,881,0,114,5,0,883,0,108,9,0,882,0,112,6,0,883,0,109,8,0,884,0,108,8,0,879,0,113,8,0
468,random,1.0,885,0,108,7,0,888,0,105,7,0,883,0,110,7,0,885,0,106,9,0,885,0,107,8,0,880,0,115,5,0,881,0,108,11,0,881,0,114,5,0,884,0,108,8,0,878,0,119,3,0,882,0,113,5,0,882,0,113,5,0,882,0,110,8,0,885,0,110,5,0,882,0,115,3,0,884,0,108,8,0,885,0,112,3,0,884,0,106,10,0,882,0,111,7,0,881,0,111,8,0,883,0,109,8,0,883,0,113,4,0,878,0,113,9,0,886,0,107,7,0,887,0,106,7,0,881,0,112,7,0,883,0,110,7,0,885,0,108,7,0,884,0,103,13,0,888,0,107,5,0,884,0,109,7,0,878,0,116,6,0,882,0,114,4,0,881,0,114,5,0,885,0,107,8,0,885,0,106,9,0,882,0,112,6,0,886,0,107,7,0,882,0,110,8,0,884,0,111,5,0,886,0,109,5,0,881,0,111,8,0,881,0,112,7,0,884,0,107,9,0,881,0,114,5,0,883,0,108,9,0,882,0,112,6,0,883,0,109,8,0,884,0,108,8,0,879,0,113,8,0
469,random,1.0,885,0,108,7,0,888,0,105,7,0,883,0,110,7,0,885,0,106,9,0,885,0,107,8,0,880,0,115,5,0,881,0,108,11,0,881,0,114,5,0,884,0,108,8,0,878,0,119,3,0,882,0,113,5,0,882,0,113,5,0,882,0,110,8,0,885,0,110,5,0,882,0,115,3,0,884,0,108,8,0,885,0,112,3,0,884,0,106,10,0,882,0,111,7,0,881,0,111,8,0,883,0,109,8,0,883,0,113,4,0,878,0,113,9,0,886,0,107,7,0,887,0,106,7,0,881,0,112,7,0,883,0,110,7,0,885,0,108,7,0,884,0,103,13,0,888,0,107,5,0,884,0,109,7,0,878,0,116,6,0,882,0,114,4,0,881,0,114,5,0,885,0,107,8,0,885,0,106,9,0,882,0,112,6,0,886,0,107,7,0,882,0,110,8,0,884,0,111,5,0,886,0,109,5,0,881,0,111,8,0,881,0,112,7,0,884,0,107,9,0,881,0,114,5,0,883,0,108,9,0,882,0,112,6,0,883,0,109,8,0,884,0,108,8,0,879,0,113,8,0
470,random,1.0,885,0,108,7,0,888,0,105,7,0,883,0,110,7,0,885,0,106,9,0,885,0,107,8,0,880,0,115,5,0,881,0,108,11,0,881,0,114,5,0,884,0,108,8,0,878,0,119,3,0,882,0,113,5,0,882,0,113,5,0,882,0,110,8,0,885,0,110,5,0,882,0,115,3,0,884,0,108,8,0,885,0,112,3,0,884,0,106,10,0,882,0,111,7,0,881,0,111,8,0,883,0,109,8,0,883,0,113,4,0,878,0,113,9,0,886,0,107,7,0,887,0,106,7,0,881,0,112,7,0,883,0,110,7,0,885,0,108,7,0,884,0,103,13,0,888,0,107,5,0,884,0,109,7,0,878,0,116,6,0,882,0,114,4,0,881,0,114,5,0,885,0,107,8,0,885,0,106,9,0,882,0,112,6,0,886,0,107,7,0,882,0,110,8,0,884,0,111,5,0,886,0,109,5,0,881,0,111,8,0,881,0,112,7,0,884,0,107,9,0,881,0,114,5,0,883,0,108,9,0,882,0,112,6,0,883,0,109,8,0,884,0,108,8,0,879,0,113,8,0
471,random,1.0,885,0,108,7,0,888,0,105,7,0,883,0,110,7,0,885,0,106,9,0,885,0,107,8,0,880,0,115,5,0,881,0,108,11,0,881,0,114,5,0,884,0,108,8,0,878,0,119,3,0,882,0,113,5,0,882,0,113,5,0,882,0,110,8,0,885,0,110,5,0,882,0,115,3,0,884,0,108,8,0,885,0,112,3,0,884,0,106,10,0,882,0,111,7,0,881,0,111,8,0,883,0,109,8,0,883,0,113,4,0,878,0,113,9,0,886,0,107,7,0,887,0,106,7,0,881,0,112,7,0,883,0,110,7,0,885,0,108,7,0,884,0,103,13,0,888,0,107,5,0,884,0,109,7,0,878,0,116,6,0,882,0,114,4,0,881,0,114,5,0,885,0,107,8,0,885,0,106,9,0,882,0,112,6,0,886,0,107,7,0,882,0,110,8,0,884,0,111,5,0,886,0,109,5,0,881,0,111,8,0,881,0,112,7,0,884,0,107,9,0,881,0,114,5,0,883,0,108,9,0,882,0,112,6,0,883,0,109,8,0,884,0,108,8,0,879,0,113,8,0
472,random,1.0,885,0,108,7,0,888,0,105,7,0,883,0,110,7,0,885,0,106,9,0,885,0,107,8,0,880,0,115,5,0,881,0,108,11,0,881,0,114,5,0,884,0,108,8,0,878,0,119,3,0,882,0,113,5,0,882,0,113,5,0,882,0,110,8,0,885,0,110,5,0,882,0,115,3,0,884,0,108,8,0,885,0,112,3,0,884,0,106,10,0,882,0,111,7,0,881,0,111,8,0,883,0,109,8,0,883,0,113,4,0,878,0,113,9,0,886,0,107,7,0,887,0,106,7,0,881,0,112,7,0,883,0,110,7,0,885,0,108,7,0,884,0,103,13,0,888,0,107,5,0,884,0,109,7,0,878,0,116,6,0,882,0,114,4,0,881,0,114,5,0,885,0,107,8,0,885,0,106,9,0,882,0,112,6,0,886,0,107,7,0,882,0,110,8,0,884,0,111,5,0,886,0,109,5,0,881,0,111,8,0,881,0,112,7,0,884,0,107,9,0,881,0,114,5,0,883,0,108,9,0,882,0,112,6,0,883,0,109,8,0,884,0,108,8,0,879,0,113,8,0
473,random,1.0,885,0,108,7,0,888,0,105,7,0,883,0,110,7,0,885,0,106,9,0,885,0,107,8,0,880,0,115,5,0,881,0,108,11,0,881,0,114,5,0,884,0,108,8,0,878,0,119,3,0,882,0,113,5,0,882,0,113,5,0,882,0,110,8,0,885,0,110,5,0,882,0,115,3,0,884,0,108,8,0,885,0,112,3,0,884,0,106,10,0,882,0,111,7,0,881,0,111,8,0,883,0,109,8,0,883,0,113,4,0,878,0,113,9,0,886,0,107,7,0,887,0,106,7,0,881,0,112,7,0,883,0,110,7,0,885,0,108,7,0,884,0,103,13,0,888,0,107,5,0,884,0,108,8,0,878,0,116,6,0,882,0,114,4,0,881,0,114,5,0,885,0,107,8,0,885,0,106,9,0,882,0,112,6,0,886,0,107,7,0,882,0,110,8,0,884,0,111,5,0,886,0,109,5,0,881,0,111,8,0,881,0,112,7,0,884,0,107,9,0,881,0,114,5,0,883,0,108,9,0,882,0,112,6,0,883,0,109,8,0,884,0,108,8,0,879,0,113,8,0
474,random,1.0,885,0,108,7,0,888,0,105,7,0,883,0,110,7,0,885,0,106,9,0,885,0,107,8,0,880,0,115,5,0,881,0,108,11,0,881,0,114,5,0,884,0,108,8,0,878,0,119,3,0,882,0,113,5,0,882,0,113,5,0,882,0,110,8,0,885,0,110,5,0,882,0,115,3,0,884,0,108,8,0,885,0,112,3,0,884,0,106,10,0,882,0,111,7,0,881,0,111,8,0,883,0,109,8,0,883,0,113,4,0,878,0,113,9,0,886,0,107,7,0,887,0,106,7,0,881,0,112,7,0,883,0,110,7,0,885,0,108,7,0,884,0,103,13,0,888,0,107,5,0,884,0,108,8,0,878,0,116,6,0,882,0,114,4,0,881,0,114,5,0,885,0,107,8,0,885,0,106,9,0,882,0,112,6,0,886,0,107,7,0,882,0,110,8,0,884,0,111,5,0,886,0,109,5,0,881,0,111,8,0,881,0,112,7,0,884,0,107,9,0,881,0,114,5,0,883,0,108,9,0,882,0,112,6,0,883,0,109,8,0,884,0,108,8,0,879,0,113,8,0
475,random,1.0,885,0,108,7,0,888,0,105,7,0,883,0,110,7,0,885,0,106,9,0,885,0,107,8,0,880,0,115,5,0,881,0,108,11,0,881,0,114,5,0,884,0,108,8,0,878,0,119,3,0,882,0,113,5,0,882,0,113,5,0,882,0,110,8,0,885,0,110,5,0,882,0,115,3,0,884,0,108,8,0,885,0,112,3,0,884,0,106,10,0,882,0,111,7,0,881,0,111,8,0,883,0,109,8,0,883,0,113,4,0,878,0,113,9,0,886,0,107,7,0,887,0,106,7,0,881,0,112,7,0,883,0,110,7,0,885,0,108,7,0,884,0,103,13,0,888,0,107,5,0,884,0,108,8,0,878,0,116,6,0,882,0,114,4,0,881,0,114,5,0,885,0,107,8,0,885,0,106,9,0,882,0,112,6,0,886,0,107,7,0,882,0,110,8,0,884,0,111,5,0,886,0,109,5,0,881,0,111,8,0,881,0,112,7,0,884,0,107,9,0,881,0,114,5,0,883,0,108,9,0,882,0,112,6,0,883,0,109,8,0,884,0,108,8,0,879,0,113,8,0
476,random,1.0,885,0,108,7,0,888,0,105,7,0,883,0,110,7,0,885,0,106,9,0,885,0,107,8,0,880,0,115,5,0,881,0,108,11,0,881,0,114,5,0,884,0,108,8,0,878,0,119,3,0,882,0,113,5,0,882,0,113,5,0,882,0,110,8,0,885,0,110,5,0,882,0,115,3,0,884,0,108,8,0,885,0,112,3,0,884,0,106,10,0,882,0,111,7,0,881,0,111,8,0,883,0,109,8,0,883,0,113,4,0,878,0,113,9,0,886,0,107,7,0,887,0,106,7,0,881,0,112,7,0,883,0,110,7,0,885,0,108,7,0,884,0,103,13,0,888,0,107,5,0,884,0,108,8,0,878,0,116,6,0,882,0,114,4,0,881,0,114,5,0,885,0,107,8,0,885,0,106,9,0,882,0,112,6,0,886,0,107,7,0,882,0,110,8,0,884,0,111,5,0,886,0,109,5,0,881,0,111,8,0,881,0,112,7,0,884,0,107,9,0,881,0,114,5,0,883,0,108,9,0,882,0,112,6,0,883,0,109,8,0,884,0,108,8,0,879,0,113,8,0
477,random,1.0,885,0,108,7,0,888,0,105,7,0,883,0,110,7,0,885,0,106,9,0,885,0,107,8,0,880,0,115,5,0,881,0,108,11,0,881,0,114,5,0,884,0,108,8,0,878,0,119,3,0,882,0,113,5,0,882,0,113,5,0,882,0,110,8,0,885,0,110,5,0,882,0,115,3,0,884,0,108,8,0,885,0,112,3,0,884,0,106,10,0,882,0,111,7,0,881,0,111,8,0,883,0,109,8,0,883,0,113,4,0,878,0,113,9,0,886,0,107,7,0,887,0,106,7,0,881,0,112,7,0,883,0,110,7,0,885,0,108,7,0,884,0,103,13,0,888,0,107,5,0,884,0,108,8,0,878,0,116,6,0,882,0,114,4,0,881,0,114,5,0,885,0,107,8,0,885,0,106,9,0,882,0,112,6,0,886,0,107,7,0,882,0,110,8,0,884,0,111,5,0,886,0,109,5,0,881,0,111,8,0,881,0,112,7,0,884,0,107,9,0,881,0,114,5,0,883,0,108,9,0,882,0,112,6,0,883,0,109,8,0,884,0,108,8,0,879,0,113,8,0
478,random,1.0,885,0,108,7,0,888,0,105,7,0,883,0,110,7,0,885,0,106,9,0,885,0,107,8,0,880,0,115,5,0,881,0,108,11,0,881,0,114,5,0,884,0,108,8,0,878,0,119,3,0,882,0,113,5,0,882,0,113,5,0,882,0,110,8,0,885,0,110,5,0,882,0,115,3,0,884,0,108,8,0,885,0,112,3,0,884,0,106,10,0,882,0,111,7,0,881,0,111,8,0,883,0,109,8,0,883,0,113,4,0,878,0,113,9,0,886,0,107,7,0,887,0,106,7,0,881,0,112,7,0,883,0,110,7,0,885,0,108,7,0,884,0,103,13,0,888,0,107,5,0,884,0,108,8,0,878,0,116,6,0,882,0,114,4,0,881,0,114,5,0,885,0,107,8,0,885,0,106,9,0,882,0,112,6,0,886,0,107,7,0,882,0,110,8,0,884,0,111,5,0,886,0,109,5,0,881,0,111,8,0,881,0,112,7,0,884,0,107,9,0,881,0,114,5,0,883,0,108,9,0,882,0,112,6,0,883,0,109,8,0,884,0,108,8,0,879,0,113,8,0
479,random,1.0,885,0,108,7,0,888,0,105,7,0,883,0,110,7,0,885,0,106,9,0,885,0,107,8,0,880,0,115,5,0,881,0,108,11,0,881,0,114,5,0,884,0,108,8,0,878,0,119,3,0,882,0,113,5,0,882,0,113,5,0,882,0,110,8,0,885,0,110,5,0,882,0,115,3,0,884,0,108,8,0,885,0,112,3,0,884,0,106,10,0,882,0,111,7,0,881,0,111,8,0,883,0,109,8,0,883,0,113,4,0,878,0,113,9,0,886,0,107,7,0,887,0,106,7,0,881,0,112,7,0,883,0,110,7,0,885,0,108,7,0,884,0,103,13,0,888,0,107,5,0,884,0,108,8,0,878,0,116,6,0,882,0,114,4,0,881,0,114,5,0,885,0,107,8,0,885,0,106,9,0,882,0,112,6,0,886,0,107,7,0,882,0,110,8,0,884,0,111,5,0,886,0,109,5,0,881,0,111,8,0,881,0,112,7,0,884,0,107,9,0,881,0,114,5,0,883,0,108,9,0,882,0,112,6,0,883,0,109,8,0,884,0,108,8,0,879,0,113,8,0
480,random,1.0,885,0,108,7,0,888,0,105,7,0,883,0,110,7,0,885,0,106,9,0,885,0,107,8,0,880,0,115,5,0,881,0,108,11,0,881,0,114,5,0,884,0,108,8,0,878,0,119,3,0,882,0,113,5,0,882,0,113,5,0,882,0,110,8,0,885,0,110,5,0,882,0,115,3,0,884,0,108,8,0,885,0,112,3,0,884,0,106,10,0,882,0,111,7,0,881,0,111,8,0,883,0,109,8,0,883,0,113,4,0,878,0,113,9,0,886,0,107,7,0,887,0,106,7,0,881,0,112,7,0,883,0,110,7,0,885,0,108,7,0,884,0,103,13,0,888,0,107,5,0,884,0,108,8,0,878,0,116,6,0,882,0,114,4,0,881,0,114,5,0,885,0,107,8,0,885,0,106,9,0,882,0,112,6,0,886,0,107,7,0,882,0,110,8,0,884,0,111,5,0,886,0,109,5,0,881,0,111,8,0,881,0,112,7,0,884,0,107,9,0,881,0,114,5,0,883,0,108,9,0,882,0,112,6,0,883,0,109,8,0,884,0,108,8,0,879,0,113,8,0
481,random,1.0,885,0,108,7,0,888,0,105,7,0,883,0,110,7,0,885,0,106,9,0,885,0,107,8,0,880,0,115,5,0,881,0,108,11,0,881,0,114,5,0,884,0,108,8,0,878,0,119,3,0,882,0,113,5,0,882,0,113,5,0,882,0,110,8,0,885,0,110,5,0,882,0,115,3,0,884,0,108,8,0,885,0,112,3,0,884,0,106,10,0,882,0,111,7,0,881,0,111,8,0,883,0,109,8,0,883,0,113,4,0,878,0,113,9,0,886,0,107,7,0,887,0,106,7,0,881,0,112,7,0,883,0,110,7,0,885,0,108,7,0,884,0,103,13,0,888,0,107,5,0,884,0,108,8,0,878,0,116,6,0,882,0,114,4,0,881,0,114,5,0,885,0,107,8,0,885,0,106,9,0,882,0,112,6,0,886,0,107,7,0,882,0,110,8,0,884,0,111,5,0,886,0,109,5,0,881,0,111,8,0,881,0,112,7,0,884,0,107,9,0,881,0,114,5,0,883,0,108,9,0,882,0,112,6,0,883,0,109,8,0,884,0,108,8,0,879,0,113,8,0
482,random,1.0,885,0,108,7,0,888,0,105,7,0,883,0,110,7,0,885,0,106,9,0,885,0,107,8,0,880,0,115,5,0,881,0,108,11,0,881,0,114,5,0,884,0,108,8,0,878,0,119,3,0,882,0,113,5,0,882,0,113,5,0,882,0,110,8,0,885,0,110,5,0,882,0,115,3,0,884,0,108,8,0,885,0,112,3,0,884,0,106,10,0,882,0,111,7,0,881,0,111,8,0,883,0,109,8,0,883,0,113,4,0,878,0,113,9,0,886,0,107,7,0,887,0,106,7,0,881,0,112,7,0,883,0,110,7,0,885,0,108,7,0,884,0,103,13,0,888,0,107,5,0,884,0,108,8,0,878,0,116,6,0,882,0,114,4,0,881,0,114,5,0,885,0,107,8,0,885,0,106,9,0,882,0,112,6,0,886,0,107,7,0,882,0,110,8,0,884,0,111,5,0,886,0,109,5,0,881,0,111,8,0,881,0,112,7,0,884,0,107,9,0,881,0,114,5,0,883,0,108,9,0,882,0,112,6,0,883,0,109,8,0,884,0,108,8,0,879,0,113,8,0
483,random,1.0,885,0,108,7,0,888,0,105,7,0,883,0,110,7,0,885,0,106,9,0,885,0,107,8,0,880,0,115,5,0,881,0,108,11,0,881,0,114,5,0,884,0,108,8,0,878,0,119,3,0,882,0,113,5,0,882,0,113,5,0,882,0,110,8,0,885,0,110,5,0,882,0,115,3,0,884,0,108,8,0,885,0,112,3,0,884,0,106,10,0,882,0,111,7,0,881,0,111,8,0,883,0,109,8,0,883,0,113,4,0,878,0,113,9,0,886,0,107,7,0,887,0,106,7,0,881,0,112,7,0,883,0,110,7,0,885,0,108,7,0,884,0,103,13,0,888,0,107,5,0,884,0,108,8,0,878,0,116,6,0,882,0,114,4,0,881,0,114,5,0,885,0,107,8,0,885,0,106,9,0,882,0,112,6,0,886,0,107,7,0,882,0,110,8,0,884,0,111,5,0,886,0,109,5,0,881,0,111,8,0,881,0,112,7,0,884,0,107,9,0,881,0,114,5,0,883,0,108,9,0,882,0,112,6,0,883,0,109,8,0,884,0,108,8,0,879,0,113,8,0
484,random,1.0,885,0,108,7,0,888,0,105,7,0,883,0,110,7,0,885,0,106,9,0,885,0,107,8,0,880,0,115,5,0,881,0,108,11,0,881,0,114,5,0,884,0,108,8,0,878,0,119,3,0,881,1,113,5,0,882,0,113,5,0,882,0,110,8,0,885,0,110,5,0,882,0,115,3,0,884,0,108,8,0,885,0,112,3,0,884,0,106,10,0,882,0,111,7,0,881,0,111,8,0,883,0,109,8,0,883,0,113,4,0,878,0,113,9,0,886,0,107,7,0,887,0,106,7,0,881,0,112,7,0,883,0,110,7,0,885,0,108,7,0,884,0,103,13,0,888,0,107,5,0,884,0,108,8,0,878,0,116,6,0,882,0,114,4,0,881,0,114,5,0,885,0,107,8,0,885,0,106,9,0,882,0,112,6,0,886,0,107,7,0,882,0,110,8,0,884,0,111,5,0,886,0,109,5,0,881,0,111,8,0,881,0,112,7,0,884,0,107,9,0,881,0,114,5,0,883,0,108,9,0,882,0,112,6,0,883,0,109,8,0,884,0,108,8,0,879,0,113,8,0
485,random,1.0,885,0,108,7,0,888,0,105,7,0,883,0,110,7,0,885,0,106,9,0,885,0,107,8,0,880,0,115,5,0,881,0,108,11,0,881,0,114,5,0,884,0,108,8,0,878,0,119,3,0,881,1,113,5,0,882,0,113,5,0,882,0,110,8,0,885,0,110,5,0,882,0,115,3,0,884,0,108,8,0,885,0,112,3,0,884,0,106,10,0,882,0,111,7,0,881,0,111,8,0,883,0,109,8,0,883,0,113,4,0,878,0,113,9,0,886,0,107,7,0,887,0,106,7,0,881,0,112,7,0,883,0,110,7,0,885,0,108,7,0,884,0,103,13,0,888,0,107,5,0,884,0,108,8,0,878,0,116,6,0,882,0,114,4,0,881,0,114,5,0,885,0,107,8,0,885,0,106,9,0,882,0,112,6,0,886,0,107,7,0,882,0,110,8,0,884,0,111,5,0,886,0,109,5,0,881,0,111,8,0,881,0,112,7,0,884,0,107,9,0,881,0,114,5,0,883,0,108,9,0,882,0,112,6,0,883,0,109,8,0,884,0,108,8,0,879,0,113,8,0
486,random,1.0,885,0,108,7,0,888,0,105,7,0,883,0,110,7,0,885,0,106,9,0,885,0,107,8,0,880,0,115,5,0,881,0,108,11,0,881,0,114,5,0,884,0,108,8,0,878,0,119,3,0,881,1,113,5,0,882,0,113,5,0,882,0,110,8,0,885,0,110,5,0,882,0,115,3,0,884,0,108,8,0,885,0,112,3,0,884,0,106,10,0,882,0,111,7,0,881,0,111,8,0,883,0,109,8,0,883,0,113,4,0,878,0,113,9,0,886,0,107,7,0,887,0,106,7,0,881,0,112,7,0,883,0,110,7,0,885,0,108,7,0,884,0,103,13,0,888,0,107,5,0,884,0,108,8,0,878,0,116,6,0,882,0,114,4,0,881,0,114,5,0,885,0,107,8,0,885,0,106,9,0,882,0,112,6,0,886,0,107,7,0,882,0,110,8,0,884,0,111,5,0,886,0,109,5,0,881,0,111,8,0,881,0,112,7,0,884,0,107,9,0,881,0,114,5,0,883,0,108,9,0,882,0,112,6,0,883,0,109,8,0,884,0,108,8,0,879,0,113,8,0
487,random,1.0,885,0,108,7,0,888,0,105,7,0,883,0,110,7,0,885,0,106,9,0,885,0,107,8,0,880,0,115,5,0,881,0,108,11,0,881,0,114,5,0,884,0,108,8,0,878,0,119,3,0,881,1,113,5,0,882,0,113,5,0,882,0,110,8,0,885,0,110,5,0,882,0,115,3,0,884,0,108,8,0,885,0,112,3,0,884,0,106,10,0,882,0,111,7,0,881,0,111,8,0,883,0,109,8,0,883,0,113,4,0,878,0,113,9,0,886,0,107,7,0,887,0,106,7,0,881,0,112,7,0,883,0,110,7,0,885,0,108,7,0,884,0,103,13,0,888,0,107,5,0,884,0,108,8,0,878,0,116,6,0,882,0,114,4,0,881,0,114,5,0,885,0,107,8,0,885,0,106,9,0,882,0,112,6,0,886,0,107,7,0,882,0,110,8,0,884,0,111,5,0,886,0,109,5,0,881,0,111,8,0,881,0,112,7,0,884,0,107,9,0,881,0,114,5,0,883,0,108,9,0,882,0,112,6,0,883,0,109,8,0,884,0,108,8,0,879,0,113,8,0
488,random,1.0,885,0,108,7,0,888,0,105,7,0,883,0,110,7,0,885,0,106,9,0,885,0,107,8,0,880,0,115,5,0,881,0,108,11,0,881,0,114,5,0,884,0,108,8,0,878,0,119,3,0,881,1,113,5,0,882,0,113,5,0,882,0,110,8,0,885,0,110,5,0,882,0,115,3,0,884,0,108,8,0,885,0,112,3,0,884,0,106,10,0,882,0,111,7,0,881,0,111,8,0,883,0,109,8,0,883,0,113,4,0,878,0,113,9,0,886,0,107,7,0,887,0,106,7,0,881,0,112,7,0,883,0,110,7,0,885,0,108,7,0,884,0,103,13,0,888,0,107,5,0,884,0,108,8,0,878,0,116,6,0,882,0,114,4,0,881,0,114,5,0,885,0,107,8,0,885,0,106,9,0,882,0,112,6,0,886,0,107,7,0,882,0,110,8,0,884,0,111,5,0,886,0,109,5,0,881,0,111,8,0,881,0,112,7,0,884,0,107,9,0,881,0,114,5,0,883,0,108,9,0,882,0,112,6,0,883,0,109,8,0,884,0,108,8,0,879,0,113,8,0
489,random,1.0,885,0,108,7,0,888,0,105,7,0,883,0,110,7,0,885,0,106,9,0,885,0,107,8,0,880,0,115,5,0,881,0,108,11,0,881,0,114,5,0,884,0,108,8,0,878,0,119,3,0,881,1,113,5,0,882,0,113,5,0,882,0,110,8,0,885,0,110,5,0,882,0,115,3,0,884,0,108,8,0,885,0,112,3,0,884,0,106,10,0,882,0,111,7,0,881,0,111,8,0,883,0,109,8,0,883,0,113,4,0,878,0,113,9,0,886,0,107,7,0,887,0,106,7,0,881,0,112,7,0,883,0,110,7,0,885,0,108,7,0,884,0,103,13,0,888,0,107,5,0,884,0,108,8,0,878,0,116,6,0,882,0,114,4,0,881,0,114,5,0,885,0,107,8,0,885,0,106,9,0,882,0,112,6,0,886,0,107,7,0,882,0,110,8,0,884,0,111,5,0,886,0,109,5,0,881,0,111,8,0,881,0,112,7,0,884,0,107,9,0,881,0,114,5,0,883,0,108,9,0,882,0,112,6,0,883,0,109,8,0,884,0,108,8,0,879,0,113,8,0
490,random,1.0,885,0,108,7,0,888,0,105,7,0,883,0,110,7,0,885,0,106,9,0,885,0,107,8,0,880,0,115,5,0,881,0,108,11,0,881,0,114,5,0,884,0,108,8,0,878,0,119,3,0,881,1,113,5,0,882,0,113,5,0,882,0,110,8,0,885,0,110,5,0,882,0,115,3,0,884,0,108,8,0,885,0,112,3,0,884,0,106,10,0,882,0,111,7,0,881,0,111,8,0,883,0,109,8,0,883,0,113,4,0,878,0,113,9,0,886,0,107,7,0,887,0,106,7,0,881,0,112,7,0,883,0,110,7,0,885,0,108,7,0,884,0,103,13,0,888,0,107,5,0,884,0,108,8,0,878,0,116,6,0,882,0,114,4,0,881,0,114,5,0,885,0,107,8,0,885,0,106,9,0,882,0,112,6,0,886,0,107,7,0,882,0,110,8,0,884,0,111,5,0,886,0,109,5,0,881,0,111,8,0,881,0,112,7,0,884,0,107,9,0,881,0,114,5,0,883,0,108,9,0,882,0,112,6,0,883,0,109,8,0,884,0,108,8,0,879,0,113,8,0
491,random,1.0,885,0,108,7,0,888,0,105,7,0,883,0,110,7,0,885,0,106,9,0,885,0,107,8,0,880,0,115,5,0,881,0,108,11,0,881,0,114,5,0,884,0,108,8,0,878,0,119,3,0,881,1,113,5,0,882,0,113,5,0,882,0,110,8,0,885,0,110,5,0,882,0,115,3,0,884,0,108,8,0,885,0,112,3,0,884,0,106,10,0,882,0,111,7,0,881,0,111,8,0,883,0,109,8,0,883,0,113,4,0,878,0,113,9,0,886,0,107,7,0,887,0,106,7,0,881,0,112,7,0,883,0,110,7,0,885,0,108,7,0,884,0,103,13,0,888,0,107,5,0,884,0,108,8,0,878,0,116,6,0,882,0,114,4,0,881,0,114,5,0,885,0,107,8,0,885,0,106,9,0,882,0,112,6,0,886,0,107,7,0,882,0,110,8,0,884,0,111,5,0,886,0,109,5,0,881,0,111,8,0,881,0,112,7,0,884,0,107,9,0,881,0,114,5,0,883,0,108,9,0,882,0,112,6,0,883,0,109,8,0,884,0,108,8,0,879,0,113,8,0
492,random,1.0,885,0,108,7,0,888,0,105,7,0,883,0,110,7,0,885,0,106,9,0,885,0,107,8,0,880,0,115,5,0,881,0,108,11,0,881,0,114,5,0,884,0,108,8,0,878,0,119,3,0,881,1,113,5,0,882,0,113,5,0,882,0,110,8,0,885,0,110,5,0,882,0,115,3,0,884,0,108,8,0,885,0,112,3,0,884,0,106,10,0,882,0,111,7,0,881,0,111,8,0,883,0,109,8,0,883,0,113,4,0,878,0,113,9,0,886,0,107,7,0,887,0,106,7,0,881,0,112,7,0,883,0,110,7,0,885,0,108,7,0,884,0,103,13,0,888,0,107,5,0,884,0,108,8,0,878,0,116,6,0,882,0,114,4,0,881,0,114,5,0,885,0,107,8,0,885,0,106,9,0,882,0,112,6,0,886,0,107,7,0,882,0,110,8,0,884,0,111,5,0,886,0,109,5,0,881,0,111,8,0,881,0,112,7,0,884,0,107,9,0,881,0,114,5,0,883,0,108,9,0,882,0,112,6,0,883,0,109,8,0,884,0,108,8,0,879,0,113,8,0
493,random,1.0,885,0,108,7,0,888,0,105,7,0,883,0,110,7,0,885,0,106,9,0,885,0,107,8,0,880,0,115,5,0,881,0,108,11,0,881,0,114,5,0,884,0,108,8,0,878,0,119,3,0,881,1,113,5,0,882,0,113,5,0,882,0,110,8,0,885,0,110,5,0,882,0,115,3,0,884,0,108,8,0,885,0,112,3,0,884,0,106,10,0,882,0,111,7,0,881,0,111,8,0,883,0,109,8,0,883,0,113,4,0,878,0,113,9,0,886,0,107,7,0,887,0,106,7,0,881,0,112,7,0,883,0,110,7,0,885,0,108,7,0,884,0,103,13,0,888,0,107,5,0,884,0,108,8,0,878,0,116,6,0,882,0,114,4,0,881,0,114,5,0,885,0,107,8,0,885,0,106,9,0,882,0,112,6,0,886,0,107,7,0,882,0,110,8,0,884,0,111,5,0,886,0,109,5,0,881,0,111,8,0,881,0,112,7,0,884,0,107,9,0,881,0,114,5,0,883,0,108,9,0,882,0,112,6,0,883,0,109,8,0,884,0,108,8,0,879,0,113,8,0
494,random,1.0,885,0,108,5,2,888,0,105,4,3,883,0,110,6,1,885,0,106,5,4,885,0,107,6,2,880,0,115,4,1,881,0,108,6,5,881,0,114,4,1,884,0,108,4,4,878,0,119,1,2,881,1,113,3,2,882,0,113,5,0,882,0,110,6,2,885,0,110,3,2,882,0,115,2,1,884,0,108,7,1,885,0,112,1,2,884,0,106,7,3,882,0,111,3,4,881,0,111,6,2,883,0,109,8,0,883,0,113,4,0,878,0,113,7,2,886,0,107,6,1,887,0,106,6,1,881,0,112,2,5,883,0,110,6,1,885,0,108,2,5,884,0,103,9,4,888,0,107,4,1,884,0,108,5,3,878,0,116,4,2,882,0,114,3,1,881,0,114,4,1,885,0,107,5,3,885,0,106,4,5,882,0,112,5,1,886,0,107,7,0,882,0,110,5,3,884,0,111,4,1,886,0,109,3,2,881,0,111,5,3,881,0,112,5,2,884,0,107,5,4,881,0,114,2,3,883,0,108,7,2,882,0,112,3,3,883,0,109,5,3,884,0,108,5,3,879,0,113,5,3
495,random,1.0,885,0,108,5,2,888,0,105,4,3,883,0,110,6,1,885,0,106,5,4,885,0,107,6,2,880,0,115,4,1,881,0,108,6,5,881,0,114,4,1,884,0,108,4,4,878,0,119,1,2,881,1,113,3,2,882,0,113,5,0,882,0,110,6,2,885,0,110,3,2,882,0,115,2,1,884,0,108,7,1,885,0,112,1,2,884,0,106,7,3,882,0,111,3,4,881,0,111,6,2,883,0,109,8,0,883,0,113,4,0,878,0,113,7,2,886,0,107,6,1,887,0,106,6,1,881,0,112,2,5,883,0,110,6,1,885,0,108,2,5,884,0,103,9,4,888,0,107,4,1,884,0,108,5,3,878,0,116,4,2,882,0,114,3,1,881,0,114,4,1,885,0,107,5,3,885,0,106,4,5,882,0,112,5,1,886,0,107,7,0,882,0,110,5,3,884,0,111,4,1,886,0,109,3,2,881,0,111,5,3,881,0,112,5,2,884,0,107,5,4,881,0,114,2,3,883,0,108,7,2,882,0,112,3,3,883,0,109,5,3,884,0,108,5,3,879,0,113,5,3
496,random,1.0,885,0,108,5,2,888,0,105,4,3,883,0,110,6,1,885,0,106,5,4,885,0,107,6,2,880,0,115,4,1,881,0,108,6,5,881,0,114,4,1,884,0,108,4,4,878,0,119,1,2,881,1,113,3,2,882,0,113,5,0,882,0,110,6,2,885,0,110,3,2,882,0,115,2,1,884,0,108,7,1,885,0,112,1,2,884,0,106,7,3,882,0,111,3,4,881,0,111,6,2,883,0,109,8,0,883,0,113,4,0,878,0,113,7,2,886,0,107,6,1,887,0,106,6,1,881,0,112,2,5,883,0,110,6,1,885,0,108,2,5,884,0,103,9,4,888,0,107,4,1,884,0,108,5,3,878,0,116,4,2,882,0,114,3,1,881,0,114,4,1,885,0,107,5,3,885,0,106,4,5,882,0,112,5,1,886,0,107,7,0,882,0,110,5,3,884,0,111,4,1,886,0,109,3,2,881,0,111,5,3,881,0,112,5,2,884,0,107,5,4,881,0,114,2,3,883,0,108,7,2,882,0,112,3,3,883,0,109,5,3,884,0,108,5,3,879,0,113,5,3
497,random,1.0,885,0,108,5,2,888,0,105,4,3,883,0,110,6,1,885,0,106,5,4,885,0,107,6,2,880,0,115,4,1,881,0,108,6,5,881,0,114,4,1,884,0,108,4,4,878,0,119,1,2,881,0,114,3,2,882,0,113,5,0,882,0,110,6,2,885,0,110,3,2,882,0,115,2,1,884,0,108,7,1,885,0,112,1,2,884,0,106,7,3,882,0,111,3,4,881,0,111,6,2,883,0,109,8,0,883,0,113,4,0,878,0,113,7,2,886,0,107,6,1,887,0,106,6,1,881,0,112,2,5,883,0,110,6,1,885,0,108,2,5,884,0,103,9,4,888,0,107,4,1,884,0,108,5,3,878,0,116,4,2,882,0,114,3,1,881,0,114,4,1,885,0,107,5,3,885,0,106,4,5,882,0,112,5,1,886,0,107,7,0,882,0,110,5,3,884,0,111,4,1,886,0,109,3,2,881,0,111,5,3,881,0,112,5,2,884,0,107,5,4,881,0,114,2,3,883,0,108,7,2,882,0,112,3,3,883,0,109,5,3,884,0,108,5,3,879,0,113,5,3
498,random,1.0,885,0,108,5,2,888,0,105,4,3,883,0,110,6,1,885,0,106,5,4,885,0,107,6,2,880,0,115,4,1,881,0,108,6,5,881,0,114,4,1,884,0,108,4,4,878,0,119,1,2,881,0,114,3,2,882,0,113,5,0,882,0,110,6,2,885,0,110,3,2,882,0,115,2,1,884,0,108,7,1,885,0,112,1,2,884,0,106,7,3,882,0,111,3,4,881,0,111,6,2,883,0,109,8,0,883,0,113,4,0,878,0,113,7,2,886,0,107,6,1,887,0,106,6,1,881,0,112,2,5,883,0,110,6,1,885,0,108,2,5,884,0,103,9,4,888,0,107,4,1,884,0,108,5,3,878,0,116,4,2,882,0,114,3,1,881,0,114,4,1,885,0,107,5,3,885,0,106,4,5,882,0,112,5,1,886,0,107,7,0,882,0,110,5,3,884,0,111,4,1,886,0,109,3,2,881,0,111,5,3,881,0,112,5,2,884,0,107,5,4,881,0,114,2,3,883,0,108,7,2,882,0,112,3,3,883,0,109,5,3,884,0,108,5,3,879,0,113,5,3
499,random,1.0,885,0,108,5,2,888,0,105,4,3,883,0,110,6,1,885,0,106,5,4,885,0,107,6,2,880,0,115,4,1,881,0,108,6,5,881,0,114,4,1,884,0,108,4,4,878,0,119,1,2,881,0,114,3,2,882,0,113,5,0,882,0,110,6,2,885,0,110,3,2,882,0,115,2,1,884,0,108,7,1,885,0,112,1,2,884,0,106,7,3,882,0,111,3,4,881,0,111,6,2,883,0,109,8,0,883,0,113,4,0,878,0,113,7,2,886,0,107,6,1,887,0,106,6,1,881,0,112,2,5,883,0,110,6,1,885,0,108,2,5,884,0,103,9,4,888,0,107,4,1,884,0,108,5,3,878,0,116,4,2,882,0,114,3,1,881,0,114,4,1,885,0,107,5,3,885,0,106,4,5,882,0,112,5,1,886,0,107,7,0,882,0,110,5,3,884,0,111,4,1,886,0,109,3,2,881,0,111,5,3,881,0,112,5,2,884,0,107,4,5,881,0,114,2,3,883,0,108,7,2,882,0,112,3,3,883,0,109,5,3,884,0,108,5,3,879,0,113,5,3
500,random,1.0,885,0,108,5,2,888,0,104,5,3,883,0,110,6,1,885,0,106,5,4,885,0,107,6,2,880,0,115,4,1,881,0,108,6,5,881,0,114,4,1,884,0,108,4,4,878,0,119,1,2,881,0,114,3,2,882,0,113,5,0,882,0,110,6,2,885,0,110,3,2,882,0,115,2,1,884,0,108,7,1,885,0,112,1,2,884,0,106,7,3,882,0,111,3,4,881,0,111,6,2,883,0,109,8,0,883,0,113,4,0,878,0,113,7,2,886,0,107,6,1,887,0,106,6,1,881,0,112,2,5,883,0,110,6,1,885,0,108,2,5,884,0,103,9,4,888,0,107,4,1,884,0,108,5,3,878,0,116,4,2,882,0,114,3,1,881,0,114,4,1,885,0,107,5,3,885,0,106,4,5,882,0,112,5,1,886,0,107,7,0,882,0,110,5,3,884,0,111,4,1,886,0,109,3,2,881,0,111,5,3,881,0,112,5,2,884,0,107,4,5,881,0,114,2,3,883,0,108,7,2,882,0,112,3,3,883,0,109,5,3,884,0,108,5,3,879,0,113,5,3
501,random,1.0,885,0,108,5,2,888,0,104,5,3,883,0,110,6,1,885,0,106,5,4,885,0,107,6,2,880,0,115,4,1,881,0,108,6,5,881,0,114,4,1,884,0,108,4,4,878,0,119,1,2,881,0,114,3,2,882,0,113,5,0,882,0,110,6,2,885,0,110,3,2,882,0,115,2,1,884,0,108,7,1,885,0,112,1,2,884,0,106,7,3,882,0,111,3,4,881,0,111,6,2,883,0,109,8,0,883,0,113,4,0,878,0,113,7,2,886,0,107,6,1,887,0,106,6,1,881,0,112,2,5,883,0,110,6,1,885,0,108,2,5,884,0,103,9,4,888,0,107,4,1,884,0,108,5,3,878,0,116,4,2,882,0,114,3,1,881,0,114,4,1,885,0,107,5,3,885,0,106,4,5,882,0,112,5,1,886,0,107,7,0,882,0,110,5,3,884,0,111,4,1,886,0,109,3,2,881,0,111,5,3,881,0,112,5,2,884,0,107,4,5,881,0,114,2,3,883,0,108,7,2,882,0,112,3,3,883,0,109,5,3,884,0,108,5,3,879,0,113,5,3
502,random,1.0,885,0,108,5,2,888,0,104,5,3,883,0,110,6,1,885,0,106,5,4,885,0,107,6,2,880,0,115,4,1,881,0,108,6,5,881,0,114,4,1,884,0,108,4,4,878,0,119,1,2,881,0,114,3,2,882,0,113,5,0,882,0,110,6,2,885,0,110,3,2,882,0,115,2,1,884,0,108,7,1,885,0,112,1,2,884,0,106,7,3,882,0,111,3,4,881,0,111,6,2,883,0,109,8,0,883,0,113,4,0,878,0,113,7,2,886,0,107,6,1,887,0,106,6,1,881,0,112,2,5,883,0,110,6,1,885,0,108,2,5,884,0,103,9,4,888,0,107,4,1,884,0,108,5,3,878,0,116,4,2,882,0,114,3,1,881,0,114,4,1,885,0,107,5,3,885,0,106,4,5,882,0,112,5,1,886,0,107,7,0,882,0,110,5,3,884,0,111,4,1,886,0,109,3,2,881,0,111,5,3,881,0,112,5,2,884,0,107,4,5,881,0,114,2,3,883,0,108,7,2,882,0,112,3,3,883,0,109,5,3,884,0,108,5,3,879,0,113,5,3
503,random,1.0,885,0,108,5,2,888,0,104,5,3,883,0,110,6,1,885,0,106,5,4,885,0,107,6,2,880,0,115,4,1,881,0,108,6,5,881,0,114,4,1,884,0,108,4,4,878,0,119,1,2,881,0,114,3,2,882,0,113,5,0,882,0,110,6,2,885,0,110,3,2,882,0,115,2,1,884,0,108,7,1,885,0,112,1,2,884,0,106,7,3,882,0,111,3,4,881,0,111,6,2,883,0,109,8,0,883,0,113,4,0,878,0,113,7,2,886,0,107,6,1,887,0,106,6,1,881,0,112,2,5,883,0,110,6,1,885,0,108,2,5,884,0,103,9,4,888,0,107,4,1,884,0,108,5,3,878,0,116,4,2,882,0,114,3,1,881,0,114,4,1,885,0,107,5,3,885,0,106,4,5,882,0,112,5,1,886,0,107,7,0,882,0,110,5,3,884,0,111,4,1,886,0,109,3,2,881,0,111,5,3,881,0,112,5,2,884,0,107,4,5,881,0,114,2,3,883,0,108,7,2,882,0,112,3,3,883,0,109,5,3,884,0,108,5,3,879,0,113,5,3
504,random,1.0,885,0,108,5,2,888,0,104,5,3,883,0,110,6,1,885,0,106,5,4,885,0,107,6,2,880,0,115,4,1,881,0,108,6,5,881,0,114,4,1,884,0,108,4,4,878,0,119,1,2,881,0,114,3,2,882,0,113,5,0,882,0,110,6,2,885,0,110,3,2,882,0,115,2,1,884,0,108,7,1,885,0,112,1,2,884,0,106,7,3,882,0,111,3,4,881,0,111,6,2,883,0,109,8,0,882,1,113,4,0,878,0,113,7,2,886,0,107,6,1,887,0,106,6,1,881,0,112,2,5,883,0,110,6,1,885,0,108,2,5,884,0,103,9,4,888,0,107,4,1,884,0,108,5,3,878,0,116,4,2,882,0,114,3,1,881,0,114,4,1,885,0,107,5,3,885,0,106,4,5,882,0,112,5,1,886,0,107,7,0,882,0,110,5,3,884,0,111,4,1,886,0,109,3,2,881,0,111,5,3,881,0,112,5,2,884,0,107,4,5,881,0,114,2,3,883,0,108,7,2,882,0,112,3,3,883,0,109,5,3,884,0,108,5,3,879,0,113,5,3
505,random,1.0,885,0,108,5,2,888,0,104,5,3,883,0,110,6,1,885,0,106,5,4,885,0,107,6,2,880,0,115,4,1,881,0,108,6,5,881,0,114,4,1,884,0,108,4,4,878,0,119,1,2,881,0,114,3,2,882,0,113,5,0,882,0,110,6,2,885,0,110,3,2,882,0,115,2,1,884,0,108,7,1,885,0,112,1,2,884,0,106,7,3,882,0,111,3,4,881,0,111,6,2,883,0,109,8,0,882,1,113,4,0,878,0,113,7,2,886,0,107,6,1,887,0,106,6,1,881,0,112,2,5,883,0,110,6,1,885,0,108,2,5,884,0,103,9,4,888,0,107,4,1,884,0,108,5,3,878,0,116,4,2,882,0,114,3,1,881,0,114,4,1,885,0,107,5,3,885,0,106,4,5,882,0,112,5,1,886,0,107,7,0,882,0,110,5,3,884,0,111,4,1,886,0,109,3,2,881,0,111,5,3,881,0,112,5,2,884,0,107,4,5,881,0,114,2,3,883,0,108,7,2,882,0,112,3,3,883,0,109,5,3,884,0,108,5,3,879,0,113,5,3
506,random,1.0,885,0,108,5,2,888,0,104,5,3,883,0,110,6,1,885,0,106,5,4,885,0,107,6,2,880,0,115,4,1,881,0,108,6,5,881,0,114,4,1,884,0,108,4,4,878,0,119,1,2,881,0,114,3,2,882,0,113,5,0,882,0,110,6,2,885,0,110,3,2,882,0,115,2,1,884,0,108,7,1,885,0,112,1,2,884,0,106,7,3,882,0,111,3,4,881,0,111,6,2,883,0,109,8,0,882,1,113,4,0,878,0,113,7,2,886,0,107,6,1,887,0,106,6,1,881,0,112,2,5,883,0,110,6,1,885,0,108,2,5,884,0,103,9,4,888,0,107,4,1,884,0,108,5,3,878,0,116,4,2,882,0,114,3,1,881,0,114,4,1,885,0,107,5,3,885,0,106,4,5,882,0,112,5,1,886,0,107,7,0,882,0,110,5,3,884,0,111,4,1,886,0,109,3,2,881,0,111,5,3,881,0,112,5,2,884,0,107,4,5,881,0,114,2,3,883,0,108,7,2,882,0,112,3,3,883,0,109,5,3,884,0,108,5,3,879,0,113,5,3
507,random,1.0,885,0,108,5,2,888,0,104,5,3,883,0,110,6,1,885,0,106,5,4,885,0,107,6,2,880,0,115,4,1,881,0,108,6,5,881,0,114,4,1,884,0,108,4,4,878,0,119,1,2,881,0,114,3,2,882,0,113,5,0,882,0,110,6,2,885,0,110,3,2,882,0,115,2,1,884,0,108,7,1,885,0,112,1,2,884,0,106,7,3,882,0,111,3,4,881,0,111,6,2,883,0,109,8,0,882,1,113,4,0,878,0,113,7,2,886,0,107,6,1,887,0,106,6,1,881,0,112,2,5,883,0,110,6,1,885,0,108,2,5,884,0,103,9,4,888,0,107,4,1,884,0,108,5,3,878,0,116,4,2,882,0,114,3,1,881,0,114,4,1,885,0,107,5,3,885,0,106,4,5,882,0,112,5,1,886,0,107,7,0,882,0,110,5,3,884,0,111,4,1,886,0,109,3,2,881,0,111,5,3,881,0,112,5,2,884,0,107,4,5,881,0,114,2,3,883,0,108,7,2,882,0,112,3,3,883,0,109,5,3,884,0,108,5,3,879,0,113,5,3
508,random,1.0,885,0,108,5,2,888,0,104,5,3,883,0,110,6,1,885,0,106,5,4,885,0,107,6,2,880,0,115,4,1,881,0,108,6,5,881,0,114,4,1,884,0,108,4,4,878,0,119,1,2,881,0,114,3,2,882,0,113,5,0,882,0,110,6,2,885,0,110,3,2,882,0,115,2,1,884,0,108,7,1,885,0,112,1,2,884,0,106,7,3,882,0,111,3,4,881,0,111,6,2,883,0,109,8,0,882,1,113,4,0,878,0,113,7,2,886,0,107,6,1,887,0,106,6,1,881,0,112,2,5,883,0,110,6,1,885,0,108,2,5,884,0,103,9,4,888,0,107,4,1,884,0,108,5,3,878,0,116,4,2,882,0,114,3,1,881,0,114,4,1,885,0,107,5,3,885,0,106,4,5,882,0,112,5,1,886,0,107,7,0,882,0,110,5,3,884,0,111,4,1,886,0,109,3,2,881,0,111,5,3,881,0,112,5,2,884,0,107,4,5,881,0,114,2,3,883,0,108,7,2,882,0,112,3,3,883,0,109,5,3,884,0,108,5,3,879,0,113,5,3
509,random,1.0,885,0,108,5,2,888,0,104,5,3,883,0,110,6,1,885,0,106,5,4,885,0,107,6,2,880,0,115,4,1,881,0,108,6,5,881,0,114,4,1,884,0,108,4,4,878,0,119,1,2,881,0,114,3,2,882,0,113,5,0,882,0,110,6,2,885,0,110,3,2,882,0,115,2,1,884,0,108,7,1,885,0,112,1,2,884,0,106,7,3,882,0,111,3,4,881,0,111,6,2,883,0,109,8,0,882,1,113,4,0,878,0,113,7,2,886,0,107,6,1,887,0,106,6,1,881,0,112,2,5,883,0,110,6,1,885,0,108,2,5,884,0,103,9,4,888,0,107,4,1,884,0,108,5,3,878,0,116,4,2,882,0,114,3,1,881,0,114,4,1,885,0,107,5,3,885,0,106,4,5,882,0,112,5,1,886,0,107,7,0,882,0,110,5,3,884,0,111,4,1,886,0,109,3,2,881,0,111,5,3,881,0,112,5,2,884,0,107,4,5,881,0,114,2,3,883,0,108,7,2,882,0,112,3,3,883,0,109,5,3,884,0,108,5,3,879,0,113,5,3
510,random,1.0,885,0,108,5,2,888,0,104,5,3,883,0,110,6,1,885,0,106,5,4,885,0,107,6,2,880,0,115,4,1,881,0,108,6,5,881,0,114,4,1,884,0,108,4,4,878,0,119,1,2,881,0,114,3,2,882,0,113,5,0,882,0,110,6,2,885,0,110,3,2,882,0,115,2,1,884,0,108,7,1,885,0,112,1,2,884,0,106,7,3,882,0,111,3,4,881,0,111,6,2,883,0,109,8,0,882,1,113,4,0,878,0,113,7,2,886,0,107,6,1,887,0,106,6,1,881,0,112,2,5,883,0,110,6,1,885,0,108,2,5,884,0,103,9,4,888,0,107,4,1,884,0,108,5,3,878,0,116,4,2,882,0,114,3,1,881,0,114,4,1,885,0,107,5,3,885,0,106,4,5,882,0,112,5,1,886,0,107,7,0,882,0,110,5,3,884,0,111,4,1,886,0,109,3,2,881,0,111,5,3,881,0,112,5,2,884,0,107,4,5,881,0,114,2,3,883,0,108,7,2,882,0,112,3,3,883,0,109,5,3,884,0,108,5,3,879,0,113,5,3
511,random,1.0,885,0,108,5,2,888,0,104,5,3,883,0,110,6,1,885,0,106,5,4,885,0,107,6,2,880,0,115,4,1,881,0,108,6,5,881,0,114,4,1,884,0,108,4,4,878,0,119,1,2,881,0,114,3,2,882,0,113,5,0,882,0,110,6,2,885,0,110,3,2,882,0,115,2,1,884,0,108,7,1,885,0,112,1,2,884,0,106,7,3,882,0,111,3,4,881,0,111,6,2,883,0,109,8,0,882,1,113,4,0,878,0,113,7,2,886,0,107,6,1,887,0,106,6,1,881,0,112,2,5,883,0,110,6,1,885,0,108,2,5,884,0,103,9,4,888,0,107,4,1,884,0,108,5,3,878,0,116,4,2,882,0,114,3,1,881,0,114,4,1,885,0,107,5,3,885,0,106,4,5,882,0,112,5,1,886,0,107,7,0,882,0,110,5,3,884,0,111,4,1,886,0,109,3,2,881,0,111,5,3,881,0,112,5,2,884,0,107,4,5,881,0,114,2,3,883,0,108,7,2,882,0,112,3,3,883,0,109,5,3,884,0,108,5,3,879,0,113,5,3
512,random,1.0,885,0,108,5,2,888,0,104,5,3,883,0,110,6,1,885,0,106,5,4,885,0,107,6,2,880,0,115,4,1,881,0,108,6,5,881,0,114,4,1,884,0,108,4,4,878,0,119,1,2,881,0,114,3,2,882,0,113,5,0,882,0,110,6,2,885,0,110,3,2,882,0,115,2,1,884,0,108,7,1,885,0,112,1,2,884,0,106,7,3,882,0,111,3,4,881,0,111,6,2,883,0,109,8,0,882,1,113,4,0,878,0,113,7,2,886,0,107,6,1,887,0,106,6,1,881,0,112,2,5,883,0,110,6,1,885,0,108,2,5,884,0,103,9,4,888,0,107,4,1,884,0,108,5,3,878,0,116,4,2,882,0,114,3,1,881,0,114,4,1,885,0,107,5,3,885,0,106,4,5,882,0,112,5,1,886,0,107,7,0,882,0,110,5,3,884,0,111,4,1,886,0,109,3,2,881,0,111,5,3,881,0,112,5,2,884,0,107,4,5,881,0,114,2,3,883,0,108,7,2,882,0,112,3,3,883,0,109,5,3,884,0,108,5,3,879,0,113,5,3
513,random,1.0,885,0,108,5,2,888,0,104,5,3,883,0,110,6,1,885,0,106,5,4,885,0,107,6,2,880,0,115,4,1,881,0,108,6,5,881,0,114,4,1,884,0,108,4,4,878,0,119,1,2,881,0,114,3,2,882,0,113,5,0,882,0,110,6,2,885,0,110,3,2,882,0,115,2,1,884,0,108,7,1,885,0,112,1,2,884,0,106,7,3,882,0,111,3,4,881,0,111,6,2,883,0,109,8,0,882,1,113,4,0,878,0,113,7,2,886,0,107,6,1,887,0,106,6,1,881,0,112,2,5,883,0,110,6,1,885,0,108,2,5,884,0,103,9,4,888,0,107,4,1,884,0,108,5,3,878,0,116,4,2,882,0,114,3,1,881,0,114,4,1,885,0,107,5,3,885,0,106,4,5,882,0,112,5,1,886,0,107,7,0,882,0,110,5,3,884,0,111,4,1,886,0,109,3,2,881,0,111,5,3,881,0,112,5,2,884,0,107,4,5,881,0,114,2,3,883,0,108,7,2,882,0,112,3,3,883,0,109,5,3,884,0,108,5,3,879,0,113,5,3
514,random,1.0,885,0,108,5,2,888,0,104,5,3,883,0,110,6,1,885,0,106,5,4,885,0,107,6,2,880,0,115,4,1,881,0,108,6,5,881,0,114,4,1,884,0,108,4,4,878,0,119,1,2,881,0,114,3,2,882,0,113,5,0,882,0,110,6,2,885,0,110,3,2,882,0,115,2,1,884,0,108,7,1,885,0,112,1,2,884,0,106,7,3,882,0,111,3,4,881,0,111,6,2,883,0,109,8,0,882,1,113,4,0,878,0,113,7,2,886,0,107,6,1,887,0,106,6,1,881,0,112,2,5,883,0,110,6,1,885,0,108,2,5,884,0,103,9,4,888,0,107,4,1,884,0,108,5,3,878,0,116,4,2,882,0,114,3,1,881,0,114,4,1,885,0,107,5,3,885,0,106,4,5,882,0,112,5,1,886,0,107,7,0,882,0,110,5,3,884,0,111,4,1,886,0,109,3,2,881,0,111,5,3,881,0,112,5,2,884,0,107,4,5,881,0,114,2,3,883,0,108,7,2,882,0,112,3,3,883,0,109,5,3,884,0,108,5,3,879,0,113,5,3
515,random,1.0,885,0,108,5,2,888,0,104,5,3,883,0,110,6,1,885,0,106,5,4,885,0,107,6,2,880,0,115,4,1,881,0,108,6,5,881,0,114,4,1,884,0,108,4,4,878,0,119,1,2,881,0,114,3,2,882,0,113,5,0,882,0,110,6,2,885,0,110,3,2,882,0,115,2,1,884,0,108,7,1,885,0,112,1,2,884,0,106,7,3,882,0,111,3,4,881,0,111,6,2,883,0,109,8,0,882,1,113,4,0,878,0,113,7,2,886,0,107,6,1,887,0,106,6,1,881,0,112,2,5,883,0,110,6,1,885,0,108,2,5,884,0,103,9,4,888,0,107,4,1,884,0,108,5,3,878,0,116,4,2,882,0,114,3,1,881,0,114,4,1,885,0,107,5,3,885,0,106,4,5,882,0,112,5,1,886,0,107,7,0,882,0,110,5,3,884,0,111,4,1,886,0,109,3,2,881,0,111,5,3,881,0,112,5,2,884,0,107,4,5,881,0,114,2,3,883,0,108,7,2,882,0,112,3,3,883,0,109,5,3,884,0,108,5,3,879,0,113,5,3
516,random,1.0,885,0,108,5,2,888,0,104,5,3,883,0,110,6,1,885,0,106,5,4,885,0,107,6,2,880,0,115,4,1,881,0,108,6,5,881,0,114,4,1,884,0,108,4,4,878,0,119,1,2,881,0,114,3,2,882,0,113,5,0,882,0,110,6,2,885,0,110,3,2,882,0,115,2,1,884,0,108,7,1,885,0,112,1,2,884,0,106,7,3,882,0,111,3,4,881,0,111,6,2,883,0,109,8,0,882,1,113,4,0,878,0,113,7,2,886,0,107,6,1,887,0,106,6,1,881,0,112,2,5,883,0,110,6,1,885,0,108,2,5,884,0,103,9,4,888,0,107,4,1,884,0,108,5,3,878,0,116,4,2,882,0,114,3,1,881,0,114,4,1,885,0,107,5,3,885,0,106,4,5,882,0,112,5,1,886,0,107,7,0,882,0,110,5,3,884,0,111,4,1,886,0,109,3,2,881,0,111,5,3,881,0,112,5,2,884,0,107,4,5,881,0,114,2,3,883,0,108,7,2,882,0,112,3,3,883,0,109,5,3,884,0,108,5,3,879,0,113,5,3
517,random,1.0,885,0,108,5,2,888,0,104,5,3,883,0,110,6,1,885,0,106,5,4,885,0,107,6,2,880,0,115,4,1,881,0,108,6,5,881,0,114,4,1,884,0,108,4,4,878,0,119,1,2,881,0,114,3,2,882,0,113,5,0,882,0,110,6,2,885,0,110,3,2,882,0,115,2,1,884,0,108,7,1,885,0,112,1,2,884,0,106,7,3,882,0,111,3,4,881,0,111,6,2,883,0,109,8,0,882,0,114,4,0,878,0,113,7,2,886,0,107,6,1,887,0,106,6,1,881,0,112,2,5,883,0,110,6,1,885,0,108,2,5,884,0,103,9,4,888,0,107,4,1,884,0,108,5,3,878,0,116,4,2,882,0,114,3,1,881,0,114,4,1,885,0,107,5,3,885,0,106,4,5,882,0,112,5,1,886,0,107,7,0,882,0,110,5,3,884,0,111,4,1,886,0,109,3,2,881,0,111,5,3,881,0,112,5,2,884,0,107,4,5,881,0,114,2,3,883,0,108,7,2,882,0,112,3,3,883,0,109,5,3,884,0,108,5,3,879,0,113,5,3
518,random,1.0,885,0,108,5,2,888,0,104,5,3,883,0,110,6,1,885,0,106,5,4,885,0,107,6,2,880,0,115,4,1,881,0,108,6,5,881,0,114,4,1,884,0,108,4,4,878,0,119,1,2,881,0,114,3,2,882,0,113,5,0,882,0,110,6,2,885,0,110,3,2,882,0,115,2,1,884,0,108,7,1,885,0,112,1,2,884,0,106,7,3,882,0,111,3,4,881,0,111,6,2,883,0,109,8,0,882,0,114,4,0,878,0,113,7,2,886,0,107,6,1,887,0,106,6,1,881,0,112,2,5,883,0,110,6,1,885,0,108,2,5,884,0,103,9,4,888,0,107,4,1,884,0,108,5,3,878,0,116,4,2,882,0,114,3,1,881,0,114,4,1,885,0,107,5,3,885,0,106,4,5,882,0,112,5,1,886,0,107,7,0,882,0,110,5,3,884,0,111,4,1,886,0,109,3,2,881,0,111,5,3,881,0,112,5,2,884,0,107,4,5,881,0,114,2,3,883,0,108,7,2,882,0,112,3,3,883,0,109,5,3,884,0,108,5,3,879,0,113,5,3
519,random,1.0,885,0,108,5,2,888,0,104,5,3,883,0,110,6,1,885,0,106,5,4,885,0,107,6,2,880,0,115,4,1,881,0,108,6,5,881,0,114,4,1,884,0,108,4,4,878,0,119,1,2,881,0,114,3,2,882,0,113,5,0,882,0,110,6,2,885,0,110,3,2,882,0,115,2,1,884,0,108,7,1,885,0,112,1,2,884,0,106,7,3,882,0,111,3,4,881,0,111,6,2,883,0,109,8,0,882,0,114,4,0,878,0,113,7,2,886,0,107,6,1,887,0,106,6,1,881,0,112,2,5,883,0,110,6,1,885,0,108,2,5,884,0,103,9,4,888,0,107,4,1,884,0,108,5,3,878,0,116,4,2,882,0,114,3,1,881,0,114,4,1,885,0,107,5,3,885,0,106,4,5,882,0,112,5,1,886,0,107,7,0,882,0,110,5,3,884,0,111,4,1,886,0,109,3,2,881,0,111,5,3,881,0,112,5,2,884,0,107,4,5,881,0,114,2,3,883,0,108,7,2,882,0,112,3,3,883,0,109,5,3,884,0,108,5,3,879,0,113,5,3
520,random,1.0,885,0,108,5,2,888,0,104,5,3,883,0,110,6,1,885,0,106,5,4,885,0,107,6,2,880,0,115,4,1,881,0,108,6,5,881,0,114,4,1,884,0,108,4,4,878,0,119,1,2,881,0,114,3,2,882,0,113,5,0,882,0,110,6,2,885,0,110,3,2,882,0,115,2,1,884,0,108,7,1,885,0,112,1,2,884,0,106,7,3,882,0,111,3,4,881,0,111,6,2,883,0,109,8,0,882,0,114,4,0,878,0,113,7,2,886,0,107,6,1,887,0,106,6,1,881,0,112,2,5,883,0,110,6,1,885,0,108,2,5,884,0,103,9,4,888,0,107,4,1,884,0,108,5,3,878,0,116,4,2,882,0,114,3,1,881,0,114,4,1,885,0,107,5,3,885,0,106,4,5,882,0,112,5,1,886,0,107,7,0,882,0,110,5,3,884,0,111,4,1,886,0,109,3,2,881,0,111,5,3,881,0,112,5,2,884,0,107,4,5,881,0,114,2,3,883,0,108,7,2,882,0,112,3,3,883,0,109,5,3,884,0,108,5,3,879,0,113,5,3
