week,mode,prep,susceptible_1,acute_1,chronic_1,aids_1,dead_1,susceptible_2,acute_2,chronic_2,aids_2,dead_2,susceptible_3,acute_3,chronic_3,aids_3,dead_3,susceptible_4,acute_4,chronic_4,aids_4,dead_4,susceptible_5,acute_5,chronic_5,aids_5,dead_5,susceptible_6,acute_6,chronic_6,aids_6,dead_6,susceptible_7,acute_7,chronic_7,aids_7,dead_7,susceptible_8,acute_8,chronic_8,aids_8,dead_8,susceptible_9,acute_9,chronic_9,aids_9,dead_9,susceptible_10,acute_10,chronic_10,aids_10,dead_10,susceptible_11,acute_11,chronic_11,aids_11,dead_11,susceptible_12,acute_12,chronic_12,aids_12,dead_12,susceptible_13,acute_13,chronic_13,aids_13,dead_13,susceptible_14,acute_14,chronic_14,aids_14,dead_14,susceptible_15,acute_15,chronic_15,aids_15,dead_15,susceptible_16,acute_16,chronic_16,aids_16,dead_16,susceptible_17,acute_17,chronic_17,aids_17,dead_17,susceptible_18,acute_18,chronic_18,aids_18,dead_18,susceptible_19,acute_19,chronic_19,aids_19,dead_19,susceptible_20,acute_20,chronic_20,aids_20,dead_20,susceptible_21,acute_21,chronic_21,aids_21,dead_21,susceptible_22,acute_22,chronic_22,aids_22,dead_22,susceptible_23,acute_23,chronic_23,aids_23,dead_23,susceptible_24,acute_24,chronic_24,aids_24,dead_24,susceptible_25,acute_25,chronic_25,aids_25,dead_25,susceptible_26,acute_26,chronic_26,aids_26,dead_26,susceptible_27,acute_27,chronic_27,aids_27,dead_27,susceptible_28,acute_28,chronic_28,aids_28,dead_28,susceptible_29,acute_29,chronic_29,aids_29,dead_29,susceptible_30,acute_30,chronic_30,aids_30,dead_30,susceptible_31,acute_31,chronic_31,aids_31,dead_31,susceptible_32,acute_32,chronic_32,aids_32,dead_32,susceptible_33,acute_33,chronic_33,aids_33,dead_33,susceptible_34,acute_34,chronic_34,aids_34,dead_34,susceptible_35,acute_35,chronic_35,aids_35,dead_35,susceptible_36,acute_36,chronic_36,aids_36,dead_36,susceptible_37,acute_37,chronic_37,aids_37,dead_37,susceptible_38,acute_38,chronic_38,aids_38,dead_38,susceptible_39,acute_39,chronic_39,aids_39,dead_39,susceptible_40,acute_40,chronic_40,aids_40,dead_40,susceptible_41,acute_41,chronic_41,aids_41,dead_41,susceptible_42,acute_42,chronic_42,aids_42,dead_42,susceptible_43,acute_43,chronic_43,aids_43,dead_43,susceptible_44,acute_44,chronic_44,aids_44,dead_44,susceptible_45,acute_45,chronic_45,aids_45,dead_45,susceptible_46,acute_46,chronic_46,aids_46,dead_46,susceptible_47,acute_47,chronic_47,aids_47,dead_47,susceptible_48,acute_48,chronic_48,aids_48,dead_48,susceptible_49,acute_49,chronic_49,aids_49,dead_49,susceptible_50,acute_50,chronic_50,aids_50,dead_50
0,standard,0.1,890,110,0,0,0,890,110,0,0,0,890,110,0,0,0,890,110,0,0,0,890,110,0,0,0,890,110,0,0,0,890,110,0,0,0,890,110,0,0,0,890,110,0,0,0,890,110,0,0,0,890,110,0,0,0,890,110,0,0,0,890,110,0,0,0,890,110,0,0,0,890,110,0,0,0,890,110,0,0,0,890,110,0,0,0,890,110,0,0,0,890,110,0,0,0,890,110,0,0,0,890,110,0,0,0,890,110,0,0,0,890,110,0,0,0,890,110,0,0,0,890,110,0,0,0,890,110,0,0,0,890,110,0,0,0,890,110,0,0,0,890,110,0,0,0,890,110,0,0,0,890,110,0,0,0,890,110,0,0,0,890,110,0,0,0,890,110,0,0,0,890,110,0,0,0,890,110,0,0,0,890,110,0,0,0,890,110,0,0,0,890,110,0,0,0,890,110,0,0,0,890,110,0,0,0,890,110,0,0,0,890,110,0,0,0,890,110,0,0,0,890,110,0,0,0,890,110,0,0,0,890,110,0,0,0,890,110,0,0,0,890,110,0,0,0,890,110,0,0,0
1,standard,0.1,882,118,0,0,0,886,114,0,0,0,887,113,0,0,0,884,116,0,0,0,888,112,0,0,0,886,114,0,0,0,886,114,0,0,0,885,115,0,0,0,887,113,0,0,0,888,112,0,0,0,886,114,0,0,0,884,116,0,0,0,886,114,0,0,0,889,111,0,0,0,885,115,0,0,0,889,111,0,0,0,886,114,0,0,0,886,114,0,0,0,883,117,0,0,0,885,115,0,0,0,885,115,0,0,0,888,112,0,0,0,888,112,0,0,0,890,110,0,0,0,887,113,0,0,0,888,112,0,0,0,885,115,0,0,0,886,114,0,0,0,888,112,0,0,0,886,114,0,0,0,888,112,0,0,0,880,120,0,0,0,884,116,0,0,0,885,115,0,0,0,882,118,0,0,0,888,112,0,0,0,886,114,0,0,0,888,112,0,0,0,886,114,0,0,0,887,113,0,0,0,885,115,0,0,0,888,112,0,0,0,888,112,0,0,0,882,118,0,0,0,890,110,0,0,0,889,111,0,0,0,888,112,0,0,0,883,117,0,0,0,890,110,0,0,0,886,114,0,0,0
2,standard,0.1,881,119,0,0,0,883,117,0,0,0,883,117,0,0,0,882,118,0,0,0,885,115,0,0,0,883,117,0,0,0,885,115,0,0,0,883,117,0,0,0,882,118,0,0,0,884,116,0,0,0,883,117,0,0,0,882,118,0,0,0,883,117,0,0,0,885,115,0,0,0,883,117,0,0,0,887,113,0,0,0,880,120,0,0,0,883,117,0,0,0,879,121,0,0,0,883,117,0,0,0,882,118,0,0,0,883,117,0,0,0,884,116,0,0,0,887,113,0,0,0,882,118,0,0,0,885,115,0,0,0,881,119,0,0,0,882,118,0,0,0,884,116,0,0,0,882,118,0,0,0,886,114,0,0,0,875,125,0,0,0,879,121,0,0,0,882,118,0,0,0,880,120,0,0,0,883,117,0,0,0,881,119,0,0,0,886,114,0,0,0,884,116,0,0,0,884,116,0,0,0,881,119,0,0,0,885,115,0,0,0,883,117,0,0,0,878,122,0,0,0,887,113,0,0,0,889,111,0,0,0,882,118,0,0,0,879,121,0,0,0,884,116,0,0,0,882,118,0,0,0
3,standard,0.1,877,123,0,0,0,882,118,0,0,0,879,121,0,0,0,882,118,0,0,0,883,117,0,0,0,879,121,0,0,0,879,121,0,0,0,879,121,0,0,0,880,120,0,0,0,882,118,0,0,0,880,120,0,0,0,879,121,0,0,0,883,117,0,0,0,882,118,0,0,0,881,119,0,0,0,883,117,0,0,0,877,123,0,0,0,880,120,0,0,0,878,122,0,0,0,879,121,0,0,0,877,123,0,0,0,880,120,0,0,0,883,117,0,0,0,883,117,0,0,0,879,121,0,0,0,882,118,0,0,0,879,121,0,0,0,880,120,0,0,0,882,118,0,0,0,880,120,0,0,0,884,116,0,0,0,872,128,0,0,0,876,124,0,0,0,880,120,0,0,0,880,120,0,0,0,878,122,0,0,0,877,123,0,0,0,883,117,0,0,0,880,120,0,0,0,880,120,0,0,0,878,122,0,0,0,883,117,0,0,0,879,121,0,0,0,877,123,0,0,0,881,119,0,0,0,886,114,0,0,0,877,123,0,0,0,875,125,0,0,0,880,120,0,0,0,880,120,0,0,0
4,standard,0.1,875,125,0,0,0,877,123,0,0,0,879,121,0,0,0,880,120,0,0,0,880,120,0,0,0,876,124,0,0,0,875,125,0,0,0,877,123,0,0,0,879,121,0,0,0,879,121,0,0,0,877,123,0,0,0,875,125,0,0,0,881,119,0,0,0,878,122,0,0,0,874,126,0,0,0,878,122,0,0,0,874,126,0,0,0,878,122,0,0,0,877,123,0,0,0,876,124,0,0,0,876,124,0,0,0,877,123,0,0,0,883,117,0,0,0,880,120,0,0,0,878,122,0,0,0,881,119,0,0,0,874,126,0,0,0,878,122,0,0,0,877,123,0,0,0,879,121,0,0,0,883,117,0,0,0,868,132,0,0,0,876,124,0,0,0,875,125,0,0,0,879,121,0,0,0,875,125,0,0,0,873,127,0,0,0,879,121,0,0,0,874,126,0,0,0,876,124,0,0,0,876,124,0,0,0,878,122,0,0,0,877,123,0,0,0,876,124,0,0,0,876,124,0,0,0,882,118,0,0,0,876,124,0,0,0,875,125,0,0,0,880,120,0,0,0,880,120,0,0,0
5,standard,0.1,873,127,0,0,0,875,125,0,0,0,875,125,0,0,0,877,123,0,0,0,878,122,0,0,0,873,127,0,0,0,871,129,0,0,0,876,124,0,0,0,877,123,0,0,0,874,126,0,0,0,873,127,0,0,0,874,126,0,0,0,880,120,0,0,0,873,127,0,0,0,873,127,0,0,0,877,123,0,0,0,871,129,0,0,0,875,125,0,0,0,875,125,0,0,0,873,127,0,0,0,872,128,0,0,0,875,125,0,0,0,880,120,0,0,0,876,124,0,0,0,875,125,0,0,0,875,125,0,0,0,872,128,0,0,0,875,125,0,0,0,873,127,0,0,0,874,126,0,0,0,880,120,0,0,0,868,132,0,0,0,871,129,0,0,0,874,126,0,0,0,875,125,0,0,0,873,127,0,0,0,869,131,0,0,0,877,123,0,0,0,871,129,0,0,0,874,126,0,0,0,872,128,0,0,0,875,125,0,0,0,877,123,0,0,0,874,126,0,0,0,873,127,0,0,0,880,120,0,0,0,873,127,0,0,0,872,128,0,0,0,877,123,0,0,0,879,121,0,0,0
6,standard,0.1,871,129,0,0,0,872,128,0,0,0,875,125,0,0,0,874,126,0,0,0,876,124,0,0,0,872,128,0,0,0,870,130,0,0,0,875,125,0,0,0,877,123,0,0,0,871,129,0,0,0,872,128,0,0,0,870,130,0,0,0,874,126,0,0,0,873,127,0,0,0,872,128,0,0,0,873,127,0,0,0,869,131,0,0,0,874,126,0,0,0,875,125,0,0,0,869,131,0,0,0,866,134,0,0,0,872,128,0,0,0,876,124,0,0,0,874,126,0,0,0,874,126,0,0,0,873,127,0,0,0,870,130,0,0,0,874,126,0,0,0,868,132,0,0,0,873,127,0,0,0,879,121,0,0,0,866,134,0,0,0,866,134,0,0,0,873,127,0,0,0,872,128,0,0,0,871,129,0,0,0,868,132,0,0,0,871,129,0,0,0,870,130,0,0,0,872,128,0,0,0,872,128,0,0,0,872,128,0,0,0,876,124,0,0,0,872,128,0,0,0,872,128,0,0,0,879,121,0,0,0,869,131,0,0,0,867,133,0,0,0,875,125,0,0,0,875,125,0,0,0
7,standard,0.1,865,135,0,0,0,870,130,0,0,0,873,127,0,0,0,871,129,0,0,0,873,127,0,0,0,870,130,0,0,0,868,132,0,0,0,872,128,0,0,0,876,124,0,0,0,865,135,0,0,0,870,130,0,0,0,869,131,0,0,0,870,130,0,0,0,869,131,0,0,0,872,128,0,0,0,872,128,0,0,0,868,132,0,0,0,872,128,0,0,0,873,127,0,0,0,867,133,0,0,0,863,137,0,0,0,870,130,0,0,0,872,128,0,0,0,873,127,0,0,0,872,128,0,0,0,871,129,0,0,0,866,134,0,0,0,873,127,0,0,0,865,135,0,0,0,868,132,0,0,0,874,126,0,0,0,864,136,0,0,0,863,137,0,0,0,871,129,0,0,0,868,132,0,0,0,869,131,0,0,0,863,137,0,0,0,870,130,0,0,0,867,133,0,0,0,870,130,0,0,0,869,131,0,0,0,868,132,0,0,0,876,124,0,0,0,868,132,0,0,0,871,129,0,0,0,878,122,0,0,0,866,134,0,0,0,865,135,0,0,0,873,127,0,0,0,870,130,0,0,0
8,standard,0.1,864,136,0,0,0,867,133,0,0,0,871,129,0,0,0,868,132,0,0,0,872,128,0,0,0,868,132,0,0,0,865,135,0,0,0,869,131,0,0,0,873,127,0,0,0,861,139,0,0,0,869,131,0,0,0,866,134,0,0,0,869,131,0,0,0,867,133,0,0,0,870,130,0,0,0,869,131,0,0,0,865,135,0,0,0,868,132,0,0,0,871,129,0,0,0,865,135,0,0,0,860,140,0,0,0,868,132,0,0,0,870,130,0,0,0,872,128,0,0,0,872,128,0,0,0,870,130,0,0,0,862,138,0,0,0,870,130,0,0,0,862,138,0,0,0,865,135,0,0,0,872,128,0,0,0,859,141,0,0,0,863,137,0,0,0,868,132,0,0,0,866,134,0,0,0,867,133,0,0,0,863,137,0,0,0,868,132,0,0,0,864,136,0,0,0,868,132,0,0,0,867,133,0,0,0,866,134,0,0,0,874,126,0,0,0,866,134,0,0,0,871,129,0,0,0,876,124,0,0,0,864,136,0,0,0,863,137,0,0,0,873,127,0,0,0,866,134,0,0,0
9,standard,0.1,864,136,0,0,0,866,134,0,0,0,870,130,0,0,0,866,134,0,0,0,871,129,0,0,0,866,134,0,0,0,862,138,0,0,0,867,133,0,0,0,873,127,0,0,0,861,139,0,0,0,867,133,0,0,0,863,137,0,0,0,867,133,0,0,0,867,133,0,0,0,868,132,0,0,0,868,132,0,0,0,863,137,0,0,0,865,135,0,0,0,868,132,0,0,0,864,136,0,0,0,855,145,0,0,0,866,134,0,0,0,867,133,0,0,0,872,128,0,0,0,869,131,0,0,0,870,130,0,0,0,862,138,0,0,0,865,135,0,0,0,862,138,0,0,0,863,137,0,0,0,869,131,0,0,0,857,143,0,0,0,860,140,0,0,0,864,136,0,0,0,860,140,0,0,0,866,134,0,0,0,860,140,0,0,0,866,134,0,0,0,860,140,0,0,0,865,135,0,0,0,864,136,0,0,0,866,134,0,0,0,872,128,0,0,0,866,134,0,0,0,866,134,0,0,0,874,126,0,0,0,862,138,0,0,0,861,139,0,0,0,871,129,0,0,0,865,135,0,0,0
10,standard,0.1,863,137,0,0,0,865,135,0,0,0,868,132,0,0,0,865,135,0,0,0,870,130,0,0,0,862,138,0,0,0,860,140,0,0,0,865,135,0,0,0,871,129,0,0,0,858,142,0,0,0,866,134,0,0,0,862,138,0,0,0,865,135,0,0,0,863,137,0,0,0,867,133,0,0,0,868,132,0,0,0,860,140,0,0,0,860,140,0,0,0,866,134,0,0,0,864,136,0,0,0,854,146,0,0,0,865,135,0,0,0,864,136,0,0,0,871,129,0,0,0,868,132,0,0,0,868,132,0,0,0,859,141,0,0,0,864,136,0,0,0,861,139,0,0,0,862,138,0,0,0,866,134,0,0,0,854,146,0,0,0,859,141,0,0,0,863,137,0,0,0,859,141,0,0,0,866,134,0,0,0,860,140,0,0,0,866,134,0,0,0,856,144,0,0,0,863,137,0,0,0,861,139,0,0,0,863,137,0,0,0,870,130,0,0,0,866,134,0,0,0,863,137,0,0,0,872,128,0,0,0,861,139,0,0,0,860,140,0,0,0,868,132,0,0,0,863,137,0,0,0
11,standard,0.1,862,138,0,0,0,862,138,0,0,0,863,137,0,0,0,864,136,0,0,0,868,132,0,0,0,862,138,0,0,0,859,141,0,0,0,862,138,0,0,0,870,130,0,0,0,856,144,0,0,0,866,134,0,0,0,860,140,0,0,0,862,138,0,0,0,859,141,0,0,0,867,133,0,0,0,866,134,0,0,0,859,141,0,0,0,856,144,0,0,0,864,136,0,0,0,863,137,0,0,0,851,149,0,0,0,864,136,0,0,0,862,138,0,0,0,870,130,0,0,0,865,135,0,0,0,868,132,0,0,0,856,144,0,0,0,860,140,0,0,0,859,141,0,0,0,861,139,0,0,0,864,136,0,0,0,853,147,0,0,0,859,141,0,0,0,860,140,0,0,0,858,142,0,0,0,862,138,0,0,0,858,142,0,0,0,861,139,0,0,0,852,148,0,0,0,862,138,0,0,0,858,142,0,0,0,860,140,0,0,0,869,131,0,0,0,864,136,0,0,0,859,141,0,0,0,872,128,0,0,0,859,141,0,0,0,857,143,0,0,0,867,133,0,0,0,862,138,0,0,0
12,standard,0.1,860,140,0,0,0,860,140,0,0,0,861,139,0,0,0,863,137,0,0,0,865,135,0,0,0,861,139,0,0,0,859,141,0,0,0,859,141,0,0,0,870,130,0,0,0,856,144,0,0,0,862,138,0,0,0,857,143,0,0,0,861,139,0,0,0,858,142,0,0,0,863,137,0,0,0,864,136,0,0,0,856,144,0,0,0,854,146,0,0,0,862,138,0,0,0,861,139,0,0,0,851,149,0,0,0,863,137,0,0,0,860,140,0,0,0,869,131,0,0,0,862,138,0,0,0,863,137,0,0,0,856,144,0,0,0,858,142,0,0,0,858,142,0,0,0,858,142,0,0,0,863,137,0,0,0,852,148,0,0,0,856,144,0,0,0,860,140,0,0,0,858,142,0,0,0,861,139,0,0,0,858,142,0,0,0,858,142,0,0,0,850,150,0,0,0,862,138,0,0,0,856,144,0,0,0,856,144,0,0,0,869,131,0,0,0,862,138,0,0,0,857,143,0,0,0,872,128,0,0,0,859,141,0,0,0,855,145,0,0,0,864,136,0,0,0,860,140,0,0,0
13,standard,0.1,860,30,110,0,0,860,30,110,0,0,861,29,110,0,0,862,28,110,0,0,864,26,110,0,0,861,29,110,0,0,859,31,110,0,0,859,31,110,0,0,870,20,110,0,0,856,34,110,0,0,862,28,110,0,0,855,35,110,0,0,860,30,110,0,0,857,33,110,0,0,863,27,110,0,0,863,27,110,0,0,856,34,110,0,0,854,36,110,0,0,862,28,110,0,0,861,29,110,0,0,851,39,110,0,0,861,29,110,0,0,860,30,110,0,0,869,21,110,0,0,862,28,110,0,0,863,27,110,0,0,856,34,110,0,0,858,32,110,0,0,857,33,110,0,0,856,34,110,0,0,863,27,110,0,0,852,38,110,0,0,856,34,110,0,0,860,30,110,0,0,858,32,110,0,0,861,29,110,0,0,858,32,110,0,0,858,32,110,0,0,850,40,110,0,0,862,28,110,0,0,856,34,110,0,0,856,34,110,0,0,868,22,110,0,0,861,29,110,0,0,857,33,110,0,0,872,18,110,0,0,859,31,110,0,0,855,35,110,0,0,863,27,110,0,0,860,30,110,0,0
14,standard,0.1,860,22,118,0,0,859,27,114,0,0,861,26,113,0,0,861,23,116,0,0,862,26,112,0,0,861,25,114,0,0,858,28,114,0,0,859,26,115,0,0,870,17,113,0,0,856,32,112,0,0,862,24,114,0,0,854,30,116,0,0,859,27,114,0,0,856,33,111,0,0,863,22,115,0,0,863,26,111,0,0,856,30,114,0,0,854,32,114,0,0,862,21,117,0,0,861,24,115,0,0,850,35,115,0,0,860,28,112,0,0,860,28,112,0,0,869,21,110,0,0,862,25,113,0,0,863,25,112,0,0,856,29,115,0,0,858,28,114,0,0,856,32,112,0,0,856,30,114,0,0,862,26,112,0,0,852,28,120,0,0,856,28,116,0,0,860,25,115,0,0,858,24,118,0,0,860,28,112,0,0,858,28,114,0,0,858,30,112,0,0,850,36,114,0,0,862,25,113,0,0,855,30,115,0,0,856,32,112,0,0,868,20,112,0,0,861,21,118,0,0,857,33,110,0,0,872,17,111,0,0,859,29,112,0,0,855,28,117,0,0,862,28,110,0,0,860,26,114,0,0
15,standard,0.1,860,21,119,0,0,858,25,117,0,0,860,23,117,0,0,861,21,118,0,0,861,24,115,0,0,861,22,117,0,0,858,27,115,0,0,858,25,117,0,0,868,14,118,0,0,856,28,116,0,0,862,21,117,0,0,852,30,118,0,0,859,24,117,0,0,856,29,115,0,0,863,20,117,0,0,863,24,113,0,0,855,25,120,0,0,854,29,117,0,0,862,17,121,0,0,860,23,117,0,0,849,33,118,0,0,860,23,117,0,0,860,24,116,0,0,869,18,113,0,0,862,20,118,0,0,862,23,115,0,0,856,25,119,0,0,857,25,118,0,0,856,28,116,0,0,856,26,118,0,0,862,24,114,0,0,852,23,125,0,0,856,23,121,0,0,859,23,118,0,0,858,22,120,0,0,860,23,117,0,0,858,23,119,0,0,857,29,114,0,0,850,34,116,0,0,862,22,116,0,0,855,26,119,0,0,856,29,115,0,0,868,15,117,0,0,861,17,122,0,0,856,31,113,0,0,872,17,111,0,0,859,23,118,0,0,855,24,121,0,0,861,23,116,0,0,860,22,118,0,0
16,standard,0.1,860,17,123,0,0,858,24,118,0,0,860,19,121,0,0,861,21,118,0,0,861,22,117,0,0,860,19,121,0,0,856,23,121,0,0,858,21,121,0,0,868,12,120,0,0,856,26,118,0,0,862,18,120,0,0,851,28,121,0,0,859,24,117,0,0,856,26,118,0,0,863,18,119,0,0,863,20,117,0,0,855,22,123,0,0,854,26,120,0,0,862,16,122,0,0,860,19,121,0,0,849,28,123,0,0,860,20,120,0,0,859,24,117,0,0,869,14,117,0,0,861,18,121,0,0,862,20,118,0,0,856,23,121,0,0,857,23,120,0,0,856,26,118,0,0,855,25,120,0,0,861,23,116,0,0,852,20,128,0,0,854,22,124,0,0,859,21,120,0,0,857,23,120,0,0,860,18,122,0,0,858,19,123,0,0,857,26,117,0,0,850,30,120,0,0,861,19,120,0,0,855,23,122,0,0,855,28,117,0,0,868,11,121,0,0,861,16,123,0,0,856,25,119,0,0,872,14,114,0,0,859,18,123,0,0,854,21,125,0,0,861,19,120,0,0,859,21,120,0,0
17,standard,0.1,860,15,125,0,0,858,19,123,0,0,860,19,121,0,0,861,19,120,0,0,861,19,120,0,0,860,16,124,0,0,856,19,125,0,0,856,21,123,0,0,868,11,121,0,0,856,23,121,0,0,861,16,123,0,0,850,25,125,0,0,859,22,119,0,0,856,22,122,0,0,863,11,126,0,0,863,15,122,0,0,855,19,126,0,0,853,25,122,0,0,861,16,123,0,0,860,16,124,0,0,849,27,124,0,0,860,17,123,0,0,859,24,117,0,0,869,11,120,0,0,861,17,122,0,0,861,20,119,0,0,856,18,126,0,0,857,21,122,0,0,856,21,123,0,0,855,24,121,0,0,860,23,117,0,0,852,16,132,0,0,853,23,124,0,0,859,16,125,0,0,857,22,121,0,0,860,15,125,0,0,858,15,127,0,0,857,22,121,0,0,850,24,126,0,0,861,15,124,0,0,855,21,124,0,0,855,23,122,0,0,868,9,123,0,0,861,15,124,0,0,856,20,124,0,0,872,10,118,0,0,858,18,124,0,0,853,22,125,0,0,861,19,120,0,0,859,21,120,0,0
18,standard,0.1,860,13,127,0,0,856,19,125,0,0,860,15,125,0,0,861,16,123,0,0,861,17,122,0,0,860,13,127,0,0,856,15,129,0,0,856,20,124,0,0,868,9,123,0,0,856,18,126,0,0,861,12,127,0,0,848,26,126,0,0,859,21,120,0,0,856,17,127,0,0,863,10,127,0,0,862,15,123,0,0,855,16,129,0,0,851,24,125,0,0,860,15,125,0,0,860,13,127,0,0,849,23,128,0,0,859,16,125,0,0,859,21,120,0,0,869,7,124,0,0,861,14,125,0,0,861,14,125,0,0,856,16,128,0,0,856,19,125,0,0,856,17,127,0,0,855,19,126,0,0,860,20,120,0,0,852,16,132,0,0,853,18,129,0,0,859,15,126,0,0,856,19,125,0,0,860,13,127,0,0,858,11,131,0,0,857,20,123,0,0,849,22,129,0,0,861,13,126,0,0,855,17,128,0,0,855,20,125,0,0,868,9,123,0,0,861,13,126,0,0,856,17,127,0,0,872,8,120,0,0,858,15,127,0,0,852,20,128,0,0,860,17,123,0,0,859,20,121,0,0
19,standard,0.1,860,11,129,0,0,856,16,128,0,0,860,15,125,0,0,861,13,126,0,0,861,15,124,0,0,859,13,128,0,0,856,14,130,0,0,856,19,125,0,0,867,10,123,0,0,855,16,129,0,0,861,11,128,0,0,847,23,130,0,0,859,15,126,0,0,856,17,127,0,0,863,9,128,0,0,862,11,127,0,0,855,14,131,0,0,851,23,126,0,0,858,17,125,0,0,860,9,131,0,0,849,17,134,0,0,859,13,128,0,0,859,17,124,0,0,869,5,126,0,0,861,13,126,0,0,861,12,127,0,0,855,15,130,0,0,854,20,126,0,0,856,12,132,0,0,855,18,127,0,0,860,19,121,0,0,852,14,134,0,0,853,13,134,0,0,859,14,127,0,0,856,16,128,0,0,860,11,129,0,0,858,10,132,0,0,857,14,129,0,0,849,21,130,0,0,861,11,128,0,0,855,17,128,0,0,854,18,128,0,0,868,8,124,0,0,861,11,128,0,0,856,16,128,0,0,872,7,121,0,0,858,11,131,0,0,852,15,133,0,0,860,15,125,0,0,859,16,125,0,0
20,standard,0.1,860,5,135,0,0,856,14,130,0,0,859,14,127,0,0,861,10,129,0,0,861,12,127,0,0,858,12,130,0,0,856,12,132,0,0,856,16,128,0,0,867,9,124,0,0,854,11,135,0,0,860,10,130,0,0,847,22,131,0,0,859,11,130,0,0,856,13,131,0,0,863,9,128,0,0,862,10,128,0,0,854,14,132,0,0,851,21,128,0,0,858,15,127,0,0,860,7,133,0,0,849,14,137,0,0,859,11,130,0,0,857,15,128,0,0,869,4,127,0,0,861,11,128,0,0,861,10,129,0,0,855,11,134,0,0,853,20,127,0,0,856,9,135,0,0,855,13,132,0,0,859,15,126,0,0,852,12,136,0,0,853,10,137,0,0,859,12,129,0,0,855,13,132,0,0,860,9,131,0,0,858,5,137,0,0,857,13,130,0,0,849,18,133,0,0,861,9,130,0,0,855,14,131,0,0,854,14,132,0,0,868,8,124,0,0,861,7,132,0,0,856,15,129,0,0,872,6,122,0,0,858,8,134,0,0,852,13,135,0,0,859,14,127,0,0,859,11,130,0,0
21,standard,0.1,860,4,136,0,0,856,11,133,0,0,858,13,129,0,0,861,7,132,0,0,861,11,128,0,0,858,10,132,0,0,856,9,135,0,0,855,14,131,0,0,867,6,127,0,0,854,7,139,0,0,860,9,131,0,0,847,19,134,0,0,859,10,131,0,0,856,11,133,0,0,862,8,130,0,0,862,7,131,0,0,854,11,135,0,0,851,17,132,0,0,858,13,129,0,0,860,5,135,0,0,849,11,140,0,0,858,10,132,0,0,857,13,130,0,0,869,3,128,0,0,861,11,128,0,0,860,10,130,0,0,855,7,138,0,0,853,17,130,0,0,856,6,138,0,0,855,10,135,0,0,859,13,128,0,0,852,7,141,0,0,853,10,137,0,0,859,9,132,0,0,854,12,134,0,0,860,7,133,0,0,858,5,137,0,0,857,11,132,0,0,849,15,136,0,0,861,7,132,0,0,855,12,133,0,0,854,12,134,0,0,868,6,126,0,0,861,5,134,0,0,856,15,129,0,0,872,4,124,0,0,858,6,136,0,0,851,12,137,0,0,859,14,127,0,0,859,7,134,0,0
22,standard,0.1,860,4,136,0,0,856,10,134,0,0,858,12,130,0,0,861,5,134,0,0,861,10,129,0,0,857,9,134,0,0,856,6,138,0,0,855,12,133,0,0,866,7,127,0,0,854,7,139,0,0,860,7,133,0,0,847,16,137,0,0,859,8,133,0,0,856,11,133,0,0,862,6,132,0,0,862,6,132,0,0,854,9,137,0,0,851,14,135,0,0,857,11,132,0,0,860,4,136,0,0,849,6,145,0,0,858,8,134,0,0,855,12,133,0,0,869,3,128,0,0,861,8,131,0,0,860,10,130,0,0,855,7,138,0,0,852,13,135,0,0,856,6,138,0,0,855,8,137,0,0,859,10,131,0,0,852,5,143,0,0,853,7,140,0,0,858,6,136,0,0,854,6,140,0,0,860,6,134,0,0,858,2,140,0,0,857,9,134,0,0,849,11,140,0,0,861,4,135,0,0,855,9,136,0,0,853,13,134,0,0,868,4,128,0,0,861,5,134,0,0,856,10,134,0,0,872,2,126,0,0,858,4,138,0,0,851,10,139,0,0,859,12,129,0,0,859,6,135,0,0
23,standard,0.1,860,3,137,0,0,855,10,135,0,0,858,10,132,0,0,861,4,135,0,0,861,9,130,0,0,857,5,138,0,0,856,4,140,0,0,855,10,135,0,0,866,5,129,0,0,854,4,142,0,0,860,6,134,0,0,847,15,138,0,0,859,6,135,0,0,856,7,137,0,0,862,5,133,0,0,861,7,132,0,0,854,6,140,0,0,851,9,140,0,0,857,9,134,0,0,860,4,136,0,0,849,5,146,0,0,858,7,135,0,0,855,9,136,0,0,869,2,129,0,0,861,7,132,0,0,860,8,132,0,0,855,4,141,0,0,852,12,136,0,0,856,5,139,0,0,855,7,138,0,0,859,7,134,0,0,852,2,146,0,0,853,6,141,0,0,858,5,137,0,0,854,5,141,0,0,860,6,134,0,0,858,2,140,0,0,857,9,134,0,0,849,7,144,0,0,861,2,137,0,0,855,6,139,0,0,852,11,137,0,0,868,2,130,0,0,861,5,134,0,0,856,7,137,0,0,872,0,128,0,0,858,3,139,0,0,850,10,140,0,0,859,9,132,0,0,859,4,137,0,0
24,standard,0.1,860,2,138,0,0,855,7,138,0,0,858,5,137,0,0,861,3,136,0,0,861,7,132,0,0,856,6,138,0,0,856,3,141,0,0,855,7,138,0,0,866,4,130,0,0,854,2,144,0,0,860,6,134,0,0,847,13,140,0,0,859,3,138,0,0,856,3,141,0,0,862,5,133,0,0,861,5,134,0,0,854,5,141,0,0,851,5,144,0,0,857,7,136,0,0,860,3,137,0,0,849,2,149,0,0,858,6,136,0,0,855,7,138,0,0,869,1,130,0,0,861,4,135,0,0,860,8,132,0,0,855,1,144,0,0,852,8,140,0,0,856,3,141,0,0,855,6,139,0,0,859,5,136,0,0,852,1,147,0,0,853,6,141,0,0,858,2,140,0,0,854,4,142,0,0,860,2,138,0,0,858,0,142,0,0,857,4,139,0,0,849,3,148,0,0,861,1,138,0,0,855,3,142,0,0,852,8,140,0,0,868,1,131,0,0,861,3,136,0,0,856,3,141,0,0,872,0,128,0,0,858,1,141,0,0,850,7,143,0,0,858,9,133,0,0,858,4,138,0,0
25,standard,0.1,860,0,140,0,0,855,5,140,0,0,858,3,139,0,0,861,2,137,0,0,861,4,135,0,0,856,5,139,0,0,856,3,141,0,0,855,4,141,0,0,866,4,130,0,0,854,2,144,0,0,860,2,138,0,0,847,10,143,0,0,859,2,139,0,0,856,2,142,0,0,862,1,137,0,0,861,3,136,0,0,854,2,144,0,0,851,3,146,0,0,857,5,138,0,0,860,1,139,0,0,849,2,149,0,0,858,5,137,0,0,855,5,140,0,0,869,0,131,0,0,861,1,138,0,0,860,3,137,0,0,855,1,144,0,0,852,6,142,0,0,856,2,142,0,0,855,3,142,0,0,859,4,137,0,0,852,0,148,0,0,853,3,144,0,0,858,2,140,0,0,854,4,142,0,0,860,1,139,0,0,858,0,142,0,0,857,1,142,0,0,848,2,150,0,0,861,1,138,0,0,855,1,144,0,0,851,5,144,0,0,868,1,131,0,0,861,1,138,0,0,856,1,143,0,0,872,0,128,0,0,858,1,141,0,0,850,5,145,0,0,858,6,136,0,0,858,2,140,0,0
26,standard,0.1,860,0,140,0,0,855,5,140,0,0,858,3,139,0,0,861,1,138,0,0,861,3,136,0,0,855,6,139,0,0,856,3,141,0,0,855,4,141,0,0,866,4,130,0,0,854,2,144,0,0,860,2,138,0,0,847,8,145,0,0,859,1,140,0,0,856,1,143,0,0,862,1,137,0,0,861,2,137,0,0,854,2,144,0,0,851,3,146,0,0,857,5,138,0,0,859,2,139,0,0,849,2,149,0,0,858,3,139,0,0,855,5,140,0,0,868,1,131,0,0,861,1,138,0,0,860,3,137,0,0,855,1,144,0,0,852,6,142,0,0,856,1,143,0,0,855,1,144,0,0,859,4,137,0,0,852,0,148,0,0,853,3,144,0,0,858,2,140,0,0,854,4,142,0,0,860,1,139,0,0,858,0,142,0,0,856,2,142,0,0,848,2,150,0,0,860,2,138,0,0,855,1,144,0,0,851,5,144,0,0,868,0,132,0,0,861,0,139,0,0,856,1,143,0,0,872,0,128,0,0,858,1,141,0,0,850,5,145,0,0,858,5,137,0,0,858,2,140,0,0
27,standard,0.1,860,0,140,0,0,855,4,141,0,0,858,3,139,0,0,860,1,139,0,0,861,1,138,0,0,855,6,139,0,0,855,3,142,0,0,855,4,141,0,0,866,4,130,0,0,854,2,144,0,0,860,2,138,0,0,847,7,146,0,0,859,0,141,0,0,856,0,144,0,0,862,1,137,0,0,861,2,137,0,0,854,2,144,0,0,851,3,146,0,0,857,5,138,0,0,859,2,139,0,0,849,1,150,0,0,858,2,140,0,0,855,5,140,0,0,868,1,131,0,0,861,1,138,0,0,860,3,137,0,0,855,1,144,0,0,852,6,142,0,0,855,1,144,0,0,855,1,144,0,0,859,3,138,0,0,852,0,148,0,0,853,3,144,0,0,857,3,140,0,0,854,4,142,0,0,860,0,140,0,0,858,0,142,0,0,856,2,142,0,0,847,3,150,0,0,860,2,138,0,0,855,0,145,0,0,851,5,144,0,0,868,0,132,0,0,861,0,139,0,0,856,1,143,0,0,872,0,128,0,0,858,1,141,0,0,850,5,145,0,0,857,5,138,0,0,858,2,140,0,0
28,standard,0.1,860,0,140,0,0,855,3,142,0,0,858,2,140,0,0,860,1,139,0,0,861,0,139,0,0,855,6,139,0,0,855,3,142,0,0,855,3,142,0,0,866,2,132,0,0,854,2,144,0,0,860,2,138,0,0,847,5,148,0,0,859,0,141,0,0,856,0,144,0,0,862,1,137,0,0,861,2,137,0,0,854,1,145,0,0,851,3,146,0,0,857,5,138,0,0,859,1,140,0,0,849,0,151,0,0,858,2,140,0,0,855,5,140,0,0,867,2,131,0,0,861,1,138,0,0,860,2,138,0,0,855,1,144,0,0,852,5,143,0,0,855,1,144,0,0,855,1,144,0,0,859,3,138,0,0,852,0,148,0,0,853,3,144,0,0,857,2,141,0,0,854,4,142,0,0,860,0,140,0,0,858,0,142,0,0,856,1,143,0,0,846,4,150,0,0,860,2,138,0,0,855,0,145,0,0,851,5,144,0,0,868,0,132,0,0,861,0,139,0,0,856,0,144,0,0,872,0,128,0,0,858,1,141,0,0,850,5,145,0,0,857,4,139,0,0,858,2,140,0,0
29,standard,0.1,860,0,140,0,0,855,3,142,0,0,858,2,140,0,0,860,1,139,0,0,861,0,139,0,0,855,5,140,0,0,855,1,144,0,0,855,3,142,0,0,866,2,132,0,0,853,3,144,0,0,860,2,138,0,0,847,4,149,0,0,859,0,141,0,0,856,0,144,0,0,862,1,137,0,0,861,2,137,0,0,854,1,145,0,0,851,3,146,0,0,857,5,138,0,0,859,1,140,0,0,849,0,151,0,0,858,2,140,0,0,855,4,141,0,0,867,2,131,0,0,861,0,139,0,0,860,2,138,0,0,855,1,144,0,0,852,5,143,0,0,855,1,144,0,0,855,0,145,0,0,859,2,139,0,0,852,0,148,0,0,853,1,146,0,0,857,2,141,0,0,854,3,143,0,0,860,0,140,0,0,858,0,142,0,0,856,1,143,0,0,846,4,150,0,0,860,1,139,0,0,855,0,145,0,0,851,4,145,0,0,868,0,132,0,0,861,0,139,0,0,856,0,144,0,0,872,0,128,0,0,858,1,141,0,0,850,4,146,0,0,857,4,139,0,0,858,1,141,0,0
30,standard,0.1,860,0,140,0,0,855,3,142,0,0,858,2,140,0,0,860,1,139,0,0,861,0,139,0,0,854,6,140,0,0,855,1,144,0,0,855,1,144,0,0,866,2,132,0,0,853,3,144,0,0,859,2,139,0,0,847,3,150,0,0,859,0,141,0,0,856,0,144,0,0,862,1,137,0,0,859,4,137,0,0,854,1,145,0,0,849,4,147,0,0,856,5,139,0,0,859,1,140,0,0,849,0,151,0,0,858,2,140,0,0,854,5,141,0,0,867,2,131,0,0,861,0,139,0,0,860,1,139,0,0,855,1,144,0,0,852,5,143,0,0,855,1,144,0,0,855,0,145,0,0,859,1,140,0,0,852,0,148,0,0,853,0,147,0,0,857,2,141,0,0,854,3,143,0,0,860,0,140,0,0,858,0,142,0,0,855,2,143,0,0,846,4,150,0,0,860,1,139,0,0,855,0,145,0,0,851,4,145,0,0,868,0,132,0,0,861,0,139,0,0,856,0,144,0,0,872,0,128,0,0,858,0,142,0,0,850,3,147,0,0,857,4,139,0,0,858,1,141,0,0
31,standard,0.1,860,0,140,0,0,855,1,144,0,0,858,2,140,0,0,859,2,139,0,0,861,0,139,0,0,854,6,140,0,0,855,1,144,0,0,855,1,144,0,0,866,2,132,0,0,853,3,144,0,0,859,2,139,0,0,847,1,152,0,0,859,0,141,0,0,856,0,144,0,0,862,1,137,0,0,859,3,138,0,0,854,1,145,0,0,849,2,149,0,0,856,4,140,0,0,859,1,140,0,0,849,0,151,0,0,858,1,141,0,0,853,6,141,0,0,867,2,131,0,0,861,0,139,0,0,860,1,139,0,0,855,1,144,0,0,852,4,144,0,0,855,1,144,0,0,855,0,145,0,0,859,1,140,0,0,852,0,148,0,0,853,0,147,0,0,857,2,141,0,0,854,2,144,0,0,860,0,140,0,0,858,0,142,0,0,854,3,143,0,0,846,3,151,0,0,860,1,139,0,0,855,0,145,0,0,851,4,145,0,0,868,0,132,0,0,861,0,139,0,0,856,0,144,0,0,872,0,128,0,0,858,0,142,0,0,850,2,148,0,0,857,3,140,0,0,858,1,141,0,0
32,standard,0.1,860,0,140,0,0,855,1,144,0,0,858,2,140,0,0,859,2,139,0,0,861,0,139,0,0,854,5,141,0,0,855,1,144,0,0,855,1,144,0,0,866,1,133,0,0,853,2,145,0,0,859,2,139,0,0,847,0,153,0,0,859,0,141,0,0,856,0,144,0,0,862,1,137,0,0,859,3,138,0,0,854,1,145,0,0,849,2,149,0,0,856,2,142,0,0,859,1,140,0,0,849,0,151,0,0,858,1,141,0,0,853,6,141,0,0,867,2,131,0,0,861,0,139,0,0,860,1,139,0,0,855,0,145,0,0,852,2,146,0,0,855,1,144,0,0,855,0,145,0,0,859,1,140,0,0,852,0,148,0,0,853,0,147,0,0,857,2,141,0,0,854,2,144,0,0,860,0,140,0,0,858,0,142,0,0,854,3,143,0,0,846,3,151,0,0,860,1,139,0,0,855,0,145,0,0,851,3,146,0,0,868,0,132,0,0,861,0,139,0,0,856,0,144,0,0,872,0,128,0,0,858,0,142,0,0,850,2,148,0,0,857,3,140,0,0,858,1,141,0,0
33,standard,0.1,860,0,140,0,0,855,1,144,0,0,858,1,141,0,0,859,2,139,0,0,861,0,139,0,0,854,4,142,0,0,855,1,144,0,0,855,1,144,0,0,866,1,133,0,0,853,1,146,0,0,859,1,140,0,0,847,0,153,0,0,859,0,141,0,0,856,0,144,0,0,862,1,137,0,0,859,3,138,0,0,854,0,146,0,0,849,2,149,0,0,856,2,142,0,0,859,1,140,0,0,849,0,151,0,0,857,2,141,0,0,853,4,143,0,0,866,3,131,0,0,861,0,139,0,0,860,1,139,0,0,855,0,145,0,0,852,1,147,0,0,855,1,144,0,0,855,0,145,0,0,859,0,141,0,0,852,0,148,0,0,853,0,147,0,0,857,2,141,0,0,854,1,145,0,0,860,0,140,0,0,858,0,142,0,0,854,3,143,0,0,846,3,151,0,0,860,1,139,0,0,855,0,145,0,0,851,3,146,0,0,868,0,132,0,0,861,0,139,0,0,856,0,144,0,0,872,0,128,0,0,858,0,142,0,0,850,2,148,0,0,857,2,141,0,0,858,1,141,0,0
34,standard,0.1,859,1,140,0,0,855,1,144,0,0,858,0,142,0,0,859,2,139,0,0,861,0,139,0,0,854,4,142,0,0,855,1,144,0,0,855,0,145,0,0,866,1,133,0,0,853,1,146,0,0,858,2,140,0,0,847,0,153,0,0,859,0,141,0,0,856,0,144,0,0,862,0,138,0,0,859,3,138,0,0,854,0,146,0,0,849,2,149,0,0,856,2,142,0,0,859,1,140,0,0,849,0,151,0,0,857,1,142,0,0,853,4,143,0,0,866,3,131,0,0,861,0,139,0,0,860,0,140,0,0,855,0,145,0,0,852,1,147,0,0,855,1,144,0,0,855,0,145,0,0,859,0,141,0,0,852,0,148,0,0,853,0,147,0,0,857,2,141,0,0,854,0,146,0,0,860,0,140,0,0,858,0,142,0,0,854,3,143,0,0,846,3,151,0,0,860,1,139,0,0,855,0,145,0,0,851,3,146,0,0,868,0,132,0,0,861,0,139,0,0,855,1,144,0,0,872,0,128,0,0,858,0,142,0,0,850,1,149,0,0,857,2,141,0,0,858,1,141,0,0
35,standard,0.1,859,1,140,0,0,855,1,144,0,0,858,0,142,0,0,859,2,139,0,0,861,0,139,0,0,854,3,143,0,0,855,1,144,0,0,855,0,145,0,0,866,0,134,0,0,853,1,146,0,0,857,3,140,0,0,847,0,153,0,0,859,0,141,0,0,856,0,144,0,0,862,0,138,0,0,859,3,138,0,0,854,0,146,0,0,849,2,149,0,0,856,1,143,0,0,859,1,140,0,0,849,0,151,0,0,857,1,142,0,0,853,2,145,0,0,866,3,131,0,0,861,0,139,0,0,860,0,140,0,0,855,0,145,0,0,852,0,148,0,0,855,1,144,0,0,855,0,145,0,0,859,0,141,0,0,852,0,148,0,0,853,0,147,0,0,857,1,142,0,0,854,0,146,0,0,860,0,140,0,0,858,0,142,0,0,854,3,143,0,0,846,3,151,0,0,859,2,139,0,0,855,0,145,0,0,851,2,147,0,0,868,0,132,0,0,861,0,139,0,0,855,1,144,0,0,872,0,128,0,0,858,0,142,0,0,850,1,149,0,0,857,2,141,0,0,858,1,141,0,0
36,standard,0.1,859,1,140,0,0,855,0,145,0,0,858,0,142,0,0,859,2,139,0,0,861,0,139,0,0,854,3,143,0,0,855,1,144,0,0,855,0,145,0,0,866,0,134,0,0,853,1,146,0,0,857,3,140,0,0,847,0,153,0,0,859,0,141,0,0,856,0,144,0,0,862,0,138,0,0,859,2,139,0,0,854,0,146,0,0,848,3,149,0,0,856,1,143,0,0,859,1,140,0,0,849,0,151,0,0,857,1,142,0,0,853,2,145,0,0,866,3,131,0,0,861,0,139,0,0,860,0,140,0,0,855,0,145,0,0,852,0,148,0,0,855,1,144,0,0,855,0,145,0,0,859,0,141,0,0,852,0,148,0,0,853,0,147,0,0,857,1,142,0,0,854,0,146,0,0,860,0,140,0,0,858,0,142,0,0,853,4,143,0,0,846,3,151,0,0,859,2,139,0,0,855,0,145,0,0,851,1,148,0,0,868,0,132,0,0,861,0,139,0,0,855,1,144,0,0,872,0,128,0,0,858,0,142,0,0,850,0,150,0,0,857,2,141,0,0,858,1,141,0,0
37,standard,0.1,859,1,140,0,0,855,0,145,0,0,858,0,142,0,0,858,3,139,0,0,861,0,139,0,0,854,2,144,0,0,855,1,144,0,0,855,0,145,0,0,866,0,134,0,0,852,2,146,0,0,857,3,140,0,0,847,0,153,0,0,859,0,141,0,0,856,0,144,0,0,862,0,138,0,0,859,2,139,0,0,854,0,146,0,0,848,3,149,0,0,856,1,143,0,0,859,1,140,0,0,849,0,151,0,0,857,1,142,0,0,853,2,145,0,0,866,3,131,0,0,861,0,139,0,0,860,0,140,0,0,855,0,145,0,0,852,0,148,0,0,854,2,144,0,0,855,0,145,0,0,859,0,141,0,0,852,0,148,0,0,853,0,147,0,0,857,1,142,0,0,854,0,146,0,0,860,0,140,0,0,858,0,142,0,0,853,4,143,0,0,846,3,151,0,0,859,2,139,0,0,855,0,145,0,0,851,1,148,0,0,868,0,132,0,0,861,0,139,0,0,855,1,144,0,0,872,0,128,0,0,858,0,142,0,0,850,0,150,0,0,856,2,142,0,0,858,0,142,0,0
38,standard,0.1,859,1,140,0,0,855,0,145,0,0,858,0,142,0,0,858,3,139,0,0,860,1,139,0,0,854,2,144,0,0,855,1,144,0,0,855,0,145,0,0,866,0,134,0,0,852,2,146,0,0,857,3,140,0,0,847,0,153,0,0,859,0,141,0,0,856,0,144,0,0,862,0,138,0,0,859,2,139,0,0,854,0,146,0,0,848,3,149,0,0,856,1,143,0,0,859,1,140,0,0,849,0,151,0,0,857,1,142,0,0,853,2,145,0,0,866,3,131,0,0,861,0,139,0,0,860,0,140,0,0,855,0,145,0,0,852,0,148,0,0,854,2,144,0,0,855,0,145,0,0,858,1,141,0,0,852,0,148,0,0,853,0,147,0,0,857,1,142,0,0,854,0,146,0,0,860,0,140,0,0,858,0,142,0,0,853,4,143,0,0,846,2,152,0,0,858,3,139,0,0,855,0,145,0,0,851,0,149,0,0,868,0,132,0,0,861,0,139,0,0,854,2,144,0,0,872,0,128,0,0,858,0,142,0,0,850,0,150,0,0,856,2,142,0,0,858,0,142,0,0
39,standard,0.1,859,1,140,0,0,855,0,145,0,0,858,0,142,0,0,858,3,139,0,0,860,1,139,0,0,854,1,145,0,0,855,1,144,0,0,855,0,145,0,0,866,0,134,0,0,852,2,146,0,0,857,3,140,0,0,846,1,153,0,0,859,0,141,0,0,856,0,144,0,0,862,0,138,0,0,859,2,139,0,0,854,0,146,0,0,848,3,149,0,0,856,1,143,0,0,859,0,141,0,0,849,0,151,0,0,857,1,142,0,0,852,3,145,0,0,866,2,132,0,0,861,0,139,0,0,859,1,140,0,0,855,0,145,0,0,852,0,148,0,0,854,2,144,0,0,855,0,145,0,0,858,1,141,0,0,852,0,148,0,0,853,0,147,0,0,857,1,142,0,0,854,0,146,0,0,860,0,140,0,0,858,0,142,0,0,853,3,144,0,0,846,2,152,0,0,858,2,140,0,0,854,1,145,0,0,851,0,149,0,0,868,0,132,0,0,861,0,139,0,0,854,2,144,0,0,872,0,128,0,0,858,0,142,0,0,850,0,150,0,0,856,2,142,0,0,858,0,142,0,0
40,standard,0.1,859,1,140,0,0,855,0,145,0,0,858,0,142,0,0,858,2,140,0,0,860,1,139,0,0,854,1,145,0,0,854,1,145,0,0,854,1,145,0,0,866,0,134,0,0,852,2,146,0,0,857,3,140,0,0,846,1,153,0,0,859,0,141,0,0,856,0,144,0,0,862,0,138,0,0,859,2,139,0,0,854,0,146,0,0,848,3,149,0,0,856,1,143,0,0,859,0,141,0,0,849,0,151,0,0,857,1,142,0,0,852,3,145,0,0,866,2,132,0,0,861,0,139,0,0,859,1,140,0,0,855,0,145,0,0,852,0,148,0,0,854,1,145,0,0,855,0,145,0,0,858,1,141,0,0,852,0,148,0,0,853,0,147,0,0,857,0,143,0,0,854,0,146,0,0,860,0,140,0,0,858,0,142,0,0,853,3,144,0,0,846,1,153,0,0,858,2,140,0,0,854,1,145,0,0,851,0,149,0,0,868,0,132,0,0,861,0,139,0,0,854,2,144,0,0,872,0,128,0,0,858,0,142,0,0,850,0,150,0,0,856,1,143,0,0,858,0,142,0,0
41,standard,0.1,859,1,140,0,0,855,0,145,0,0,858,0,142,0,0,858,2,140,0,0,860,1,139,0,0,853,2,145,0,0,854,1,145,0,0,854,1,145,0,0,866,0,134,0,0,852,2,146,0,0,857,3,140,0,0,845,2,153,0,0,859,0,141,0,0,856,0,144,0,0,862,0,138,0,0,858,3,139,0,0,854,0,146,0,0,847,4,149,0,0,856,1,143,0,0,859,0,141,0,0,849,0,151,0,0,857,1,142,0,0,851,4,145,0,0,866,1,133,0,0,861,0,139,0,0,859,1,140,0,0,855,0,145,0,0,852,0,148,0,0,854,1,145,0,0,855,0,145,0,0,858,1,141,0,0,852,0,148,0,0,853,0,147,0,0,857,0,143,0,0,854,0,146,0,0,860,0,140,0,0,858,0,142,0,0,853,3,144,0,0,846,0,154,0,0,858,2,140,0,0,854,1,145,0,0,851,0,149,0,0,868,0,132,0,0,861,0,139,0,0,854,2,144,0,0,872,0,128,0,0,858,0,142,0,0,850,0,150,0,0,856,1,143,0,0,858,0,142,0,0
42,standard,0.1,858,2,140,0,0,855,0,145,0,0,858,0,142,0,0,858,2,140,0,0,860,1,139,0,0,853,2,145,0,0,854,1,145,0,0,854,1,145,0,0,866,0,134,0,0,852,1,147,0,0,857,3,140,0,0,845,2,153,0,0,859,0,141,0,0,856,0,144,0,0,862,0,138,0,0,858,3,139,0,0,854,0,146,0,0,846,5,149,0,0,855,2,143,0,0,859,0,141,0,0,849,0,151,0,0,857,1,142,0,0,851,4,145,0,0,866,1,133,0,0,861,0,139,0,0,859,1,140,0,0,855,0,145,0,0,852,0,148,0,0,854,1,145,0,0,855,0,145,0,0,858,1,141,0,0,852,0,148,0,0,853,0,147,0,0,857,0,143,0,0,854,0,146,0,0,860,0,140,0,0,858,0,142,0,0,853,3,144,0,0,846,0,154,0,0,858,2,140,0,0,854,1,145,0,0,851,0,149,0,0,868,0,132,0,0,861,0,139,0,0,854,2,144,0,0,871,1,128,0,0,858,0,142,0,0,850,0,150,0,0,856,1,143,0,0,858,0,142,0,0
43,standard,0.1,858,2,140,0,0,855,0,145,0,0,858,0,142,0,0,858,2,140,0,0,860,1,139,0,0,853,1,146,0,0,854,1,145,0,0,854,1,145,0,0,866,0,134,0,0,852,1,147,0,0,856,3,141,0,0,845,2,153,0,0,859,0,141,0,0,856,0,144,0,0,862,0,138,0,0,858,1,141,0,0,854,0,146,0,0,845,4,151,0,0,855,1,144,0,0,859,0,141,0,0,849,0,151,0,0,857,1,142,0,0,851,3,146,0,0,866,1,133,0,0,861,0,139,0,0,859,1,140,0,0,855,0,145,0,0,852,0,148,0,0,854,1,145,0,0,855,0,145,0,0,858,1,141,0,0,852,0,148,0,0,853,0,147,0,0,857,0,143,0,0,854,0,146,0,0,860,0,140,0,0,858,0,142,0,0,853,2,145,0,0,846,0,154,0,0,858,2,140,0,0,854,1,145,0,0,851,0,149,0,0,868,0,132,0,0,861,0,139,0,0,854,2,144,0,0,871,1,128,0,0,858,0,142,0,0,850,0,150,0,0,856,1,143,0,0,858,0,142,0,0
44,standard,0.1,857,3,140,0,0,855,0,145,0,0,858,0,142,0,0,857,2,141,0,0,860,1,139,0,0,853,1,146,0,0,854,1,145,0,0,854,1,145,0,0,865,1,134,0,0,852,1,147,0,0,856,3,141,0,0,845,2,153,0,0,859,0,141,0,0,856,0,144,0,0,862,0,138,0,0,858,1,141,0,0,854,0,146,0,0,845,4,151,0,0,855,1,144,0,0,858,1,141,0,0,849,0,151,0,0,857,1,142,0,0,851,2,147,0,0,866,1,133,0,0,861,0,139,0,0,859,1,140,0,0,855,0,145,0,0,852,0,148,0,0,854,1,145,0,0,855,0,145,0,0,858,1,141,0,0,852,0,148,0,0,853,0,147,0,0,857,0,143,0,0,854,0,146,0,0,860,0,140,0,0,858,0,142,0,0,853,1,146,0,0,846,0,154,0,0,857,3,140,0,0,854,1,145,0,0,851,0,149,0,0,868,0,132,0,0,861,0,139,0,0,854,2,144,0,0,871,1,128,0,0,858,0,142,0,0,850,0,150,0,0,856,1,143,0,0,858,0,142,0,0
45,standard,0.1,857,3,140,0,0,855,0,145,0,0,858,0,142,0,0,857,2,141,0,0,859,2,139,0,0,853,1,146,0,0,854,1,145,0,0,854,1,145,0,0,865,1,134,0,0,851,2,147,0,0,856,3,141,0,0,845,2,153,0,0,859,0,141,0,0,856,0,144,0,0,862,0,138,0,0,858,1,141,0,0,853,1,146,0,0,845,4,151,0,0,855,1,144,0,0,858,1,141,0,0,849,0,151,0,0,857,1,142,0,0,851,2,147,0,0,865,2,133,0,0,861,0,139,0,0,859,1,140,0,0,855,0,145,0,0,852,0,148,0,0,854,1,145,0,0,855,0,145,0,0,858,1,141,0,0,852,0,148,0,0,853,0,147,0,0,857,0,143,0,0,854,0,146,0,0,860,0,140,0,0,858,0,142,0,0,853,1,146,0,0,846,0,154,0,0,857,3,140,0,0,854,1,145,0,0,851,0,149,0,0,868,0,132,0,0,861,0,139,0,0,854,2,144,0,0,871,1,128,0,0,858,0,142,0,0,850,0,150,0,0,856,1,143,0,0,858,0,142,0,0
46,standard,0.1,857,3,140,0,0,855,0,145,0,0,858,0,142,0,0,857,2,141,0,0,859,2,139,0,0,853,1,146,0,0,854,1,145,0,0,854,1,145,0,0,865,1,134,0,0,851,2,147,0,0,856,3,141,0,0,845,2,153,0,0,859,0,141,0,0,856,0,144,0,0,862,0,138,0,0,858,1,141,0,0,853,1,146,0,0,845,4,151,0,0,855,1,144,0,0,858,1,141,0,0,849,0,151,0,0,857,0,143,0,0,851,2,147,0,0,865,1,134,0,0,861,0,139,0,0,859,1,140,0,0,855,0,145,0,0,852,0,148,0,0,854,1,145,0,0,855,0,145,0,0,858,1,141,0,0,852,0,148,0,0,853,0,147,0,0,857,0,143,0,0,854,0,146,0,0,860,0,140,0,0,858,0,142,0,0,853,1,146,0,0,846,0,154,0,0,857,3,140,0,0,854,1,145,0,0,851,0,149,0,0,868,0,132,0,0,861,0,139,0,0,854,2,144,0,0,871,1,128,0,0,858,0,142,0,0,850,0,150,0,0,856,1,143,0,0,857,1,142,0,0
47,standard,0.1,857,2,141,0,0,855,0,145,0,0,858,0,142,0,0,857,2,141,0,0,859,2,139,0,0,853,1,146,0,0,854,1,145,0,0,854,1,145,0,0,865,1,134,0,0,851,2,147,0,0,856,2,142,0,0,845,2,153,0,0,859,0,141,0,0,856,0,144,0,0,862,0,138,0,0,858,1,141,0,0,853,1,146,0,0,845,4,151,0,0,855,1,144,0,0,858,1,141,0,0,849,0,151,0,0,857,0,143,0,0,851,2,147,0,0,865,1,134,0,0,861,0,139,0,0,859,1,140,0,0,855,0,145,0,0,852,0,148,0,0,854,1,145,0,0,855,0,145,0,0,858,1,141,0,0,852,0,148,0,0,852,1,147,0,0,857,0,143,0,0,854,0,146,0,0,860,0,140,0,0,858,0,142,0,0,853,1,146,0,0,846,0,154,0,0,857,3,140,0,0,854,1,145,0,0,851,0,149,0,0,868,0,132,0,0,861,0,139,0,0,853,2,145,0,0,871,1,128,0,0,858,0,142,0,0,850,0,150,0,0,856,1,143,0,0,857,1,142,0,0
48,standard,0.1,857,2,141,0,0,854,1,145,0,0,857,1,142,0,0,857,2,141,0,0,859,2,139,0,0,853,1,146,0,0,854,1,145,0,0,854,1,145,0,0,865,1,134,0,0,850,3,147,0,0,856,1,143,0,0,845,2,153,0,0,857,2,141,0,0,856,0,144,0,0,862,0,138,0,0,858,1,141,0,0,853,1,146,0,0,845,4,151,0,0,855,1,144,0,0,858,1,141,0,0,849,0,151,0,0,856,1,143,0,0,851,2,147,0,0,865,1,134,0,0,861,0,139,0,0,859,1,140,0,0,855,0,145,0,0,852,0,148,0,0,854,1,145,0,0,855,0,145,0,0,858,1,141,0,0,852,0,148,0,0,851,2,147,0,0,856,1,143,0,0,854,0,146,0,0,860,0,140,0,0,858,0,142,0,0,853,1,146,0,0,846,0,154,0,0,857,2,141,0,0,854,1,145,0,0,851,0,149,0,0,868,0,132,0,0,861,0,139,0,0,853,2,145,0,0,871,1,128,0,0,858,0,142,0,0,850,0,150,0,0,856,1,143,0,0,857,1,142,0,0
49,standard,0.1,857,2,141,0,0,854,1,145,0,0,857,1,142,0,0,857,2,141,0,0,859,2,139,0,0,853,1,146,0,0,854,1,145,0,0,854,1,145,0,0,865,1,134,0,0,850,3,147,0,0,856,1,143,0,0,845,2,153,0,0,856,3,141,0,0,856,0,144,0,0,862,0,138,0,0,858,1,141,0,0,853,1,146,0,0,845,3,152,0,0,855,1,144,0,0,858,1,141,0,0,849,0,151,0,0,856,1,143,0,0,851,2,147,0,0,865,1,134,0,0,861,0,139,0,0,859,1,140,0,0,855,0,145,0,0,852,0,148,0,0,854,1,145,0,0,855,0,145,0,0,858,1,141,0,0,852,0,148,0,0,851,2,147,0,0,856,1,143,0,0,854,0,146,0,0,860,0,140,0,0,858,0,142,0,0,853,0,147,0,0,846,0,154,0,0,857,2,141,0,0,854,1,145,0,0,851,0,149,0,0,868,0,132,0,0,861,0,139,0,0,853,2,145,0,0,871,1,128,0,0,858,0,142,0,0,850,0,150,0,0,856,1,143,0,0,857,1,142,0,0
50,standard,0.1,857,2,141,0,0,854,1,145,0,0,857,1,142,0,0,857,1,142,0,0,859,2,139,0,0,853,1,146,0,0,853,2,145,0,0,854,1,145,0,0,865,1,134,0,0,850,2,148,0,0,856,1,143,0,0,845,2,153,0,0,856,3,141,0,0,856,0,144,0,0,862,0,138,0,0,858,1,141,0,0,853,1,146,0,0,845,3,152,0,0,855,1,144,0,0,858,1,141,0,0,849,0,151,0,0,856,1,143,0,0,851,2,147,0,0,865,1,134,0,0,861,0,139,0,0,859,1,140,0,0,855,0,145,0,0,852,0,148,0,0,854,0,146,0,0,855,0,145,0,0,858,1,141,0,0,852,0,148,0,0,851,2,147,0,0,856,1,143,0,0,854,0,146,0,0,860,0,140,0,0,858,0,142,0,0,853,0,147,0,0,846,0,154,0,0,857,2,141,0,0,854,1,145,0,0,851,0,149,0,0,868,0,132,0,0,861,0,139,0,0,853,2,145,0,0,871,1,128,0,0,858,0,142,0,0,850,0,150,0,0,856,0,144,0,0,857,1,142,0,0
51,standard,0.1,857,2,141,0,0,854,1,145,0,0,857,1,142,0,0,857,1,142,0,0,859,1,140,0,0,853,1,146,0,0,853,2,145,0,0,854,1,145,0,0,865,1,134,0,0,850,2,148,0,0,856,1,143,0,0,845,2,153,0,0,856,3,141,0,0,856,0,144,0,0,862,0,138,0,0,858,1,141,0,0,853,1,146,0,0,845,3,152,0,0,855,1,144,0,0,858,1,141,0,0,849,0,151,0,0,856,1,143,0,0,851,2,147,0,0,865,1,134,0,0,860,1,139,0,0,859,1,140,0,0,855,0,145,0,0,852,0,148,0,0,854,0,146,0,0,855,0,145,0,0,858,0,142,0,0,852,0,148,0,0,851,2,147,0,0,856,1,143,0,0,854,0,146,0,0,860,0,140,0,0,858,0,142,0,0,853,0,147,0,0,846,0,154,0,0,857,1,142,0,0,854,1,145,0,0,851,0,149,0,0,868,0,132,0,0,861,0,139,0,0,853,1,146,0,0,871,1,128,0,0,858,0,142,0,0,850,0,150,0,0,856,0,144,0,0,857,1,142,0,0
52,standard,0.1,857,2,141,0,0,853,2,145,0,0,857,1,142,0,0,857,1,142,0,0,859,1,140,0,0,853,1,146,0,0,853,2,145,0,0,854,1,145,0,0,865,1,134,0,0,850,2,148,0,0,856,1,143,0,0,845,1,154,0,0,856,3,141,0,0,856,0,144,0,0,862,0,138,0,0,858,1,141,0,0,853,1,146,0,0,845,3,152,0,0,855,1,144,0,0,858,1,141,0,0,849,0,151,0,0,856,1,143,0,0,851,1,148,0,0,865,1,134,0,0,860,1,139,0,0,859,0,141,0,0,855,0,145,0,0,852,0,148,0,0,853,1,146,0,0,855,0,145,0,0,858,0,142,0,0,852,0,148,0,0,851,2,147,0,0,856,1,143,0,0,854,0,146,0,0,860,0,140,0,0,858,0,142,0,0,853,0,147,0,0,846,0,154,0,0,857,1,142,0,0,854,0,146,0,0,851,0,149,0,0,867,1,132,0,0,861,0,139,0,0,853,1,146,0,0,871,1,128,0,0,858,0,142,0,0,850,0,150,0,0,856,0,144,0,0,857,1,142,0,0
53,standard,0.1,857,2,141,0,0,853,2,145,0,0,857,1,142,0,0,857,1,142,0,0,859,1,140,0,0,853,1,146,0,0,853,1,146,0,0,854,0,146,0,0,865,1,134,0,0,850,2,148,0,0,856,1,143,0,0,845,1,154,0,0,856,3,141,0,0,856,0,144,0,0,862,0,138,0,0,858,1,141,0,0,853,1,146,0,0,845,3,152,0,0,855,1,144,0,0,858,1,141,0,0,849,0,151,0,0,856,1,143,0,0,851,1,148,0,0,865,1,134,0,0,860,1,139,0,0,859,0,141,0,0,855,0,145,0,0,852,0,148,0,0,853,1,146,0,0,855,0,145,0,0,858,0,142,0,0,852,0,148,0,0,851,2,147,0,0,856,1,143,0,0,854,0,146,0,0,860,0,140,0,0,858,0,142,0,0,853,0,147,0,0,846,0,154,0,0,857,1,142,0,0,854,0,146,0,0,851,0,149,0,0,867,1,132,0,0,861,0,139,0,0,853,1,146,0,0,871,1,128,0,0,858,0,142,0,0,850,0,150,0,0,856,0,144,0,0,857,1,142,0,0
54,standard,0.1,857,2,141,0,0,852,3,145,0,0,857,1,142,0,0,857,1,142,0,0,859,1,140,0,0,853,0,147,0,0,853,1,146,0,0,854,0,146,0,0,865,1,134,0,0,850,2,148,0,0,856,1,143,0,0,845,0,155,0,0,856,3,141,0,0,856,0,144,0,0,862,0,138,0,0,858,0,142,0,0,853,1,146,0,0,845,2,153,0,0,855,1,144,0,0,858,1,141,0,0,849,0,151,0,0,856,1,143,0,0,851,0,149,0,0,865,1,134,0,0,860,1,139,0,0,859,0,141,0,0,855,0,145,0,0,852,0,148,0,0,853,1,146,0,0,855,0,145,0,0,858,0,142,0,0,852,0,148,0,0,851,2,147,0,0,856,1,143,0,0,854,0,146,0,0,860,0,140,0,0,858,0,142,0,0,853,0,147,0,0,846,0,154,0,0,857,1,142,0,0,854,0,146,0,0,851,0,149,0,0,867,1,132,0,0,861,0,139,0,0,853,1,146,0,0,871,1,128,0,0,858,0,142,0,0,850,0,150,0,0,856,0,144,0,0,857,1,142,0,0
55,standard,0.1,857,1,142,0,0,852,3,145,0,0,857,1,142,0,0,857,1,142,0,0,859,1,140,0,0,853,0,147,0,0,853,1,146,0,0,854,0,146,0,0,865,1,134,0,0,850,2,148,0,0,856,1,143,0,0,845,0,155,0,0,856,3,141,0,0,856,0,144,0,0,862,0,138,0,0,858,0,142,0,0,853,1,146,0,0,845,1,154,0,0,855,0,145,0,0,858,1,141,0,0,849,0,151,0,0,856,1,143,0,0,851,0,149,0,0,865,1,134,0,0,860,1,139,0,0,859,0,141,0,0,855,0,145,0,0,852,0,148,0,0,853,1,146,0,0,855,0,145,0,0,858,0,142,0,0,852,0,148,0,0,851,2,147,0,0,856,1,143,0,0,854,0,146,0,0,860,0,140,0,0,858,0,142,0,0,853,0,147,0,0,846,0,154,0,0,857,1,142,0,0,854,0,146,0,0,851,0,149,0,0,867,1,132,0,0,861,0,139,0,0,853,1,146,0,0,871,0,129,0,0,858,0,142,0,0,850,0,150,0,0,856,0,144,0,0,857,1,142,0,0
56,standard,0.1,857,1,142,0,0,852,3,145,0,0,857,1,142,0,0,857,1,142,0,0,858,2,140,0,0,853,0,147,0,0,853,1,146,0,0,854,0,146,0,0,865,1,134,0,0,850,2,148,0,0,856,0,144,0,0,845,0,155,0,0,856,3,141,0,0,856,0,144,0,0,862,0,138,0,0,858,0,142,0,0,853,1,146,0,0,845,0,155,0,0,854,1,145,0,0,858,1,141,0,0,849,0,151,0,0,856,1,143,0,0,850,1,149,0,0,865,1,134,0,0,860,1,139,0,0,859,0,141,0,0,855,0,145,0,0,852,0,148,0,0,853,1,146,0,0,855,0,145,0,0,858,0,142,0,0,852,0,148,0,0,851,2,147,0,0,856,1,143,0,0,854,0,146,0,0,860,0,140,0,0,858,0,142,0,0,853,0,147,0,0,846,0,154,0,0,857,1,142,0,0,854,0,146,0,0,851,0,149,0,0,867,1,132,0,0,861,0,139,0,0,853,1,146,0,0,871,0,129,0,0,858,0,142,0,0,850,0,150,0,0,856,0,144,0,0,857,1,142,0,0
57,standard,0.1,857,0,143,0,0,852,3,145,0,0,857,1,142,0,0,857,0,143,0,0,858,2,140,0,0,853,0,147,0,0,853,1,146,0,0,854,0,146,0,0,865,0,135,0,0,850,2,148,0,0,856,0,144,0,0,845,0,155,0,0,856,3,141,0,0,856,0,144,0,0,862,0,138,0,0,858,0,142,0,0,853,1,146,0,0,845,0,155,0,0,854,1,145,0,0,858,0,142,0,0,849,0,151,0,0,856,1,143,0,0,849,2,149,0,0,865,1,134,0,0,860,1,139,0,0,859,0,141,0,0,855,0,145,0,0,852,0,148,0,0,853,1,146,0,0,855,0,145,0,0,858,0,142,0,0,852,0,148,0,0,851,2,147,0,0,855,2,143,0,0,854,0,146,0,0,860,0,140,0,0,858,0,142,0,0,853,0,147,0,0,846,0,154,0,0,857,0,143,0,0,854,0,146,0,0,851,0,149,0,0,867,1,132,0,0,861,0,139,0,0,853,1,146,0,0,871,0,129,0,0,858,0,142,0,0,850,0,150,0,0,856,0,144,0,0,857,1,142,0,0
58,standard,0.1,857,0,143,0,0,851,4,145,0,0,857,1,142,0,0,857,0,143,0,0,858,1,141,0,0,853,0,147,0,0,853,1,146,0,0,854,0,146,0,0,865,0,135,0,0,850,1,149,0,0,856,0,144,0,0,845,0,155,0,0,856,3,141,0,0,856,0,144,0,0,862,0,138,0,0,858,0,142,0,0,853,0,147,0,0,845,0,155,0,0,854,1,145,0,0,858,0,142,0,0,849,0,151,0,0,856,1,143,0,0,849,2,149,0,0,865,0,135,0,0,860,1,139,0,0,859,0,141,0,0,855,0,145,0,0,852,0,148,0,0,853,1,146,0,0,855,0,145,0,0,858,0,142,0,0,852,0,148,0,0,851,2,147,0,0,855,2,143,0,0,854,0,146,0,0,860,0,140,0,0,858,0,142,0,0,853,0,147,0,0,845,1,154,0,0,857,0,143,0,0,854,0,146,0,0,851,0,149,0,0,867,1,132,0,0,861,0,139,0,0,853,1,146,0,0,871,0,129,0,0,858,0,142,0,0,850,0,150,0,0,854,2,144,0,0,857,1,142,0,0
59,standard,0.1,857,0,143,0,0,851,4,145,0,0,857,1,142,0,0,857,0,143,0,0,858,1,141,0,0,853,0,147,0,0,853,1,146,0,0,853,1,146,0,0,865,0,135,0,0,850,1,149,0,0,856,0,144,0,0,845,0,155,0,0,856,3,141,0,0,856,0,144,0,0,862,0,138,0,0,858,0,142,0,0,853,0,147,0,0,845,0,155,0,0,854,1,145,0,0,858,0,142,0,0,849,0,151,0,0,856,1,143,0,0,849,2,149,0,0,865,0,135,0,0,860,1,139,0,0,859,0,141,0,0,855,0,145,0,0,852,0,148,0,0,853,1,146,0,0,855,0,145,0,0,858,0,142,0,0,852,0,148,0,0,851,2,147,0,0,855,2,143,0,0,854,0,146,0,0,860,0,140,0,0,858,0,142,0,0,853,0,147,0,0,845,1,154,0,0,857,0,143,0,0,854,0,146,0,0,851,0,149,0,0,867,1,132,0,0,861,0,139,0,0,853,1,146,0,0,871,0,129,0,0,858,0,142,0,0,850,0,150,0,0,854,2,144,0,0,855,2,143,0,0
60,standard,0.1,857,0,143,0,0,851,4,145,0,0,857,1,142,0,0,857,0,143,0,0,858,1,141,0,0,853,0,147,0,0,852,2,146,0,0,853,1,146,0,0,865,0,135,0,0,849,2,149,0,0,856,0,144,0,0,845,0,155,0,0,856,3,141,0,0,856,0,144,0,0,862,0,138,0,0,858,0,142,0,0,853,0,147,0,0,845,0,155,0,0,854,1,145,0,0,858,0,142,0,0,849,0,151,0,0,856,1,143,0,0,849,2,149,0,0,865,0,135,0,0,860,1,139,0,0,859,0,141,0,0,855,0,145,0,0,852,0,148,0,0,853,1,146,0,0,854,1,145,0,0,858,0,142,0,0,852,0,148,0,0,850,2,148,0,0,855,2,143,0,0,854,0,146,0,0,860,0,140,0,0,858,0,142,0,0,853,0,147,0,0,845,1,154,0,0,857,0,143,0,0,854,0,146,0,0,851,0,149,0,0,867,1,132,0,0,861,0,139,0,0,853,0,147,0,0,871,0,129,0,0,858,0,142,0,0,850,0,150,0,0,853,3,144,0,0,855,2,143,0,0
61,standard,0.1,857,0,143,0,0,850,4,146,0,0,857,0,143,0,0,857,0,143,0,0,858,1,141,0,0,853,0,147,0,0,852,2,146,0,0,853,1,146,0,0,865,0,135,0,0,849,1,150,0,0,856,0,144,0,0,845,0,155,0,0,856,1,143,0,0,856,0,144,0,0,862,0,138,0,0,858,0,142,0,0,853,0,147,0,0,845,0,155,0,0,854,1,145,0,0,858,0,142,0,0,849,0,151,0,0,856,0,144,0,0,849,2,149,0,0,865,0,135,0,0,860,1,139,0,0,859,0,141,0,0,855,0,145,0,0,852,0,148,0,0,853,1,146,0,0,854,1,145,0,0,858,0,142,0,0,852,0,148,0,0,850,1,149,0,0,855,1,144,0,0,854,0,146,0,0,860,0,140,0,0,858,0,142,0,0,853,0,147,0,0,845,1,154,0,0,857,0,143,0,0,854,0,146,0,0,851,0,149,0,0,867,1,132,0,0,861,0,139,0,0,853,0,147,0,0,871,0,129,0,0,858,0,142,0,0,850,0,150,0,0,853,3,144,0,0,855,2,143,0,0
62,standard,0.1,857,0,143,0,0,850,4,146,0,0,857,0,143,0,0,857,0,143,0,0,858,1,141,0,0,853,0,147,0,0,852,2,146,0,0,853,1,146,0,0,865,0,135,0,0,849,1,150,0,0,856,0,144,0,0,845,0,155,0,0,856,0,144,0,0,856,0,144,0,0,862,0,138,0,0,858,0,142,0,0,853,0,147,0,0,845,0,155,0,0,854,1,145,0,0,858,0,142,0,0,849,0,151,0,0,856,0,144,0,0,849,2,149,0,0,865,0,135,0,0,860,1,139,0,0,859,0,141,0,0,855,0,145,0,0,852,0,148,0,0,853,1,146,0,0,854,1,145,0,0,858,0,142,0,0,852,0,148,0,0,850,1,149,0,0,855,1,144,0,0,854,0,146,0,0,860,0,140,0,0,858,0,142,0,0,853,0,147,0,0,845,1,154,0,0,857,0,143,0,0,854,0,146,0,0,851,0,149,0,0,867,1,132,0,0,860,1,139,0,0,852,1,147,0,0,871,0,129,0,0,858,0,142,0,0,850,0,150,0,0,853,3,144,0,0,855,2,143,0,0
63,standard,0.1,857,0,143,0,0,850,4,146,0,0,857,0,143,0,0,857,0,143,0,0,858,1,141,0,0,853,0,147,0,0,852,1,147,0,0,853,1,146,0,0,865,0,135,0,0,849,1,150,0,0,856,0,144,0,0,845,0,155,0,0,856,0,144,0,0,856,0,144,0,0,862,0,138,0,0,858,0,142,0,0,853,0,147,0,0,845,0,155,0,0,854,1,145,0,0,858,0,142,0,0,849,0,151,0,0,856,0,144,0,0,848,3,149,0,0,865,0,135,0,0,860,1,139,0,0,859,0,141,0,0,855,0,145,0,0,852,0,148,0,0,853,1,146,0,0,854,1,145,0,0,858,0,142,0,0,852,0,148,0,0,850,1,149,0,0,855,1,144,0,0,854,0,146,0,0,860,0,140,0,0,858,0,142,0,0,853,0,147,0,0,845,1,154,0,0,857,0,143,0,0,854,0,146,0,0,851,0,149,0,0,867,1,132,0,0,860,1,139,0,0,852,1,147,0,0,871,0,129,0,0,858,0,142,0,0,850,0,150,0,0,853,3,144,0,0,854,3,143,0,0
64,standard,0.1,857,0,143,0,0,850,4,146,0,0,857,0,143,0,0,857,0,143,0,0,858,1,141,0,0,853,0,147,0,0,852,1,147,0,0,853,1,146,0,0,865,0,135,0,0,849,1,150,0,0,856,0,144,0,0,845,0,155,0,0,856,0,144,0,0,855,1,144,0,0,862,0,138,0,0,857,1,142,0,0,853,0,147,0,0,845,0,155,0,0,854,1,145,0,0,858,0,142,0,0,849,0,151,0,0,856,0,144,0,0,848,3,149,0,0,864,1,135,0,0,860,0,140,0,0,859,0,141,0,0,855,0,145,0,0,852,0,148,0,0,852,2,146,0,0,854,1,145,0,0,858,0,142,0,0,852,0,148,0,0,849,2,149,0,0,855,1,144,0,0,854,0,146,0,0,860,0,140,0,0,858,0,142,0,0,853,0,147,0,0,845,1,154,0,0,857,0,143,0,0,854,0,146,0,0,851,0,149,0,0,867,1,132,0,0,860,1,139,0,0,852,1,147,0,0,871,0,129,0,0,858,0,142,0,0,850,0,150,0,0,853,3,144,0,0,854,3,143,0,0
65,standard,0.1,857,0,143,0,0,850,3,147,0,0,856,1,143,0,0,857,0,143,0,0,858,1,141,0,0,853,0,147,0,0,852,1,147,0,0,853,1,146,0,0,865,0,135,0,0,849,1,150,0,0,856,0,144,0,0,845,0,155,0,0,856,0,144,0,0,855,1,144,0,0,862,0,138,0,0,857,1,142,0,0,853,0,147,0,0,845,0,155,0,0,854,1,145,0,0,858,0,142,0,0,849,0,151,0,0,856,0,144,0,0,848,3,149,0,0,864,1,135,0,0,860,0,140,0,0,858,1,141,0,0,855,0,145,0,0,852,0,148,0,0,852,1,147,0,0,854,1,145,0,0,858,0,142,0,0,852,0,148,0,0,849,2,149,0,0,855,1,144,0,0,854,0,146,0,0,860,0,140,0,0,858,0,142,0,0,853,0,147,0,0,845,1,154,0,0,857,0,143,0,0,854,0,146,0,0,851,0,149,0,0,867,0,133,0,0,860,1,139,0,0,852,1,147,0,0,871,0,129,0,0,858,0,142,0,0,850,0,150,0,0,853,3,144,0,0,854,3,143,0,0
66,standard,0.1,857,0,143,0,0,850,3,147,0,0,856,1,143,0,0,857,0,143,0,0,858,1,141,0,0,853,0,147,0,0,852,1,147,0,0,853,1,146,0,0,865,0,135,0,0,849,1,150,0,0,856,0,144,0,0,845,0,155,0,0,856,0,144,0,0,855,1,144,0,0,862,0,138,0,0,857,1,142,0,0,853,0,147,0,0,845,0,155,0,0,854,1,145,0,0,858,0,142,0,0,849,0,151,0,0,856,0,144,0,0,848,3,149,0,0,864,1,135,0,0,860,0,140,0,0,858,1,141,0,0,855,0,145,0,0,852,0,148,0,0,852,1,147,0,0,854,1,145,0,0,858,0,142,0,0,852,0,148,0,0,849,2,149,0,0,855,1,144,0,0,854,0,146,0,0,860,0,140,0,0,858,0,142,0,0,853,0,147,0,0,845,1,154,0,0,857,0,143,0,0,854,0,146,0,0,851,0,149,0,0,867,0,133,0,0,860,1,139,0,0,852,1,147,0,0,871,0,129,0,0,858,0,142,0,0,850,0,150,0,0,853,3,144,0,0,854,3,143,0,0
67,standard,0.1,857,0,143,0,0,850,2,148,0,0,856,1,143,0,0,857,0,143,0,0,858,1,141,0,0,853,0,147,0,0,852,1,147,0,0,853,1,146,0,0,865,0,135,0,0,849,1,150,0,0,856,0,144,0,0,845,0,155,0,0,856,0,144,0,0,855,1,144,0,0,862,0,138,0,0,857,1,142,0,0,853,0,147,0,0,845,0,155,0,0,854,1,145,0,0,858,0,142,0,0,849,0,151,0,0,856,0,144,0,0,848,3,149,0,0,864,1,135,0,0,860,0,140,0,0,858,1,141,0,0,855,0,145,0,0,852,0,148,0,0,852,1,147,0,0,854,1,145,0,0,858,0,142,0,0,852,0,148,0,0,849,2,149,0,0,855,1,144,0,0,854,0,146,0,0,860,0,140,0,0,858,0,142,0,0,853,0,147,0,0,845,1,154,0,0,857,0,143,0,0,854,0,146,0,0,851,0,149,0,0,867,0,133,0,0,860,1,139,0,0,852,1,147,0,0,870,1,129,0,0,858,0,142,0,0,850,0,150,0,0,853,3,144,0,0,854,3,143,0,0
68,standard,0.1,857,0,143,0,0,850,2,148,0,0,856,1,143,0,0,857,0,143,0,0,858,1,141,0,0,853,0,147,0,0,852,1,147,0,0,853,1,146,0,0,865,0,135,0,0,849,1,150,0,0,856,0,144,0,0,845,0,155,0,0,856,0,144,0,0,855,1,144,0,0,862,0,138,0,0,857,1,142,0,0,853,0,147,0,0,845,0,155,0,0,854,1,145,0,0,858,0,142,0,0,849,0,151,0,0,856,0,144,0,0,848,3,149,0,0,863,2,135,0,0,860,0,140,0,0,858,1,141,0,0,855,0,145,0,0,852,0,148,0,0,852,1,147,0,0,854,1,145,0,0,858,0,142,0,0,852,0,148,0,0,849,2,149,0,0,855,1,144,0,0,854,0,146,0,0,860,0,140,0,0,858,0,142,0,0,853,0,147,0,0,845,1,154,0,0,857,0,143,0,0,854,0,146,0,0,851,0,149,0,0,867,0,133,0,0,860,1,139,0,0,852,1,147,0,0,870,1,129,0,0,858,0,142,0,0,850,0,150,0,0,853,3,144,0,0,854,3,143,0,0
69,standard,0.1,857,0,143,0,0,850,2,148,0,0,856,1,143,0,0,857,0,143,0,0,858,0,142,0,0,853,0,147,0,0,852,1,147,0,0,853,1,146,0,0,865,0,135,0,0,849,1,150,0,0,856,0,144,0,0,845,0,155,0,0,856,0,144,0,0,855,1,144,0,0,862,0,138,0,0,857,1,142,0,0,853,0,147,0,0,845,0,155,0,0,854,0,146,0,0,858,0,142,0,0,848,1,151,0,0,856,0,144,0,0,848,2,150,0,0,863,2,135,0,0,860,0,140,0,0,857,2,141,0,0,855,0,145,0,0,852,0,148,0,0,851,2,147,0,0,854,1,145,0,0,858,0,142,0,0,852,0,148,0,0,849,2,149,0,0,855,1,144,0,0,854,0,146,0,0,860,0,140,0,0,858,0,142,0,0,853,0,147,0,0,845,1,154,0,0,857,0,143,0,0,854,0,146,0,0,851,0,149,0,0,867,0,133,0,0,860,1,139,0,0,852,1,147,0,0,870,1,129,0,0,858,0,142,0,0,850,0,150,0,0,853,3,144,0,0,854,3,143,0,0
70,standard,0.1,857,0,143,0,0,850,2,148,0,0,856,1,143,0,0,857,0,143,0,0,858,0,142,0,0,853,0,147,0,0,852,1,147,0,0,853,1,146,0,0,865,0,135,0,0,849,1,150,0,0,856,0,144,0,0,845,0,155,0,0,856,0,144,0,0,854,2,144,0,0,862,0,138,0,0,857,1,142,0,0,853,0,147,0,0,845,0,155,0,0,854,0,146,0,0,858,0,142,0,0,848,1,151,0,0,856,0,144,0,0,848,1,151,0,0,863,2,135,0,0,860,0,140,0,0,857,2,141,0,0,855,0,145,0,0,852,0,148,0,0,850,3,147,0,0,854,1,145,0,0,858,0,142,0,0,852,0,148,0,0,849,2,149,0,0,854,1,145,0,0,854,0,146,0,0,860,0,140,0,0,858,0,142,0,0,853,0,147,0,0,845,1,154,0,0,857,0,143,0,0,854,0,146,0,0,851,0,149,0,0,867,0,133,0,0,860,1,139,0,0,852,1,147,0,0,870,1,129,0,0,858,0,142,0,0,850,0,150,0,0,853,3,144,0,0,854,3,143,0,0
71,standard,0.1,857,0,143,0,0,850,1,149,0,0,856,1,143,0,0,857,0,143,0,0,857,1,142,0,0,853,0,147,0,0,852,1,147,0,0,853,1,146,0,0,865,0,135,0,0,849,1,150,0,0,856,0,144,0,0,845,0,155,0,0,856,0,144,0,0,854,2,144,0,0,862,0,138,0,0,857,1,142,0,0,853,0,147,0,0,845,0,155,0,0,854,0,146,0,0,858,0,142,0,0,848,1,151,0,0,856,0,144,0,0,848,1,151,0,0,863,2,135,0,0,860,0,140,0,0,857,2,141,0,0,855,0,145,0,0,852,0,148,0,0,850,3,147,0,0,854,1,145,0,0,858,0,142,0,0,852,0,148,0,0,849,2,149,0,0,854,1,145,0,0,854,0,146,0,0,860,0,140,0,0,858,0,142,0,0,853,0,147,0,0,845,0,155,0,0,857,0,143,0,0,854,0,146,0,0,851,0,149,0,0,867,0,133,0,0,860,1,139,0,0,852,1,147,0,0,870,1,129,0,0,858,0,142,0,0,850,0,150,0,0,853,1,146,0,0,854,3,143,0,0
72,standard,0.1,857,0,143,0,0,850,1,149,0,0,856,1,143,0,0,857,0,143,0,0,857,1,142,0,0,853,0,147,0,0,852,1,147,0,0,852,1,147,0,0,865,0,135,0,0,849,1,150,0,0,856,0,144,0,0,845,0,155,0,0,856,0,144,0,0,854,2,144,0,0,862,0,138,0,0,856,2,142,0,0,853,0,147,0,0,845,0,155,0,0,854,0,146,0,0,858,0,142,0,0,848,1,151,0,0,856,0,144,0,0,848,1,151,0,0,863,2,135,0,0,860,0,140,0,0,857,2,141,0,0,854,1,145,0,0,852,0,148,0,0,850,3,147,0,0,854,1,145,0,0,858,0,142,0,0,852,0,148,0,0,849,2,149,0,0,854,1,145,0,0,854,0,146,0,0,860,0,140,0,0,858,0,142,0,0,853,0,147,0,0,845,0,155,0,0,857,0,143,0,0,854,0,146,0,0,851,0,149,0,0,867,0,133,0,0,860,1,139,0,0,852,1,147,0,0,870,1,129,0,0,858,0,142,0,0,850,0,150,0,0,853,1,146,0,0,854,1,145,0,0
73,standard,0.1,857,0,143,0,0,850,1,149,0,0,856,1,143,0,0,857,0,143,0,0,857,1,142,0,0,853,0,147,0,0,852,0,148,0,0,851,2,147,0,0,865,0,135,0,0,849,0,151,0,0,856,0,144,0,0,845,0,155,0,0,856,0,144,0,0,854,2,144,0,0,862,0,138,0,0,856,2,142,0,0,853,0,147,0,0,845,0,155,0,0,854,0,146,0,0,858,0,142,0,0,848,1,151,0,0,856,0,144,0,0,848,1,151,0,0,862,3,135,0,0,860,0,140,0,0,857,2,141,0,0,854,1,145,0,0,852,0,148,0,0,850,3,147,0,0,854,0,146,0,0,858,0,142,0,0,852,0,148,0,0,849,1,150,0,0,854,1,145,0,0,854,0,146,0,0,860,0,140,0,0,858,0,142,0,0,853,0,147,0,0,845,0,155,0,0,857,0,143,0,0,854,0,146,0,0,851,0,149,0,0,867,0,133,0,0,860,1,139,0,0,852,1,147,0,0,870,1,129,0,0,858,0,142,0,0,850,0,150,0,0,853,0,147,0,0,854,1,145,0,0
74,standard,0.1,857,0,143,0,0,850,0,150,0,0,856,1,143,0,0,857,0,143,0,0,857,1,142,0,0,853,0,147,0,0,852,0,148,0,0,851,2,147,0,0,865,0,135,0,0,849,0,151,0,0,856,0,144,0,0,845,0,155,0,0,856,0,144,0,0,854,2,144,0,0,862,0,138,0,0,856,2,142,0,0,853,0,147,0,0,845,0,155,0,0,854,0,146,0,0,858,0,142,0,0,848,1,151,0,0,856,0,144,0,0,848,1,151,0,0,862,3,135,0,0,860,0,140,0,0,857,2,141,0,0,854,1,145,0,0,852,0,148,0,0,850,3,147,0,0,854,0,146,0,0,858,0,142,0,0,852,0,148,0,0,849,1,150,0,0,853,2,145,0,0,854,0,146,0,0,860,0,140,0,0,858,0,142,0,0,853,0,147,0,0,845,0,155,0,0,857,0,143,0,0,854,0,146,0,0,851,0,149,0,0,867,0,133,0,0,860,1,139,0,0,852,1,147,0,0,869,2,129,0,0,857,1,142,0,0,850,0,150,0,0,853,0,147,0,0,854,1,145,0,0
75,standard,0.1,857,0,143,0,0,850,0,150,0,0,856,1,143,0,0,857,0,143,0,0,857,1,142,0,0,853,0,147,0,0,852,0,148,0,0,850,3,147,0,0,865,0,135,0,0,849,0,151,0,0,856,0,144,0,0,845,0,155,0,0,855,1,144,0,0,854,2,144,0,0,862,0,138,0,0,856,2,142,0,0,853,0,147,0,0,845,0,155,0,0,854,0,146,0,0,858,0,142,0,0,848,1,151,0,0,856,0,144,0,0,848,1,151,0,0,862,3,135,0,0,859,1,140,0,0,857,2,141,0,0,854,1,145,0,0,852,0,148,0,0,850,3,147,0,0,854,0,146,0,0,858,0,142,0,0,852,0,148,0,0,849,1,150,0,0,853,2,145,0,0,854,0,146,0,0,860,0,140,0,0,858,0,142,0,0,853,0,147,0,0,845,0,155,0,0,857,0,143,0,0,854,0,146,0,0,850,1,149,0,0,867,0,133,0,0,860,0,140,0,0,852,0,148,0,0,869,2,129,0,0,857,1,142,0,0,850,0,150,0,0,853,0,147,0,0,854,1,145,0,0
76,standard,0.1,857,0,143,0,0,850,0,150,0,0,856,1,143,0,0,857,0,143,0,0,857,1,142,0,0,853,0,147,0,0,852,0,148,0,0,850,3,147,0,0,865,0,135,0,0,849,0,151,0,0,856,0,144,0,0,845,0,155,0,0,855,1,144,0,0,854,2,144,0,0,862,0,138,0,0,856,2,142,0,0,853,0,147,0,0,845,0,155,0,0,854,0,146,0,0,858,0,142,0,0,848,1,151,0,0,856,0,144,0,0,848,0,152,0,0,862,3,135,0,0,859,1,140,0,0,857,2,141,0,0,854,1,145,0,0,852,0,148,0,0,850,3,147,0,0,854,0,146,0,0,858,0,142,0,0,852,0,148,0,0,849,1,150,0,0,853,2,145,0,0,854,0,146,0,0,860,0,140,0,0,858,0,142,0,0,853,0,147,0,0,845,0,155,0,0,857,0,143,0,0,854,0,146,0,0,850,1,149,0,0,867,0,133,0,0,859,1,140,0,0,852,0,148,0,0,869,2,129,0,0,857,1,142,0,0,850,0,150,0,0,853,0,147,0,0,854,0,146,0,0
77,standard,0.1,857,0,143,0,0,850,0,150,0,0,856,1,143,0,0,857,0,143,0,0,857,1,142,0,0,853,0,147,0,0,852,0,148,0,0,850,3,147,0,0,865,0,135,0,0,849,0,151,0,0,856,0,144,0,0,845,0,155,0,0,855,1,144,0,0,854,1,145,0,0,862,0,138,0,0,856,1,143,0,0,853,0,147,0,0,845,0,155,0,0,854,0,146,0,0,858,0,142,0,0,848,1,151,0,0,856,0,144,0,0,848,0,152,0,0,862,2,136,0,0,859,1,140,0,0,857,2,141,0,0,854,1,145,0,0,852,0,148,0,0,850,2,148,0,0,854,0,146,0,0,858,0,142,0,0,852,0,148,0,0,849,0,151,0,0,853,2,145,0,0,854,0,146,0,0,860,0,140,0,0,858,0,142,0,0,853,0,147,0,0,845,0,155,0,0,857,0,143,0,0,854,0,146,0,0,850,1,149,0,0,867,0,133,0,0,859,1,140,0,0,852,0,148,0,0,869,2,129,0,0,857,1,142,0,0,850,0,150,0,0,853,0,147,0,0,854,0,146,0,0
78,standard,0.1,857,0,143,0,0,850,0,150,0,0,856,0,144,0,0,857,0,143,0,0,857,1,142,0,0,853,0,147,0,0,852,0,148,0,0,850,3,147,0,0,865,0,135,0,0,849,0,151,0,0,856,0,144,0,0,845,0,155,0,0,855,1,144,0,0,854,1,145,0,0,862,0,138,0,0,856,1,143,0,0,853,0,147,0,0,845,0,155,0,0,854,0,146,0,0,858,0,142,0,0,848,1,151,0,0,856,0,144,0,0,847,1,152,0,0,862,2,136,0,0,859,1,140,0,0,857,1,142,0,0,854,1,145,0,0,852,0,148,0,0,850,2,148,0,0,854,0,146,0,0,858,0,142,0,0,852,0,148,0,0,849,0,151,0,0,853,2,145,0,0,854,0,146,0,0,860,0,140,0,0,858,0,142,0,0,853,0,147,0,0,845,0,155,0,0,857,0,143,0,0,854,0,146,0,0,850,1,149,0,0,867,0,133,0,0,859,1,140,0,0,852,0,148,0,0,869,2,129,0,0,857,1,142,0,0,850,0,150,0,0,853,0,147,0,0,854,0,146,0,0
79,standard,0.1,857,0,143,0,0,850,0,150,0,0,856,0,144,0,0,857,0,143,0,0,857,1,142,0,0,853,0,147,0,0,852,0,148,0,0,850,3,147,0,0,865,0,135,0,0,849,0,151,0,0,856,0,144,0,0,845,0,155,0,0,855,1,144,0,0,854,1,145,0,0,862,0,138,0,0,856,1,143,0,0,853,0,147,0,0,844,1,155,0,0,854,0,146,0,0,858,0,142,0,0,848,1,151,0,0,856,0,144,0,0,847,1,152,0,0,862,2,136,0,0,859,1,140,0,0,857,1,142,0,0,854,1,145,0,0,852,0,148,0,0,850,2,148,0,0,854,0,146,0,0,858,0,142,0,0,852,0,148,0,0,849,0,151,0,0,853,2,145,0,0,854,0,146,0,0,860,0,140,0,0,858,0,142,0,0,853,0,147,0,0,845,0,155,0,0,857,0,143,0,0,854,0,146,0,0,850,1,149,0,0,867,0,133,0,0,859,1,140,0,0,852,0,148,0,0,869,2,129,0,0,857,1,142,0,0,850,0,150,0,0,853,0,147,0,0,854,0,146,0,0
80,standard,0.1,857,0,143,0,0,850,0,150,0,0,856,0,144,0,0,857,0,143,0,0,857,1,142,0,0,853,0,147,0,0,852,0,148,0,0,850,3,147,0,0,865,0,135,0,0,849,0,151,0,0,856,0,144,0,0,844,1,155,0,0,855,1,144,0,0,854,1,145,0,0,862,0,138,0,0,856,1,143,0,0,853,0,147,0,0,844,1,155,0,0,854,0,146,0,0,857,1,142,0,0,848,1,151,0,0,856,0,144,0,0,847,1,152,0,0,861,3,136,0,0,859,1,140,0,0,857,1,142,0,0,854,1,145,0,0,852,0,148,0,0,850,2,148,0,0,854,0,146,0,0,858,0,142,0,0,852,0,148,0,0,849,0,151,0,0,853,2,145,0,0,854,0,146,0,0,860,0,140,0,0,858,0,142,0,0,853,0,147,0,0,845,0,155,0,0,857,0,143,0,0,854,0,146,0,0,850,1,149,0,0,867,0,133,0,0,859,1,140,0,0,852,0,148,0,0,869,1,130,0,0,857,1,142,0,0,850,0,150,0,0,853,0,147,0,0,854,0,146,0,0
81,standard,0.1,857,0,143,0,0,850,0,150,0,0,856,0,144,0,0,857,0,143,0,0,857,1,142,0,0,853,0,147,0,0,852,0,148,0,0,850,3,147,0,0,865,0,135,0,0,849,0,151,0,0,856,0,144,0,0,844,1,155,0,0,855,1,144,0,0,854,1,145,0,0,862,0,138,0,0,856,1,143,0,0,853,0,147,0,0,844,1,155,0,0,854,0,146,0,0,856,2,142,0,0,848,1,151,0,0,856,0,144,0,0,847,1,152,0,0,861,2,137,0,0,859,1,140,0,0,857,1,142,0,0,854,1,145,0,0,852,0,148,0,0,850,2,148,0,0,854,0,146,0,0,858,0,142,0,0,852,0,148,0,0,849,0,151,0,0,853,2,145,0,0,854,0,146,0,0,860,0,140,0,0,858,0,142,0,0,853,0,147,0,0,845,0,155,0,0,857,0,143,0,0,854,0,146,0,0,850,1,149,0,0,867,0,133,0,0,858,2,140,0,0,852,0,148,0,0,868,2,130,0,0,857,1,142,0,0,850,0,150,0,0,853,0,147,0,0,854,0,146,0,0
82,standard,0.1,857,0,143,0,0,850,0,150,0,0,856,0,144,0,0,855,2,143,0,0,857,1,142,0,0,853,0,147,0,0,852,0,148,0,0,850,3,147,0,0,865,0,135,0,0,849,0,151,0,0,856,0,144,0,0,844,1,155,0,0,855,1,144,0,0,854,1,145,0,0,862,0,138,0,0,856,1,143,0,0,853,0,147,0,0,844,1,155,0,0,854,0,146,0,0,856,2,142,0,0,847,1,152,0,0,856,0,144,0,0,847,1,152,0,0,861,2,137,0,0,859,1,140,0,0,857,0,143,0,0,854,1,145,0,0,852,0,148,0,0,850,1,149,0,0,854,0,146,0,0,858,0,142,0,0,852,0,148,0,0,849,0,151,0,0,853,2,145,0,0,854,0,146,0,0,860,0,140,0,0,858,0,142,0,0,853,0,147,0,0,845,0,155,0,0,857,0,143,0,0,854,0,146,0,0,850,1,149,0,0,867,0,133,0,0,858,2,140,0,0,852,0,148,0,0,868,2,130,0,0,857,1,142,0,0,850,0,150,0,0,853,0,147,0,0,854,0,146,0,0
83,standard,0.1,857,0,143,0,0,850,0,150,0,0,856,0,144,0,0,854,3,143,0,0,856,2,142,0,0,853,0,147,0,0,852,0,148,0,0,850,3,147,0,0,865,0,135,0,0,849,0,151,0,0,856,0,144,0,0,844,1,155,0,0,855,1,144,0,0,854,0,146,0,0,861,1,138,0,0,856,1,143,0,0,853,0,147,0,0,844,1,155,0,0,854,0,146,0,0,856,2,142,0,0,847,1,152,0,0,856,0,144,0,0,847,1,152,0,0,861,2,137,0,0,859,1,140,0,0,857,0,143,0,0,853,2,145,0,0,852,0,148,0,0,850,0,150,0,0,854,0,146,0,0,858,0,142,0,0,852,0,148,0,0,849,0,151,0,0,853,1,146,0,0,854,0,146,0,0,860,0,140,0,0,858,0,142,0,0,853,0,147,0,0,845,0,155,0,0,857,0,143,0,0,854,0,146,0,0,850,1,149,0,0,867,0,133,0,0,858,2,140,0,0,852,0,148,0,0,868,2,130,0,0,857,1,142,0,0,850,0,150,0,0,853,0,147,0,0,854,0,146,0,0
84,standard,0.1,857,0,143,0,0,850,0,150,0,0,856,0,144,0,0,854,3,143,0,0,856,1,143,0,0,853,0,147,0,0,852,0,148,0,0,850,3,147,0,0,865,0,135,0,0,849,0,151,0,0,856,0,144,0,0,844,1,155,0,0,855,1,144,0,0,854,0,146,0,0,861,1,138,0,0,856,1,143,0,0,853,0,147,0,0,844,1,155,0,0,854,0,146,0,0,855,3,142,0,0,847,1,152,0,0,856,0,144,0,0,846,2,152,0,0,861,2,137,0,0,859,1,140,0,0,857,0,143,0,0,853,2,145,0,0,852,0,148,0,0,850,0,150,0,0,853,1,146,0,0,858,0,142,0,0,852,0,148,0,0,849,0,151,0,0,853,1,146,0,0,854,0,146,0,0,860,0,140,0,0,858,0,142,0,0,853,0,147,0,0,845,0,155,0,0,857,0,143,0,0,854,0,146,0,0,850,1,149,0,0,867,0,133,0,0,857,3,140,0,0,852,0,148,0,0,868,2,130,0,0,857,1,142,0,0,850,0,150,0,0,853,0,147,0,0,854,0,146,0,0
85,standard,0.1,857,0,143,0,0,850,0,150,0,0,856,0,144,0,0,854,3,143,0,0,856,1,143,0,0,853,0,147,0,0,852,0,148,0,0,850,2,148,0,0,865,0,135,0,0,849,0,151,0,0,856,0,144,0,0,844,1,155,0,0,854,2,144,0,0,854,0,146,0,0,861,1,138,0,0,856,0,144,0,0,853,0,147,0,0,844,1,155,0,0,854,0,146,0,0,855,3,142,0,0,847,1,152,0,0,856,0,144,0,0,846,2,152,0,0,861,2,137,0,0,859,1,140,0,0,857,0,143,0,0,853,1,146,0,0,852,0,148,0,0,850,0,150,0,0,853,1,146,0,0,858,0,142,0,0,852,0,148,0,0,849,0,151,0,0,852,2,146,0,0,854,0,146,0,0,860,0,140,0,0,857,1,142,0,0,853,0,147,0,0,845,0,155,0,0,857,0,143,0,0,854,0,146,0,0,850,1,149,0,0,867,0,133,0,0,857,3,140,0,0,852,0,148,0,0,868,2,130,0,0,857,1,142,0,0,850,0,150,0,0,853,0,147,0,0,854,0,146,0,0
86,standard,0.1,857,0,143,0,0,850,0,150,0,0,856,0,144,0,0,854,3,143,0,0,856,1,143,0,0,853,0,147,0,0,852,0,148,0,0,850,1,149,0,0,865,0,135,0,0,849,0,151,0,0,856,0,144,0,0,843,2,155,0,0,854,2,144,0,0,854,0,146,0,0,861,1,138,0,0,856,0,144,0,0,853,0,147,0,0,843,2,155,0,0,854,0,146,0,0,855,3,142,0,0,847,1,152,0,0,856,0,144,0,0,846,2,152,0,0,861,1,138,0,0,859,1,140,0,0,857,0,143,0,0,853,1,146,0,0,852,0,148,0,0,850,0,150,0,0,853,1,146,0,0,858,0,142,0,0,852,0,148,0,0,849,0,151,0,0,852,2,146,0,0,854,0,146,0,0,860,0,140,0,0,857,1,142,0,0,853,0,147,0,0,845,0,155,0,0,857,0,143,0,0,854,0,146,0,0,850,1,149,0,0,867,0,133,0,0,857,3,140,0,0,852,0,148,0,0,868,2,130,0,0,857,1,142,0,0,850,0,150,0,0,853,0,147,0,0,854,0,146,0,0
87,standard,0.1,857,0,143,0,0,850,0,150,0,0,856,0,144,0,0,854,3,143,0,0,856,1,143,0,0,853,0,147,0,0,852,0,148,0,0,850,1,149,0,0,865,0,135,0,0,849,0,151,0,0,856,0,144,0,0,843,2,155,0,0,854,2,144,0,0,854,0,146,0,0,861,1,138,0,0,856,0,144,0,0,853,0,147,0,0,843,2,155,0,0,854,0,146,0,0,855,3,142,0,0,847,1,152,0,0,856,0,144,0,0,846,2,152,0,0,861,1,138,0,0,859,1,140,0,0,857,0,143,0,0,852,2,146,0,0,852,0,148,0,0,850,0,150,0,0,853,1,146,0,0,858,0,142,0,0,852,0,148,0,0,849,0,151,0,0,852,1,147,0,0,854,0,146,0,0,860,0,140,0,0,857,1,142,0,0,853,0,147,0,0,845,0,155,0,0,857,0,143,0,0,854,0,146,0,0,850,1,149,0,0,867,0,133,0,0,857,3,140,0,0,852,0,148,0,0,868,1,131,0,0,857,0,143,0,0,850,0,150,0,0,853,0,147,0,0,854,0,146,0,0
88,standard,0.1,857,0,143,0,0,850,0,150,0,0,856,0,144,0,0,854,3,143,0,0,856,1,143,0,0,853,0,147,0,0,852,0,148,0,0,850,0,150,0,0,865,0,135,0,0,849,0,151,0,0,856,0,144,0,0,843,2,155,0,0,854,1,145,0,0,854,0,146,0,0,861,1,138,0,0,856,0,144,0,0,853,0,147,0,0,843,2,155,0,0,854,0,146,0,0,855,3,142,0,0,847,1,152,0,0,856,0,144,0,0,845,3,152,0,0,861,1,138,0,0,858,1,141,0,0,857,0,143,0,0,852,2,146,0,0,852,0,148,0,0,850,0,150,0,0,853,1,146,0,0,858,0,142,0,0,852,0,148,0,0,849,0,151,0,0,852,1,147,0,0,854,0,146,0,0,860,0,140,0,0,857,1,142,0,0,853,0,147,0,0,845,0,155,0,0,857,0,143,0,0,854,0,146,0,0,850,0,150,0,0,867,0,133,0,0,857,3,140,0,0,852,0,148,0,0,868,1,131,0,0,857,0,143,0,0,850,0,150,0,0,853,0,147,0,0,854,0,146,0,0
89,standard,0.1,857,0,143,0,0,850,0,150,0,0,856,0,144,0,0,854,3,143,0,0,856,1,143,0,0,853,0,147,0,0,852,0,148,0,0,850,0,150,0,0,865,0,135,0,0,849,0,151,0,0,856,0,144,0,0,843,2,155,0,0,854,1,145,0,0,854,0,146,0,0,861,1,138,0,0,856,0,144,0,0,853,0,147,0,0,843,2,155,0,0,854,0,146,0,0,855,3,142,0,0,847,1,152,0,0,856,0,144,0,0,845,3,152,0,0,861,1,138,0,0,858,1,141,0,0,857,0,143,0,0,852,2,146,0,0,852,0,148,0,0,850,0,150,0,0,853,1,146,0,0,858,0,142,0,0,852,0,148,0,0,849,0,151,0,0,852,1,147,0,0,854,0,146,0,0,860,0,140,0,0,856,2,142,0,0,853,0,147,0,0,845,0,155,0,0,857,0,143,0,0,854,0,146,0,0,850,0,150,0,0,867,0,133,0,0,857,2,141,0,0,852,0,148,0,0,868,1,131,0,0,857,0,143,0,0,850,0,150,0,0,853,0,147,0,0,854,0,146,0,0
90,standard,0.1,857,0,143,0,0,850,0,150,0,0,856,0,144,0,0,854,3,143,0,0,856,1,143,0,0,853,0,147,0,0,852,0,148,0,0,850,0,150,0,0,865,0,135,0,0,849,0,151,0,0,856,0,144,0,0,843,2,155,0,0,854,1,145,0,0,854,0,146,0,0,861,1,138,0,0,856,0,144,0,0,853,0,147,0,0,843,2,155,0,0,854,0,146,0,0,854,4,142,0,0,847,1,152,0,0,856,0,144,0,0,845,3,152,0,0,861,1,138,0,0,858,1,141,0,0,857,0,143,0,0,852,2,146,0,0,852,0,148,0,0,850,0,150,0,0,853,1,146,0,0,858,0,142,0,0,852,0,148,0,0,849,0,151,0,0,852,1,147,0,0,854,0,146,0,0,860,0,140,0,0,856,2,142,0,0,853,0,147,0,0,845,0,155,0,0,857,0,143,0,0,854,0,146,0,0,850,0,150,0,0,867,0,133,0,0,857,2,141,0,0,852,0,148,0,0,868,1,131,0,0,857,0,143,0,0,850,0,150,0,0,853,0,147,0,0,854,0,146,0,0
91,standard,0.1,857,0,143,0,0,850,0,150,0,0,856,0,144,0,0,854,3,143,0,0,856,1,143,0,0,853,0,147,0,0,852,0,148,0,0,850,0,150,0,0,865,0,135,0,0,849,0,151,0,0,856,0,144,0,0,842,3,155,0,0,854,1,145,0,0,854,0,146,0,0,861,1,138,0,0,856,0,144,0,0,852,1,147,0,0,843,2,155,0,0,854,0,146,0,0,854,4,142,0,0,847,1,152,0,0,856,0,144,0,0,845,2,153,0,0,861,1,138,0,0,858,1,141,0,0,857,0,143,0,0,852,2,146,0,0,852,0,148,0,0,850,0,150,0,0,853,1,146,0,0,858,0,142,0,0,852,0,148,0,0,849,0,151,0,0,852,1,147,0,0,854,0,146,0,0,860,0,140,0,0,856,2,142,0,0,853,0,147,0,0,845,0,155,0,0,857,0,143,0,0,854,0,146,0,0,850,0,150,0,0,867,0,133,0,0,857,2,141,0,0,852,0,148,0,0,868,1,131,0,0,857,0,143,0,0,850,0,150,0,0,853,0,147,0,0,854,0,146,0,0
92,standard,0.1,857,0,143,0,0,850,0,150,0,0,856,0,144,0,0,854,3,143,0,0,856,1,143,0,0,853,0,147,0,0,852,0,148,0,0,850,0,150,0,0,865,0,135,0,0,849,0,151,0,0,856,0,144,0,0,842,3,155,0,0,854,1,145,0,0,854,0,146,0,0,861,1,138,0,0,856,0,144,0,0,852,1,147,0,0,843,1,156,0,0,854,0,146,0,0,854,4,142,0,0,847,1,152,0,0,856,0,144,0,0,845,2,153,0,0,861,1,138,0,0,858,1,141,0,0,857,0,143,0,0,852,2,146,0,0,852,0,148,0,0,850,0,150,0,0,853,1,146,0,0,858,0,142,0,0,852,0,148,0,0,849,0,151,0,0,852,1,147,0,0,854,0,146,0,0,860,0,140,0,0,856,2,142,0,0,853,0,147,0,0,845,0,155,0,0,857,0,143,0,0,854,0,146,0,0,850,0,150,0,0,867,0,133,0,0,857,2,141,0,0,852,0,148,0,0,868,1,131,0,0,857,0,143,0,0,850,0,150,0,0,853,0,147,0,0,854,0,146,0,0
93,standard,0.1,857,0,143,0,0,850,0,150,0,0,856,0,144,0,0,854,3,143,0,0,856,1,143,0,0,853,0,147,0,0,852,0,148,0,0,850,0,150,0,0,865,0,135,0,0,849,0,151,0,0,856,0,144,0,0,842,2,156,0,0,854,1,145,0,0,854,0,146,0,0,861,1,138,0,0,856,0,144,0,0,852,1,147,0,0,843,1,156,0,0,854,0,146,0,0,854,3,143,0,0,847,1,152,0,0,856,0,144,0,0,845,2,153,0,0,861,0,139,0,0,858,1,141,0,0,856,1,143,0,0,852,2,146,0,0,852,0,148,0,0,850,0,150,0,0,853,1,146,0,0,858,0,142,0,0,852,0,148,0,0,849,0,151,0,0,852,1,147,0,0,854,0,146,0,0,860,0,140,0,0,856,2,142,0,0,853,0,147,0,0,845,0,155,0,0,857,0,143,0,0,854,0,146,0,0,850,0,150,0,0,867,0,133,0,0,857,2,141,0,0,852,0,148,0,0,868,1,131,0,0,857,0,143,0,0,850,0,150,0,0,853,0,147,0,0,854,0,146,0,0
94,standard,0.1,857,0,143,0,0,850,0,150,0,0,856,0,144,0,0,854,3,143,0,0,856,1,143,0,0,853,0,147,0,0,852,0,148,0,0,850,0,150,0,0,865,0,135,0,0,849,0,151,0,0,856,0,144,0,0,841,3,156,0,0,854,1,145,0,0,854,0,146,0,0,861,1,138,0,0,856,0,144,0,0,851,2,147,0,0,843,1,156,0,0,854,0,146,0,0,854,2,144,0,0,847,1,152,0,0,856,0,144,0,0,845,2,153,0,0,861,0,139,0,0,858,1,141,0,0,856,1,143,0,0,852,2,146,0,0,852,0,148,0,0,850,0,150,0,0,853,1,146,0,0,858,0,142,0,0,852,0,148,0,0,849,0,151,0,0,852,1,147,0,0,854,0,146,0,0,860,0,140,0,0,856,2,142,0,0,853,0,147,0,0,845,0,155,0,0,857,0,143,0,0,854,0,146,0,0,850,0,150,0,0,867,0,133,0,0,856,2,142,0,0,852,0,148,0,0,868,0,132,0,0,857,0,143,0,0,850,0,150,0,0,853,0,147,0,0,854,0,146,0,0
95,standard,0.1,857,0,143,0,0,850,0,150,0,0,856,0,144,0,0,854,1,145,0,0,856,1,143,0,0,853,0,147,0,0,852,0,148,0,0,850,0,150,0,0,865,0,135,0,0,849,0,151,0,0,856,0,144,0,0,841,3,156,0,0,854,1,145,0,0,854,0,146,0,0,861,1,138,0,0,856,0,144,0,0,851,2,147,0,0,843,1,156,0,0,854,0,146,0,0,854,2,144,0,0,847,0,153,0,0,856,0,144,0,0,845,2,153,0,0,861,0,139,0,0,858,1,141,0,0,856,1,143,0,0,852,2,146,0,0,852,0,148,0,0,850,0,150,0,0,853,1,146,0,0,858,0,142,0,0,852,0,148,0,0,849,0,151,0,0,852,1,147,0,0,854,0,146,0,0,860,0,140,0,0,856,2,142,0,0,853,0,147,0,0,845,0,155,0,0,857,0,143,0,0,854,0,146,0,0,850,0,150,0,0,867,0,133,0,0,856,2,142,0,0,852,0,148,0,0,868,0,132,0,0,857,0,143,0,0,850,0,150,0,0,853,0,147,0,0,854,0,146,0,0
96,standard,0.1,857,0,143,0,0,850,0,150,0,0,856,0,144,0,0,854,0,146,0,0,856,0,144,0,0,853,0,147,0,0,852,0,148,0,0,850,0,150,0,0,865,0,135,0,0,849,0,151,0,0,856,0,144,0,0,841,3,156,0,0,854,1,145,0,0,854,0,146,0,0,861,0,139,0,0,856,0,144,0,0,851,2,147,0,0,843,1,156,0,0,854,0,146,0,0,854,2,144,0,0,847,0,153,0,0,856,0,144,0,0,845,2,153,0,0,861,0,139,0,0,858,1,141,0,0,856,1,143,0,0,852,1,147,0,0,852,0,148,0,0,850,0,150,0,0,853,1,146,0,0,858,0,142,0,0,852,0,148,0,0,849,0,151,0,0,852,1,147,0,0,854,0,146,0,0,860,0,140,0,0,856,2,142,0,0,853,0,147,0,0,845,0,155,0,0,857,0,143,0,0,854,0,146,0,0,850,0,150,0,0,867,0,133,0,0,856,2,142,0,0,851,1,148,0,0,868,0,132,0,0,856,1,143,0,0,850,0,150,0,0,853,0,147,0,0,854,0,146,0,0
97,standard,0.1,857,0,143,0,0,850,0,150,0,0,856,0,144,0,0,854,0,146,0,0,856,0,144,0,0,853,0,147,0,0,852,0,148,0,0,850,0,150,0,0,865,0,135,0,0,849,0,151,0,0,856,0,144,0,0,841,3,156,0,0,854,1,145,0,0,854,0,146,0,0,861,0,139,0,0,856,0,144,0,0,850,3,147,0,0,843,1,156,0,0,854,0,146,0,0,854,1,145,0,0,847,0,153,0,0,856,0,144,0,0,845,1,154,0,0,861,0,139,0,0,858,1,141,0,0,856,1,143,0,0,852,1,147,0,0,852,0,148,0,0,850,0,150,0,0,853,0,147,0,0,858,0,142,0,0,852,0,148,0,0,849,0,151,0,0,852,1,147,0,0,854,0,146,0,0,860,0,140,0,0,856,2,142,0,0,853,0,147,0,0,845,0,155,0,0,857,0,143,0,0,854,0,146,0,0,850,0,150,0,0,867,0,133,0,0,856,1,143,0,0,851,1,148,0,0,868,0,132,0,0,856,1,143,0,0,850,0,150,0,0,853,0,147,0,0,854,0,146,0,0
98,standard,0.1,857,0,143,0,0,850,0,150,0,0,856,0,144,0,0,854,0,146,0,0,856,0,144,0,0,853,0,147,0,0,852,0,148,0,0,850,0,150,0,0,865,0,135,0,0,849,0,151,0,0,856,0,144,0,0,841,3,156,0,0,854,0,146,0,0,854,0,146,0,0,861,0,139,0,0,856,0,144,0,0,850,3,147,0,0,843,1,156,0,0,854,0,146,0,0,854,1,145,0,0,847,0,153,0,0,856,0,144,0,0,845,1,154,0,0,861,0,139,0,0,857,2,141,0,0,856,1,143,0,0,852,1,147,0,0,852,0,148,0,0,850,0,150,0,0,853,0,147,0,0,858,0,142,0,0,852,0,148,0,0,849,0,151,0,0,852,0,148,0,0,854,0,146,0,0,860,0,140,0,0,856,1,143,0,0,853,0,147,0,0,845,0,155,0,0,857,0,143,0,0,854,0,146,0,0,850,0,150,0,0,867,0,133,0,0,856,1,143,0,0,851,1,148,0,0,868,0,132,0,0,856,1,143,0,0,850,0,150,0,0,853,0,147,0,0,854,0,146,0,0
99,standard,0.1,857,0,143,0,0,850,0,150,0,0,856,0,144,0,0,854,0,146,0,0,856,0,144,0,0,853,0,147,0,0,852,0,148,0,0,850,0,150,0,0,865,0,135,0,0,849,0,151,0,0,856,0,144,0,0,841,2,157,0,0,854,0,146,0,0,854,0,146,0,0,861,0,139,0,0,856,0,144,0,0,850,3,147,0,0,843,0,157,0,0,854,0,146,0,0,854,1,145,0,0,847,0,153,0,0,856,0,144,0,0,845,1,154,0,0,861,0,139,0,0,857,2,141,0,0,856,1,143,0,0,852,1,147,0,0,852,0,148,0,0,850,0,150,0,0,853,0,147,0,0,858,0,142,0,0,852,0,148,0,0,849,0,151,0,0,852,0,148,0,0,854,0,146,0,0,860,0,140,0,0,856,1,143,0,0,853,0,147,0,0,845,0,155,0,0,857,0,143,0,0,854,0,146,0,0,850,0,150,0,0,866,1,133,0,0,856,1,143,0,0,851,1,148,0,0,868,0,132,0,0,856,1,143,0,0,850,0,150,0,0,853,0,147,0,0,854,0,146,0,0
100,standard,0.1,857,0,143,0,0,850,0,150,0,0,856,0,144,0,0,854,0,146,0,0,856,0,144,0,0,853,0,147,0,0,852,0,148,0,0,850,0,150,0,0,865,0,135,0,0,849,0,151,0,0,856,0,144,0,0,841,2,157,0,0,854,0,146,0,0,854,0,146,0,0,861,0,139,0,0,856,0,144,0,0,850,3,147,0,0,843,0,157,0,0,854,0,146,0,0,854,1,145,0,0,846,1,153,0,0,856,0,144,0,0,845,1,154,0,0,861,0,139,0,0,856,3,141,0,0,856,1,143,0,0,852,0,148,0,0,852,0,148,0,0,850,0,150,0,0,853,0,147,0,0,858,0,142,0,0,852,0,148,0,0,849,0,151,0,0,852,0,148,0,0,854,0,146,0,0,860,0,140,0,0,856,1,143,0,0,853,0,147,0,0,845,0,155,0,0,857,0,143,0,0,854,0,146,0,0,850,0,150,0,0,866,1,133,0,0,856,1,143,0,0,851,1,148,0,0,868,0,132,0,0,856,1,143,0,0,850,0,150,0,0,853,0,147,0,0,854,0,146,0,0
101,standard,0.1,857,0,143,0,0,850,0,150,0,0,856,0,144,0,0,854,0,146,0,0,856,0,144,0,0,853,0,147,0,0,852,0,148,0,0,850,0,150,0,0,865,0,135,0,0,849,0,151,0,0,856,0,144,0,0,841,2,157,0,0,854,0,146,0,0,854,0,146,0,0,861,0,139,0,0,856,0,144,0,0,850,3,147,0,0,843,0,157,0,0,854,0,146,0,0,854,1,145,0,0,846,1,153,0,0,856,0,144,0,0,845,0,155,0,0,861,0,139,0,0,856,2,142,0,0,855,2,143,0,0,852,0,148,0,0,852,0,148,0,0,850,0,150,0,0,853,0,147,0,0,858,0,142,0,0,852,0,148,0,0,849,0,151,0,0,852,0,148,0,0,854,0,146,0,0,860,0,140,0,0,856,1,143,0,0,853,0,147,0,0,845,0,155,0,0,857,0,143,0,0,854,0,146,0,0,850,0,150,0,0,866,1,133,0,0,856,1,143,0,0,851,1,148,0,0,868,0,132,0,0,856,1,143,0,0,850,0,150,0,0,853,0,147,0,0,854,0,146,0,0
102,standard,0.1,857,0,143,0,0,850,0,150,0,0,856,0,144,0,0,854,0,146,0,0,856,0,144,0,0,853,0,147,0,0,852,0,148,0,0,850,0,150,0,0,865,0,135,0,0,849,0,151,0,0,856,0,144,0,0,841,2,157,0,0,854,0,146,0,0,854,0,146,0,0,861,0,139,0,0,856,0,144,0,0,850,3,147,0,0,843,0,157,0,0,854,0,146,0,0,853,2,145,0,0,846,1,153,0,0,856,0,144,0,0,844,1,155,0,0,861,0,139,0,0,856,2,142,0,0,855,2,143,0,0,852,0,148,0,0,852,0,148,0,0,850,0,150,0,0,853,0,147,0,0,858,0,142,0,0,852,0,148,0,0,849,0,151,0,0,852,0,148,0,0,854,0,146,0,0,860,0,140,0,0,856,0,144,0,0,853,0,147,0,0,845,0,155,0,0,857,0,143,0,0,854,0,146,0,0,850,0,150,0,0,866,1,133,0,0,856,1,143,0,0,851,1,148,0,0,868,0,132,0,0,856,1,143,0,0,850,0,150,0,0,853,0,147,0,0,854,0,146,0,0
103,standard,0.1,857,0,143,0,0,850,0,150,0,0,856,0,144,0,0,854,0,146,0,0,856,0,144,0,0,853,0,147,0,0,852,0,148,0,0,850,0,150,0,0,865,0,135,0,0,849,0,151,0,0,856,0,144,0,0,841,2,157,0,0,854,0,146,0,0,854,0,146,0,0,861,0,139,0,0,856,0,144,0,0,850,3,147,0,0,843,0,157,0,0,854,0,146,0,0,853,1,146,0,0,846,1,153,0,0,856,0,144,0,0,844,1,155,0,0,861,0,139,0,0,856,2,142,0,0,854,3,143,0,0,851,1,148,0,0,852,0,148,0,0,850,0,150,0,0,853,0,147,0,0,858,0,142,0,0,852,0,148,0,0,849,0,151,0,0,852,0,148,0,0,854,0,146,0,0,860,0,140,0,0,855,1,144,0,0,853,0,147,0,0,845,0,155,0,0,857,0,143,0,0,854,0,146,0,0,850,0,150,0,0,866,1,133,0,0,856,1,143,0,0,851,1,148,0,0,868,0,132,0,0,856,1,143,0,0,849,1,150,0,0,853,0,147,0,0,854,0,146,0,0
104,standard,0.1,857,0,143,0,0,850,0,150,0,0,856,0,144,0,0,854,0,146,0,0,856,0,144,0,0,853,0,147,0,0,852,0,148,0,0,850,0,150,0,0,865,0,135,0,0,849,0,151,0,0,856,0,144,0,0,841,1,158,0,0,854,0,146,0,0,854,0,146,0,0,861,0,139,0,0,856,0,144,0,0,850,2,148,0,0,843,0,157,0,0,854,0,146,0,0,853,1,146,0,0,846,1,153,0,0,856,0,144,0,0,844,1,155,0,0,861,0,139,0,0,856,2,142,0,0,854,3,143,0,0,851,1,148,0,0,852,0,148,0,0,850,0,150,0,0,853,0,147,0,0,858,0,142,0,0,851,1,148,0,0,849,0,151,0,0,852,0,148,0,0,854,0,146,0,0,860,0,140,0,0,855,1,144,0,0,853,0,147,0,0,845,0,155,0,0,857,0,143,0,0,854,0,146,0,0,850,0,150,0,0,866,1,133,0,0,856,1,143,0,0,851,1,148,0,0,868,0,132,0,0,856,1,143,0,0,849,1,150,0,0,853,0,147,0,0,854,0,146,0,0
105,standard,0.1,857,0,143,0,0,850,0,150,0,0,856,0,144,0,0,854,0,146,0,0,856,0,144,0,0,853,0,147,0,0,852,0,148,0,0,850,0,150,0,0,865,0,135,0,0,849,0,151,0,0,856,0,144,0,0,841,1,158,0,0,854,0,146,0,0,854,0,146,0,0,861,0,139,0,0,856,0,144,0,0,850,2,148,0,0,843,0,157,0,0,854,0,146,0,0,853,1,146,0,0,846,1,153,0,0,856,0,144,0,0,843,2,155,0,0,861,0,139,0,0,856,2,142,0,0,854,3,143,0,0,851,1,148,0,0,852,0,148,0,0,850,0,150,0,0,853,0,147,0,0,858,0,142,0,0,851,1,148,0,0,849,0,151,0,0,852,0,148,0,0,854,0,146,0,0,860,0,140,0,0,855,1,144,0,0,853,0,147,0,0,845,0,155,0,0,857,0,143,0,0,854,0,146,0,0,850,0,150,0,0,866,1,133,0,0,856,1,143,0,0,850,2,148,0,0,867,1,132,0,0,856,1,143,0,0,849,1,150,0,0,853,0,147,0,0,854,0,146,0,0
106,standard,0.1,857,0,143,0,0,850,0,150,0,0,856,0,144,0,0,854,0,146,0,0,856,0,144,0,0,853,0,147,0,0,852,0,148,0,0,850,0,150,0,0,865,0,135,0,0,849,0,151,0,0,856,0,144,0,0,841,1,158,0,0,854,0,146,0,0,854,0,146,0,0,861,0,139,0,0,856,0,144,0,0,850,2,148,0,0,843,0,157,0,0,854,0,146,0,0,853,1,146,0,0,846,1,153,0,0,856,0,144,0,0,843,2,155,0,0,861,0,139,0,0,856,2,142,0,0,854,2,144,0,0,851,1,148,0,0,852,0,148,0,0,850,0,150,0,0,853,0,147,0,0,858,0,142,0,0,851,1,148,0,0,849,0,151,0,0,852,0,148,0,0,854,0,146,0,0,860,0,140,0,0,855,1,144,0,0,853,0,147,0,0,845,0,155,0,0,857,0,143,0,0,854,0,146,0,0,850,0,150,0,0,866,1,133,0,0,856,1,143,0,0,850,2,148,0,0,867,1,132,0,0,856,1,143,0,0,849,1,150,0,0,853,0,147,0,0,854,0,146,0,0
107,standard,0.1,857,0,143,0,0,850,0,150,0,0,856,0,144,0,0,854,0,146,0,0,856,0,144,0,0,853,0,147,0,0,852,0,148,0,0,850,0,150,0,0,865,0,135,0,0,848,1,151,0,0,856,0,144,0,0,841,0,159,0,0,854,0,146,0,0,854,0,146,0,0,861,0,139,0,0,856,0,144,0,0,850,1,149,0,0,843,0,157,0,0,854,0,146,0,0,853,1,146,0,0,846,1,153,0,0,856,0,144,0,0,843,2,155,0,0,861,0,139,0,0,856,2,142,0,0,854,2,144,0,0,851,1,148,0,0,852,0,148,0,0,850,0,150,0,0,853,0,147,0,0,858,0,142,0,0,851,1,148,0,0,849,0,151,0,0,852,0,148,0,0,854,0,146,0,0,860,0,140,0,0,855,1,144,0,0,853,0,147,0,0,845,0,155,0,0,857,0,143,0,0,854,0,146,0,0,850,0,150,0,0,866,1,133,0,0,856,0,144,0,0,850,2,148,0,0,867,1,132,0,0,856,1,143,0,0,849,1,150,0,0,853,0,147,0,0,854,0,146,0,0
108,standard,0.1,857,0,143,0,0,850,0,150,0,0,856,0,144,0,0,854,0,146,0,0,856,0,144,0,0,853,0,147,0,0,851,1,148,0,0,849,1,150,0,0,865,0,135,0,0,848,1,151,0,0,856,0,144,0,0,841,0,159,0,0,854,0,146,0,0,854,0,146,0,0,861,0,139,0,0,856,0,144,0,0,850,1,149,0,0,843,0,157,0,0,854,0,146,0,0,853,1,146,0,0,846,1,153,0,0,856,0,144,0,0,843,2,155,0,0,861,0,139,0,0,856,2,142,0,0,854,2,144,0,0,851,1,148,0,0,852,0,148,0,0,850,0,150,0,0,853,0,147,0,0,858,0,142,0,0,851,1,148,0,0,849,0,151,0,0,852,0,148,0,0,854,0,146,0,0,860,0,140,0,0,855,1,144,0,0,853,0,147,0,0,845,0,155,0,0,857,0,143,0,0,854,0,146,0,0,850,0,150,0,0,866,1,133,0,0,856,0,144,0,0,850,2,148,0,0,867,1,132,0,0,856,1,143,0,0,849,1,150,0,0,853,0,147,0,0,854,0,146,0,0
109,standard,0.1,857,0,143,0,0,850,0,150,0,0,856,0,144,0,0,854,0,146,0,0,856,0,144,0,0,853,0,147,0,0,851,1,148,0,0,849,1,150,0,0,865,0,135,0,0,848,1,151,0,0,856,0,144,0,0,841,0,159,0,0,854,0,146,0,0,854,0,146,0,0,861,0,139,0,0,855,1,144,0,0,850,1,149,0,0,843,0,157,0,0,854,0,146,0,0,853,1,146,0,0,846,1,153,0,0,856,0,144,0,0,843,2,155,0,0,861,0,139,0,0,856,2,142,0,0,854,2,144,0,0,851,1,148,0,0,852,0,148,0,0,850,0,150,0,0,853,0,147,0,0,858,0,142,0,0,851,1,148,0,0,849,0,151,0,0,852,0,148,0,0,854,0,146,0,0,859,1,140,0,0,855,1,144,0,0,853,0,147,0,0,845,0,155,0,0,857,0,143,0,0,854,0,146,0,0,850,0,150,0,0,866,1,133,0,0,856,0,144,0,0,850,1,149,0,0,867,1,132,0,0,856,0,144,0,0,849,1,150,0,0,853,0,147,0,0,854,0,146,0,0
110,standard,0.1,857,0,143,0,0,850,0,150,0,0,856,0,144,0,0,854,0,146,0,0,856,0,144,0,0,853,0,147,0,0,851,1,148,0,0,849,1,150,0,0,865,0,135,0,0,848,1,151,0,0,856,0,144,0,0,841,0,159,0,0,854,0,146,0,0,854,0,146,0,0,861,0,139,0,0,855,1,144,0,0,850,0,150,0,0,843,0,157,0,0,854,0,146,0,0,853,1,146,0,0,846,1,153,0,0,856,0,144,0,0,843,2,155,0,0,861,0,139,0,0,856,2,142,0,0,854,2,144,0,0,851,1,148,0,0,852,0,148,0,0,850,0,150,0,0,853,0,147,0,0,858,0,142,0,0,851,1,148,0,0,849,0,151,0,0,852,0,148,0,0,854,0,146,0,0,859,1,140,0,0,855,1,144,0,0,853,0,147,0,0,845,0,155,0,0,857,0,143,0,0,854,0,146,0,0,850,0,150,0,0,866,1,133,0,0,855,1,144,0,0,850,1,149,0,0,866,2,132,0,0,856,0,144,0,0,849,1,150,0,0,853,0,147,0,0,854,0,146,0,0
111,standard,0.1,857,0,143,0,0,850,0,150,0,0,856,0,144,0,0,854,0,146,0,0,856,0,144,0,0,853,0,147,0,0,851,1,148,0,0,849,1,150,0,0,865,0,135,0,0,848,1,151,0,0,856,0,144,0,0,841,0,159,0,0,854,0,146,0,0,854,0,146,0,0,861,0,139,0,0,855,1,144,0,0,850,0,150,0,0,843,0,157,0,0,854,0,146,0,0,853,1,146,0,0,846,1,153,0,0,856,0,144,0,0,843,2,155,0,0,861,0,139,0,0,855,2,143,0,0,854,2,144,0,0,851,1,148,0,0,852,0,148,0,0,850,0,150,0,0,853,0,147,0,0,858,0,142,0,0,851,1,148,0,0,849,0,151,0,0,852,0,148,0,0,854,0,146,0,0,859,1,140,0,0,855,1,144,0,0,853,0,147,0,0,845,0,155,0,0,857,0,143,0,0,854,0,146,0,0,850,0,150,0,0,866,1,133,0,0,855,1,144,0,0,850,1,149,0,0,866,2,132,0,0,856,0,144,0,0,849,1,150,0,0,853,0,147,0,0,854,0,146,0,0
112,standard,0.1,857,0,143,0,0,850,0,150,0,0,856,0,144,0,0,854,0,146,0,0,856,0,144,0,0,853,0,147,0,0,851,1,148,0,0,849,1,150,0,0,865,0,135,0,0,848,1,151,0,0,856,0,144,0,0,841,0,159,0,0,854,0,146,0,0,854,0,146,0,0,860,1,139,0,0,854,2,144,0,0,850,0,150,0,0,843,0,157,0,0,854,0,146,0,0,853,1,146,0,0,846,1,153,0,0,856,0,144,0,0,843,2,155,0,0,861,0,139,0,0,855,2,143,0,0,854,2,144,0,0,851,1,148,0,0,852,0,148,0,0,850,0,150,0,0,853,0,147,0,0,858,0,142,0,0,851,1,148,0,0,849,0,151,0,0,852,0,148,0,0,854,0,146,0,0,859,1,140,0,0,855,1,144,0,0,853,0,147,0,0,845,0,155,0,0,857,0,143,0,0,854,0,146,0,0,850,0,150,0,0,866,0,134,0,0,855,1,144,0,0,850,1,149,0,0,866,2,132,0,0,856,0,144,0,0,849,1,150,0,0,853,0,147,0,0,854,0,146,0,0
113,standard,0.1,857,0,143,0,0,850,0,150,0,0,856,0,144,0,0,854,0,146,0,0,856,0,144,0,0,853,0,147,0,0,851,1,148,0,0,849,1,150,0,0,865,0,135,0,0,848,1,151,0,0,856,0,144,0,0,841,0,159,0,0,854,0,146,0,0,853,1,146,0,0,860,1,139,0,0,854,2,144,0,0,850,0,150,0,0,843,0,157,0,0,854,0,146,0,0,853,1,146,0,0,846,0,154,0,0,856,0,144,0,0,843,2,155,0,0,861,0,139,0,0,855,1,144,0,0,854,2,144,0,0,851,1,148,0,0,851,1,148,0,0,850,0,150,0,0,853,0,147,0,0,858,0,142,0,0,851,1,148,0,0,849,0,151,0,0,852,0,148,0,0,854,0,146,0,0,859,1,140,0,0,855,1,144,0,0,853,0,147,0,0,845,0,155,0,0,857,0,143,0,0,854,0,146,0,0,850,0,150,0,0,866,0,134,0,0,855,1,144,0,0,850,1,149,0,0,865,3,132,0,0,856,0,144,0,0,849,1,150,0,0,853,0,147,0,0,854,0,146,0,0
114,standard,0.1,857,0,143,0,0,850,0,150,0,0,856,0,144,0,0,854,0,146,0,0,856,0,144,0,0,853,0,147,0,0,851,1,148,0,0,849,1,150,0,0,865,0,135,0,0,848,1,151,0,0,856,0,144,0,0,841,0,159,0,0,854,0,146,0,0,853,1,146,0,0,860,1,139,0,0,854,2,144,0,0,850,0,150,0,0,843,0,157,0,0,854,0,146,0,0,853,1,146,0,0,846,0,154,0,0,856,0,144,0,0,843,2,155,0,0,861,0,139,0,0,855,1,144,0,0,854,1,145,0,0,851,1,148,0,0,851,1,148,0,0,850,0,150,0,0,853,0,147,0,0,858,0,142,0,0,851,1,148,0,0,849,0,151,0,0,852,0,148,0,0,854,0,146,0,0,859,1,140,0,0,855,1,144,0,0,853,0,147,0,0,845,0,155,0,0,857,0,143,0,0,854,0,146,0,0,850,0,150,0,0,866,0,134,0,0,855,1,144,0,0,850,1,149,0,0,865,3,132,0,0,856,0,144,0,0,849,1,150,0,0,853,0,147,0,0,854,0,146,0,0
115,standard,0.1,857,0,143,0,0,850,0,150,0,0,856,0,144,0,0,854,0,146,0,0,856,0,144,0,0,853,0,147,0,0,851,1,148,0,0,849,1,150,0,0,865,0,135,0,0,847,2,151,0,0,856,0,144,0,0,840,1,159,0,0,854,0,146,0,0,853,1,146,0,0,860,1,139,0,0,854,2,144,0,0,849,1,150,0,0,843,0,157,0,0,854,0,146,0,0,853,0,147,0,0,846,0,154,0,0,856,0,144,0,0,843,1,156,0,0,861,0,139,0,0,854,2,144,0,0,854,1,145,0,0,851,1,148,0,0,851,1,148,0,0,850,0,150,0,0,853,0,147,0,0,858,0,142,0,0,851,1,148,0,0,849,0,151,0,0,852,0,148,0,0,854,0,146,0,0,859,1,140,0,0,855,1,144,0,0,853,0,147,0,0,845,0,155,0,0,857,0,143,0,0,854,0,146,0,0,850,0,150,0,0,866,0,134,0,0,855,1,144,0,0,850,1,149,0,0,865,3,132,0,0,856,0,144,0,0,849,1,150,0,0,853,0,147,0,0,854,0,146,0,0
116,standard,0.1,857,0,143,0,0,850,0,150,0,0,856,0,144,0,0,854,0,146,0,0,856,0,144,0,0,853,0,147,0,0,851,1,148,0,0,849,1,150,0,0,865,0,135,0,0,847,2,151,0,0,856,0,144,0,0,840,1,159,0,0,854,0,146,0,0,853,1,146,0,0,860,1,139,0,0,854,2,144,0,0,849,1,150,0,0,843,0,157,0,0,853,1,146,0,0,853,0,147,0,0,846,0,154,0,0,856,0,144,0,0,843,1,156,0,0,861,0,139,0,0,854,2,144,0,0,853,1,146,0,0,851,0,149,0,0,851,1,148,0,0,850,0,150,0,0,853,0,147,0,0,858,0,142,0,0,851,1,148,0,0,849,0,151,0,0,852,0,148,0,0,854,0,146,0,0,858,2,140,0,0,855,0,145,0,0,853,0,147,0,0,845,0,155,0,0,857,0,143,0,0,854,0,146,0,0,850,0,150,0,0,866,0,134,0,0,855,1,144,0,0,850,1,149,0,0,864,4,132,0,0,856,0,144,0,0,848,1,151,0,0,853,0,147,0,0,854,0,146,0,0
117,standard,0.1,856,1,143,0,0,849,1,150,0,0,856,0,144,0,0,854,0,146,0,0,856,0,144,0,0,853,0,147,0,0,851,1,148,0,0,849,1,150,0,0,865,0,135,0,0,847,2,151,0,0,856,0,144,0,0,840,1,159,0,0,854,0,146,0,0,853,1,146,0,0,860,1,139,0,0,854,2,144,0,0,849,1,150,0,0,843,0,157,0,0,853,1,146,0,0,853,0,147,0,0,846,0,154,0,0,856,0,144,0,0,843,1,156,0,0,861,0,139,0,0,854,2,144,0,0,853,1,146,0,0,851,0,149,0,0,851,1,148,0,0,850,0,150,0,0,853,0,147,0,0,858,0,142,0,0,851,0,149,0,0,849,0,151,0,0,852,0,148,0,0,854,0,146,0,0,858,2,140,0,0,855,0,145,0,0,853,0,147,0,0,845,0,155,0,0,857,0,143,0,0,854,0,146,0,0,850,0,150,0,0,866,0,134,0,0,855,1,144,0,0,850,1,149,0,0,864,4,132,0,0,856,0,144,0,0,848,1,151,0,0,853,0,147,0,0,854,0,146,0,0
118,standard,0.1,855,2,143,0,0,849,1,150,0,0,856,0,144,0,0,854,0,146,0,0,856,0,144,0,0,853,0,147,0,0,851,1,148,0,0,849,1,150,0,0,865,0,135,0,0,847,2,151,0,0,856,0,144,0,0,840,1,159,0,0,854,0,146,0,0,853,1,146,0,0,860,1,139,0,0,854,2,144,0,0,849,1,150,0,0,843,0,157,0,0,853,1,146,0,0,853,0,147,0,0,846,0,154,0,0,856,0,144,0,0,842,1,157,0,0,861,0,139,0,0,854,2,144,0,0,853,1,146,0,0,851,0,149,0,0,851,1,148,0,0,850,0,150,0,0,853,0,147,0,0,858,0,142,0,0,851,0,149,0,0,849,0,151,0,0,852,0,148,0,0,854,0,146,0,0,858,2,140,0,0,855,0,145,0,0,853,0,147,0,0,845,0,155,0,0,857,0,143,0,0,854,0,146,0,0,850,0,150,0,0,866,0,134,0,0,855,1,144,0,0,850,0,150,0,0,864,3,133,0,0,856,0,144,0,0,848,1,151,0,0,853,0,147,0,0,854,0,146,0,0
119,standard,0.1,855,2,143,0,0,849,1,150,0,0,856,0,144,0,0,854,0,146,0,0,856,0,144,0,0,853,0,147,0,0,850,2,148,0,0,849,1,150,0,0,865,0,135,0,0,847,2,151,0,0,856,0,144,0,0,840,1,159,0,0,854,0,146,0,0,853,1,146,0,0,860,1,139,0,0,854,2,144,0,0,849,1,150,0,0,843,0,157,0,0,853,1,146,0,0,853,0,147,0,0,846,0,154,0,0,856,0,144,0,0,842,1,157,0,0,861,0,139,0,0,854,2,144,0,0,853,1,146,0,0,851,0,149,0,0,851,1,148,0,0,850,0,150,0,0,853,0,147,0,0,858,0,142,0,0,851,0,149,0,0,849,0,151,0,0,852,0,148,0,0,854,0,146,0,0,858,2,140,0,0,855,0,145,0,0,852,1,147,0,0,845,0,155,0,0,857,0,143,0,0,854,0,146,0,0,850,0,150,0,0,866,0,134,0,0,855,1,144,0,0,850,0,150,0,0,864,3,133,0,0,856,0,144,0,0,848,1,151,0,0,853,0,147,0,0,854,0,146,0,0
120,standard,0.1,855,2,143,0,0,849,1,150,0,0,856,0,144,0,0,854,0,146,0,0,856,0,144,0,0,853,0,147,0,0,850,2,148,0,0,849,1,150,0,0,865,0,135,0,0,847,1,152,0,0,856,0,144,0,0,840,1,159,0,0,854,0,146,0,0,853,1,146,0,0,860,1,139,0,0,854,2,144,0,0,849,1,150,0,0,843,0,157,0,0,853,1,146,0,0,853,0,147,0,0,846,0,154,0,0,856,0,144,0,0,842,1,157,0,0,861,0,139,0,0,854,2,144,0,0,853,1,146,0,0,851,0,149,0,0,851,1,148,0,0,850,0,150,0,0,853,0,147,0,0,858,0,142,0,0,851,0,149,0,0,849,0,151,0,0,852,0,148,0,0,854,0,146,0,0,858,2,140,0,0,855,0,145,0,0,851,2,147,0,0,845,0,155,0,0,857,0,143,0,0,854,0,146,0,0,850,0,150,0,0,866,0,134,0,0,855,1,144,0,0,850,0,150,0,0,864,3,133,0,0,856,0,144,0,0,848,1,151,0,0,853,0,147,0,0,854,0,146,0,0
121,standard,0.1,855,2,143,0,0,849,1,150,0,0,856,0,144,0,0,854,0,146,0,0,856,0,144,0,0,853,0,147,0,0,850,1,149,0,0,849,0,151,0,0,865,0,135,0,0,847,1,152,0,0,856,0,144,0,0,840,1,159,0,0,854,0,146,0,0,853,1,146,0,0,860,1,139,0,0,854,2,144,0,0,849,1,150,0,0,843,0,157,0,0,853,1,146,0,0,853,0,147,0,0,846,0,154,0,0,856,0,144,0,0,841,2,157,0,0,861,0,139,0,0,854,2,144,0,0,853,1,146,0,0,851,0,149,0,0,851,1,148,0,0,850,0,150,0,0,853,0,147,0,0,857,1,142,0,0,851,0,149,0,0,849,0,151,0,0,852,0,148,0,0,854,0,146,0,0,858,2,140,0,0,855,0,145,0,0,851,2,147,0,0,845,0,155,0,0,857,0,143,0,0,854,0,146,0,0,850,0,150,0,0,866,0,134,0,0,855,1,144,0,0,850,0,150,0,0,864,3,133,0,0,856,0,144,0,0,848,1,151,0,0,853,0,147,0,0,854,0,146,0,0
122,standard,0.1,855,2,143,0,0,849,1,150,0,0,856,0,144,0,0,854,0,146,0,0,855,1,144,0,0,853,0,147,0,0,850,1,149,0,0,849,0,151,0,0,865,0,135,0,0,847,1,152,0,0,856,0,144,0,0,840,1,159,0,0,854,0,146,0,0,853,1,146,0,0,860,1,139,0,0,854,1,145,0,0,848,2,150,0,0,843,0,157,0,0,853,1,146,0,0,853,0,147,0,0,846,0,154,0,0,856,0,144,0,0,841,2,157,0,0,861,0,139,0,0,854,2,144,0,0,853,1,146,0,0,851,0,149,0,0,851,1,148,0,0,849,1,150,0,0,853,0,147,0,0,857,1,142,0,0,851,0,149,0,0,849,0,151,0,0,852,0,148,0,0,854,0,146,0,0,858,1,141,0,0,855,0,145,0,0,851,2,147,0,0,845,0,155,0,0,857,0,143,0,0,854,0,146,0,0,850,0,150,0,0,866,0,134,0,0,855,1,144,0,0,850,0,150,0,0,864,3,133,0,0,856,0,144,0,0,848,1,151,0,0,852,1,147,0,0,854,0,146,0,0
123,standard,0.1,855,2,143,0,0,849,1,150,0,0,856,0,144,0,0,854,0,146,0,0,855,1,144,0,0,853,0,147,0,0,850,1,149,0,0,849,0,151,0,0,865,0,135,0,0,847,1,152,0,0,856,0,144,0,0,840,1,159,0,0,854,0,146,0,0,853,1,146,0,0,860,1,139,0,0,853,2,145,0,0,848,2,150,0,0,843,0,157,0,0,853,1,146,0,0,853,0,147,0,0,846,0,154,0,0,856,0,144,0,0,841,2,157,0,0,861,0,139,0,0,854,2,144,0,0,853,1,146,0,0,851,0,149,0,0,851,1,148,0,0,849,1,150,0,0,853,0,147,0,0,857,1,142,0,0,851,0,149,0,0,849,0,151,0,0,852,0,148,0,0,853,1,146,0,0,858,1,141,0,0,855,0,145,0,0,851,2,147,0,0,845,0,155,0,0,857,0,143,0,0,854,0,146,0,0,850,0,150,0,0,866,0,134,0,0,855,0,145,0,0,850,0,150,0,0,864,2,134,0,0,856,0,144,0,0,848,1,151,0,0,852,1,147,0,0,854,0,146,0,0
124,standard,0.1,855,2,143,0,0,849,1,150,0,0,856,0,144,0,0,854,0,146,0,0,855,1,144,0,0,853,0,147,0,0,850,1,149,0,0,849,0,151,0,0,865,0,135,0,0,847,1,152,0,0,856,0,144,0,0,840,1,159,0,0,854,0,146,0,0,853,1,146,0,0,860,1,139,0,0,853,2,145,0,0,848,2,150,0,0,843,0,157,0,0,853,1,146,0,0,853,0,147,0,0,846,0,154,0,0,856,0,144,0,0,841,2,157,0,0,861,0,139,0,0,854,1,145,0,0,853,1,146,0,0,851,0,149,0,0,851,1,148,0,0,849,1,150,0,0,853,0,147,0,0,857,1,142,0,0,851,0,149,0,0,849,0,151,0,0,852,0,148,0,0,853,1,146,0,0,858,1,141,0,0,855,0,145,0,0,851,2,147,0,0,845,0,155,0,0,857,0,143,0,0,854,0,146,0,0,850,0,150,0,0,866,0,134,0,0,855,0,145,0,0,849,1,150,0,0,864,2,134,0,0,856,0,144,0,0,848,1,151,0,0,852,1,147,0,0,854,0,146,0,0
125,standard,0.1,855,2,143,0,0,849,1,150,0,0,856,0,144,0,0,854,0,146,0,0,855,1,144,0,0,853,0,147,0,0,850,1,149,0,0,849,0,151,0,0,865,0,135,0,0,847,1,152,0,0,856,0,144,0,0,840,1,159,0,0,854,0,146,0,0,853,1,146,0,0,860,0,140,0,0,853,1,146,0,0,848,2,150,0,0,843,0,157,0,0,853,1,146,0,0,853,0,147,0,0,846,0,154,0,0,856,0,144,0,0,840,3,157,0,0,861,0,139,0,0,854,1,145,0,0,853,1,146,0,0,851,0,149,0,0,851,1,148,0,0,849,1,150,0,0,853,0,147,0,0,857,1,142,0,0,851,0,149,0,0,849,0,151,0,0,852,0,148,0,0,853,1,146,0,0,858,1,141,0,0,855,0,145,0,0,851,2,147,0,0,845,0,155,0,0,857,0,143,0,0,854,0,146,0,0,850,0,150,0,0,866,0,134,0,0,855,0,145,0,0,849,1,150,0,0,864,2,134,0,0,856,0,144,0,0,848,1,151,0,0,852,1,147,0,0,853,1,146,0,0
126,standard,0.1,855,2,143,0,0,849,1,150,0,0,856,0,144,0,0,853,1,146,0,0,855,1,144,0,0,853,0,147,0,0,850,1,149,0,0,849,0,151,0,0,865,0,135,0,0,847,1,152,0,0,856,0,144,0,0,840,1,159,0,0,854,0,146,0,0,853,0,147,0,0,860,0,140,0,0,853,1,146,0,0,848,2,150,0,0,843,0,157,0,0,853,1,146,0,0,853,0,147,0,0,846,0,154,0,0,856,0,144,0,0,840,3,157,0,0,861,0,139,0,0,854,1,145,0,0,853,1,146,0,0,851,0,149,0,0,851,0,149,0,0,849,1,150,0,0,853,0,147,0,0,857,1,142,0,0,851,0,149,0,0,849,0,151,0,0,852,0,148,0,0,853,1,146,0,0,858,1,141,0,0,855,0,145,0,0,851,2,147,0,0,845,0,155,0,0,857,0,143,0,0,854,0,146,0,0,850,0,150,0,0,866,0,134,0,0,855,0,145,0,0,849,1,150,0,0,864,1,135,0,0,856,0,144,0,0,848,1,151,0,0,852,1,147,0,0,853,1,146,0,0
127,standard,0.1,855,2,143,0,0,849,1,150,0,0,856,0,144,0,0,853,1,146,0,0,855,1,144,0,0,853,0,147,0,0,850,1,149,0,0,849,0,151,0,0,865,0,135,0,0,847,1,152,0,0,856,0,144,0,0,840,1,159,0,0,854,0,146,0,0,853,0,147,0,0,860,0,140,0,0,853,1,146,0,0,848,2,150,0,0,843,0,157,0,0,853,1,146,0,0,853,0,147,0,0,846,0,154,0,0,856,0,144,0,0,840,3,157,0,0,861,0,139,0,0,854,1,145,0,0,853,1,146,0,0,851,0,149,0,0,851,0,149,0,0,849,1,150,0,0,853,0,147,0,0,857,1,142,0,0,851,0,149,0,0,849,0,151,0,0,852,0,148,0,0,853,1,146,0,0,858,1,141,0,0,855,0,145,0,0,851,2,147,0,0,845,0,155,0,0,857,0,143,0,0,854,0,146,0,0,850,0,150,0,0,866,0,134,0,0,855,0,145,0,0,849,1,150,0,0,864,1,135,0,0,856,0,144,0,0,848,1,151,0,0,852,1,147,0,0,853,1,146,0,0
128,standard,0.1,855,2,143,0,0,849,1,150,0,0,856,0,144,0,0,853,1,146,0,0,855,1,144,0,0,853,0,147,0,0,850,1,149,0,0,849,0,151,0,0,865,0,135,0,0,847,0,153,0,0,856,0,144,0,0,840,0,160,0,0,854,0,146,0,0,853,0,147,0,0,860,0,140,0,0,853,1,146,0,0,848,1,151,0,0,843,0,157,0,0,853,1,146,0,0,853,0,147,0,0,846,0,154,0,0,856,0,144,0,0,840,3,157,0,0,861,0,139,0,0,854,0,146,0,0,853,1,146,0,0,851,0,149,0,0,851,0,149,0,0,849,1,150,0,0,853,0,147,0,0,857,1,142,0,0,851,0,149,0,0,849,0,151,0,0,852,0,148,0,0,853,1,146,0,0,857,2,141,0,0,855,0,145,0,0,851,2,147,0,0,845,0,155,0,0,857,0,143,0,0,854,0,146,0,0,850,0,150,0,0,866,0,134,0,0,855,0,145,0,0,849,1,150,0,0,864,1,135,0,0,856,0,144,0,0,848,1,151,0,0,852,1,147,0,0,853,1,146,0,0
129,standard,0.1,855,2,143,0,0,849,1,150,0,0,856,0,144,0,0,853,1,146,0,0,855,1,144,0,0,853,0,147,0,0,850,1,149,0,0,849,0,151,0,0,865,0,135,0,0,847,0,153,0,0,856,0,144,0,0,840,0,160,0,0,854,0,146,0,0,853,0,147,0,0,860,0,140,0,0,853,1,146,0,0,848,1,151,0,0,843,0,157,0,0,853,0,147,0,0,853,0,147,0,0,846,0,154,0,0,856,0,144,0,0,840,3,157,0,0,861,0,139,0,0,854,0,146,0,0,853,0,147,0,0,851,0,149,0,0,851,0,149,0,0,849,1,150,0,0,853,0,147,0,0,857,1,142,0,0,851,0,149,0,0,849,0,151,0,0,852,0,148,0,0,853,1,146,0,0,857,1,142,0,0,855,0,145,0,0,851,2,147,0,0,845,0,155,0,0,857,0,143,0,0,854,0,146,0,0,850,0,150,0,0,866,0,134,0,0,855,0,145,0,0,849,1,150,0,0,864,0,136,0,0,856,0,144,0,0,848,0,152,0,0,852,1,147,0,0,853,1,146,0,0
130,standard,0.1,855,1,144,0,0,849,0,151,0,0,856,0,144,0,0,853,1,146,0,0,855,1,144,0,0,853,0,147,0,0,850,1,149,0,0,849,0,151,0,0,865,0,135,0,0,847,0,153,0,0,856,0,144,0,0,840,0,160,0,0,854,0,146,0,0,853,0,147,0,0,860,0,140,0,0,853,1,146,0,0,848,1,151,0,0,843,0,157,0,0,853,0,147,0,0,853,0,147,0,0,846,0,154,0,0,856,0,144,0,0,840,3,157,0,0,861,0,139,0,0,854,0,146,0,0,853,0,147,0,0,851,0,149,0,0,851,0,149,0,0,849,1,150,0,0,853,0,147,0,0,857,1,142,0,0,851,0,149,0,0,849,0,151,0,0,852,0,148,0,0,853,1,146,0,0,857,1,142,0,0,855,0,145,0,0,851,2,147,0,0,845,0,155,0,0,857,0,143,0,0,854,0,146,0,0,850,0,150,0,0,866,0,134,0,0,855,0,145,0,0,849,1,150,0,0,864,0,136,0,0,856,0,144,0,0,848,0,152,0,0,852,1,147,0,0,853,1,146,0,0
131,standard,0.1,855,0,145,0,0,849,0,151,0,0,856,0,144,0,0,853,1,146,0,0,855,1,144,0,0,853,0,147,0,0,850,1,149,0,0,849,0,151,0,0,865,0,135,0,0,847,0,153,0,0,856,0,144,0,0,840,0,160,0,0,854,0,146,0,0,853,0,147,0,0,860,0,140,0,0,853,1,146,0,0,848,1,151,0,0,843,0,157,0,0,853,0,147,0,0,853,0,147,0,0,846,0,154,0,0,856,0,144,0,0,840,2,158,0,0,861,0,139,0,0,854,0,146,0,0,853,0,147,0,0,851,0,149,0,0,851,0,149,0,0,849,1,150,0,0,853,0,147,0,0,857,1,142,0,0,851,0,149,0,0,849,0,151,0,0,852,0,148,0,0,853,1,146,0,0,857,1,142,0,0,855,0,145,0,0,851,2,147,0,0,845,0,155,0,0,857,0,143,0,0,854,0,146,0,0,850,0,150,0,0,866,0,134,0,0,855,0,145,0,0,849,1,150,0,0,864,0,136,0,0,856,0,144,0,0,848,0,152,0,0,852,1,147,0,0,853,1,146,0,0
132,standard,0.1,855,0,145,0,0,849,0,151,0,0,856,0,144,0,0,853,1,146,0,0,855,1,144,0,0,853,0,147,0,0,850,0,150,0,0,849,0,151,0,0,865,0,135,0,0,847,0,153,0,0,856,0,144,0,0,840,0,160,0,0,854,0,146,0,0,853,0,147,0,0,860,0,140,0,0,853,1,146,0,0,848,1,151,0,0,843,0,157,0,0,853,0,147,0,0,853,0,147,0,0,846,0,154,0,0,856,0,144,0,0,840,2,158,0,0,861,0,139,0,0,854,0,146,0,0,853,0,147,0,0,851,0,149,0,0,851,0,149,0,0,849,1,150,0,0,853,0,147,0,0,857,1,142,0,0,851,0,149,0,0,849,0,151,0,0,852,0,148,0,0,853,1,146,0,0,857,1,142,0,0,855,0,145,0,0,851,1,148,0,0,845,0,155,0,0,857,0,143,0,0,854,0,146,0,0,850,0,150,0,0,866,0,134,0,0,855,0,145,0,0,849,1,150,0,0,864,0,136,0,0,856,0,144,0,0,848,0,152,0,0,852,1,147,0,0,853,1,146,0,0
133,standard,0.1,855,0,145,0,0,849,0,151,0,0,856,0,144,0,0,853,1,146,0,0,855,1,144,0,0,853,0,147,0,0,850,0,150,0,0,849,0,151,0,0,865,0,135,0,0,847,0,153,0,0,856,0,144,0,0,840,0,160,0,0,854,0,146,0,0,853,0,147,0,0,860,0,140,0,0,853,1,146,0,0,847,2,151,0,0,843,0,157,0,0,853,0,147,0,0,853,0,147,0,0,846,0,154,0,0,856,0,144,0,0,840,2,158,0,0,861,0,139,0,0,854,0,146,0,0,853,0,147,0,0,851,0,149,0,0,851,0,149,0,0,849,1,150,0,0,853,0,147,0,0,857,1,142,0,0,851,0,149,0,0,849,0,151,0,0,852,0,148,0,0,853,1,146,0,0,857,1,142,0,0,855,0,145,0,0,851,0,149,0,0,845,0,155,0,0,857,0,143,0,0,854,0,146,0,0,850,0,150,0,0,866,0,134,0,0,855,0,145,0,0,849,1,150,0,0,864,0,136,0,0,856,0,144,0,0,848,0,152,0,0,852,1,147,0,0,853,1,146,0,0
134,standard,0.1,855,0,145,0,0,849,0,151,0,0,856,0,144,0,0,853,1,146,0,0,855,1,144,0,0,853,0,147,0,0,850,0,150,0,0,849,0,151,0,0,865,0,135,0,0,847,0,153,0,0,856,0,144,0,0,840,0,160,0,0,854,0,146,0,0,852,1,147,0,0,860,0,140,0,0,853,1,146,0,0,847,2,151,0,0,843,0,157,0,0,853,0,147,0,0,853,0,147,0,0,846,0,154,0,0,856,0,144,0,0,839,2,159,0,0,861,0,139,0,0,854,0,146,0,0,853,0,147,0,0,851,0,149,0,0,851,0,149,0,0,849,1,150,0,0,853,0,147,0,0,857,0,143,0,0,851,0,149,0,0,849,0,151,0,0,852,0,148,0,0,853,1,146,0,0,857,1,142,0,0,855,0,145,0,0,851,0,149,0,0,845,0,155,0,0,857,0,143,0,0,854,0,146,0,0,850,0,150,0,0,866,0,134,0,0,855,0,145,0,0,849,1,150,0,0,864,0,136,0,0,856,0,144,0,0,848,0,152,0,0,851,2,147,0,0,853,1,146,0,0
135,standard,0.1,855,0,145,0,0,849,0,151,0,0,856,0,144,0,0,853,1,146,0,0,855,0,145,0,0,853,0,147,0,0,850,0,150,0,0,849,0,151,0,0,865,0,135,0,0,847,0,153,0,0,856,0,144,0,0,840,0,160,0,0,854,0,146,0,0,852,1,147,0,0,860,0,140,0,0,853,1,146,0,0,847,1,152,0,0,843,0,157,0,0,853,0,147,0,0,853,0,147,0,0,846,0,154,0,0,856,0,144,0,0,839,2,159,0,0,861,0,139,0,0,854,0,146,0,0,853,0,147,0,0,851,0,149,0,0,851,0,149,0,0,849,0,151,0,0,853,0,147,0,0,857,0,143,0,0,851,0,149,0,0,849,0,151,0,0,852,0,148,0,0,853,1,146,0,0,857,1,142,0,0,855,0,145,0,0,851,0,149,0,0,845,0,155,0,0,857,0,143,0,0,854,0,146,0,0,850,0,150,0,0,865,1,134,0,0,855,0,145,0,0,849,1,150,0,0,864,0,136,0,0,856,0,144,0,0,848,0,152,0,0,851,1,148,0,0,853,1,146,0,0
136,standard,0.1,854,1,145,0,0,849,0,151,0,0,856,0,144,0,0,853,1,146,0,0,855,0,145,0,0,852,1,147,0,0,850,0,150,0,0,849,0,151,0,0,865,0,135,0,0,847,0,153,0,0,856,0,144,0,0,840,0,160,0,0,854,0,146,0,0,852,1,147,0,0,860,0,140,0,0,853,0,147,0,0,847,1,152,0,0,843,0,157,0,0,853,0,147,0,0,853,0,147,0,0,846,0,154,0,0,856,0,144,0,0,839,2,159,0,0,861,0,139,0,0,854,0,146,0,0,853,0,147,0,0,851,0,149,0,0,851,0,149,0,0,849,0,151,0,0,853,0,147,0,0,857,0,143,0,0,851,0,149,0,0,849,0,151,0,0,852,0,148,0,0,853,0,147,0,0,857,1,142,0,0,855,0,145,0,0,851,0,149,0,0,845,0,155,0,0,857,0,143,0,0,854,0,146,0,0,850,0,150,0,0,865,1,134,0,0,855,0,145,0,0,849,1,150,0,0,864,0,136,0,0,856,0,144,0,0,848,0,152,0,0,851,1,148,0,0,853,1,146,0,0
137,standard,0.1,854,1,145,0,0,849,0,151,0,0,856,0,144,0,0,853,1,146,0,0,855,0,145,0,0,852,1,147,0,0,850,0,150,0,0,849,0,151,0,0,865,0,135,0,0,847,0,153,0,0,856,0,144,0,0,840,0,160,0,0,854,0,146,0,0,852,1,147,0,0,860,0,140,0,0,853,0,147,0,0,847,1,152,0,0,843,0,157,0,0,853,0,147,0,0,852,1,147,0,0,846,0,154,0,0,856,0,144,0,0,839,2,159,0,0,861,0,139,0,0,854,0,146,0,0,853,0,147,0,0,851,0,149,0,0,851,0,149,0,0,849,0,151,0,0,852,1,147,0,0,857,0,143,0,0,851,0,149,0,0,849,0,151,0,0,852,0,148,0,0,853,0,147,0,0,857,1,142,0,0,855,0,145,0,0,851,0,149,0,0,845,0,155,0,0,857,0,143,0,0,854,0,146,0,0,850,0,150,0,0,865,1,134,0,0,855,0,145,0,0,849,0,151,0,0,864,0,136,0,0,856,0,144,0,0,848,0,152,0,0,851,1,148,0,0,853,1,146,0,0
138,standard,0.1,854,1,145,0,0,849,0,151,0,0,856,0,144,0,0,853,1,146,0,0,855,0,145,0,0,852,1,147,0,0,850,0,150,0,0,849,0,151,0,0,865,0,135,0,0,847,0,153,0,0,856,0,144,0,0,840,0,160,0,0,854,0,146,0,0,852,1,147,0,0,860,0,140,0,0,853,0,147,0,0,847,1,152,0,0,843,0,157,0,0,853,0,147,0,0,852,1,147,0,0,846,0,154,0,0,855,1,144,0,0,839,1,160,0,0,861,0,139,0,0,854,0,146,0,0,853,0,147,0,0,851,0,149,0,0,851,0,149,0,0,849,0,151,0,0,852,1,147,0,0,857,0,143,0,0,851,0,149,0,0,849,0,151,0,0,852,0,148,0,0,853,0,147,0,0,857,1,142,0,0,855,0,145,0,0,851,0,149,0,0,845,0,155,0,0,857,0,143,0,0,854,0,146,0,0,850,0,150,0,0,864,2,134,0,0,855,0,145,0,0,849,0,151,0,0,864,0,136,0,0,856,0,144,0,0,848,0,152,0,0,851,1,148,0,0,853,0,147,0,0
139,standard,0.1,854,1,145,0,0,849,0,151,0,0,856,0,144,0,0,853,0,147,0,0,855,0,145,0,0,852,1,147,0,0,850,0,150,0,0,849,0,151,0,0,865,0,135,0,0,847,0,153,0,0,856,0,144,0,0,840,0,160,0,0,854,0,146,0,0,852,1,147,0,0,860,0,140,0,0,853,0,147,0,0,847,1,152,0,0,843,0,157,0,0,853,0,147,0,0,852,1,147,0,0,846,0,154,0,0,855,1,144,0,0,839,1,160,0,0,861,0,139,0,0,854,0,146,0,0,853,0,147,0,0,851,0,149,0,0,851,0,149,0,0,849,0,151,0,0,852,1,147,0,0,857,0,143,0,0,851,0,149,0,0,849,0,151,0,0,852,0,148,0,0,853,0,147,0,0,857,1,142,0,0,855,0,145,0,0,851,0,149,0,0,845,0,155,0,0,857,0,143,0,0,854,0,146,0,0,850,0,150,0,0,864,2,134,0,0,855,0,145,0,0,849,0,151,0,0,864,0,136,0,0,856,0,144,0,0,848,0,152,0,0,851,1,148,0,0,853,0,147,0,0
140,standard,0.1,854,1,145,0,0,849,0,151,0,0,856,0,144,0,0,853,0,147,0,0,855,0,145,0,0,852,1,147,0,0,850,0,150,0,0,849,0,151,0,0,865,0,135,0,0,847,0,153,0,0,856,0,144,0,0,840,0,160,0,0,854,0,146,0,0,852,1,147,0,0,860,0,140,0,0,853,0,147,0,0,847,1,152,0,0,843,0,157,0,0,853,0,147,0,0,852,1,147,0,0,846,0,154,0,0,855,1,144,0,0,839,1,160,0,0,861,0,139,0,0,854,0,146,0,0,853,0,147,0,0,851,0,149,0,0,851,0,149,0,0,849,0,151,0,0,852,1,147,0,0,857,0,143,0,0,851,0,149,0,0,849,0,151,0,0,852,0,148,0,0,853,0,147,0,0,857,1,142,0,0,855,0,145,0,0,850,1,149,0,0,845,0,155,0,0,857,0,143,0,0,854,0,146,0,0,850,0,150,0,0,864,2,134,0,0,855,0,145,0,0,849,0,151,0,0,864,0,136,0,0,856,0,144,0,0,848,0,152,0,0,851,1,148,0,0,853,0,147,0,0
141,standard,0.1,854,1,145,0,0,849,0,151,0,0,856,0,144,0,0,853,0,147,0,0,855,0,145,0,0,852,1,147,0,0,850,0,150,0,0,849,0,151,0,0,865,0,135,0,0,847,0,153,0,0,856,0,144,0,0,840,0,160,0,0,854,0,146,0,0,852,1,147,0,0,860,0,140,0,0,853,0,147,0,0,847,1,152,0,0,843,0,157,0,0,853,0,147,0,0,852,1,147,0,0,845,1,154,0,0,855,1,144,0,0,839,1,160,0,0,861,0,139,0,0,854,0,146,0,0,853,0,147,0,0,851,0,149,0,0,851,0,149,0,0,849,0,151,0,0,852,1,147,0,0,857,0,143,0,0,851,0,149,0,0,849,0,151,0,0,852,0,148,0,0,853,0,147,0,0,857,0,143,0,0,855,0,145,0,0,850,1,149,0,0,845,0,155,0,0,857,0,143,0,0,854,0,146,0,0,850,0,150,0,0,863,3,134,0,0,855,0,145,0,0,849,0,151,0,0,864,0,136,0,0,856,0,144,0,0,848,0,152,0,0,851,1,148,0,0,853,0,147,0,0
142,standard,0.1,854,1,145,0,0,849,0,151,0,0,856,0,144,0,0,853,0,147,0,0,855,0,145,0,0,852,1,147,0,0,850,0,150,0,0,849,0,151,0,0,865,0,135,0,0,847,0,153,0,0,856,0,144,0,0,840,0,160,0,0,853,1,146,0,0,852,1,147,0,0,860,0,140,0,0,853,0,147,0,0,847,1,152,0,0,843,0,157,0,0,853,0,147,0,0,852,1,147,0,0,845,1,154,0,0,855,1,144,0,0,839,1,160,0,0,861,0,139,0,0,854,0,146,0,0,853,0,147,0,0,851,0,149,0,0,851,0,149,0,0,849,0,151,0,0,852,1,147,0,0,857,0,143,0,0,851,0,149,0,0,849,0,151,0,0,852,0,148,0,0,853,0,147,0,0,857,0,143,0,0,855,0,145,0,0,850,1,149,0,0,845,0,155,0,0,857,0,143,0,0,854,0,146,0,0,850,0,150,0,0,863,3,134,0,0,855,0,145,0,0,849,0,151,0,0,864,0,136,0,0,856,0,144,0,0,848,0,152,0,0,851,1,148,0,0,853,0,147,0,0
143,standard,0.1,854,1,145,0,0,849,0,151,0,0,856,0,144,0,0,853,0,147,0,0,855,0,145,0,0,852,1,147,0,0,849,1,150,0,0,849,0,151,0,0,865,0,135,0,0,847,0,153,0,0,856,0,144,0,0,840,0,160,0,0,853,1,146,0,0,852,1,147,0,0,860,0,140,0,0,853,0,147,0,0,847,1,152,0,0,843,0,157,0,0,853,0,147,0,0,852,1,147,0,0,845,1,154,0,0,854,2,144,0,0,839,1,160,0,0,861,0,139,0,0,854,0,146,0,0,853,0,147,0,0,851,0,149,0,0,851,0,149,0,0,849,0,151,0,0,852,1,147,0,0,857,0,143,0,0,850,1,149,0,0,849,0,151,0,0,852,0,148,0,0,853,0,147,0,0,857,0,143,0,0,855,0,145,0,0,850,1,149,0,0,845,0,155,0,0,857,0,143,0,0,854,0,146,0,0,850,0,150,0,0,863,3,134,0,0,855,0,145,0,0,849,0,151,0,0,864,0,136,0,0,856,0,144,0,0,848,0,152,0,0,851,1,148,0,0,853,0,147,0,0
144,standard,0.1,854,1,145,0,0,849,0,151,0,0,856,0,144,0,0,853,0,147,0,0,855,0,145,0,0,852,1,147,0,0,849,1,150,0,0,849,0,151,0,0,865,0,135,0,0,847,0,153,0,0,856,0,144,0,0,840,0,160,0,0,853,1,146,0,0,852,1,147,0,0,859,1,140,0,0,853,0,147,0,0,847,1,152,0,0,843,0,157,0,0,853,0,147,0,0,852,1,147,0,0,845,1,154,0,0,854,2,144,0,0,839,1,160,0,0,861,0,139,0,0,854,0,146,0,0,853,0,147,0,0,851,0,149,0,0,851,0,149,0,0,849,0,151,0,0,852,1,147,0,0,857,0,143,0,0,850,1,149,0,0,849,0,151,0,0,852,0,148,0,0,853,0,147,0,0,857,0,143,0,0,855,0,145,0,0,850,1,149,0,0,845,0,155,0,0,857,0,143,0,0,854,0,146,0,0,850,0,150,0,0,863,3,134,0,0,855,0,145,0,0,849,0,151,0,0,864,0,136,0,0,856,0,144,0,0,848,0,152,0,0,851,1,148,0,0,853,0,147,0,0
145,standard,0.1,854,1,145,0,0,849,0,151,0,0,856,0,144,0,0,853,0,147,0,0,855,0,145,0,0,852,1,147,0,0,849,1,150,0,0,849,0,151,0,0,865,0,135,0,0,847,0,153,0,0,856,0,144,0,0,840,0,160,0,0,853,1,146,0,0,852,1,147,0,0,859,1,140,0,0,853,0,147,0,0,847,1,152,0,0,843,0,157,0,0,853,0,147,0,0,852,1,147,0,0,845,1,154,0,0,854,2,144,0,0,839,1,160,0,0,861,0,139,0,0,854,0,146,0,0,853,0,147,0,0,851,0,149,0,0,851,0,149,0,0,849,0,151,0,0,852,1,147,0,0,857,0,143,0,0,850,1,149,0,0,849,0,151,0,0,852,0,148,0,0,853,0,147,0,0,857,0,143,0,0,855,0,145,0,0,850,1,149,0,0,845,0,155,0,0,857,0,143,0,0,854,0,146,0,0,850,0,150,0,0,863,3,134,0,0,855,0,145,0,0,849,0,151,0,0,864,0,136,0,0,856,0,144,0,0,848,0,152,0,0,851,1,148,0,0,853,0,147,0,0
146,standard,0.1,854,1,145,0,0,849,0,151,0,0,856,0,144,0,0,853,0,147,0,0,855,0,145,0,0,852,1,147,0,0,849,1,150,0,0,849,0,151,0,0,865,0,135,0,0,847,0,153,0,0,856,0,144,0,0,840,0,160,0,0,853,1,146,0,0,852,1,147,0,0,859,1,140,0,0,853,0,147,0,0,847,0,153,0,0,843,0,157,0,0,853,0,147,0,0,852,1,147,0,0,845,1,154,0,0,854,2,144,0,0,839,1,160,0,0,861,0,139,0,0,854,0,146,0,0,853,0,147,0,0,851,0,149,0,0,851,0,149,0,0,849,0,151,0,0,852,1,147,0,0,857,0,143,0,0,850,1,149,0,0,849,0,151,0,0,852,0,148,0,0,853,0,147,0,0,857,0,143,0,0,855,0,145,0,0,850,1,149,0,0,845,0,155,0,0,857,0,143,0,0,854,0,146,0,0,850,0,150,0,0,863,3,134,0,0,855,0,145,0,0,849,0,151,0,0,864,0,136,0,0,856,0,144,0,0,848,0,152,0,0,851,1,148,0,0,853,0,147,0,0
147,standard,0.1,854,1,145,0,0,849,0,151,0,0,856,0,144,0,0,853,0,147,0,0,855,0,145,0,0,852,1,147,0,0,849,1,150,0,0,849,0,151,0,0,865,0,135,0,0,847,0,153,0,0,856,0,144,0,0,840,0,160,0,0,853,1,146,0,0,852,0,148,0,0,859,1,140,0,0,853,0,147,0,0,847,0,153,0,0,843,0,157,0,0,852,1,147,0,0,852,1,147,0,0,845,1,154,0,0,854,2,144,0,0,839,0,161,0,0,861,0,139,0,0,854,0,146,0,0,853,0,147,0,0,851,0,149,0,0,851,0,149,0,0,849,0,151,0,0,852,1,147,0,0,857,0,143,0,0,850,1,149,0,0,849,0,151,0,0,852,0,148,0,0,853,0,147,0,0,857,0,143,0,0,855,0,145,0,0,850,1,149,0,0,845,0,155,0,0,857,0,143,0,0,854,0,146,0,0,850,0,150,0,0,863,3,134,0,0,855,0,145,0,0,849,0,151,0,0,864,0,136,0,0,856,0,144,0,0,848,0,152,0,0,851,0,149,0,0,853,0,147,0,0
148,standard,0.1,854,1,145,0,0,849,0,151,0,0,856,0,144,0,0,853,0,147,0,0,855,0,145,0,0,851,2,147,0,0,849,1,150,0,0,849,0,151,0,0,865,0,135,0,0,847,0,153,0,0,856,0,144,0,0,840,0,160,0,0,853,1,146,0,0,852,0,148,0,0,859,1,140,0,0,853,0,147,0,0,847,0,153,0,0,843,0,157,0,0,852,1,147,0,0,852,1,147,0,0,845,1,154,0,0,854,2,144,0,0,839,0,161,0,0,861,0,139,0,0,854,0,146,0,0,852,1,147,0,0,851,0,149,0,0,851,0,149,0,0,849,0,151,0,0,852,1,147,0,0,857,0,143,0,0,850,1,149,0,0,849,0,151,0,0,852,0,148,0,0,853,0,147,0,0,857,0,143,0,0,855,0,145,0,0,850,1,149,0,0,845,0,155,0,0,857,0,143,0,0,854,0,146,0,0,850,0,150,0,0,863,2,135,0,0,855,0,145,0,0,849,0,151,0,0,864,0,136,0,0,856,0,144,0,0,848,0,152,0,0,851,0,149,0,0,853,0,147,0,0
149,standard,0.1,854,0,146,0,0,849,0,151,0,0,856,0,144,0,0,853,0,147,0,0,855,0,145,0,0,851,1,148,0,0,849,1,150,0,0,849,0,151,0,0,865,0,135,0,0,847,0,153,0,0,856,0,144,0,0,840,0,160,0,0,853,1,146,0,0,852,0,148,0,0,859,1,140,0,0,853,0,147,0,0,847,0,153,0,0,843,0,157,0,0,852,1,147,0,0,852,1,147,0,0,845,1,154,0,0,854,2,144,0,0,839,0,161,0,0,861,0,139,0,0,854,0,146,0,0,852,1,147,0,0,851,0,149,0,0,851,0,149,0,0,849,0,151,0,0,852,1,147,0,0,857,0,143,0,0,850,1,149,0,0,849,0,151,0,0,852,0,148,0,0,853,0,147,0,0,857,0,143,0,0,855,0,145,0,0,850,1,149,0,0,845,0,155,0,0,857,0,143,0,0,854,0,146,0,0,850,0,150,0,0,863,2,135,0,0,855,0,145,0,0,849,0,151,0,0,864,0,136,0,0,856,0,144,0,0,848,0,152,0,0,851,0,149,0,0,853,0,147,0,0
150,standard,0.1,854,0,146,0,0,849,0,151,0,0,856,0,144,0,0,853,0,147,0,0,855,0,145,0,0,851,1,148,0,0,849,1,150,0,0,849,0,151,0,0,865,0,135,0,0,847,0,153,0,0,856,0,144,0,0,840,0,160,0,0,853,1,146,0,0,852,0,148,0,0,859,1,140,0,0,853,0,147,0,0,847,0,153,0,0,843,0,157,0,0,852,1,147,0,0,852,0,148,0,0,845,1,154,0,0,854,2,144,0,0,839,0,161,0,0,861,0,139,0,0,854,0,146,0,0,852,1,147,0,0,851,0,149,0,0,851,0,149,0,0,849,0,151,0,0,852,0,148,0,0,857,0,143,0,0,850,1,149,0,0,849,0,151,0,0,852,0,148,0,0,853,0,147,0,0,857,0,143,0,0,855,0,145,0,0,850,1,149,0,0,845,0,155,0,0,857,0,143,0,0,854,0,146,0,0,850,0,150,0,0,863,2,135,0,0,855,0,145,0,0,849,0,151,0,0,864,0,136,0,0,856,0,144,0,0,848,0,152,0,0,851,0,149,0,0,853,0,147,0,0
151,standard,0.1,854,0,146,0,0,849,0,151,0,0,856,0,144,0,0,852,1,147,0,0,855,0,145,0,0,851,1,148,0,0,849,1,150,0,0,849,0,151,0,0,865,0,135,0,0,847,0,153,0,0,856,0,144,0,0,840,0,160,0,0,853,1,146,0,0,852,0,148,0,0,859,1,140,0,0,853,0,147,0,0,847,0,153,0,0,843,0,157,0,0,852,1,147,0,0,852,0,148,0,0,845,1,154,0,0,854,1,145,0,0,839,0,161,0,0,861,0,139,0,0,854,0,146,0,0,852,1,147,0,0,851,0,149,0,0,851,0,149,0,0,849,0,151,0,0,852,0,148,0,0,857,0,143,0,0,850,1,149,0,0,849,0,151,0,0,852,0,148,0,0,853,0,147,0,0,857,0,143,0,0,855,0,145,0,0,850,1,149,0,0,845,0,155,0,0,857,0,143,0,0,854,0,146,0,0,850,0,150,0,0,863,1,136,0,0,855,0,145,0,0,849,0,151,0,0,864,0,136,0,0,856,0,144,0,0,848,0,152,0,0,851,0,149,0,0,853,0,147,0,0
152,standard,0.1,854,0,146,0,0,849,0,151,0,0,856,0,144,0,0,851,2,147,0,0,855,0,145,0,0,851,1,148,0,0,849,1,150,0,0,849,0,151,0,0,865,0,135,0,0,847,0,153,0,0,856,0,144,0,0,840,0,160,0,0,853,1,146,0,0,852,0,148,0,0,859,1,140,0,0,853,0,147,0,0,847,0,153,0,0,843,0,157,0,0,852,1,147,0,0,852,0,148,0,0,845,1,154,0,0,854,1,145,0,0,839,0,161,0,0,861,0,139,0,0,854,0,146,0,0,852,1,147,0,0,851,0,149,0,0,851,0,149,0,0,849,0,151,0,0,852,0,148,0,0,857,0,143,0,0,850,1,149,0,0,849,0,151,0,0,852,0,148,0,0,853,0,147,0,0,857,0,143,0,0,855,0,145,0,0,850,1,149,0,0,845,0,155,0,0,857,0,143,0,0,854,0,146,0,0,850,0,150,0,0,863,1,136,0,0,855,0,145,0,0,849,0,151,0,0,864,0,136,0,0,856,0,144,0,0,848,0,152,0,0,851,0,149,0,0,853,0,147,0,0
153,standard,0.1,854,0,146,0,0,849,0,151,0,0,856,0,144,0,0,851,2,147,0,0,855,0,145,0,0,851,1,148,0,0,849,1,150,0,0,849,0,151,0,0,865,0,135,0,0,847,0,153,0,0,856,0,144,0,0,840,0,160,0,0,853,1,146,0,0,852,0,148,0,0,859,1,140,0,0,853,0,147,0,0,847,0,153,0,0,843,0,157,0,0,852,1,147,0,0,852,0,148,0,0,845,1,154,0,0,854,1,145,0,0,839,0,161,0,0,861,0,139,0,0,854,0,146,0,0,852,1,147,0,0,851,0,149,0,0,851,0,149,0,0,849,0,151,0,0,852,0,148,0,0,857,0,143,0,0,850,1,149,0,0,849,0,151,0,0,852,0,148,0,0,853,0,147,0,0,857,0,143,0,0,855,0,145,0,0,850,0,150,0,0,845,0,155,0,0,857,0,143,0,0,854,0,146,0,0,850,0,150,0,0,863,1,136,0,0,855,0,145,0,0,849,0,151,0,0,864,0,136,0,0,856,0,144,0,0,848,0,152,0,0,851,0,149,0,0,853,0,147,0,0
154,standard,0.1,854,0,146,0,0,849,0,151,0,0,856,0,144,0,0,851,2,147,0,0,855,0,145,0,0,851,1,148,0,0,849,1,150,0,0,849,0,151,0,0,865,0,135,0,0,847,0,153,0,0,856,0,144,0,0,840,0,160,0,0,852,2,146,0,0,851,1,148,0,0,859,1,140,0,0,853,0,147,0,0,847,0,153,0,0,843,0,157,0,0,852,1,147,0,0,852,0,148,0,0,845,0,155,0,0,854,1,145,0,0,839,0,161,0,0,861,0,139,0,0,854,0,146,0,0,852,1,147,0,0,851,0,149,0,0,851,0,149,0,0,849,0,151,0,0,852,0,148,0,0,857,0,143,0,0,850,1,149,0,0,849,0,151,0,0,852,0,148,0,0,853,0,147,0,0,857,0,143,0,0,855,0,145,0,0,850,0,150,0,0,845,0,155,0,0,857,0,143,0,0,854,0,146,0,0,850,0,150,0,0,863,0,137,0,0,855,0,145,0,0,849,0,151,0,0,864,0,136,0,0,856,0,144,0,0,848,0,152,0,0,851,0,149,0,0,853,0,147,0,0
155,standard,0.1,854,0,146,0,0,849,0,151,0,0,856,0,144,0,0,851,2,147,0,0,855,0,145,0,0,851,1,148,0,0,848,2,150,0,0,849,0,151,0,0,865,0,135,0,0,847,0,153,0,0,856,0,144,0,0,840,0,160,0,0,852,1,147,0,0,851,1,148,0,0,859,1,140,0,0,853,0,147,0,0,847,0,153,0,0,843,0,157,0,0,852,1,147,0,0,852,0,148,0,0,845,0,155,0,0,854,1,145,0,0,839,0,161,0,0,861,0,139,0,0,854,0,146,0,0,852,1,147,0,0,851,0,149,0,0,851,0,149,0,0,849,0,151,0,0,851,1,148,0,0,857,0,143,0,0,850,1,149,0,0,849,0,151,0,0,852,0,148,0,0,853,0,147,0,0,857,0,143,0,0,855,0,145,0,0,850,0,150,0,0,845,0,155,0,0,857,0,143,0,0,854,0,146,0,0,850,0,150,0,0,863,0,137,0,0,855,0,145,0,0,849,0,151,0,0,863,1,136,0,0,856,0,144,0,0,848,0,152,0,0,851,0,149,0,0,853,0,147,0,0
156,standard,0.1,854,0,146,0,0,849,0,151,0,0,856,0,144,0,0,851,2,147,0,0,855,0,145,0,0,851,1,148,0,0,848,1,151,0,0,849,0,151,0,0,865,0,135,0,0,847,0,153,0,0,856,0,144,0,0,840,0,160,0,0,852,1,147,0,0,851,1,148,0,0,859,1,140,0,0,853,0,147,0,0,847,0,153,0,0,843,0,157,0,0,852,1,147,0,0,852,0,148,0,0,845,0,155,0,0,854,0,146,0,0,839,0,161,0,0,861,0,139,0,0,854,0,146,0,0,852,1,147,0,0,851,0,149,0,0,851,0,149,0,0,849,0,151,0,0,851,1,148,0,0,857,0,143,0,0,850,0,150,0,0,849,0,151,0,0,852,0,148,0,0,853,0,147,0,0,857,0,143,0,0,855,0,145,0,0,850,0,150,0,0,845,0,155,0,0,857,0,143,0,0,854,0,146,0,0,850,0,150,0,0,863,0,137,0,0,855,0,145,0,0,849,0,151,0,0,863,1,136,0,0,856,0,144,0,0,848,0,152,0,0,851,0,149,0,0,853,0,147,0,0
157,standard,0.1,854,0,146,0,0,849,0,151,0,0,856,0,144,0,0,851,2,147,0,0,855,0,145,0,0,851,1,148,0,0,848,1,151,0,0,849,0,151,0,0,865,0,135,0,0,847,0,153,0,0,856,0,144,0,0,840,0,160,0,0,852,1,147,0,0,851,1,148,0,0,859,0,141,0,0,853,0,147,0,0,847,0,153,0,0,843,0,157,0,0,852,1,147,0,0,852,0,148,0,0,845,0,155,0,0,854,0,146,0,0,839,0,161,0,0,861,0,139,0,0,854,0,146,0,0,852,1,147,0,0,851,0,149,0,0,851,0,149,0,0,849,0,151,0,0,851,1,148,0,0,857,0,143,0,0,850,0,150,0,0,849,0,151,0,0,852,0,148,0,0,853,0,147,0,0,857,0,143,0,0,855,0,145,0,0,850,0,150,0,0,845,0,155,0,0,857,0,143,0,0,854,0,146,0,0,850,0,150,0,0,863,0,137,0,0,855,0,145,0,0,849,0,151,0,0,863,1,136,0,0,856,0,144,0,0,848,0,152,0,0,851,0,149,0,0,853,0,147,0,0
158,standard,0.1,854,0,146,0,0,849,0,151,0,0,856,0,144,0,0,851,2,147,0,0,855,0,145,0,0,851,1,148,0,0,848,1,151,0,0,849,0,151,0,0,865,0,135,0,0,847,0,153,0,0,856,0,144,0,0,840,0,160,0,0,852,1,147,0,0,851,1,148,0,0,859,0,141,0,0,853,0,147,0,0,847,0,153,0,0,843,0,157,0,0,852,1,147,0,0,852,0,148,0,0,845,0,155,0,0,854,0,146,0,0,839,0,161,0,0,861,0,139,0,0,854,0,146,0,0,852,1,147,0,0,851,0,149,0,0,851,0,149,0,0,849,0,151,0,0,851,1,148,0,0,857,0,143,0,0,850,0,150,0,0,849,0,151,0,0,852,0,148,0,0,853,0,147,0,0,857,0,143,0,0,855,0,145,0,0,850,0,150,0,0,845,0,155,0,0,857,0,143,0,0,854,0,146,0,0,850,0,150,0,0,863,0,137,0,0,855,0,145,0,0,849,0,151,0,0,863,1,136,0,0,856,0,144,0,0,848,0,152,0,0,851,0,149,0,0,852,1,147,0,0
159,standard,0.1,854,0,146,0,0,849,0,151,0,0,856,0,144,0,0,851,2,147,0,0,855,0,145,0,0,851,1,148,0,0,848,1,151,0,0,849,0,151,0,0,864,1,135,0,0,847,0,153,0,0,856,0,144,0,0,840,0,160,0,0,852,1,147,0,0,851,1,148,0,0,859,0,141,0,0,853,0,147,0,0,847,0,153,0,0,843,0,157,0,0,852,1,147,0,0,852,0,148,0,0,845,0,155,0,0,854,0,146,0,0,839,0,161,0,0,861,0,139,0,0,854,0,146,0,0,852,1,147,0,0,851,0,149,0,0,851,0,149,0,0,849,0,151,0,0,850,2,148,0,0,857,0,143,0,0,850,0,150,0,0,849,0,151,0,0,852,0,148,0,0,853,0,147,0,0,857,0,143,0,0,855,0,145,0,0,850,0,150,0,0,845,0,155,0,0,857,0,143,0,0,854,0,146,0,0,850,0,150,0,0,863,0,137,0,0,855,0,145,0,0,849,0,151,0,0,863,1,136,0,0,856,0,144,0,0,848,0,152,0,0,851,0,149,0,0,852,1,147,0,0
160,standard,0.1,854,0,146,0,0,849,0,151,0,0,856,0,144,0,0,851,2,147,0,0,855,0,145,0,0,851,1,148,0,0,848,1,151,0,0,849,0,151,0,0,864,1,135,0,0,847,0,153,0,0,856,0,144,0,0,840,0,160,0,0,852,1,147,0,0,851,1,148,0,0,859,0,141,0,0,853,0,147,0,0,847,0,153,0,0,843,0,157,0,0,852,0,148,0,0,852,0,148,0,0,845,0,155,0,0,854,0,146,0,0,839,0,161,0,0,861,0,139,0,0,854,0,146,0,0,852,1,147,0,0,851,0,149,0,0,851,0,149,0,0,849,0,151,0,0,850,2,148,0,0,857,0,143,0,0,850,0,150,0,0,849,0,151,0,0,852,0,148,0,0,853,0,147,0,0,857,0,143,0,0,855,0,145,0,0,850,0,150,0,0,845,0,155,0,0,857,0,143,0,0,854,0,146,0,0,850,0,150,0,0,863,0,137,0,0,855,0,145,0,0,849,0,151,0,0,863,1,136,0,0,856,0,144,0,0,848,0,152,0,0,851,0,149,0,0,851,2,147,0,0
161,standard,0.1,854,0,146,0,0,849,0,151,0,0,856,0,144,0,0,851,2,147,0,0,855,0,145,0,0,851,0,149,0,0,848,1,151,0,0,849,0,151,0,0,864,1,135,0,0,847,0,153,0,0,856,0,144,0,0,840,0,160,0,0,852,1,147,0,0,851,1,148,0,0,859,0,141,0,0,853,0,147,0,0,847,0,153,0,0,843,0,157,0,0,852,0,148,0,0,852,0,148,0,0,845,0,155,0,0,854,0,146,0,0,839,0,161,0,0,861,0,139,0,0,854,0,146,0,0,852,0,148,0,0,851,0,149,0,0,851,0,149,0,0,849,0,151,0,0,850,2,148,0,0,857,0,143,0,0,850,0,150,0,0,849,0,151,0,0,852,0,148,0,0,852,1,147,0,0,857,0,143,0,0,855,0,145,0,0,850,0,150,0,0,845,0,155,0,0,857,0,143,0,0,853,1,146,0,0,850,0,150,0,0,863,0,137,0,0,855,0,145,0,0,849,0,151,0,0,863,1,136,0,0,855,1,144,0,0,848,0,152,0,0,851,0,149,0,0,850,3,147,0,0
162,standard,0.1,854,0,146,0,0,849,0,151,0,0,856,0,144,0,0,851,2,147,0,0,855,0,145,0,0,851,0,149,0,0,848,1,151,0,0,849,0,151,0,0,864,1,135,0,0,847,0,153,0,0,856,0,144,0,0,840,0,160,0,0,852,1,147,0,0,851,1,148,0,0,859,0,141,0,0,853,0,147,0,0,847,0,153,0,0,843,0,157,0,0,852,0,148,0,0,852,0,148,0,0,845,0,155,0,0,854,0,146,0,0,839,0,161,0,0,861,0,139,0,0,854,0,146,0,0,852,0,148,0,0,851,0,149,0,0,851,0,149,0,0,849,0,151,0,0,850,2,148,0,0,857,0,143,0,0,850,0,150,0,0,849,0,151,0,0,852,0,148,0,0,852,1,147,0,0,857,0,143,0,0,855,0,145,0,0,850,0,150,0,0,845,0,155,0,0,857,0,143,0,0,853,1,146,0,0,850,0,150,0,0,863,0,137,0,0,855,0,145,0,0,849,0,151,0,0,863,1,136,0,0,855,1,144,0,0,848,0,152,0,0,851,0,149,0,0,850,3,147,0,0
163,standard,0.1,854,0,146,0,0,849,0,151,0,0,856,0,144,0,0,851,2,147,0,0,855,0,145,0,0,851,0,149,0,0,848,1,151,0,0,849,0,151,0,0,864,1,135,0,0,847,0,153,0,0,856,0,144,0,0,840,0,160,0,0,852,1,147,0,0,851,1,148,0,0,859,0,141,0,0,853,0,147,0,0,847,0,153,0,0,843,0,157,0,0,852,0,148,0,0,852,0,148,0,0,845,0,155,0,0,854,0,146,0,0,839,0,161,0,0,861,0,139,0,0,854,0,146,0,0,852,0,148,0,0,851,0,149,0,0,851,0,149,0,0,849,0,151,0,0,850,2,148,0,0,857,0,143,0,0,850,0,150,0,0,848,1,151,0,0,852,0,148,0,0,852,1,147,0,0,857,0,143,0,0,855,0,145,0,0,850,0,150,0,0,845,0,155,0,0,857,0,143,0,0,853,1,146,0,0,850,0,150,0,0,863,0,137,0,0,855,0,145,0,0,849,0,151,0,0,863,1,136,0,0,855,1,144,0,0,848,0,152,0,0,851,0,149,0,0,850,3,147,0,0
164,standard,0.1,854,0,146,0,0,849,0,151,0,0,856,0,144,0,0,851,1,148,0,0,855,0,145,0,0,851,0,149,0,0,848,1,151,0,0,849,0,151,0,0,864,1,135,0,0,847,0,153,0,0,856,0,144,0,0,840,0,160,0,0,852,1,147,0,0,851,1,148,0,0,859,0,141,0,0,853,0,147,0,0,847,0,153,0,0,843,0,157,0,0,852,0,148,0,0,852,0,148,0,0,845,0,155,0,0,854,0,146,0,0,839,0,161,0,0,861,0,139,0,0,854,0,146,0,0,851,1,148,0,0,851,0,149,0,0,851,0,149,0,0,849,0,151,0,0,850,2,148,0,0,857,0,143,0,0,850,0,150,0,0,848,1,151,0,0,852,0,148,0,0,852,1,147,0,0,857,0,143,0,0,855,0,145,0,0,850,0,150,0,0,845,0,155,0,0,857,0,143,0,0,853,1,146,0,0,850,0,150,0,0,863,0,137,0,0,855,0,145,0,0,849,0,151,0,0,863,1,136,0,0,855,1,144,0,0,848,0,152,0,0,851,0,149,0,0,850,3,147,0,0
165,standard,0.1,854,0,146,0,0,849,0,151,0,0,856,0,144,0,0,851,0,149,0,0,855,0,145,0,0,851,0,149,0,0,848,1,151,0,0,849,0,151,0,0,864,1,135,0,0,847,0,153,0,0,856,0,144,0,0,840,0,160,0,0,852,1,147,0,0,851,1,148,0,0,859,0,141,0,0,853,0,147,0,0,847,0,153,0,0,843,0,157,0,0,852,0,148,0,0,852,0,148,0,0,845,0,155,0,0,854,0,146,0,0,839,0,161,0,0,861,0,139,0,0,854,0,146,0,0,850,2,148,0,0,851,0,149,0,0,851,0,149,0,0,849,0,151,0,0,850,2,148,0,0,857,0,143,0,0,850,0,150,0,0,848,1,151,0,0,852,0,148,0,0,852,1,147,0,0,857,0,143,0,0,855,0,145,0,0,850,0,150,0,0,845,0,155,0,0,857,0,143,0,0,853,1,146,0,0,850,0,150,0,0,863,0,137,0,0,855,0,145,0,0,849,0,151,0,0,863,1,136,0,0,855,1,144,0,0,848,0,152,0,0,851,0,149,0,0,850,3,147,0,0
166,standard,0.1,854,0,146,0,0,849,0,151,0,0,856,0,144,0,0,851,0,149,0,0,855,0,145,0,0,851,0,149,0,0,848,1,151,0,0,849,0,151,0,0,864,1,135,0,0,847,0,153,0,0,856,0,144,0,0,840,0,160,0,0,852,1,147,0,0,851,1,148,0,0,859,0,141,0,0,853,0,147,0,0,847,0,153,0,0,843,0,157,0,0,852,0,148,0,0,852,0,148,0,0,845,0,155,0,0,854,0,146,0,0,839,0,161,0,0,861,0,139,0,0,854,0,146,0,0,850,2,148,0,0,851,0,149,0,0,851,0,149,0,0,849,0,151,0,0,849,3,148,0,0,857,0,143,0,0,850,0,150,0,0,848,1,151,0,0,852,0,148,0,0,852,1,147,0,0,857,0,143,0,0,855,0,145,0,0,850,0,150,0,0,845,0,155,0,0,857,0,143,0,0,853,1,146,0,0,850,0,150,0,0,863,0,137,0,0,855,0,145,0,0,849,0,151,0,0,863,1,136,0,0,855,1,144,0,0,848,0,152,0,0,851,0,149,0,0,850,3,147,0,0
167,standard,0.1,854,0,146,0,0,849,0,151,0,0,856,0,144,0,0,850,1,149,0,0,855,0,145,0,0,851,0,149,0,0,848,1,151,0,0,849,0,151,0,0,864,1,135,0,0,847,0,153,0,0,856,0,144,0,0,840,0,160,0,0,852,0,148,0,0,851,0,149,0,0,859,0,141,0,0,853,0,147,0,0,847,0,153,0,0,843,0,157,0,0,852,0,148,0,0,852,0,148,0,0,845,0,155,0,0,854,0,146,0,0,839,0,161,0,0,861,0,139,0,0,854,0,146,0,0,849,3,148,0,0,851,0,149,0,0,851,0,149,0,0,849,0,151,0,0,849,3,148,0,0,857,0,143,0,0,850,0,150,0,0,848,1,151,0,0,852,0,148,0,0,852,1,147,0,0,857,0,143,0,0,855,0,145,0,0,850,0,150,0,0,845,0,155,0,0,857,0,143,0,0,853,1,146,0,0,850,0,150,0,0,863,0,137,0,0,855,0,145,0,0,849,0,151,0,0,863,1,136,0,0,855,1,144,0,0,848,0,152,0,0,851,0,149,0,0,850,3,147,0,0
168,standard,0.1,854,0,146,0,0,849,0,151,0,0,856,0,144,0,0,850,1,149,0,0,855,0,145,0,0,851,0,149,0,0,848,0,152,0,0,849,0,151,0,0,864,1,135,0,0,847,0,153,0,0,856,0,144,0,0,840,0,160,0,0,852,0,148,0,0,851,0,149,0,0,859,0,141,0,0,853,0,147,0,0,847,0,153,0,0,843,0,157,0,0,852,0,148,0,0,852,0,148,0,0,845,0,155,0,0,854,0,146,0,0,839,0,161,0,0,861,0,139,0,0,854,0,146,0,0,849,3,148,0,0,851,0,149,0,0,851,0,149,0,0,849,0,151,0,0,849,2,149,0,0,857,0,143,0,0,850,0,150,0,0,848,1,151,0,0,852,0,148,0,0,852,1,147,0,0,857,0,143,0,0,855,0,145,0,0,850,0,150,0,0,845,0,155,0,0,857,0,143,0,0,853,1,146,0,0,850,0,150,0,0,863,0,137,0,0,855,0,145,0,0,849,0,151,0,0,863,0,137,0,0,855,1,144,0,0,848,0,152,0,0,851,0,149,0,0,850,3,147,0,0
169,standard,0.1,854,0,146,0,0,849,0,151,0,0,856,0,144,0,0,850,1,149,0,0,855,0,145,0,0,851,0,149,0,0,848,0,152,0,0,849,0,151,0,0,864,1,135,0,0,847,0,153,0,0,856,0,144,0,0,840,0,160,0,0,852,0,148,0,0,851,0,149,0,0,859,0,141,0,0,853,0,147,0,0,847,0,153,0,0,843,0,157,0,0,852,0,148,0,0,852,0,148,0,0,845,0,155,0,0,854,0,146,0,0,838,1,161,0,0,861,0,139,0,0,854,0,146,0,0,848,4,148,0,0,851,0,149,0,0,851,0,149,0,0,849,0,151,0,0,849,2,149,0,0,857,0,143,0,0,850,0,150,0,0,848,1,151,0,0,852,0,148,0,0,852,1,147,0,0,857,0,143,0,0,855,0,145,0,0,850,0,150,0,0,845,0,155,0,0,857,0,143,0,0,853,1,146,0,0,850,0,150,0,0,863,0,137,0,0,855,0,145,0,0,849,0,151,0,0,863,0,137,0,0,855,1,144,0,0,848,0,152,0,0,851,0,149,0,0,850,3,147,0,0
170,standard,0.1,854,0,146,0,0,849,0,151,0,0,856,0,144,0,0,850,1,149,0,0,855,0,145,0,0,851,0,149,0,0,848,0,152,0,0,849,0,151,0,0,864,1,135,0,0,847,0,153,0,0,856,0,144,0,0,840,0,160,0,0,852,0,148,0,0,851,0,149,0,0,859,0,141,0,0,853,0,147,0,0,847,0,153,0,0,843,0,157,0,0,852,0,148,0,0,852,0,148,0,0,845,0,155,0,0,854,0,146,0,0,838,1,161,0,0,861,0,139,0,0,854,0,146,0,0,847,5,148,0,0,851,0,149,0,0,851,0,149,0,0,849,0,151,0,0,849,2,149,0,0,857,0,143,0,0,850,0,150,0,0,848,1,151,0,0,852,0,148,0,0,852,1,147,0,0,857,0,143,0,0,855,0,145,0,0,850,0,150,0,0,845,0,155,0,0,857,0,143,0,0,853,1,146,0,0,850,0,150,0,0,863,0,137,0,0,855,0,145,0,0,849,0,151,0,0,863,0,137,0,0,855,1,144,0,0,848,0,152,0,0,851,0,149,0,0,850,3,147,0,0
171,standard,0.1,854,0,146,0,0,849,0,151,0,0,856,0,144,0,0,850,1,149,0,0,855,0,145,0,0,851,0,149,0,0,848,0,152,0,0,849,0,151,0,0,864,1,135,0,0,847,0,153,0,0,856,0,144,0,0,840,0,160,0,0,852,0,148,0,0,851,0,149,0,0,859,0,141,0,0,853,0,147,0,0,847,0,153,0,0,843,0,157,0,0,852,0,148,0,0,852,0,148,0,0,845,0,155,0,0,854,0,146,0,0,838,1,161,0,0,861,0,139,0,0,854,0,146,0,0,847,5,148,0,0,851,0,149,0,0,851,0,149,0,0,849,0,151,0,0,849,2,149,0,0,857,0,143,0,0,850,0,150,0,0,848,1,151,0,0,852,0,148,0,0,852,1,147,0,0,857,0,143,0,0,855,0,145,0,0,850,0,150,0,0,845,0,155,0,0,857,0,143,0,0,853,1,146,0,0,850,0,150,0,0,863,0,137,0,0,855,0,145,0,0,849,0,151,0,0,863,0,137,0,0,855,1,144,0,0,848,0,152,0,0,851,0,149,0,0,850,2,148,0,0
172,standard,0.1,854,0,146,0,0,848,1,151,0,0,856,0,144,0,0,849,2,149,0,0,855,0,145,0,0,851,0,149,0,0,848,0,152,0,0,849,0,151,0,0,864,0,136,0,0,847,0,153,0,0,856,0,144,0,0,840,0,160,0,0,852,0,148,0,0,851,0,149,0,0,859,0,141,0,0,853,0,147,0,0,847,0,153,0,0,843,0,157,0,0,852,0,148,0,0,852,0,148,0,0,845,0,155,0,0,854,0,146,0,0,838,1,161,0,0,861,0,139,0,0,854,0,146,0,0,847,5,148,0,0,851,0,149,0,0,851,0,149,0,0,849,0,151,0,0,849,1,150,0,0,857,0,143,0,0,850,0,150,0,0,848,1,151,0,0,852,0,148,0,0,851,2,147,0,0,857,0,143,0,0,855,0,145,0,0,850,0,150,0,0,845,0,155,0,0,857,0,143,0,0,853,1,146,0,0,850,0,150,0,0,863,0,137,0,0,855,0,145,0,0,849,0,151,0,0,863,0,137,0,0,855,1,144,0,0,848,0,152,0,0,851,0,149,0,0,850,2,148,0,0
173,standard,0.1,854,0,146,0,0,847,2,151,0,0,856,0,144,0,0,849,2,149,0,0,855,0,145,0,0,851,0,149,0,0,848,0,152,0,0,849,0,151,0,0,864,0,136,0,0,847,0,153,0,0,856,0,144,0,0,840,0,160,0,0,852,0,148,0,0,851,0,149,0,0,859,0,141,0,0,853,0,147,0,0,847,0,153,0,0,843,0,157,0,0,852,0,148,0,0,852,0,148,0,0,845,0,155,0,0,854,0,146,0,0,838,1,161,0,0,861,0,139,0,0,854,0,146,0,0,847,5,148,0,0,851,0,149,0,0,851,0,149,0,0,849,0,151,0,0,849,1,150,0,0,857,0,143,0,0,850,0,150,0,0,847,2,151,0,0,852,0,148,0,0,851,2,147,0,0,857,0,143,0,0,855,0,145,0,0,850,0,150,0,0,844,1,155,0,0,857,0,143,0,0,853,1,146,0,0,850,0,150,0,0,863,0,137,0,0,855,0,145,0,0,849,0,151,0,0,863,0,137,0,0,855,1,144,0,0,848,0,152,0,0,851,0,149,0,0,850,1,149,0,0
174,standard,0.1,854,0,146,0,0,847,2,151,0,0,856,0,144,0,0,849,2,149,0,0,855,0,145,0,0,851,0,149,0,0,848,0,152,0,0,849,0,151,0,0,864,0,136,0,0,847,0,153,0,0,856,0,144,0,0,840,0,160,0,0,852,0,148,0,0,851,0,149,0,0,859,0,141,0,0,853,0,147,0,0,847,0,153,0,0,843,0,157,0,0,852,0,148,0,0,852,0,148,0,0,845,0,155,0,0,854,0,146,0,0,838,1,161,0,0,861,0,139,0,0,854,0,146,0,0,847,5,148,0,0,851,0,149,0,0,851,0,149,0,0,848,1,151,0,0,849,1,150,0,0,857,0,143,0,0,850,0,150,0,0,847,2,151,0,0,852,0,148,0,0,851,1,148,0,0,857,0,143,0,0,855,0,145,0,0,850,0,150,0,0,844,1,155,0,0,857,0,143,0,0,853,0,147,0,0,850,0,150,0,0,863,0,137,0,0,855,0,145,0,0,849,0,151,0,0,863,0,137,0,0,855,0,145,0,0,848,0,152,0,0,851,0,149,0,0,850,0,150,0,0
175,standard,0.1,854,0,146,0,0,847,2,151,0,0,856,0,144,0,0,849,2,149,0,0,855,0,145,0,0,851,0,149,0,0,848,0,152,0,0,849,0,151,0,0,864,0,136,0,0,847,0,153,0,0,856,0,144,0,0,840,0,160,0,0,852,0,148,0,0,851,0,149,0,0,859,0,141,0,0,853,0,147,0,0,847,0,153,0,0,843,0,157,0,0,852,0,148,0,0,852,0,148,0,0,845,0,155,0,0,854,0,146,0,0,838,1,161,0,0,861,0,139,0,0,854,0,146,0,0,847,5,148,0,0,851,0,149,0,0,851,0,149,0,0,848,1,151,0,0,849,1,150,0,0,857,0,143,0,0,850,0,150,0,0,847,2,151,0,0,852,0,148,0,0,851,1,148,0,0,857,0,143,0,0,855,0,145,0,0,850,0,150,0,0,844,1,155,0,0,857,0,143,0,0,853,0,147,0,0,850,0,150,0,0,863,0,137,0,0,855,0,145,0,0,849,0,151,0,0,863,0,137,0,0,855,0,145,0,0,848,0,152,0,0,851,0,149,0,0,850,0,150,0,0
176,standard,0.1,854,0,146,0,0,847,2,151,0,0,856,0,144,0,0,848,3,149,0,0,855,0,145,0,0,851,0,149,0,0,848,0,152,0,0,849,0,151,0,0,864,0,136,0,0,847,0,153,0,0,856,0,144,0,0,840,0,160,0,0,852,0,148,0,0,851,0,149,0,0,859,0,141,0,0,853,0,147,0,0,847,0,153,0,0,842,1,157,0,0,852,0,148,0,0,852,0,148,0,0,845,0,155,0,0,854,0,146,0,0,838,1,161,0,0,861,0,139,0,0,854,0,146,0,0,847,5,148,0,0,851,0,149,0,0,851,0,149,0,0,848,1,151,0,0,849,1,150,0,0,857,0,143,0,0,850,0,150,0,0,847,1,152,0,0,852,0,148,0,0,851,1,148,0,0,857,0,143,0,0,855,0,145,0,0,850,0,150,0,0,844,1,155,0,0,857,0,143,0,0,853,0,147,0,0,850,0,150,0,0,863,0,137,0,0,855,0,145,0,0,849,0,151,0,0,863,0,137,0,0,855,0,145,0,0,848,0,152,0,0,851,0,149,0,0,850,0,150,0,0
177,standard,0.1,854,0,146,0,0,847,2,151,0,0,856,0,144,0,0,848,3,149,0,0,855,0,145,0,0,851,0,149,0,0,848,0,152,0,0,849,0,151,0,0,864,0,136,0,0,847,0,153,0,0,856,0,144,0,0,840,0,160,0,0,852,0,148,0,0,851,0,149,0,0,859,0,141,0,0,853,0,147,0,0,847,0,153,0,0,842,1,157,0,0,852,0,148,0,0,852,0,148,0,0,845,0,155,0,0,854,0,146,0,0,838,1,161,0,0,861,0,139,0,0,854,0,146,0,0,847,4,149,0,0,851,0,149,0,0,851,0,149,0,0,848,1,151,0,0,849,1,150,0,0,857,0,143,0,0,850,0,150,0,0,847,1,152,0,0,852,0,148,0,0,851,1,148,0,0,857,0,143,0,0,855,0,145,0,0,850,0,150,0,0,844,1,155,0,0,857,0,143,0,0,853,0,147,0,0,850,0,150,0,0,863,0,137,0,0,855,0,145,0,0,849,0,151,0,0,863,0,137,0,0,855,0,145,0,0,848,0,152,0,0,851,0,149,0,0,850,0,150,0,0
178,standard,0.1,854,0,146,0,0,847,2,151,0,0,856,0,144,0,0,848,3,149,0,0,855,0,145,0,0,851,0,149,0,0,848,0,152,0,0,849,0,151,0,0,864,0,136,0,0,847,0,153,0,0,856,0,144,0,0,840,0,160,0,0,852,0,148,0,0,851,0,149,0,0,859,0,141,0,0,853,0,147,0,0,847,0,153,0,0,842,1,157,0,0,852,0,148,0,0,852,0,148,0,0,845,0,155,0,0,854,0,146,0,0,837,2,161,0,0,860,1,139,0,0,854,0,146,0,0,847,3,150,0,0,851,0,149,0,0,851,0,149,0,0,848,1,151,0,0,849,1,150,0,0,857,0,143,0,0,850,0,150,0,0,847,1,152,0,0,852,0,148,0,0,851,1,148,0,0,857,0,143,0,0,855,0,145,0,0,850,0,150,0,0,844,1,155,0,0,857,0,143,0,0,853,0,147,0,0,850,0,150,0,0,863,0,137,0,0,855,0,145,0,0,849,0,151,0,0,863,0,137,0,0,855,0,145,0,0,848,0,152,0,0,851,0,149,0,0,850,0,150,0,0
179,standard,0.1,854,0,146,0,0,846,3,151,0,0,856,0,144,0,0,848,3,149,0,0,855,0,145,0,0,851,0,149,0,0,848,0,152,0,0,849,0,151,0,0,864,0,136,0,0,847,0,153,0,0,856,0,144,0,0,840,0,160,0,0,852,0,148,0,0,851,0,149,0,0,859,0,141,0,0,853,0,147,0,0,847,0,153,0,0,842,1,157,0,0,852,0,148,0,0,852,0,148,0,0,845,0,155,0,0,854,0,146,0,0,837,2,161,0,0,860,1,139,0,0,854,0,146,0,0,847,3,150,0,0,851,0,149,0,0,851,0,149,0,0,848,1,151,0,0,849,0,151,0,0,857,0,143,0,0,850,0,150,0,0,847,1,152,0,0,852,0,148,0,0,851,1,148,0,0,857,0,143,0,0,855,0,145,0,0,850,0,150,0,0,844,1,155,0,0,857,0,143,0,0,853,0,147,0,0,850,0,150,0,0,863,0,137,0,0,855,0,145,0,0,849,0,151,0,0,863,0,137,0,0,855,0,145,0,0,848,0,152,0,0,851,0,149,0,0,850,0,150,0,0
180,standard,0.1,854,0,146,0,0,846,3,151,0,0,856,0,144,0,0,848,2,150,0,0,855,0,145,0,0,851,0,149,0,0,848,0,152,0,0,849,0,151,0,0,864,0,136,0,0,847,0,153,0,0,856,0,144,0,0,840,0,160,0,0,852,0,148,0,0,851,0,149,0,0,859,0,141,0,0,853,0,147,0,0,847,0,153,0,0,842,1,157,0,0,852,0,148,0,0,852,0,148,0,0,845,0,155,0,0,854,0,146,0,0,837,2,161,0,0,860,1,139,0,0,854,0,146,0,0,847,2,151,0,0,851,0,149,0,0,851,0,149,0,0,847,2,151,0,0,849,0,151,0,0,857,0,143,0,0,850,0,150,0,0,847,1,152,0,0,852,0,148,0,0,851,1,148,0,0,857,0,143,0,0,855,0,145,0,0,850,0,150,0,0,844,1,155,0,0,857,0,143,0,0,853,0,147,0,0,850,0,150,0,0,863,0,137,0,0,855,0,145,0,0,849,0,151,0,0,863,0,137,0,0,855,0,145,0,0,848,0,152,0,0,851,0,149,0,0,850,0,150,0,0
181,standard,0.1,854,0,146,0,0,846,3,151,0,0,856,0,144,0,0,848,2,150,0,0,855,0,145,0,0,851,0,149,0,0,848,0,152,0,0,849,0,151,0,0,864,0,136,0,0,847,0,153,0,0,856,0,144,0,0,840,0,160,0,0,852,0,148,0,0,851,0,149,0,0,859,0,141,0,0,853,0,147,0,0,847,0,153,0,0,842,1,157,0,0,852,0,148,0,0,852,0,148,0,0,845,0,155,0,0,854,0,146,0,0,837,2,161,0,0,860,1,139,0,0,854,0,146,0,0,847,2,151,0,0,851,0,149,0,0,851,0,149,0,0,847,2,151,0,0,849,0,151,0,0,857,0,143,0,0,850,0,150,0,0,847,1,152,0,0,852,0,148,0,0,851,1,148,0,0,857,0,143,0,0,855,0,145,0,0,850,0,150,0,0,844,1,155,0,0,857,0,143,0,0,853,0,147,0,0,850,0,150,0,0,863,0,137,0,0,855,0,145,0,0,849,0,151,0,0,863,0,137,0,0,855,0,145,0,0,848,0,152,0,0,851,0,149,0,0,850,0,150,0,0
182,standard,0.1,854,0,146,0,0,846,3,151,0,0,856,0,144,0,0,848,2,150,0,0,855,0,145,0,0,851,0,149,0,0,848,0,152,0,0,849,0,151,0,0,864,0,136,0,0,847,0,153,0,0,856,0,144,0,0,840,0,160,0,0,852,0,148,0,0,851,0,149,0,0,859,0,141,0,0,853,0,147,0,0,845,2,153,0,0,842,1,157,0,0,852,0,148,0,0,852,0,148,0,0,845,0,155,0,0,854,0,146,0,0,837,1,162,0,0,860,1,139,0,0,854,0,146,0,0,847,1,152,0,0,851,0,149,0,0,851,0,149,0,0,847,2,151,0,0,848,1,151,0,0,857,0,143,0,0,850,0,150,0,0,847,1,152,0,0,852,0,148,0,0,851,1,148,0,0,857,0,143,0,0,855,0,145,0,0,850,0,150,0,0,844,1,155,0,0,857,0,143,0,0,853,0,147,0,0,850,0,150,0,0,863,0,137,0,0,855,0,145,0,0,849,0,151,0,0,863,0,137,0,0,855,0,145,0,0,848,0,152,0,0,851,0,149,0,0,850,0,150,0,0
183,standard,0.1,854,0,146,0,0,846,3,151,0,0,856,0,144,0,0,848,2,150,0,0,855,0,145,0,0,851,0,149,0,0,848,0,152,0,0,849,0,151,0,0,864,0,136,0,0,847,0,153,0,0,856,0,144,0,0,840,0,160,0,0,852,0,148,0,0,851,0,149,0,0,859,0,141,0,0,853,0,147,0,0,845,2,153,0,0,842,1,157,0,0,852,0,148,0,0,852,0,148,0,0,845,0,155,0,0,854,0,146,0,0,837,1,162,0,0,860,1,139,0,0,854,0,146,0,0,847,0,153,0,0,851,0,149,0,0,851,0,149,0,0,847,2,151,0,0,847,2,151,0,0,857,0,143,0,0,850,0,150,0,0,847,1,152,0,0,852,0,148,0,0,851,1,148,0,0,857,0,143,0,0,855,0,145,0,0,850,0,150,0,0,844,1,155,0,0,857,0,143,0,0,853,0,147,0,0,850,0,150,0,0,863,0,137,0,0,855,0,145,0,0,849,0,151,0,0,863,0,137,0,0,855,0,145,0,0,848,0,152,0,0,851,0,149,0,0,850,0,150,0,0
184,standard,0.1,854,0,146,0,0,846,3,151,0,0,856,0,144,0,0,848,2,150,0,0,855,0,145,0,0,851,0,149,0,0,848,0,152,0,0,849,0,151,0,0,864,0,136,0,0,847,0,153,0,0,856,0,144,0,0,840,0,160,0,0,852,0,148,0,0,851,0,149,0,0,859,0,141,0,0,853,0,147,0,0,845,2,153,0,0,842,1,157,0,0,852,0,148,0,0,852,0,148,0,0,845,0,155,0,0,854,0,146,0,0,837,1,162,0,0,860,1,139,0,0,854,0,146,0,0,847,0,153,0,0,851,0,149,0,0,851,0,149,0,0,847,2,151,0,0,847,2,151,0,0,857,0,143,0,0,850,0,150,0,0,846,2,152,0,0,852,0,148,0,0,851,1,148,0,0,857,0,143,0,0,855,0,145,0,0,850,0,150,0,0,844,1,155,0,0,857,0,143,0,0,853,0,147,0,0,850,0,150,0,0,863,0,137,0,0,855,0,145,0,0,849,0,151,0,0,863,0,137,0,0,855,0,145,0,0,848,0,152,0,0,851,0,149,0,0,850,0,150,0,0
185,standard,0.1,854,0,146,0,0,846,2,152,0,0,856,0,144,0,0,848,1,151,0,0,855,0,145,0,0,851,0,149,0,0,848,0,152,0,0,849,0,151,0,0,864,0,136,0,0,847,0,153,0,0,856,0,144,0,0,840,0,160,0,0,852,0,148,0,0,851,0,149,0,0,859,0,141,0,0,853,0,147,0,0,845,2,153,0,0,842,1,157,0,0,852,0,148,0,0,852,0,148,0,0,845,0,155,0,0,854,0,146,0,0,837,1,162,0,0,860,1,139,0,0,854,0,146,0,0,847,0,153,0,0,851,0,149,0,0,851,0,149,0,0,847,2,151,0,0,847,2,151,0,0,857,0,143,0,0,850,0,150,0,0,846,2,152,0,0,852,0,148,0,0,851,0,149,0,0,857,0,143,0,0,855,0,145,0,0,850,0,150,0,0,844,1,155,0,0,857,0,143,0,0,853,0,147,0,0,850,0,150,0,0,863,0,137,0,0,855,0,145,0,0,849,0,151,0,0,863,0,137,0,0,855,0,145,0,0,848,0,152,0,0,851,0,149,0,0,850,0,150,0,0
186,standard,0.1,854,0,146,0,0,846,1,153,0,0,856,0,144,0,0,848,1,151,0,0,855,0,145,0,0,851,0,149,0,0,848,0,152,0,0,849,0,151,0,0,864,0,136,0,0,847,0,153,0,0,856,0,144,0,0,840,0,160,0,0,852,0,148,0,0,851,0,149,0,0,859,0,141,0,0,853,0,147,0,0,845,2,153,0,0,842,1,157,0,0,852,0,148,0,0,852,0,148,0,0,845,0,155,0,0,854,0,146,0,0,837,1,162,0,0,860,1,139,0,0,854,0,146,0,0,847,0,153,0,0,851,0,149,0,0,851,0,149,0,0,847,2,151,0,0,847,2,151,0,0,857,0,143,0,0,850,0,150,0,0,846,1,153,0,0,852,0,148,0,0,850,1,149,0,0,857,0,143,0,0,855,0,145,0,0,850,0,150,0,0,844,0,156,0,0,857,0,143,0,0,853,0,147,0,0,850,0,150,0,0,863,0,137,0,0,855,0,145,0,0,849,0,151,0,0,863,0,137,0,0,855,0,145,0,0,848,0,152,0,0,851,0,149,0,0,850,0,150,0,0
187,standard,0.1,854,0,146,0,0,846,1,153,0,0,856,0,144,0,0,848,1,151,0,0,855,0,145,0,0,851,0,149,0,0,848,0,152,0,0,849,0,151,0,0,864,0,136,0,0,847,0,153,0,0,856,0,144,0,0,840,0,160,0,0,852,0,148,0,0,851,0,149,0,0,859,0,141,0,0,853,0,147,0,0,845,2,153,0,0,842,1,157,0,0,852,0,148,0,0,852,0,148,0,0,845,0,155,0,0,854,0,146,0,0,837,1,162,0,0,860,1,139,0,0,854,0,146,0,0,847,0,153,0,0,851,0,149,0,0,851,0,149,0,0,847,1,152,0,0,847,2,151,0,0,857,0,143,0,0,850,0,150,0,0,846,1,153,0,0,852,0,148,0,0,850,1,149,0,0,857,0,143,0,0,855,0,145,0,0,850,0,150,0,0,844,0,156,0,0,857,0,143,0,0,853,0,147,0,0,850,0,150,0,0,863,0,137,0,0,855,0,145,0,0,849,0,151,0,0,863,0,137,0,0,855,0,145,0,0,848,0,152,0,0,851,0,149,0,0,850,0,150,0,0
188,standard,0.1,854,0,146,0,0,845,2,153,0,0,856,0,144,0,0,848,1,151,0,0,855,0,145,0,0,851,0,149,0,0,848,0,152,0,0,849,0,151,0,0,864,0,136,0,0,847,0,153,0,0,856,0,144,0,0,840,0,160,0,0,852,0,148,0,0,851,0,149,0,0,859,0,141,0,0,853,0,147,0,0,845,2,153,0,0,842,1,157,0,0,852,0,148,0,0,852,0,148,0,0,845,0,155,0,0,854,0,146,0,0,837,1,162,0,0,860,1,139,0,0,854,0,146,0,0,847,0,153,0,0,851,0,149,0,0,850,1,149,0,0,847,1,152,0,0,847,2,151,0,0,857,0,143,0,0,850,0,150,0,0,846,1,153,0,0,852,0,148,0,0,850,1,149,0,0,857,0,143,0,0,855,0,145,0,0,850,0,150,0,0,844,0,156,0,0,857,0,143,0,0,853,0,147,0,0,850,0,150,0,0,863,0,137,0,0,855,0,145,0,0,849,0,151,0,0,863,0,137,0,0,854,1,145,0,0,848,0,152,0,0,851,0,149,0,0,850,0,150,0,0
189,standard,0.1,854,0,146,0,0,845,2,153,0,0,856,0,144,0,0,848,0,152,0,0,855,0,145,0,0,851,0,149,0,0,848,0,152,0,0,849,0,151,0,0,864,0,136,0,0,847,0,153,0,0,856,0,144,0,0,840,0,160,0,0,852,0,148,0,0,851,0,149,0,0,859,0,141,0,0,853,0,147,0,0,845,2,153,0,0,842,0,158,0,0,852,0,148,0,0,852,0,148,0,0,845,0,155,0,0,854,0,146,0,0,837,1,162,0,0,860,1,139,0,0,854,0,146,0,0,847,0,153,0,0,851,0,149,0,0,850,1,149,0,0,847,1,152,0,0,847,2,151,0,0,857,0,143,0,0,850,0,150,0,0,846,1,153,0,0,852,0,148,0,0,850,1,149,0,0,857,0,143,0,0,855,0,145,0,0,850,0,150,0,0,844,0,156,0,0,857,0,143,0,0,853,0,147,0,0,850,0,150,0,0,863,0,137,0,0,855,0,145,0,0,849,0,151,0,0,863,0,137,0,0,854,1,145,0,0,848,0,152,0,0,851,0,149,0,0,850,0,150,0,0
190,standard,0.1,854,0,146,0,0,845,2,153,0,0,856,0,144,0,0,848,0,152,0,0,855,0,145,0,0,851,0,149,0,0,848,0,152,0,0,849,0,151,0,0,864,0,136,0,0,847,0,153,0,0,856,0,144,0,0,840,0,160,0,0,852,0,148,0,0,851,0,149,0,0,859,0,141,0,0,853,0,147,0,0,845,2,153,0,0,842,0,158,0,0,852,0,148,0,0,852,0,148,0,0,845,0,155,0,0,854,0,146,0,0,837,1,162,0,0,860,1,139,0,0,854,0,146,0,0,847,0,153,0,0,851,0,149,0,0,850,1,149,0,0,847,1,152,0,0,846,3,151,0,0,857,0,143,0,0,850,0,150,0,0,846,1,153,0,0,852,0,148,0,0,850,1,149,0,0,857,0,143,0,0,855,0,145,0,0,850,0,150,0,0,844,0,156,0,0,857,0,143,0,0,853,0,147,0,0,850,0,150,0,0,863,0,137,0,0,855,0,145,0,0,849,0,151,0,0,863,0,137,0,0,854,1,145,0,0,848,0,152,0,0,851,0,149,0,0,850,0,150,0,0
191,standard,0.1,854,0,146,0,0,845,2,153,0,0,856,0,144,0,0,848,0,152,0,0,855,0,145,0,0,851,0,149,0,0,848,0,152,0,0,849,0,151,0,0,864,0,136,0,0,847,0,153,0,0,856,0,144,0,0,840,0,160,0,0,852,0,148,0,0,851,0,149,0,0,859,0,141,0,0,853,0,147,0,0,845,2,153,0,0,842,0,158,0,0,852,0,148,0,0,852,0,148,0,0,845,0,155,0,0,854,0,146,0,0,837,0,163,0,0,860,0,140,0,0,854,0,146,0,0,847,0,153,0,0,851,0,149,0,0,850,1,149,0,0,847,1,152,0,0,846,3,151,0,0,857,0,143,0,0,850,0,150,0,0,846,1,153,0,0,852,0,148,0,0,850,1,149,0,0,857,0,143,0,0,855,0,145,0,0,850,0,150,0,0,844,0,156,0,0,857,0,143,0,0,853,0,147,0,0,850,0,150,0,0,863,0,137,0,0,855,0,145,0,0,849,0,151,0,0,863,0,137,0,0,854,1,145,0,0,848,0,152,0,0,851,0,149,0,0,850,0,150,0,0
192,standard,0.1,854,0,146,0,0,845,1,154,0,0,856,0,144,0,0,848,0,152,0,0,855,0,145,0,0,851,0,149,0,0,848,0,152,0,0,849,0,151,0,0,864,0,136,0,0,847,0,153,0,0,856,0,144,0,0,839,1,160,0,0,852,0,148,0,0,851,0,149,0,0,859,0,141,0,0,853,0,147,0,0,845,2,153,0,0,842,0,158,0,0,852,0,148,0,0,852,0,148,0,0,845,0,155,0,0,854,0,146,0,0,837,0,163,0,0,860,0,140,0,0,854,0,146,0,0,847,0,153,0,0,851,0,149,0,0,850,1,149,0,0,847,1,152,0,0,846,3,151,0,0,857,0,143,0,0,850,0,150,0,0,846,1,153,0,0,852,0,148,0,0,850,1,149,0,0,857,0,143,0,0,855,0,145,0,0,850,0,150,0,0,844,0,156,0,0,857,0,143,0,0,853,0,147,0,0,850,0,150,0,0,863,0,137,0,0,855,0,145,0,0,849,0,151,0,0,863,0,137,0,0,854,1,145,0,0,848,0,152,0,0,851,0,149,0,0,850,0,150,0,0
193,standard,0.1,854,0,146,0,0,845,1,154,0,0,856,0,144,0,0,848,0,152,0,0,855,0,145,0,0,851,0,149,0,0,848,0,152,0,0,849,0,151,0,0,864,0,136,0,0,847,0,153,0,0,856,0,144,0,0,838,2,160,0,0,852,0,148,0,0,851,0,149,0,0,859,0,141,0,0,853,0,147,0,0,845,2,153,0,0,842,0,158,0,0,852,0,148,0,0,852,0,148,0,0,845,0,155,0,0,854,0,146,0,0,837,0,163,0,0,860,0,140,0,0,854,0,146,0,0,847,0,153,0,0,851,0,149,0,0,850,1,149,0,0,847,0,153,0,0,846,3,151,0,0,857,0,143,0,0,850,0,150,0,0,846,1,153,0,0,852,0,148,0,0,850,1,149,0,0,857,0,143,0,0,855,0,145,0,0,850,0,150,0,0,844,0,156,0,0,857,0,143,0,0,853,0,147,0,0,850,0,150,0,0,862,1,137,0,0,855,0,145,0,0,849,0,151,0,0,862,1,137,0,0,854,1,145,0,0,848,0,152,0,0,851,0,149,0,0,850,0,150,0,0
194,standard,0.1,854,0,146,0,0,845,1,154,0,0,856,0,144,0,0,848,0,152,0,0,855,0,145,0,0,851,0,149,0,0,848,0,152,0,0,849,0,151,0,0,864,0,136,0,0,847,0,153,0,0,856,0,144,0,0,838,2,160,0,0,852,0,148,0,0,851,0,149,0,0,859,0,141,0,0,853,0,147,0,0,845,2,153,0,0,842,0,158,0,0,852,0,148,0,0,852,0,148,0,0,845,0,155,0,0,854,0,146,0,0,837,0,163,0,0,860,0,140,0,0,854,0,146,0,0,846,1,153,0,0,851,0,149,0,0,850,1,149,0,0,847,0,153,0,0,846,3,151,0,0,857,0,143,0,0,850,0,150,0,0,846,1,153,0,0,852,0,148,0,0,850,1,149,0,0,855,2,143,0,0,855,0,145,0,0,850,0,150,0,0,844,0,156,0,0,857,0,143,0,0,853,0,147,0,0,850,0,150,0,0,862,1,137,0,0,855,0,145,0,0,849,0,151,0,0,862,1,137,0,0,854,1,145,0,0,848,0,152,0,0,851,0,149,0,0,850,0,150,0,0
195,standard,0.1,854,0,146,0,0,845,1,154,0,0,856,0,144,0,0,848,0,152,0,0,855,0,145,0,0,851,0,149,0,0,848,0,152,0,0,849,0,151,0,0,864,0,136,0,0,847,0,153,0,0,856,0,144,0,0,838,2,160,0,0,852,0,148,0,0,851,0,149,0,0,859,0,141,0,0,853,0,147,0,0,845,0,155,0,0,842,0,158,0,0,852,0,148,0,0,852,0,148,0,0,845,0,155,0,0,854,0,146,0,0,837,0,163,0,0,860,0,140,0,0,854,0,146,0,0,846,1,153,0,0,851,0,149,0,0,850,1,149,0,0,847,0,153,0,0,846,2,152,0,0,857,0,143,0,0,850,0,150,0,0,846,1,153,0,0,852,0,148,0,0,850,1,149,0,0,855,2,143,0,0,855,0,145,0,0,850,0,150,0,0,844,0,156,0,0,857,0,143,0,0,853,0,147,0,0,850,0,150,0,0,862,1,137,0,0,855,0,145,0,0,849,0,151,0,0,862,1,137,0,0,854,1,145,0,0,848,0,152,0,0,851,0,149,0,0,850,0,150,0,0
196,standard,0.1,854,0,146,0,0,845,1,154,0,0,856,0,144,0,0,848,0,152,0,0,855,0,145,0,0,851,0,149,0,0,848,0,152,0,0,849,0,151,0,0,864,0,136,0,0,847,0,153,0,0,856,0,144,0,0,838,2,160,0,0,852,0,148,0,0,851,0,149,0,0,859,0,141,0,0,853,0,147,0,0,845,0,155,0,0,842,0,158,0,0,852,0,148,0,0,852,0,148,0,0,845,0,155,0,0,854,0,146,0,0,836,1,163,0,0,860,0,140,0,0,854,0,146,0,0,846,1,153,0,0,851,0,149,0,0,850,1,149,0,0,847,0,153,0,0,846,1,153,0,0,857,0,143,0,0,850,0,150,0,0,846,1,153,0,0,852,0,148,0,0,850,1,149,0,0,855,2,143,0,0,855,0,145,0,0,850,0,150,0,0,844,0,156,0,0,857,0,143,0,0,853,0,147,0,0,850,0,150,0,0,862,1,137,0,0,855,0,145,0,0,849,0,151,0,0,862,1,137,0,0,854,1,145,0,0,848,0,152,0,0,851,0,149,0,0,850,0,150,0,0
197,standard,0.1,854,0,146,0,0,845,1,154,0,0,856,0,144,0,0,848,0,152,0,0,855,0,145,0,0,851,0,149,0,0,848,0,152,0,0,849,0,151,0,0,864,0,136,0,0,847,0,153,0,0,856,0,144,0,0,838,2,160,0,0,852,0,148,0,0,851,0,149,0,0,859,0,141,0,0,853,0,147,0,0,845,0,155,0,0,842,0,158,0,0,852,0,148,0,0,852,0,148,0,0,845,0,155,0,0,854,0,146,0,0,836,1,163,0,0,860,0,140,0,0,854,0,146,0,0,846,1,153,0,0,851,0,149,0,0,850,1,149,0,0,847,0,153,0,0,846,1,153,0,0,857,0,143,0,0,850,0,150,0,0,846,0,154,0,0,852,0,148,0,0,850,1,149,0,0,855,2,143,0,0,855,0,145,0,0,850,0,150,0,0,844,0,156,0,0,857,0,143,0,0,853,0,147,0,0,850,0,150,0,0,862,1,137,0,0,855,0,145,0,0,849,0,151,0,0,862,1,137,0,0,854,1,145,0,0,848,0,152,0,0,851,0,149,0,0,850,0,150,0,0
198,standard,0.1,854,0,146,0,0,845,1,154,0,0,856,0,144,0,0,848,0,152,0,0,855,0,145,0,0,851,0,149,0,0,848,0,152,0,0,849,0,151,0,0,864,0,136,0,0,847,0,153,0,0,856,0,144,0,0,838,2,160,0,0,852,0,148,0,0,851,0,149,0,0,859,0,141,0,0,853,0,147,0,0,845,0,155,0,0,842,0,158,0,0,852,0,148,0,0,852,0,148,0,0,845,0,155,0,0,854,0,146,0,0,836,1,163,0,0,860,0,140,0,0,854,0,146,0,0,846,1,153,0,0,851,0,149,0,0,850,1,149,0,0,847,0,153,0,0,846,1,153,0,0,857,0,143,0,0,850,0,150,0,0,846,0,154,0,0,852,0,148,0,0,850,1,149,0,0,854,3,143,0,0,855,0,145,0,0,850,0,150,0,0,844,0,156,0,0,857,0,143,0,0,853,0,147,0,0,850,0,150,0,0,862,1,137,0,0,854,1,145,0,0,849,0,151,0,0,862,1,137,0,0,854,1,145,0,0,848,0,152,0,0,851,0,149,0,0,850,0,150,0,0
199,standard,0.1,854,0,146,0,0,845,1,154,0,0,856,0,144,0,0,848,0,152,0,0,855,0,145,0,0,851,0,149,0,0,848,0,152,0,0,849,0,151,0,0,864,0,136,0,0,847,0,153,0,0,856,0,144,0,0,838,2,160,0,0,852,0,148,0,0,851,0,149,0,0,859,0,141,0,0,853,0,147,0,0,845,0,155,0,0,842,0,158,0,0,852,0,148,0,0,852,0,148,0,0,845,0,155,0,0,854,0,146,0,0,836,1,163,0,0,860,0,140,0,0,854,0,146,0,0,846,1,153,0,0,851,0,149,0,0,850,1,149,0,0,847,0,153,0,0,846,1,153,0,0,857,0,143,0,0,850,0,150,0,0,846,0,154,0,0,852,0,148,0,0,850,0,150,0,0,854,3,143,0,0,855,0,145,0,0,850,0,150,0,0,844,0,156,0,0,857,0,143,0,0,853,0,147,0,0,850,0,150,0,0,862,1,137,0,0,854,1,145,0,0,849,0,151,0,0,862,1,137,0,0,854,1,145,0,0,848,0,152,0,0,851,0,149,0,0,850,0,150,0,0
200,standard,0.1,854,0,146,0,0,845,1,154,0,0,856,0,144,0,0,848,0,152,0,0,855,0,145,0,0,851,0,149,0,0,848,0,152,0,0,849,0,151,0,0,864,0,136,0,0,847,0,153,0,0,856,0,144,0,0,838,2,160,0,0,852,0,148,0,0,851,0,149,0,0,859,0,141,0,0,853,0,147,0,0,845,0,155,0,0,842,0,158,0,0,852,0,148,0,0,852,0,148,0,0,845,0,155,0,0,854,0,146,0,0,836,1,163,0,0,860,0,140,0,0,854,0,146,0,0,846,1,153,0,0,851,0,149,0,0,850,1,149,0,0,847,0,153,0,0,846,1,153,0,0,857,0,143,0,0,850,0,150,0,0,846,0,154,0,0,852,0,148,0,0,850,0,150,0,0,853,4,143,0,0,855,0,145,0,0,850,0,150,0,0,844,0,156,0,0,857,0,143,0,0,853,0,147,0,0,850,0,150,0,0,862,1,137,0,0,854,1,145,0,0,849,0,151,0,0,862,1,137,0,0,854,1,145,0,0,848,0,152,0,0,851,0,149,0,0,850,0,150,0,0
201,standard,0.1,854,0,146,0,0,845,0,155,0,0,856,0,144,0,0,848,0,152,0,0,855,0,145,0,0,851,0,149,0,0,848,0,152,0,0,849,0,151,0,0,864,0,136,0,0,847,0,153,0,0,856,0,144,0,0,838,2,160,0,0,852,0,148,0,0,851,0,149,0,0,859,0,141,0,0,853,0,147,0,0,845,0,155,0,0,842,0,158,0,0,852,0,148,0,0,852,0,148,0,0,845,0,155,0,0,854,0,146,0,0,836,1,163,0,0,860,0,140,0,0,854,0,146,0,0,846,1,153,0,0,851,0,149,0,0,850,0,150,0,0,847,0,153,0,0,846,1,153,0,0,857,0,143,0,0,850,0,150,0,0,846,0,154,0,0,852,0,148,0,0,850,0,150,0,0,853,4,143,0,0,855,0,145,0,0,850,0,150,0,0,844,0,156,0,0,857,0,143,0,0,853,0,147,0,0,850,0,150,0,0,862,1,137,0,0,854,1,145,0,0,849,0,151,0,0,862,1,137,0,0,854,0,146,0,0,848,0,152,0,0,851,0,149,0,0,850,0,150,0,0
202,standard,0.1,854,0,146,0,0,845,0,155,0,0,856,0,144,0,0,848,0,152,0,0,855,0,145,0,0,851,0,149,0,0,848,0,152,0,0,849,0,151,0,0,864,0,136,0,0,847,0,153,0,0,856,0,144,0,0,838,2,160,0,0,852,0,148,0,0,851,0,149,0,0,859,0,141,0,0,853,0,147,0,0,845,0,155,0,0,842,0,158,0,0,852,0,148,0,0,852,0,148,0,0,845,0,155,0,0,854,0,146,0,0,836,1,163,0,0,860,0,140,0,0,854,0,146,0,0,846,1,153,0,0,851,0,149,0,0,849,1,150,0,0,847,0,153,0,0,846,1,153,0,0,857,0,143,0,0,850,0,150,0,0,846,0,154,0,0,852,0,148,0,0,850,0,150,0,0,853,4,143,0,0,855,0,145,0,0,850,0,150,0,0,844,0,156,0,0,857,0,143,0,0,853,0,147,0,0,850,0,150,0,0,862,1,137,0,0,854,1,145,0,0,849,0,151,0,0,862,1,137,0,0,854,0,146,0,0,848,0,152,0,0,851,0,149,0,0,850,0,150,0,0
203,standard,0.1,854,0,146,0,0,845,0,155,0,0,856,0,144,0,0,848,0,152,0,0,855,0,145,0,0,851,0,149,0,0,848,0,152,0,0,849,0,151,0,0,864,0,136,0,0,847,0,153,0,0,856,0,144,0,0,838,2,160,0,0,852,0,148,0,0,851,0,149,0,0,859,0,141,0,0,853,0,147,0,0,845,0,155,0,0,842,0,158,0,0,852,0,148,0,0,852,0,148,0,0,845,0,155,0,0,854,0,146,0,0,835,2,163,0,0,860,0,140,0,0,854,0,146,0,0,846,1,153,0,0,851,0,149,0,0,849,1,150,0,0,847,0,153,0,0,846,0,154,0,0,857,0,143,0,0,850,0,150,0,0,846,0,154,0,0,852,0,148,0,0,850,0,150,0,0,853,4,143,0,0,855,0,145,0,0,850,0,150,0,0,844,0,156,0,0,857,0,143,0,0,853,0,147,0,0,850,0,150,0,0,862,1,137,0,0,854,1,145,0,0,849,0,151,0,0,862,1,137,0,0,854,0,146,0,0,848,0,152,0,0,851,0,149,0,0,850,0,150,0,0
204,standard,0.1,854,0,146,0,0,845,0,155,0,0,856,0,144,0,0,848,0,152,0,0,855,0,145,0,0,851,0,149,0,0,848,0,152,0,0,849,0,151,0,0,864,0,136,0,0,847,0,153,0,0,856,0,144,0,0,838,2,160,0,0,852,0,148,0,0,851,0,149,0,0,859,0,141,0,0,853,0,147,0,0,845,0,155,0,0,842,0,158,0,0,852,0,148,0,0,852,0,148,0,0,845,0,155,0,0,854,0,146,0,0,835,2,163,0,0,860,0,140,0,0,854,0,146,0,0,846,1,153,0,0,851,0,149,0,0,849,1,150,0,0,847,0,153,0,0,846,0,154,0,0,857,0,143,0,0,850,0,150,0,0,846,0,154,0,0,852,0,148,0,0,850,0,150,0,0,853,4,143,0,0,855,0,145,0,0,850,0,150,0,0,844,0,156,0,0,857,0,143,0,0,853,0,147,0,0,850,0,150,0,0,862,1,137,0,0,853,2,145,0,0,849,0,151,0,0,862,1,137,0,0,854,0,146,0,0,847,1,152,0,0,851,0,149,0,0,850,0,150,0,0
205,standard,0.1,854,0,146,0,0,845,0,155,0,0,856,0,144,0,0,848,0,152,0,0,855,0,145,0,0,851,0,149,0,0,848,0,152,0,0,849,0,151,0,0,864,0,136,0,0,847,0,153,0,0,856,0,144,0,0,838,1,161,0,0,852,0,148,0,0,851,0,149,0,0,859,0,141,0,0,853,0,147,0,0,845,0,155,0,0,842,0,158,0,0,852,0,148,0,0,852,0,148,0,0,845,0,155,0,0,854,0,146,0,0,835,2,163,0,0,860,0,140,0,0,854,0,146,0,0,846,1,153,0,0,851,0,149,0,0,849,1,150,0,0,847,0,153,0,0,846,0,154,0,0,857,0,143,0,0,850,0,150,0,0,846,0,154,0,0,852,0,148,0,0,850,0,150,0,0,853,4,143,0,0,855,0,145,0,0,850,0,150,0,0,844,0,156,0,0,857,0,143,0,0,853,0,147,0,0,850,0,150,0,0,862,1,137,0,0,853,2,145,0,0,849,0,151,0,0,862,1,137,0,0,854,0,146,0,0,847,1,152,0,0,851,0,149,0,0,850,0,150,0,0
206,standard,0.1,853,1,146,0,0,845,0,155,0,0,856,0,144,0,0,848,0,152,0,0,855,0,145,0,0,851,0,149,0,0,848,0,152,0,0,849,0,151,0,0,864,0,136,0,0,847,0,153,0,0,856,0,144,0,0,838,0,162,0,0,852,0,148,0,0,851,0,149,0,0,859,0,141,0,0,853,0,147,0,0,845,0,155,0,0,842,0,158,0,0,852,0,148,0,0,852,0,148,0,0,845,0,155,0,0,854,0,146,0,0,835,2,163,0,0,860,0,140,0,0,854,0,146,0,0,846,1,153,0,0,851,0,149,0,0,849,1,150,0,0,847,0,153,0,0,846,0,154,0,0,857,0,143,0,0,850,0,150,0,0,846,0,154,0,0,852,0,148,0,0,850,0,150,0,0,853,4,143,0,0,855,0,145,0,0,850,0,150,0,0,844,0,156,0,0,857,0,143,0,0,853,0,147,0,0,850,0,150,0,0,862,0,138,0,0,853,2,145,0,0,849,0,151,0,0,862,0,138,0,0,854,0,146,0,0,847,1,152,0,0,851,0,149,0,0,850,0,150,0,0
207,standard,0.1,853,1,146,0,0,845,0,155,0,0,856,0,144,0,0,848,0,152,0,0,855,0,145,0,0,851,0,149,0,0,848,0,152,0,0,849,0,151,0,0,864,0,136,0,0,847,0,153,0,0,856,0,144,0,0,838,0,162,0,0,852,0,148,0,0,851,0,149,0,0,859,0,141,0,0,853,0,147,0,0,845,0,155,0,0,842,0,158,0,0,852,0,148,0,0,852,0,148,0,0,845,0,155,0,0,854,0,146,0,0,835,2,163,0,0,860,0,140,0,0,854,0,146,0,0,846,0,154,0,0,851,0,149,0,0,849,1,150,0,0,847,0,153,0,0,846,0,154,0,0,857,0,143,0,0,850,0,150,0,0,846,0,154,0,0,852,0,148,0,0,850,0,150,0,0,853,2,145,0,0,855,0,145,0,0,850,0,150,0,0,844,0,156,0,0,857,0,143,0,0,853,0,147,0,0,850,0,150,0,0,862,0,138,0,0,853,2,145,0,0,849,0,151,0,0,862,0,138,0,0,854,0,146,0,0,847,1,152,0,0,851,0,149,0,0,850,0,150,0,0
208,standard,0.1,853,1,146,0,0,845,0,155,0,0,856,0,144,0,0,848,0,152,0,0,855,0,145,0,0,851,0,149,0,0,848,0,152,0,0,849,0,151,0,0,864,0,136,0,0,847,0,153,0,0,856,0,144,0,0,838,0,162,0,0,852,0,148,0,0,851,0,149,0,0,859,0,141,0,0,853,0,147,0,0,845,0,155,0,0,842,0,158,0,0,852,0,148,0,0,852,0,148,0,0,845,0,155,0,0,854,0,146,0,0,835,2,163,0,0,859,1,140,0,0,854,0,146,0,0,846,0,154,0,0,851,0,149,0,0,849,1,150,0,0,847,0,153,0,0,846,0,154,0,0,857,0,143,0,0,850,0,150,0,0,846,0,154,0,0,852,0,148,0,0,850,0,150,0,0,853,2,145,0,0,855,0,145,0,0,850,0,150,0,0,844,0,156,0,0,857,0,143,0,0,853,0,147,0,0,850,0,150,0,0,862,0,138,0,0,853,2,145,0,0,849,0,151,0,0,862,0,138,0,0,854,0,146,0,0,847,1,152,0,0,851,0,149,0,0,850,0,150,0,0
209,standard,0.1,853,1,146,0,0,845,0,155,0,0,856,0,144,0,0,848,0,152,0,0,855,0,145,0,0,851,0,149,0,0,848,0,152,0,0,849,0,151,0,0,864,0,136,0,0,847,0,153,0,0,856,0,144,0,0,838,0,162,0,0,852,0,148,0,0,851,0,149,0,0,859,0,141,0,0,853,0,147,0,0,845,0,155,0,0,842,0,158,0,0,852,0,148,0,0,852,0,148,0,0,845,0,155,0,0,854,0,146,0,0,835,1,164,0,0,859,1,140,0,0,854,0,146,0,0,846,0,154,0,0,851,0,149,0,0,849,1,150,0,0,847,0,153,0,0,846,0,154,0,0,857,0,143,0,0,850,0,150,0,0,846,0,154,0,0,852,0,148,0,0,849,1,150,0,0,853,2,145,0,0,855,0,145,0,0,850,0,150,0,0,844,0,156,0,0,857,0,143,0,0,853,0,147,0,0,850,0,150,0,0,862,0,138,0,0,853,2,145,0,0,849,0,151,0,0,862,0,138,0,0,853,1,146,0,0,847,1,152,0,0,851,0,149,0,0,850,0,150,0,0
210,standard,0.1,853,1,146,0,0,845,0,155,0,0,856,0,144,0,0,848,0,152,0,0,855,0,145,0,0,851,0,149,0,0,848,0,152,0,0,849,0,151,0,0,864,0,136,0,0,847,0,153,0,0,856,0,144,0,0,838,0,162,0,0,852,0,148,0,0,851,0,149,0,0,859,0,141,0,0,853,0,147,0,0,845,0,155,0,0,842,0,158,0,0,852,0,148,0,0,852,0,148,0,0,845,0,155,0,0,854,0,146,0,0,835,1,164,0,0,859,1,140,0,0,854,0,146,0,0,846,0,154,0,0,851,0,149,0,0,849,1,150,0,0,847,0,153,0,0,846,0,154,0,0,857,0,143,0,0,850,0,150,0,0,846,0,154,0,0,852,0,148,0,0,849,1,150,0,0,853,2,145,0,0,855,0,145,0,0,850,0,150,0,0,844,0,156,0,0,857,0,143,0,0,853,0,147,0,0,850,0,150,0,0,862,0,138,0,0,853,2,145,0,0,849,0,151,0,0,862,0,138,0,0,853,1,146,0,0,847,1,152,0,0,851,0,149,0,0,850,0,150,0,0
211,standard,0.1,853,1,146,0,0,845,0,155,0,0,856,0,144,0,0,848,0,152,0,0,855,0,145,0,0,851,0,149,0,0,848,0,152,0,0,849,0,151,0,0,864,0,136,0,0,846,1,153,0,0,856,0,144,0,0,838,0,162,0,0,852,0,148,0,0,851,0,149,0,0,859,0,141,0,0,853,0,147,0,0,845,0,155,0,0,842,0,158,0,0,852,0,148,0,0,852,0,148,0,0,845,0,155,0,0,854,0,146,0,0,835,1,164,0,0,859,1,140,0,0,854,0,146,0,0,846,0,154,0,0,851,0,149,0,0,849,1,150,0,0,847,0,153,0,0,846,0,154,0,0,857,0,143,0,0,850,0,150,0,0,846,0,154,0,0,852,0,148,0,0,849,1,150,0,0,853,1,146,0,0,855,0,145,0,0,850,0,150,0,0,844,0,156,0,0,857,0,143,0,0,853,0,147,0,0,850,0,150,0,0,862,0,138,0,0,853,1,146,0,0,849,0,151,0,0,862,0,138,0,0,853,1,146,0,0,847,1,152,0,0,851,0,149,0,0,850,0,150,0,0
212,standard,0.1,853,1,146,0,0,845,0,155,0,0,856,0,144,0,0,848,0,152,0,0,855,0,145,0,0,851,0,149,0,0,848,0,152,0,0,849,0,151,0,0,864,0,136,0,0,846,1,153,0,0,856,0,144,0,0,838,0,162,0,0,852,0,148,0,0,851,0,149,0,0,859,0,141,0,0,853,0,147,0,0,845,0,155,0,0,842,0,158,0,0,852,0,148,0,0,852,0,148,0,0,845,0,155,0,0,854,0,146,0,0,835,1,164,0,0,859,1,140,0,0,854,0,146,0,0,846,0,154,0,0,851,0,149,0,0,849,1,150,0,0,847,0,153,0,0,846,0,154,0,0,857,0,143,0,0,850,0,150,0,0,846,0,154,0,0,852,0,148,0,0,849,1,150,0,0,853,1,146,0,0,855,0,145,0,0,850,0,150,0,0,844,0,156,0,0,857,0,143,0,0,853,0,147,0,0,850,0,150,0,0,862,0,138,0,0,853,1,146,0,0,849,0,151,0,0,862,0,138,0,0,853,1,146,0,0,847,1,152,0,0,851,0,149,0,0,850,0,150,0,0
213,standard,0.1,853,1,146,0,0,845,0,155,0,0,856,0,144,0,0,848,0,152,0,0,855,0,145,0,0,851,0,149,0,0,848,0,152,0,0,849,0,151,0,0,864,0,136,0,0,846,1,153,0,0,856,0,144,0,0,838,0,162,0,0,852,0,148,0,0,851,0,149,0,0,859,0,141,0,0,853,0,147,0,0,845,0,155,0,0,842,0,158,0,0,852,0,148,0,0,852,0,148,0,0,845,0,155,0,0,854,0,146,0,0,835,1,164,0,0,859,1,140,0,0,854,0,146,0,0,846,0,154,0,0,851,0,149,0,0,849,1,150,0,0,847,0,153,0,0,846,0,154,0,0,857,0,143,0,0,850,0,150,0,0,846,0,154,0,0,852,0,148,0,0,849,1,150,0,0,853,0,147,0,0,855,0,145,0,0,850,0,150,0,0,844,0,156,0,0,857,0,143,0,0,853,0,147,0,0,850,0,150,0,0,862,0,138,0,0,853,1,146,0,0,849,0,151,0,0,862,0,138,0,0,853,1,146,0,0,847,1,152,0,0,851,0,149,0,0,850,0,150,0,0
214,standard,0.1,853,1,146,0,0,845,0,155,0,0,856,0,144,0,0,848,0,152,0,0,855,0,145,0,0,851,0,149,0,0,848,0,152,0,0,849,0,151,0,0,864,0,136,0,0,846,1,153,0,0,856,0,144,0,0,838,0,162,0,0,852,0,148,0,0,851,0,149,0,0,859,0,141,0,0,853,0,147,0,0,845,0,155,0,0,842,0,158,0,0,852,0,148,0,0,852,0,148,0,0,845,0,155,0,0,854,0,146,0,0,835,1,164,0,0,859,1,140,0,0,854,0,146,0,0,846,0,154,0,0,851,0,149,0,0,849,1,150,0,0,847,0,153,0,0,846,0,154,0,0,857,0,143,0,0,850,0,150,0,0,846,0,154,0,0,852,0,148,0,0,849,1,150,0,0,853,0,147,0,0,855,0,145,0,0,850,0,150,0,0,844,0,156,0,0,857,0,143,0,0,853,0,147,0,0,850,0,150,0,0,862,0,138,0,0,853,1,146,0,0,849,0,151,0,0,862,0,138,0,0,853,1,146,0,0,847,1,152,0,0,851,0,149,0,0,850,0,150,0,0
215,standard,0.1,853,1,146,0,0,845,0,155,0,0,856,0,144,0,0,848,0,152,0,0,855,0,145,0,0,851,0,149,0,0,848,0,152,0,0,849,0,151,0,0,864,0,136,0,0,846,1,153,0,0,856,0,144,0,0,838,0,162,0,0,852,0,148,0,0,851,0,149,0,0,859,0,141,0,0,853,0,147,0,0,845,0,155,0,0,842,0,158,0,0,852,0,148,0,0,852,0,148,0,0,845,0,155,0,0,854,0,146,0,0,835,1,164,0,0,859,1,140,0,0,854,0,146,0,0,846,0,154,0,0,851,0,149,0,0,849,0,151,0,0,847,0,153,0,0,846,0,154,0,0,857,0,143,0,0,850,0,150,0,0,846,0,154,0,0,852,0,148,0,0,849,1,150,0,0,853,0,147,0,0,855,0,145,0,0,850,0,150,0,0,844,0,156,0,0,857,0,143,0,0,853,0,147,0,0,850,0,150,0,0,862,0,138,0,0,853,1,146,0,0,849,0,151,0,0,862,0,138,0,0,853,1,146,0,0,847,1,152,0,0,851,0,149,0,0,850,0,150,0,0
216,standard,0.1,853,1,146,0,0,845,0,155,0,0,856,0,144,0,0,848,0,152,0,0,855,0,145,0,0,851,0,149,0,0,848,0,152,0,0,849,0,151,0,0,863,1,136,0,0,846,1,153,0,0,856,0,144,0,0,838,0,162,0,0,852,0,148,0,0,851,0,149,0,0,859,0,141,0,0,853,0,147,0,0,845,0,155,0,0,842,0,158,0,0,852,0,148,0,0,852,0,148,0,0,845,0,155,0,0,854,0,146,0,0,835,0,165,0,0,859,1,140,0,0,854,0,146,0,0,846,0,154,0,0,851,0,149,0,0,849,0,151,0,0,847,0,153,0,0,846,0,154,0,0,857,0,143,0,0,850,0,150,0,0,846,0,154,0,0,852,0,148,0,0,849,1,150,0,0,853,0,147,0,0,855,0,145,0,0,850,0,150,0,0,844,0,156,0,0,857,0,143,0,0,853,0,147,0,0,850,0,150,0,0,862,0,138,0,0,853,1,146,0,0,849,0,151,0,0,862,0,138,0,0,853,1,146,0,0,847,1,152,0,0,851,0,149,0,0,850,0,150,0,0
217,standard,0.1,853,1,146,0,0,845,0,155,0,0,856,0,144,0,0,848,0,152,0,0,855,0,145,0,0,851,0,149,0,0,848,0,152,0,0,849,0,151,0,0,863,1,136,0,0,846,1,153,0,0,856,0,144,0,0,838,0,162,0,0,852,0,148,0,0,851,0,149,0,0,859,0,141,0,0,853,0,147,0,0,845,0,155,0,0,842,0,158,0,0,852,0,148,0,0,852,0,148,0,0,844,1,155,0,0,854,0,146,0,0,835,0,165,0,0,859,1,140,0,0,854,0,146,0,0,846,0,154,0,0,851,0,149,0,0,849,0,151,0,0,847,0,153,0,0,846,0,154,0,0,857,0,143,0,0,850,0,150,0,0,846,0,154,0,0,852,0,148,0,0,849,1,150,0,0,853,0,147,0,0,855,0,145,0,0,850,0,150,0,0,844,0,156,0,0,857,0,143,0,0,853,0,147,0,0,850,0,150,0,0,862,0,138,0,0,853,0,147,0,0,849,0,151,0,0,862,0,138,0,0,853,1,146,0,0,847,0,153,0,0,851,0,149,0,0,850,0,150,0,0
218,standard,0.1,853,1,146,0,0,845,0,155,0,0,856,0,144,0,0,848,0,152,0,0,855,0,145,0,0,851,0,149,0,0,848,0,152,0,0,849,0,151,0,0,863,1,136,0,0,846,1,153,0,0,856,0,144,0,0,838,0,162,0,0,852,0,148,0,0,851,0,149,0,0,859,0,141,0,0,853,0,147,0,0,845,0,155,0,0,842,0,158,0,0,852,0,148,0,0,852,0,148,0,0,844,1,155,0,0,854,0,146,0,0,835,0,165,0,0,859,1,140,0,0,854,0,146,0,0,846,0,154,0,0,851,0,149,0,0,849,0,151,0,0,847,0,153,0,0,846,0,154,0,0,857,0,143,0,0,850,0,150,0,0,846,0,154,0,0,852,0,148,0,0,849,1,150,0,0,853,0,147,0,0,855,0,145,0,0,850,0,150,0,0,844,0,156,0,0,857,0,143,0,0,853,0,147,0,0,850,0,150,0,0,862,0,138,0,0,853,0,147,0,0,849,0,151,0,0,862,0,138,0,0,853,1,146,0,0,847,0,153,0,0,851,0,149,0,0,850,0,150,0,0
219,standard,0.1,853,0,147,0,0,845,0,155,0,0,856,0,144,0,0,848,0,152,0,0,855,0,145,0,0,851,0,149,0,0,848,0,152,0,0,849,0,151,0,0,863,1,136,0,0,846,1,153,0,0,856,0,144,0,0,838,0,162,0,0,852,0,148,0,0,851,0,149,0,0,859,0,141,0,0,853,0,147,0,0,845,0,155,0,0,842,0,158,0,0,852,0,148,0,0,852,0,148,0,0,844,1,155,0,0,854,0,146,0,0,835,0,165,0,0,859,1,140,0,0,854,0,146,0,0,846,0,154,0,0,851,0,149,0,0,849,0,151,0,0,847,0,153,0,0,846,0,154,0,0,857,0,143,0,0,850,0,150,0,0,846,0,154,0,0,852,0,148,0,0,849,1,150,0,0,853,0,147,0,0,855,0,145,0,0,850,0,150,0,0,844,0,156,0,0,857,0,143,0,0,853,0,147,0,0,850,0,150,0,0,862,0,138,0,0,853,0,147,0,0,849,0,151,0,0,862,0,138,0,0,853,1,146,0,0,847,0,153,0,0,851,0,149,0,0,850,0,150,0,0
220,standard,0.1,853,0,147,0,0,845,0,155,0,0,856,0,144,0,0,848,0,152,0,0,855,0,145,0,0,851,0,149,0,0,848,0,152,0,0,849,0,151,0,0,863,1,136,0,0,846,1,153,0,0,856,0,144,0,0,838,0,162,0,0,852,0,148,0,0,851,0,149,0,0,859,0,141,0,0,853,0,147,0,0,845,0,155,0,0,842,0,158,0,0,852,0,148,0,0,852,0,148,0,0,844,1,155,0,0,854,0,146,0,0,835,0,165,0,0,859,1,140,0,0,854,0,146,0,0,846,0,154,0,0,851,0,149,0,0,849,0,151,0,0,847,0,153,0,0,845,1,154,0,0,857,0,143,0,0,850,0,150,0,0,846,0,154,0,0,852,0,148,0,0,849,1,150,0,0,853,0,147,0,0,855,0,145,0,0,850,0,150,0,0,844,0,156,0,0,857,0,143,0,0,853,0,147,0,0,850,0,150,0,0,862,0,138,0,0,853,0,147,0,0,849,0,151,0,0,862,0,138,0,0,853,1,146,0,0,847,0,153,0,0,851,0,149,0,0,850,0,150,0,0
221,standard,0.1,853,0,147,0,0,845,0,155,0,0,856,0,144,0,0,848,0,152,0,0,855,0,145,0,0,851,0,149,0,0,848,0,152,0,0,849,0,151,0,0,863,1,136,0,0,846,1,153,0,0,856,0,144,0,0,838,0,162,0,0,852,0,148,0,0,851,0,149,0,0,859,0,141,0,0,853,0,147,0,0,845,0,155,0,0,842,0,158,0,0,852,0,148,0,0,852,0,148,0,0,844,1,155,0,0,854,0,146,0,0,835,0,165,0,0,859,0,141,0,0,854,0,146,0,0,846,0,154,0,0,851,0,149,0,0,849,0,151,0,0,847,0,153,0,0,845,1,154,0,0,857,0,143,0,0,850,0,150,0,0,846,0,154,0,0,852,0,148,0,0,849,1,150,0,0,853,0,147,0,0,855,0,145,0,0,850,0,150,0,0,844,0,156,0,0,857,0,143,0,0,853,0,147,0,0,850,0,150,0,0,862,0,138,0,0,853,0,147,0,0,849,0,151,0,0,862,0,138,0,0,853,1,146,0,0,847,0,153,0,0,851,0,149,0,0,850,0,150,0,0
222,standard,0.1,853,0,147,0,0,845,0,155,0,0,856,0,144,0,0,848,0,152,0,0,855,0,145,0,0,851,0,149,0,0,848,0,152,0,0,849,0,151,0,0,863,1,136,0,0,846,1,153,0,0,856,0,144,0,0,838,0,162,0,0,852,0,148,0,0,851,0,149,0,0,859,0,141,0,0,853,0,147,0,0,845,0,155,0,0,842,0,158,0,0,852,0,148,0,0,852,0,148,0,0,844,1,155,0,0,854,0,146,0,0,835,0,165,0,0,859,0,141,0,0,854,0,146,0,0,846,0,154,0,0,850,1,149,0,0,849,0,151,0,0,847,0,153,0,0,845,1,154,0,0,857,0,143,0,0,850,0,150,0,0,846,0,154,0,0,852,0,148,0,0,849,0,151,0,0,853,0,147,0,0,855,0,145,0,0,850,0,150,0,0,844,0,156,0,0,857,0,143,0,0,853,0,147,0,0,850,0,150,0,0,862,0,138,0,0,853,0,147,0,0,849,0,151,0,0,862,0,138,0,0,853,0,147,0,0,847,0,153,0,0,851,0,149,0,0,850,0,150,0,0
223,standard,0.1,853,0,147,0,0,845,0,155,0,0,856,0,144,0,0,848,0,152,0,0,855,0,145,0,0,851,0,149,0,0,848,0,152,0,0,849,0,151,0,0,863,1,136,0,0,846,1,153,0,0,856,0,144,0,0,838,0,162,0,0,852,0,148,0,0,851,0,149,0,0,859,0,141,0,0,853,0,147,0,0,845,0,155,0,0,842,0,158,0,0,852,0,148,0,0,852,0,148,0,0,844,1,155,0,0,854,0,146,0,0,835,0,165,0,0,859,0,141,0,0,854,0,146,0,0,846,0,154,0,0,849,2,149,0,0,849,0,151,0,0,847,0,153,0,0,845,1,154,0,0,857,0,143,0,0,850,0,150,0,0,846,0,154,0,0,852,0,148,0,0,849,0,151,0,0,853,0,147,0,0,855,0,145,0,0,850,0,150,0,0,844,0,156,0,0,857,0,143,0,0,853,0,147,0,0,850,0,150,0,0,862,0,138,0,0,853,0,147,0,0,849,0,151,0,0,862,0,138,0,0,853,0,147,0,0,847,0,153,0,0,851,0,149,0,0,850,0,150,0,0
224,standard,0.1,853,0,147,0,0,845,0,155,0,0,856,0,144,0,0,848,0,152,0,0,855,0,145,0,0,851,0,149,0,0,848,0,152,0,0,849,0,151,0,0,863,1,136,0,0,846,0,154,0,0,856,0,144,0,0,838,0,162,0,0,852,0,148,0,0,851,0,149,0,0,859,0,141,0,0,853,0,147,0,0,845,0,155,0,0,842,0,158,0,0,852,0,148,0,0,852,0,148,0,0,844,1,155,0,0,854,0,146,0,0,835,0,165,0,0,859,0,141,0,0,854,0,146,0,0,846,0,154,0,0,849,2,149,0,0,849,0,151,0,0,847,0,153,0,0,845,1,154,0,0,856,1,143,0,0,850,0,150,0,0,846,0,154,0,0,852,0,148,0,0,849,0,151,0,0,853,0,147,0,0,855,0,145,0,0,850,0,150,0,0,844,0,156,0,0,857,0,143,0,0,853,0,147,0,0,850,0,150,0,0,862,0,138,0,0,853,0,147,0,0,849,0,151,0,0,862,0,138,0,0,853,0,147,0,0,847,0,153,0,0,851,0,149,0,0,850,0,150,0,0
225,standard,0.1,853,0,147,0,0,845,0,155,0,0,856,0,144,0,0,848,0,152,0,0,855,0,145,0,0,851,0,149,0,0,848,0,152,0,0,849,0,151,0,0,863,1,136,0,0,846,0,154,0,0,856,0,144,0,0,838,0,162,0,0,852,0,148,0,0,851,0,149,0,0,859,0,141,0,0,853,0,147,0,0,845,0,155,0,0,842,0,158,0,0,852,0,148,0,0,852,0,148,0,0,844,1,155,0,0,854,0,146,0,0,835,0,165,0,0,859,0,141,0,0,854,0,146,0,0,846,0,154,0,0,849,2,149,0,0,849,0,151,0,0,847,0,153,0,0,845,1,154,0,0,856,1,143,0,0,850,0,150,0,0,846,0,154,0,0,852,0,148,0,0,849,0,151,0,0,853,0,147,0,0,855,0,145,0,0,850,0,150,0,0,844,0,156,0,0,857,0,143,0,0,853,0,147,0,0,850,0,150,0,0,862,0,138,0,0,853,0,147,0,0,849,0,151,0,0,862,0,138,0,0,853,0,147,0,0,847,0,153,0,0,851,0,149,0,0,850,0,150,0,0
226,standard,0.1,853,0,147,0,0,845,0,155,0,0,856,0,144,0,0,848,0,152,0,0,855,0,145,0,0,851,0,149,0,0,848,0,152,0,0,849,0,151,0,0,863,1,136,0,0,846,0,154,0,0,856,0,144,0,0,838,0,162,0,0,852,0,148,0,0,851,0,149,0,0,859,0,141,0,0,853,0,147,0,0,845,0,155,0,0,842,0,158,0,0,852,0,148,0,0,852,0,148,0,0,844,1,155,0,0,854,0,146,0,0,835,0,165,0,0,859,0,141,0,0,854,0,146,0,0,846,0,154,0,0,849,2,149,0,0,849,0,151,0,0,847,0,153,0,0,845,1,154,0,0,856,1,143,0,0,850,0,150,0,0,846,0,154,0,0,852,0,148,0,0,849,0,151,0,0,853,0,147,0,0,855,0,145,0,0,850,0,150,0,0,844,0,156,0,0,857,0,143,0,0,853,0,147,0,0,850,0,150,0,0,862,0,138,0,0,853,0,147,0,0,849,0,151,0,0,862,0,138,0,0,853,0,147,0,0,847,0,153,0,0,851,0,149,0,0,850,0,150,0,0
227,standard,0.1,853,0,147,0,0,845,0,155,0,0,856,0,144,0,0,848,0,152,0,0,855,0,145,0,0,851,0,149,0,0,848,0,152,0,0,849,0,151,0,0,863,1,136,0,0,846,0,154,0,0,856,0,144,0,0,838,0,162,0,0,852,0,148,0,0,851,0,149,0,0,859,0,141,0,0,853,0,147,0,0,845,0,155,0,0,842,0,158,0,0,852,0,148,0,0,852,0,148,0,0,844,1,155,0,0,854,0,146,0,0,835,0,165,0,0,859,0,141,0,0,854,0,146,0,0,846,0,154,0,0,849,2,149,0,0,849,0,151,0,0,847,0,153,0,0,845,1,154,0,0,856,1,143,0,0,849,1,150,0,0,846,0,154,0,0,852,0,148,0,0,849,0,151,0,0,853,0,147,0,0,855,0,145,0,0,850,0,150,0,0,844,0,156,0,0,857,0,143,0,0,853,0,147,0,0,850,0,150,0,0,862,0,138,0,0,853,0,147,0,0,849,0,151,0,0,862,0,138,0,0,853,0,147,0,0,847,0,153,0,0,851,0,149,0,0,850,0,150,0,0
228,standard,0.1,853,0,147,0,0,845,0,155,0,0,856,0,144,0,0,848,0,152,0,0,855,0,145,0,0,851,0,149,0,0,848,0,152,0,0,849,0,151,0,0,863,1,136,0,0,846,0,154,0,0,856,0,144,0,0,838,0,162,0,0,852,0,148,0,0,851,0,149,0,0,859,0,141,0,0,853,0,147,0,0,845,0,155,0,0,842,0,158,0,0,852,0,148,0,0,852,0,148,0,0,844,1,155,0,0,854,0,146,0,0,835,0,165,0,0,859,0,141,0,0,854,0,146,0,0,846,0,154,0,0,849,2,149,0,0,849,0,151,0,0,847,0,153,0,0,845,1,154,0,0,856,1,143,0,0,849,1,150,0,0,846,0,154,0,0,852,0,148,0,0,849,0,151,0,0,853,0,147,0,0,855,0,145,0,0,850,0,150,0,0,844,0,156,0,0,857,0,143,0,0,853,0,147,0,0,850,0,150,0,0,862,0,138,0,0,853,0,147,0,0,849,0,151,0,0,862,0,138,0,0,853,0,147,0,0,847,0,153,0,0,851,0,149,0,0,850,0,150,0,0
229,standard,0.1,853,0,147,0,0,845,0,155,0,0,856,0,144,0,0,848,0,152,0,0,855,0,145,0,0,851,0,149,0,0,848,0,152,0,0,849,0,151,0,0,863,0,137,0,0,846,0,154,0,0,856,0,144,0,0,838,0,162,0,0,852,0,148,0,0,851,0,149,0,0,859,0,141,0,0,853,0,147,0,0,845,0,155,0,0,842,0,158,0,0,852,0,148,0,0,852,0,148,0,0,844,1,155,0,0,854,0,146,0,0,835,0,165,0,0,859,0,141,0,0,854,0,146,0,0,846,0,154,0,0,849,2,149,0,0,849,0,151,0,0,847,0,153,0,0,845,1,154,0,0,856,1,143,0,0,849,1,150,0,0,846,0,154,0,0,852,0,148,0,0,849,0,151,0,0,853,0,147,0,0,855,0,145,0,0,850,0,150,0,0,844,0,156,0,0,857,0,143,0,0,853,0,147,0,0,850,0,150,0,0,862,0,138,0,0,853,0,147,0,0,849,0,151,0,0,862,0,138,0,0,853,0,147,0,0,847,0,153,0,0,851,0,149,0,0,850,0,150,0,0
230,standard,0.1,853,0,147,0,0,845,0,155,0,0,856,0,144,0,0,848,0,152,0,0,855,0,145,0,0,851,0,149,0,0,848,0,152,0,0,849,0,151,0,0,863,0,137,0,0,846,0,154,0,0,856,0,144,0,0,837,1,162,0,0,852,0,148,0,0,851,0,149,0,0,859,0,141,0,0,853,0,147,0,0,845,0,155,0,0,842,0,158,0,0,852,0,148,0,0,852,0,148,0,0,844,0,156,0,0,854,0,146,0,0,835,0,165,0,0,859,0,141,0,0,854,0,146,0,0,846,0,154,0,0,849,2,149,0,0,849,0,151,0,0,847,0,153,0,0,845,1,154,0,0,856,1,143,0,0,849,1,150,0,0,846,0,154,0,0,852,0,148,0,0,849,0,151,0,0,853,0,147,0,0,855,0,145,0,0,850,0,150,0,0,844,0,156,0,0,857,0,143,0,0,853,0,147,0,0,850,0,150,0,0,862,0,138,0,0,853,0,147,0,0,849,0,151,0,0,862,0,138,0,0,853,0,147,0,0,847,0,153,0,0,851,0,149,0,0,850,0,150,0,0
231,standard,0.1,853,0,147,0,0,845,0,155,0,0,856,0,144,0,0,848,0,152,0,0,855,0,145,0,0,851,0,149,0,0,848,0,152,0,0,849,0,151,0,0,863,0,137,0,0,846,0,154,0,0,856,0,144,0,0,837,1,162,0,0,852,0,148,0,0,851,0,149,0,0,859,0,141,0,0,853,0,147,0,0,845,0,155,0,0,842,0,158,0,0,852,0,148,0,0,852,0,148,0,0,844,0,156,0,0,854,0,146,0,0,835,0,165,0,0,859,0,141,0,0,854,0,146,0,0,846,0,154,0,0,849,2,149,0,0,849,0,151,0,0,847,0,153,0,0,845,1,154,0,0,856,1,143,0,0,849,1,150,0,0,846,0,154,0,0,852,0,148,0,0,849,0,151,0,0,853,0,147,0,0,855,0,145,0,0,850,0,150,0,0,844,0,156,0,0,857,0,143,0,0,852,1,147,0,0,850,0,150,0,0,862,0,138,0,0,853,0,147,0,0,849,0,151,0,0,862,0,138,0,0,853,0,147,0,0,847,0,153,0,0,851,0,149,0,0,850,0,150,0,0
232,standard,0.1,853,0,147,0,0,845,0,155,0,0,856,0,144,0,0,848,0,152,0,0,855,0,145,0,0,851,0,149,0,0,848,0,152,0,0,849,0,151,0,0,863,0,137,0,0,846,0,154,0,0,856,0,144,0,0,837,1,162,0,0,852,0,148,0,0,851,0,149,0,0,859,0,141,0,0,853,0,147,0,0,845,0,155,0,0,842,0,158,0,0,852,0,148,0,0,852,0,148,0,0,844,0,156,0,0,854,0,146,0,0,835,0,165,0,0,859,0,141,0,0,854,0,146,0,0,846,0,154,0,0,849,2,149,0,0,849,0,151,0,0,847,0,153,0,0,845,1,154,0,0,856,1,143,0,0,849,1,150,0,0,846,0,154,0,0,852,0,148,0,0,849,0,151,0,0,853,0,147,0,0,855,0,145,0,0,850,0,150,0,0,844,0,156,0,0,857,0,143,0,0,852,1,147,0,0,850,0,150,0,0,862,0,138,0,0,853,0,147,0,0,849,0,151,0,0,862,0,138,0,0,853,0,147,0,0,847,0,153,0,0,851,0,149,0,0,850,0,150,0,0
233,standard,0.1,853,0,147,0,0,845,0,155,0,0,856,0,144,0,0,848,0,152,0,0,855,0,145,0,0,851,0,149,0,0,848,0,152,0,0,849,0,151,0,0,863,0,137,0,0,846,0,154,0,0,856,0,144,0,0,837,1,162,0,0,852,0,148,0,0,851,0,149,0,0,859,0,141,0,0,853,0,147,0,0,845,0,155,0,0,842,0,158,0,0,852,0,148,0,0,852,0,148,0,0,844,0,156,0,0,854,0,146,0,0,835,0,165,0,0,859,0,141,0,0,854,0,146,0,0,846,0,154,0,0,849,2,149,0,0,849,0,151,0,0,847,0,153,0,0,845,0,155,0,0,856,1,143,0,0,849,1,150,0,0,846,0,154,0,0,852,0,148,0,0,849,0,151,0,0,853,0,147,0,0,855,0,145,0,0,850,0,150,0,0,844,0,156,0,0,857,0,143,0,0,852,1,147,0,0,850,0,150,0,0,862,0,138,0,0,853,0,147,0,0,849,0,151,0,0,862,0,138,0,0,853,0,147,0,0,847,0,153,0,0,851,0,149,0,0,850,0,150,0,0
234,standard,0.1,853,0,147,0,0,845,0,155,0,0,856,0,144,0,0,848,0,152,0,0,855,0,145,0,0,851,0,149,0,0,848,0,152,0,0,849,0,151,0,0,863,0,137,0,0,846,0,154,0,0,856,0,144,0,0,837,1,162,0,0,852,0,148,0,0,851,0,149,0,0,859,0,141,0,0,853,0,147,0,0,845,0,155,0,0,842,0,158,0,0,852,0,148,0,0,852,0,148,0,0,844,0,156,0,0,854,0,146,0,0,835,0,165,0,0,859,0,141,0,0,854,0,146,0,0,846,0,154,0,0,849,2,149,0,0,849,0,151,0,0,847,0,153,0,0,845,0,155,0,0,856,1,143,0,0,849,1,150,0,0,846,0,154,0,0,852,0,148,0,0,849,0,151,0,0,853,0,147,0,0,855,0,145,0,0,850,0,150,0,0,844,0,156,0,0,857,0,143,0,0,852,1,147,0,0,850,0,150,0,0,862,0,138,0,0,853,0,147,0,0,849,0,151,0,0,862,0,138,0,0,853,0,147,0,0,847,0,153,0,0,851,0,149,0,0,850,0,150,0,0
235,standard,0.1,853,0,147,0,0,845,0,155,0,0,856,0,144,0,0,848,0,152,0,0,855,0,145,0,0,851,0,149,0,0,848,0,152,0,0,849,0,151,0,0,863,0,137,0,0,846,0,154,0,0,856,0,144,0,0,837,1,162,0,0,852,0,148,0,0,851,0,149,0,0,859,0,141,0,0,853,0,147,0,0,845,0,155,0,0,842,0,158,0,0,851,1,148,0,0,852,0,148,0,0,844,0,156,0,0,854,0,146,0,0,835,0,165,0,0,859,0,141,0,0,854,0,146,0,0,846,0,154,0,0,849,1,150,0,0,849,0,151,0,0,847,0,153,0,0,845,0,155,0,0,856,1,143,0,0,849,1,150,0,0,846,0,154,0,0,852,0,148,0,0,849,0,151,0,0,853,0,147,0,0,855,0,145,0,0,850,0,150,0,0,844,0,156,0,0,857,0,143,0,0,852,1,147,0,0,850,0,150,0,0,861,1,138,0,0,853,0,147,0,0,849,0,151,0,0,862,0,138,0,0,853,0,147,0,0,847,0,153,0,0,851,0,149,0,0,850,0,150,0,0
236,standard,0.1,853,0,147,0,0,845,0,155,0,0,856,0,144,0,0,848,0,152,0,0,855,0,145,0,0,851,0,149,0,0,848,0,152,0,0,849,0,151,0,0,863,0,137,0,0,846,0,154,0,0,856,0,144,0,0,837,1,162,0,0,852,0,148,0,0,851,0,149,0,0,859,0,141,0,0,853,0,147,0,0,845,0,155,0,0,842,0,158,0,0,851,1,148,0,0,852,0,148,0,0,844,0,156,0,0,854,0,146,0,0,835,0,165,0,0,859,0,141,0,0,854,0,146,0,0,846,0,154,0,0,849,0,151,0,0,849,0,151,0,0,847,0,153,0,0,845,0,155,0,0,856,1,143,0,0,849,1,150,0,0,846,0,154,0,0,852,0,148,0,0,849,0,151,0,0,853,0,147,0,0,855,0,145,0,0,850,0,150,0,0,844,0,156,0,0,857,0,143,0,0,852,1,147,0,0,850,0,150,0,0,861,1,138,0,0,853,0,147,0,0,849,0,151,0,0,862,0,138,0,0,853,0,147,0,0,847,0,153,0,0,851,0,149,0,0,850,0,150,0,0
237,standard,0.1,853,0,147,0,0,845,0,155,0,0,856,0,144,0,0,848,0,152,0,0,855,0,145,0,0,851,0,149,0,0,848,0,152,0,0,849,0,151,0,0,863,0,137,0,0,846,0,154,0,0,856,0,144,0,0,837,1,162,0,0,852,0,148,0,0,851,0,149,0,0,859,0,141,0,0,853,0,147,0,0,845,0,155,0,0,842,0,158,0,0,851,1,148,0,0,852,0,148,0,0,844,0,156,0,0,854,0,146,0,0,835,0,165,0,0,859,0,141,0,0,854,0,146,0,0,846,0,154,0,0,849,0,151,0,0,849,0,151,0,0,847,0,153,0,0,845,0,155,0,0,856,0,144,0,0,849,1,150,0,0,846,0,154,0,0,852,0,148,0,0,849,0,151,0,0,853,0,147,0,0,855,0,145,0,0,850,0,150,0,0,844,0,156,0,0,857,0,143,0,0,852,1,147,0,0,850,0,150,0,0,861,1,138,0,0,853,0,147,0,0,848,1,151,0,0,862,0,138,0,0,853,0,147,0,0,847,0,153,0,0,851,0,149,0,0,850,0,150,0,0
238,standard,0.1,853,0,147,0,0,845,0,155,0,0,856,0,144,0,0,848,0,152,0,0,855,0,145,0,0,851,0,149,0,0,848,0,152,0,0,849,0,151,0,0,863,0,137,0,0,846,0,154,0,0,856,0,144,0,0,837,1,162,0,0,852,0,148,0,0,851,0,149,0,0,859,0,141,0,0,853,0,147,0,0,845,0,155,0,0,842,0,158,0,0,851,1,148,0,0,852,0,148,0,0,844,0,156,0,0,854,0,146,0,0,835,0,165,0,0,859,0,141,0,0,854,0,146,0,0,846,0,154,0,0,849,0,151,0,0,849,0,151,0,0,847,0,153,0,0,845,0,155,0,0,856,0,144,0,0,849,1,150,0,0,846,0,154,0,0,852,0,148,0,0,849,0,151,0,0,853,0,147,0,0,855,0,145,0,0,850,0,150,0,0,844,0,156,0,0,857,0,143,0,0,852,1,147,0,0,850,0,150,0,0,861,1,138,0,0,853,0,147,0,0,848,1,151,0,0,862,0,138,0,0,853,0,147,0,0,847,0,153,0,0,851,0,149,0,0,850,0,150,0,0
239,standard,0.1,853,0,147,0,0,845,0,155,0,0,856,0,144,0,0,848,0,152,0,0,855,0,145,0,0,851,0,149,0,0,848,0,152,0,0,849,0,151,0,0,863,0,137,0,0,846,0,154,0,0,856,0,144,0,0,837,1,162,0,0,852,0,148,0,0,851,0,149,0,0,859,0,141,0,0,853,0,147,0,0,845,0,155,0,0,842,0,158,0,0,851,1,148,0,0,852,0,148,0,0,844,0,156,0,0,854,0,146,0,0,835,0,165,0,0,859,0,141,0,0,854,0,146,0,0,846,0,154,0,0,849,0,151,0,0,849,0,151,0,0,847,0,153,0,0,845,0,155,0,0,856,0,144,0,0,849,1,150,0,0,846,0,154,0,0,852,0,148,0,0,849,0,151,0,0,853,0,147,0,0,855,0,145,0,0,850,0,150,0,0,844,0,156,0,0,857,0,143,0,0,852,1,147,0,0,850,0,150,0,0,861,1,138,0,0,853,0,147,0,0,848,1,151,0,0,862,0,138,0,0,853,0,147,0,0,847,0,153,0,0,851,0,149,0,0,850,0,150,0,0
240,standard,0.1,853,0,147,0,0,845,0,155,0,0,856,0,144,0,0,848,0,152,0,0,855,0,145,0,0,851,0,149,0,0,848,0,152,0,0,849,0,151,0,0,863,0,137,0,0,846,0,154,0,0,856,0,144,0,0,837,1,162,0,0,852,0,148,0,0,851,0,149,0,0,859,0,141,0,0,853,0,147,0,0,845,0,155,0,0,842,0,158,0,0,851,1,148,0,0,852,0,148,0,0,844,0,156,0,0,854,0,146,0,0,835,0,165,0,0,859,0,141,0,0,854,0,146,0,0,846,0,154,0,0,849,0,151,0,0,849,0,151,0,0,847,0,153,0,0,845,0,155,0,0,856,0,144,0,0,849,0,151,0,0,846,0,154,0,0,852,0,148,0,0,849,0,151,0,0,853,0,147,0,0,855,0,145,0,0,850,0,150,0,0,844,0,156,0,0,857,0,143,0,0,852,1,147,0,0,850,0,150,0,0,861,1,138,0,0,853,0,147,0,0,848,1,151,0,0,862,0,138,0,0,853,0,147,0,0,846,1,153,0,0,851,0,149,0,0,850,0,150,0,0
241,standard,0.1,853,0,147,0,0,845,0,155,0,0,856,0,144,0,0,848,0,152,0,0,855,0,145,0,0,851,0,149,0,0,848,0,152,0,0,849,0,151,0,0,863,0,137,0,0,846,0,154,0,0,856,0,144,0,0,837,1,162,0,0,852,0,148,0,0,851,0,149,0,0,858,1,141,0,0,853,0,147,0,0,845,0,155,0,0,842,0,158,0,0,851,1,148,0,0,852,0,148,0,0,844,0,156,0,0,854,0,146,0,0,835,0,165,0,0,859,0,141,0,0,854,0,146,0,0,846,0,154,0,0,849,0,151,0,0,849,0,151,0,0,847,0,153,0,0,845,0,155,0,0,856,0,144,0,0,849,0,151,0,0,846,0,154,0,0,852,0,148,0,0,849,0,151,0,0,853,0,147,0,0,855,0,145,0,0,850,0,150,0,0,844,0,156,0,0,857,0,143,0,0,852,1,147,0,0,850,0,150,0,0,861,1,138,0,0,853,0,147,0,0,848,1,151,0,0,862,0,138,0,0,853,0,147,0,0,846,1,153,0,0,851,0,149,0,0,850,0,150,0,0
242,standard,0.1,853,0,147,0,0,845,0,155,0,0,856,0,144,0,0,848,0,152,0,0,855,0,145,0,0,851,0,149,0,0,848,0,152,0,0,849,0,151,0,0,863,0,137,0,0,846,0,154,0,0,856,0,144,0,0,837,1,162,0,0,852,0,148,0,0,851,0,149,0,0,858,1,141,0,0,853,0,147,0,0,845,0,155,0,0,842,0,158,0,0,851,1,148,0,0,852,0,148,0,0,844,0,156,0,0,854,0,146,0,0,835,0,165,0,0,859,0,141,0,0,854,0,146,0,0,846,0,154,0,0,849,0,151,0,0,849,0,151,0,0,847,0,153,0,0,845,0,155,0,0,856,0,144,0,0,849,0,151,0,0,845,1,154,0,0,852,0,148,0,0,849,0,151,0,0,853,0,147,0,0,855,0,145,0,0,850,0,150,0,0,844,0,156,0,0,857,0,143,0,0,852,1,147,0,0,850,0,150,0,0,861,1,138,0,0,853,0,147,0,0,848,1,151,0,0,862,0,138,0,0,853,0,147,0,0,846,1,153,0,0,851,0,149,0,0,850,0,150,0,0
243,standard,0.1,853,0,147,0,0,845,0,155,0,0,856,0,144,0,0,848,0,152,0,0,855,0,145,0,0,851,0,149,0,0,848,0,152,0,0,849,0,151,0,0,863,0,137,0,0,846,0,154,0,0,856,0,144,0,0,837,0,163,0,0,852,0,148,0,0,851,0,149,0,0,858,1,141,0,0,853,0,147,0,0,845,0,155,0,0,842,0,158,0,0,851,1,148,0,0,852,0,148,0,0,844,0,156,0,0,854,0,146,0,0,835,0,165,0,0,859,0,141,0,0,854,0,146,0,0,846,0,154,0,0,849,0,151,0,0,849,0,151,0,0,847,0,153,0,0,844,1,155,0,0,856,0,144,0,0,849,0,151,0,0,845,1,154,0,0,852,0,148,0,0,849,0,151,0,0,853,0,147,0,0,855,0,145,0,0,850,0,150,0,0,844,0,156,0,0,857,0,143,0,0,852,1,147,0,0,850,0,150,0,0,861,1,138,0,0,853,0,147,0,0,848,1,151,0,0,862,0,138,0,0,853,0,147,0,0,846,1,153,0,0,851,0,149,0,0,850,0,150,0,0
244,standard,0.1,853,0,147,0,0,845,0,155,0,0,856,0,144,0,0,848,0,152,0,0,855,0,145,0,0,851,0,149,0,0,848,0,152,0,0,849,0,151,0,0,863,0,137,0,0,846,0,154,0,0,856,0,144,0,0,837,0,163,0,0,852,0,148,0,0,851,0,149,0,0,858,1,141,0,0,853,0,147,0,0,845,0,155,0,0,842,0,158,0,0,851,1,148,0,0,852,0,148,0,0,844,0,156,0,0,854,0,146,0,0,835,0,165,0,0,859,0,141,0,0,854,0,146,0,0,846,0,154,0,0,849,0,151,0,0,849,0,151,0,0,847,0,153,0,0,844,1,155,0,0,856,0,144,0,0,849,0,151,0,0,845,1,154,0,0,852,0,148,0,0,849,0,151,0,0,853,0,147,0,0,855,0,145,0,0,850,0,150,0,0,844,0,156,0,0,857,0,143,0,0,852,0,148,0,0,850,0,150,0,0,861,1,138,0,0,853,0,147,0,0,848,1,151,0,0,862,0,138,0,0,853,0,147,0,0,846,1,153,0,0,851,0,149,0,0,850,0,150,0,0
245,standard,0.1,853,0,147,0,0,845,0,155,0,0,856,0,144,0,0,848,0,152,0,0,855,0,145,0,0,851,0,149,0,0,848,0,152,0,0,849,0,151,0,0,863,0,137,0,0,846,0,154,0,0,856,0,144,0,0,837,0,163,0,0,852,0,148,0,0,851,0,149,0,0,858,1,141,0,0,853,0,147,0,0,845,0,155,0,0,842,0,158,0,0,851,1,148,0,0,852,0,148,0,0,844,0,156,0,0,854,0,146,0,0,835,0,165,0,0,859,0,141,0,0,854,0,146,0,0,846,0,154,0,0,849,0,151,0,0,849,0,151,0,0,847,0,153,0,0,844,1,155,0,0,856,0,144,0,0,849,0,151,0,0,845,1,154,0,0,852,0,148,0,0,849,0,151,0,0,853,0,147,0,0,855,0,145,0,0,850,0,150,0,0,844,0,156,0,0,857,0,143,0,0,852,0,148,0,0,850,0,150,0,0,861,1,138,0,0,853,0,147,0,0,848,1,151,0,0,862,0,138,0,0,853,0,147,0,0,846,1,153,0,0,851,0,149,0,0,850,0,150,0,0
246,standard,0.1,853,0,147,0,0,845,0,155,0,0,856,0,144,0,0,848,0,152,0,0,855,0,145,0,0,851,0,149,0,0,848,0,152,0,0,849,0,151,0,0,863,0,137,0,0,846,0,154,0,0,856,0,144,0,0,837,0,163,0,0,852,0,148,0,0,851,0,149,0,0,858,1,141,0,0,853,0,147,0,0,845,0,155,0,0,842,0,158,0,0,851,1,148,0,0,852,0,148,0,0,844,0,156,0,0,854,0,146,0,0,835,0,165,0,0,859,0,141,0,0,854,0,146,0,0,846,0,154,0,0,849,0,151,0,0,849,0,151,0,0,847,0,153,0,0,844,1,155,0,0,856,0,144,0,0,849,0,151,0,0,845,1,154,0,0,852,0,148,0,0,849,0,151,0,0,853,0,147,0,0,855,0,145,0,0,850,0,150,0,0,844,0,156,0,0,857,0,143,0,0,852,0,148,0,0,850,0,150,0,0,861,1,138,0,0,853,0,147,0,0,848,1,151,0,0,862,0,138,0,0,853,0,147,0,0,846,1,153,0,0,851,0,149,0,0,850,0,150,0,0
247,standard,0.1,853,0,147,0,0,845,0,155,0,0,856,0,144,0,0,848,0,152,0,0,855,0,145,0,0,851,0,149,0,0,847,1,152,0,0,849,0,151,0,0,863,0,137,0,0,846,0,154,0,0,855,1,144,0,0,837,0,163,0,0,852,0,148,0,0,850,1,149,0,0,858,1,141,0,0,853,0,147,0,0,845,0,155,0,0,842,0,158,0,0,851,1,148,0,0,852,0,148,0,0,844,0,156,0,0,854,0,146,0,0,835,0,165,0,0,858,1,141,0,0,854,0,146,0,0,846,0,154,0,0,849,0,151,0,0,849,0,151,0,0,847,0,153,0,0,844,1,155,0,0,856,0,144,0,0,849,0,151,0,0,845,1,154,0,0,852,0,148,0,0,849,0,151,0,0,853,0,147,0,0,855,0,145,0,0,850,0,150,0,0,843,1,156,0,0,857,0,143,0,0,852,0,148,0,0,850,0,150,0,0,861,1,138,0,0,853,0,147,0,0,848,1,151,0,0,862,0,138,0,0,853,0,147,0,0,846,1,153,0,0,851,0,149,0,0,850,0,150,0,0
248,standard,0.1,853,0,147,0,0,845,0,155,0,0,856,0,144,0,0,848,0,152,0,0,855,0,145,0,0,851,0,149,0,0,847,1,152,0,0,849,0,151,0,0,863,0,137,0,0,846,0,154,0,0,855,1,144,0,0,837,0,163,0,0,852,0,148,0,0,850,1,149,0,0,858,1,141,0,0,853,0,147,0,0,845,0,155,0,0,842,0,158,0,0,851,0,149,0,0,852,0,148,0,0,844,0,156,0,0,854,0,146,0,0,835,0,165,0,0,858,1,141,0,0,854,0,146,0,0,846,0,154,0,0,848,1,151,0,0,849,0,151,0,0,847,0,153,0,0,844,1,155,0,0,856,0,144,0,0,849,0,151,0,0,845,1,154,0,0,852,0,148,0,0,849,0,151,0,0,853,0,147,0,0,855,0,145,0,0,850,0,150,0,0,843,1,156,0,0,857,0,143,0,0,852,0,148,0,0,850,0,150,0,0,861,0,139,0,0,853,0,147,0,0,848,1,151,0,0,862,0,138,0,0,853,0,147,0,0,846,1,153,0,0,851,0,149,0,0,850,0,150,0,0
249,standard,0.1,853,0,147,0,0,845,0,155,0,0,856,0,144,0,0,848,0,152,0,0,855,0,145,0,0,851,0,149,0,0,847,1,152,0,0,849,0,151,0,0,863,0,137,0,0,846,0,154,0,0,855,1,144,0,0,837,0,163,0,0,852,0,148,0,0,850,1,149,0,0,858,1,141,0,0,853,0,147,0,0,845,0,155,0,0,842,0,158,0,0,851,0,149,0,0,852,0,148,0,0,844,0,156,0,0,854,0,146,0,0,835,0,165,0,0,858,1,141,0,0,854,0,146,0,0,846,0,154,0,0,848,1,151,0,0,849,0,151,0,0,847,0,153,0,0,844,1,155,0,0,856,0,144,0,0,849,0,151,0,0,845,1,154,0,0,852,0,148,0,0,849,0,151,0,0,853,0,147,0,0,855,0,145,0,0,850,0,150,0,0,843,1,156,0,0,856,1,143,0,0,852,0,148,0,0,850,0,150,0,0,861,0,139,0,0,853,0,147,0,0,848,1,151,0,0,862,0,138,0,0,853,0,147,0,0,846,1,153,0,0,851,0,149,0,0,850,0,150,0,0
250,standard,0.1,853,0,147,0,0,845,0,155,0,0,856,0,144,0,0,848,0,152,0,0,855,0,145,0,0,851,0,149,0,0,847,1,152,0,0,849,0,151,0,0,863,0,137,0,0,846,0,154,0,0,855,1,144,0,0,837,0,163,0,0,852,0,148,0,0,850,1,149,0,0,858,1,141,0,0,853,0,147,0,0,845,0,155,0,0,842,0,158,0,0,851,0,149,0,0,852,0,148,0,0,844,0,156,0,0,854,0,146,0,0,835,0,165,0,0,858,1,141,0,0,854,0,146,0,0,846,0,154,0,0,848,1,151,0,0,849,0,151,0,0,847,0,153,0,0,844,1,155,0,0,856,0,144,0,0,849,0,151,0,0,845,1,154,0,0,852,0,148,0,0,849,0,151,0,0,853,0,147,0,0,855,0,145,0,0,850,0,150,0,0,843,1,156,0,0,856,1,143,0,0,852,0,148,0,0,850,0,150,0,0,861,0,139,0,0,853,0,147,0,0,848,0,152,0,0,862,0,138,0,0,853,0,147,0,0,846,1,153,0,0,851,0,149,0,0,850,0,150,0,0
251,standard,0.1,853,0,147,0,0,845,0,155,0,0,856,0,144,0,0,848,0,152,0,0,855,0,145,0,0,851,0,149,0,0,847,1,152,0,0,849,0,151,0,0,863,0,137,0,0,846,0,154,0,0,855,1,144,0,0,837,0,163,0,0,852,0,148,0,0,850,1,149,0,0,858,1,141,0,0,853,0,147,0,0,845,0,155,0,0,842,0,158,0,0,851,0,149,0,0,852,0,148,0,0,844,0,156,0,0,854,0,146,0,0,835,0,165,0,0,858,1,141,0,0,852,2,146,0,0,846,0,154,0,0,848,1,151,0,0,849,0,151,0,0,847,0,153,0,0,844,1,155,0,0,856,0,144,0,0,849,0,151,0,0,845,1,154,0,0,852,0,148,0,0,849,0,151,0,0,853,0,147,0,0,855,0,145,0,0,850,0,150,0,0,843,1,156,0,0,856,1,143,0,0,852,0,148,0,0,850,0,150,0,0,861,0,139,0,0,853,0,147,0,0,848,0,152,0,0,862,0,138,0,0,853,0,147,0,0,846,1,153,0,0,851,0,149,0,0,850,0,150,0,0
252,standard,0.1,853,0,147,0,0,845,0,155,0,0,856,0,144,0,0,848,0,152,0,0,855,0,145,0,0,851,0,149,0,0,847,1,152,0,0,849,0,151,0,0,863,0,137,0,0,846,0,154,0,0,855,1,144,0,0,837,0,163,0,0,852,0,148,0,0,850,1,149,0,0,858,1,141,0,0,853,0,147,0,0,845,0,155,0,0,842,0,158,0,0,851,0,149,0,0,852,0,148,0,0,844,0,156,0,0,854,0,146,0,0,835,0,165,0,0,858,1,141,0,0,852,2,146,0,0,846,0,154,0,0,848,1,151,0,0,849,0,151,0,0,847,0,153,0,0,844,1,155,0,0,856,0,144,0,0,849,0,151,0,0,845,1,154,0,0,852,0,148,0,0,849,0,151,0,0,853,0,147,0,0,855,0,145,0,0,850,0,150,0,0,843,1,156,0,0,856,1,143,0,0,852,0,148,0,0,850,0,150,0,0,861,0,139,0,0,853,0,147,0,0,848,0,152,0,0,862,0,138,0,0,853,0,147,0,0,846,1,153,0,0,850,1,149,0,0,850,0,150,0,0
253,standard,0.1,853,0,147,0,0,845,0,155,0,0,856,0,144,0,0,848,0,152,0,0,855,0,145,0,0,851,0,149,0,0,847,1,152,0,0,849,0,151,0,0,863,0,137,0,0,846,0,154,0,0,855,1,144,0,0,837,0,163,0,0,852,0,148,0,0,850,1,149,0,0,858,1,141,0,0,853,0,147,0,0,845,0,155,0,0,842,0,158,0,0,851,0,149,0,0,852,0,148,0,0,844,0,156,0,0,854,0,146,0,0,835,0,165,0,0,858,1,141,0,0,852,2,146,0,0,846,0,154,0,0,848,1,151,0,0,849,0,151,0,0,847,0,153,0,0,844,1,155,0,0,856,0,144,0,0,849,0,151,0,0,845,1,154,0,0,852,0,148,0,0,849,0,151,0,0,853,0,147,0,0,855,0,145,0,0,850,0,150,0,0,843,1,156,0,0,856,1,143,0,0,852,0,148,0,0,850,0,150,0,0,861,0,139,0,0,853,0,147,0,0,848,0,152,0,0,862,0,138,0,0,853,0,147,0,0,846,0,154,0,0,850,1,149,0,0,850,0,150,0,0
254,standard,0.1,853,0,147,0,0,845,0,155,0,0,856,0,144,0,0,848,0,152,0,0,855,0,145,0,0,851,0,149,0,0,847,1,152,0,0,849,0,151,0,0,863,0,137,0,0,846,0,154,0,0,855,1,144,0,0,837,0,163,0,0,852,0,148,0,0,850,1,149,0,0,858,0,142,0,0,853,0,147,0,0,845,0,155,0,0,842,0,158,0,0,851,0,149,0,0,852,0,148,0,0,844,0,156,0,0,854,0,146,0,0,835,0,165,0,0,858,1,141,0,0,851,3,146,0,0,846,0,154,0,0,848,1,151,0,0,849,0,151,0,0,847,0,153,0,0,844,1,155,0,0,856,0,144,0,0,849,0,151,0,0,845,1,154,0,0,852,0,148,0,0,849,0,151,0,0,853,0,147,0,0,855,0,145,0,0,850,0,150,0,0,843,1,156,0,0,855,2,143,0,0,852,0,148,0,0,850,0,150,0,0,861,0,139,0,0,853,0,147,0,0,848,0,152,0,0,862,0,138,0,0,853,0,147,0,0,846,0,154,0,0,849,2,149,0,0,850,0,150,0,0
255,standard,0.1,853,0,147,0,0,845,0,155,0,0,856,0,144,0,0,848,0,152,0,0,855,0,145,0,0,851,0,149,0,0,847,1,152,0,0,849,0,151,0,0,863,0,137,0,0,846,0,154,0,0,855,1,144,0,0,837,0,163,0,0,852,0,148,0,0,850,1,149,0,0,858,0,142,0,0,853,0,147,0,0,845,0,155,0,0,842,0,158,0,0,851,0,149,0,0,852,0,148,0,0,844,0,156,0,0,854,0,146,0,0,835,0,165,0,0,858,1,141,0,0,851,3,146,0,0,846,0,154,0,0,848,1,151,0,0,849,0,151,0,0,847,0,153,0,0,844,1,155,0,0,856,0,144,0,0,849,0,151,0,0,845,0,155,0,0,852,0,148,0,0,849,0,151,0,0,853,0,147,0,0,855,0,145,0,0,850,0,150,0,0,843,1,156,0,0,855,2,143,0,0,852,0,148,0,0,850,0,150,0,0,861,0,139,0,0,853,0,147,0,0,848,0,152,0,0,862,0,138,0,0,853,0,147,0,0,846,0,154,0,0,848,3,149,0,0,850,0,150,0,0
256,standard,0.1,853,0,147,0,0,845,0,155,0,0,856,0,144,0,0,848,0,152,0,0,855,0,145,0,0,851,0,149,0,0,847,1,152,0,0,849,0,151,0,0,863,0,137,0,0,846,0,154,0,0,855,1,144,0,0,837,0,163,0,0,852,0,148,0,0,850,1,149,0,0,858,0,142,0,0,853,0,147,0,0,845,0,155,0,0,842,0,158,0,0,851,0,149,0,0,852,0,148,0,0,844,0,156,0,0,854,0,146,0,0,835,0,165,0,0,858,1,141,0,0,851,3,146,0,0,846,0,154,0,0,848,1,151,0,0,849,0,151,0,0,847,0,153,0,0,844,0,156,0,0,856,0,144,0,0,849,0,151,0,0,845,0,155,0,0,852,0,148,0,0,849,0,151,0,0,853,0,147,0,0,855,0,145,0,0,850,0,150,0,0,843,1,156,0,0,855,2,143,0,0,852,0,148,0,0,850,0,150,0,0,861,0,139,0,0,853,0,147,0,0,848,0,152,0,0,862,0,138,0,0,853,0,147,0,0,846,0,154,0,0,848,3,149,0,0,850,0,150,0,0
257,standard,0.1,853,0,147,0,0,845,0,155,0,0,856,0,144,0,0,848,0,152,0,0,855,0,145,0,0,851,0,149,0,0,847,1,152,0,0,848,1,151,0,0,863,0,137,0,0,846,0,154,0,0,855,1,144,0,0,837,0,163,0,0,852,0,148,0,0,849,2,149,0,0,858,0,142,0,0,853,0,147,0,0,845,0,155,0,0,842,0,158,0,0,851,0,149,0,0,852,0,148,0,0,844,0,156,0,0,854,0,146,0,0,835,0,165,0,0,858,1,141,0,0,851,3,146,0,0,846,0,154,0,0,847,2,151,0,0,849,0,151,0,0,847,0,153,0,0,844,0,156,0,0,856,0,144,0,0,849,0,151,0,0,845,0,155,0,0,852,0,148,0,0,849,0,151,0,0,853,0,147,0,0,855,0,145,0,0,850,0,150,0,0,843,1,156,0,0,855,2,143,0,0,852,0,148,0,0,850,0,150,0,0,861,0,139,0,0,853,0,147,0,0,848,0,152,0,0,862,0,138,0,0,853,0,147,0,0,846,0,154,0,0,848,3,149,0,0,850,0,150,0,0
258,standard,0.1,853,0,147,0,0,845,0,155,0,0,856,0,144,0,0,848,0,152,0,0,855,0,145,0,0,851,0,149,0,0,847,1,152,0,0,848,1,151,0,0,863,0,137,0,0,846,0,154,0,0,855,1,144,0,0,837,0,163,0,0,852,0,148,0,0,849,2,149,0,0,858,0,142,0,0,853,0,147,0,0,845,0,155,0,0,842,0,158,0,0,851,0,149,0,0,852,0,148,0,0,844,0,156,0,0,854,0,146,0,0,835,0,165,0,0,858,1,141,0,0,851,3,146,0,0,846,0,154,0,0,847,2,151,0,0,849,0,151,0,0,847,0,153,0,0,844,0,156,0,0,856,0,144,0,0,849,0,151,0,0,845,0,155,0,0,852,0,148,0,0,849,0,151,0,0,853,0,147,0,0,855,0,145,0,0,850,0,150,0,0,843,1,156,0,0,855,2,143,0,0,852,0,148,0,0,850,0,150,0,0,861,0,139,0,0,853,0,147,0,0,848,0,152,0,0,862,0,138,0,0,853,0,147,0,0,846,0,154,0,0,848,3,149,0,0,850,0,150,0,0
259,standard,0.1,852,1,147,0,0,845,0,155,0,0,856,0,144,0,0,848,0,152,0,0,855,0,145,0,0,851,0,149,0,0,847,1,152,0,0,848,1,151,0,0,863,0,137,0,0,846,0,154,0,0,855,1,144,0,0,837,0,163,0,0,852,0,148,0,0,849,2,149,0,0,858,0,142,0,0,853,0,147,0,0,845,0,155,0,0,842,0,158,0,0,851,0,149,0,0,852,0,148,0,0,844,0,156,0,0,853,1,146,0,0,835,0,165,0,0,858,1,141,0,0,851,3,146,0,0,846,0,154,0,0,847,2,151,0,0,849,0,151,0,0,847,0,153,0,0,844,0,156,0,0,856,0,144,0,0,849,0,151,0,0,845,0,155,0,0,852,0,148,0,0,849,0,151,0,0,853,0,147,0,0,855,0,145,0,0,850,0,150,0,0,843,1,156,0,0,855,2,143,0,0,852,0,148,0,0,850,0,150,0,0,861,0,139,0,0,853,0,147,0,0,848,0,152,0,0,862,0,138,0,0,853,0,147,0,0,846,0,154,0,0,847,4,149,0,0,850,0,150,0,0
260,standard,0.1,852,1,147,0,0,845,0,155,0,0,856,0,144,0,0,848,0,152,0,0,855,0,145,0,0,851,0,149,0,0,847,0,153,0,0,848,1,151,0,0,863,0,137,0,0,846,0,154,0,0,855,0,145,0,0,837,0,163,0,0,852,0,148,0,0,849,1,150,0,0,858,0,142,0,0,853,0,147,0,0,845,0,155,0,0,842,0,158,0,0,851,0,149,0,0,852,0,148,0,0,844,0,156,0,0,853,1,146,0,0,835,0,165,0,0,858,0,142,0,0,851,3,146,0,0,846,0,154,0,0,847,2,151,0,0,849,0,151,0,0,847,0,153,0,0,844,0,156,0,0,856,0,144,0,0,849,0,151,0,0,845,0,155,0,0,852,0,148,0,0,849,0,151,0,0,853,0,147,0,0,855,0,145,0,0,850,0,150,0,0,843,0,157,0,0,855,2,143,0,0,852,0,148,0,0,850,0,150,0,0,861,0,139,0,0,853,0,147,0,0,848,0,152,0,0,862,0,138,0,0,853,0,147,0,0,846,0,154,0,0,847,4,149,0,0,850,0,150,0,0
261,standard,0.1,852,1,147,0,0,845,0,155,0,0,856,0,144,0,0,848,0,152,0,0,855,0,145,0,0,851,0,149,0,0,847,0,153,0,0,848,1,151,0,0,863,0,137,0,0,845,1,154,0,0,855,0,145,0,0,837,0,163,0,0,852,0,148,0,0,849,1,150,0,0,858,0,142,0,0,853,0,147,0,0,845,0,155,0,0,842,0,158,0,0,851,0,149,0,0,852,0,148,0,0,844,0,156,0,0,853,1,146,0,0,835,0,165,0,0,858,0,142,0,0,851,3,146,0,0,846,0,154,0,0,847,1,152,0,0,849,0,151,0,0,847,0,153,0,0,844,0,156,0,0,856,0,144,0,0,849,0,151,0,0,845,0,155,0,0,852,0,148,0,0,849,0,151,0,0,853,0,147,0,0,855,0,145,0,0,850,0,150,0,0,843,0,157,0,0,855,2,143,0,0,852,0,148,0,0,850,0,150,0,0,861,0,139,0,0,853,0,147,0,0,848,0,152,0,0,862,0,138,0,0,853,0,147,0,0,846,0,154,0,0,847,4,149,0,0,850,0,150,0,0
262,standard,0.1,852,1,147,0,0,845,0,155,0,0,856,0,144,0,0,848,0,152,0,0,855,0,145,0,0,851,0,149,0,0,847,0,153,0,0,848,1,151,0,0,863,0,137,0,0,845,1,154,0,0,855,0,145,0,0,837,0,163,0,0,852,0,148,0,0,849,1,150,0,0,858,0,142,0,0,853,0,147,0,0,845,0,155,0,0,842,0,158,0,0,851,0,149,0,0,852,0,148,0,0,844,0,156,0,0,853,1,146,0,0,835,0,165,0,0,858,0,142,0,0,851,3,146,0,0,846,0,154,0,0,847,1,152,0,0,849,0,151,0,0,847,0,153,0,0,844,0,156,0,0,856,0,144,0,0,849,0,151,0,0,844,1,155,0,0,852,0,148,0,0,849,0,151,0,0,853,0,147,0,0,855,0,145,0,0,850,0,150,0,0,843,0,157,0,0,855,1,144,0,0,852,0,148,0,0,850,0,150,0,0,861,0,139,0,0,853,0,147,0,0,848,0,152,0,0,862,0,138,0,0,853,0,147,0,0,846,0,154,0,0,847,4,149,0,0,850,0,150,0,0
263,standard,0.1,851,2,147,0,0,845,0,155,0,0,856,0,144,0,0,848,0,152,0,0,855,0,145,0,0,851,0,149,0,0,847,0,153,0,0,848,1,151,0,0,863,0,137,0,0,845,1,154,0,0,855,0,145,0,0,837,0,163,0,0,852,0,148,0,0,849,1,150,0,0,858,0,142,0,0,853,0,147,0,0,845,0,155,0,0,842,0,158,0,0,851,0,149,0,0,852,0,148,0,0,844,0,156,0,0,853,1,146,0,0,835,0,165,0,0,858,0,142,0,0,851,3,146,0,0,846,0,154,0,0,847,1,152,0,0,849,0,151,0,0,847,0,153,0,0,844,0,156,0,0,856,0,144,0,0,849,0,151,0,0,844,1,155,0,0,852,0,148,0,0,849,0,151,0,0,853,0,147,0,0,855,0,145,0,0,850,0,150,0,0,843,0,157,0,0,855,1,144,0,0,852,0,148,0,0,850,0,150,0,0,861,0,139,0,0,853,0,147,0,0,848,0,152,0,0,862,0,138,0,0,853,0,147,0,0,846,0,154,0,0,847,4,149,0,0,850,0,150,0,0
264,standard,0.1,851,2,147,0,0,845,0,155,0,0,856,0,144,0,0,848,0,152,0,0,855,0,145,0,0,851,0,149,0,0,847,0,153,0,0,848,1,151,0,0,863,0,137,0,0,845,1,154,0,0,855,0,145,0,0,837,0,163,0,0,852,0,148,0,0,849,1,150,0,0,858,0,142,0,0,853,0,147,0,0,845,0,155,0,0,842,0,158,0,0,851,0,149,0,0,852,0,148,0,0,844,0,156,0,0,853,1,146,0,0,835,0,165,0,0,858,0,142,0,0,851,1,148,0,0,846,0,154,0,0,847,1,152,0,0,849,0,151,0,0,847,0,153,0,0,844,0,156,0,0,856,0,144,0,0,849,0,151,0,0,844,1,155,0,0,852,0,148,0,0,849,0,151,0,0,853,0,147,0,0,855,0,145,0,0,850,0,150,0,0,843,0,157,0,0,855,1,144,0,0,852,0,148,0,0,850,0,150,0,0,861,0,139,0,0,853,0,147,0,0,848,0,152,0,0,862,0,138,0,0,853,0,147,0,0,846,0,154,0,0,847,4,149,0,0,850,0,150,0,0
265,standard,0.1,851,2,147,0,0,845,0,155,0,0,856,0,144,0,0,848,0,152,0,0,855,0,145,0,0,851,0,149,0,0,847,0,153,0,0,848,1,151,0,0,863,0,137,0,0,845,1,154,0,0,855,0,145,0,0,837,0,163,0,0,852,0,148,0,0,849,1,150,0,0,858,0,142,0,0,853,0,147,0,0,845,0,155,0,0,842,0,158,0,0,851,0,149,0,0,852,0,148,0,0,844,0,156,0,0,853,1,146,0,0,835,0,165,0,0,858,0,142,0,0,851,1,148,0,0,846,0,154,0,0,847,1,152,0,0,849,0,151,0,0,847,0,153,0,0,844,0,156,0,0,856,0,144,0,0,849,0,151,0,0,844,1,155,0,0,852,0,148,0,0,849,0,151,0,0,853,0,147,0,0,855,0,145,0,0,850,0,150,0,0,843,0,157,0,0,855,1,144,0,0,852,0,148,0,0,850,0,150,0,0,861,0,139,0,0,853,0,147,0,0,848,0,152,0,0,862,0,138,0,0,853,0,147,0,0,846,0,154,0,0,847,3,150,0,0,850,0,150,0,0
266,standard,0.1,851,2,147,0,0,845,0,155,0,0,856,0,144,0,0,848,0,152,0,0,855,0,145,0,0,851,0,149,0,0,847,0,153,0,0,848,1,151,0,0,863,0,137,0,0,845,1,154,0,0,855,0,145,0,0,837,0,163,0,0,852,0,148,0,0,848,2,150,0,0,858,0,142,0,0,853,0,147,0,0,845,0,155,0,0,842,0,158,0,0,851,0,149,0,0,852,0,148,0,0,844,0,156,0,0,853,1,146,0,0,835,0,165,0,0,858,0,142,0,0,851,1,148,0,0,846,0,154,0,0,847,1,152,0,0,849,0,151,0,0,847,0,153,0,0,844,0,156,0,0,856,0,144,0,0,849,0,151,0,0,844,1,155,0,0,852,0,148,0,0,849,0,151,0,0,853,0,147,0,0,855,0,145,0,0,850,0,150,0,0,843,0,157,0,0,855,1,144,0,0,852,0,148,0,0,850,0,150,0,0,861,0,139,0,0,853,0,147,0,0,848,0,152,0,0,862,0,138,0,0,853,0,147,0,0,846,0,154,0,0,847,3,150,0,0,850,0,150,0,0
267,standard,0.1,851,2,147,0,0,845,0,155,0,0,856,0,144,0,0,848,0,152,0,0,855,0,145,0,0,851,0,149,0,0,847,0,153,0,0,848,1,151,0,0,863,0,137,0,0,845,1,154,0,0,855,0,145,0,0,837,0,163,0,0,852,0,148,0,0,848,2,150,0,0,858,0,142,0,0,853,0,147,0,0,845,0,155,0,0,842,0,158,0,0,851,0,149,0,0,852,0,148,0,0,844,0,156,0,0,853,1,146,0,0,835,0,165,0,0,858,0,142,0,0,851,0,149,0,0,846,0,154,0,0,847,1,152,0,0,849,0,151,0,0,847,0,153,0,0,844,0,156,0,0,856,0,144,0,0,849,0,151,0,0,844,1,155,0,0,852,0,148,0,0,848,1,151,0,0,853,0,147,0,0,855,0,145,0,0,850,0,150,0,0,843,0,157,0,0,855,0,145,0,0,852,0,148,0,0,850,0,150,0,0,861,0,139,0,0,853,0,147,0,0,848,0,152,0,0,862,0,138,0,0,853,0,147,0,0,846,0,154,0,0,847,2,151,0,0,850,0,150,0,0
268,standard,0.1,851,2,147,0,0,845,0,155,0,0,856,0,144,0,0,848,0,152,0,0,855,0,145,0,0,851,0,149,0,0,847,0,153,0,0,848,1,151,0,0,863,0,137,0,0,845,1,154,0,0,855,0,145,0,0,837,0,163,0,0,852,0,148,0,0,848,2,150,0,0,858,0,142,0,0,853,0,147,0,0,845,0,155,0,0,842,0,158,0,0,851,0,149,0,0,852,0,148,0,0,844,0,156,0,0,852,2,146,0,0,835,0,165,0,0,858,0,142,0,0,851,0,149,0,0,846,0,154,0,0,847,1,152,0,0,849,0,151,0,0,847,0,153,0,0,844,0,156,0,0,856,0,144,0,0,849,0,151,0,0,844,1,155,0,0,852,0,148,0,0,848,1,151,0,0,853,0,147,0,0,855,0,145,0,0,850,0,150,0,0,843,0,157,0,0,855,0,145,0,0,852,0,148,0,0,850,0,150,0,0,861,0,139,0,0,853,0,147,0,0,848,0,152,0,0,862,0,138,0,0,853,0,147,0,0,846,0,154,0,0,847,1,152,0,0,850,0,150,0,0
269,standard,0.1,851,2,147,0,0,845,0,155,0,0,856,0,144,0,0,848,0,152,0,0,855,0,145,0,0,851,0,149,0,0,847,0,153,0,0,848,1,151,0,0,863,0,137,0,0,845,1,154,0,0,855,0,145,0,0,837,0,163,0,0,852,0,148,0,0,848,2,150,0,0,858,0,142,0,0,853,0,147,0,0,845,0,155,0,0,842,0,158,0,0,851,0,149,0,0,852,0,148,0,0,844,0,156,0,0,852,2,146,0,0,835,0,165,0,0,858,0,142,0,0,851,0,149,0,0,846,0,154,0,0,847,1,152,0,0,849,0,151,0,0,847,0,153,0,0,844,0,156,0,0,856,0,144,0,0,849,0,151,0,0,844,1,155,0,0,852,0,148,0,0,848,1,151,0,0,853,0,147,0,0,855,0,145,0,0,850,0,150,0,0,843,0,157,0,0,855,0,145,0,0,851,1,148,0,0,850,0,150,0,0,861,0,139,0,0,853,0,147,0,0,848,0,152,0,0,862,0,138,0,0,853,0,147,0,0,846,0,154,0,0,847,1,152,0,0,850,0,150,0,0
270,standard,0.1,851,2,147,0,0,845,0,155,0,0,856,0,144,0,0,848,0,152,0,0,855,0,145,0,0,851,0,149,0,0,847,0,153,0,0,848,0,152,0,0,863,0,137,0,0,845,1,154,0,0,855,0,145,0,0,837,0,163,0,0,852,0,148,0,0,848,1,151,0,0,858,0,142,0,0,853,0,147,0,0,845,0,155,0,0,842,0,158,0,0,851,0,149,0,0,852,0,148,0,0,844,0,156,0,0,852,2,146,0,0,835,0,165,0,0,858,0,142,0,0,851,0,149,0,0,846,0,154,0,0,847,0,153,0,0,849,0,151,0,0,847,0,153,0,0,844,0,156,0,0,856,0,144,0,0,849,0,151,0,0,844,1,155,0,0,852,0,148,0,0,848,1,151,0,0,853,0,147,0,0,855,0,145,0,0,850,0,150,0,0,843,0,157,0,0,855,0,145,0,0,851,1,148,0,0,849,1,150,0,0,861,0,139,0,0,853,0,147,0,0,848,0,152,0,0,862,0,138,0,0,853,0,147,0,0,846,0,154,0,0,847,1,152,0,0,850,0,150,0,0
271,standard,0.1,851,2,147,0,0,845,0,155,0,0,856,0,144,0,0,848,0,152,0,0,855,0,145,0,0,851,0,149,0,0,847,0,153,0,0,848,0,152,0,0,863,0,137,0,0,845,1,154,0,0,855,0,145,0,0,837,0,163,0,0,852,0,148,0,0,848,1,151,0,0,858,0,142,0,0,853,0,147,0,0,845,0,155,0,0,842,0,158,0,0,851,0,149,0,0,852,0,148,0,0,844,0,156,0,0,852,2,146,0,0,835,0,165,0,0,858,0,142,0,0,851,0,149,0,0,846,0,154,0,0,846,1,153,0,0,849,0,151,0,0,847,0,153,0,0,844,0,156,0,0,856,0,144,0,0,849,0,151,0,0,844,1,155,0,0,852,0,148,0,0,848,1,151,0,0,853,0,147,0,0,855,0,145,0,0,850,0,150,0,0,843,0,157,0,0,855,0,145,0,0,851,1,148,0,0,849,1,150,0,0,861,0,139,0,0,853,0,147,0,0,848,0,152,0,0,862,0,138,0,0,853,0,147,0,0,846,0,154,0,0,847,1,152,0,0,850,0,150,0,0
272,standard,0.1,851,1,148,0,0,845,0,155,0,0,856,0,144,0,0,848,0,152,0,0,855,0,145,0,0,851,0,149,0,0,847,0,153,0,0,848,0,152,0,0,863,0,137,0,0,845,1,154,0,0,855,0,145,0,0,837,0,163,0,0,852,0,148,0,0,848,1,151,0,0,858,0,142,0,0,853,0,147,0,0,845,0,155,0,0,842,0,158,0,0,851,0,149,0,0,852,0,148,0,0,844,0,156,0,0,852,1,147,0,0,835,0,165,0,0,858,0,142,0,0,851,0,149,0,0,846,0,154,0,0,846,1,153,0,0,849,0,151,0,0,847,0,153,0,0,844,0,156,0,0,856,0,144,0,0,849,0,151,0,0,844,1,155,0,0,852,0,148,0,0,848,1,151,0,0,853,0,147,0,0,855,0,145,0,0,850,0,150,0,0,843,0,157,0,0,855,0,145,0,0,851,1,148,0,0,849,1,150,0,0,861,0,139,0,0,853,0,147,0,0,848,0,152,0,0,862,0,138,0,0,853,0,147,0,0,846,0,154,0,0,847,0,153,0,0,850,0,150,0,0
273,standard,0.1,851,1,148,0,0,845,0,155,0,0,856,0,144,0,0,848,0,152,0,0,855,0,145,0,0,851,0,149,0,0,847,0,153,0,0,848,0,152,0,0,863,0,137,0,0,845,1,154,0,0,855,0,145,0,0,837,0,163,0,0,852,0,148,0,0,848,1,151,0,0,858,0,142,0,0,853,0,147,0,0,845,0,155,0,0,842,0,158,0,0,851,0,149,0,0,852,0,148,0,0,844,0,156,0,0,852,1,147,0,0,835,0,165,0,0,858,0,142,0,0,851,0,149,0,0,846,0,154,0,0,846,1,153,0,0,849,0,151,0,0,847,0,153,0,0,844,0,156,0,0,856,0,144,0,0,849,0,151,0,0,844,1,155,0,0,852,0,148,0,0,848,1,151,0,0,853,0,147,0,0,855,0,145,0,0,850,0,150,0,0,843,0,157,0,0,855,0,145,0,0,851,1,148,0,0,849,1,150,0,0,861,0,139,0,0,853,0,147,0,0,848,0,152,0,0,862,0,138,0,0,853,0,147,0,0,846,0,154,0,0,847,0,153,0,0,850,0,150,0,0
274,standard,0.1,851,1,148,0,0,845,0,155,0,0,856,0,144,0,0,848,0,152,0,0,855,0,145,0,0,851,0,149,0,0,847,0,153,0,0,848,0,152,0,0,863,0,137,0,0,845,0,155,0,0,855,0,145,0,0,837,0,163,0,0,852,0,148,0,0,848,1,151,0,0,858,0,142,0,0,853,0,147,0,0,845,0,155,0,0,842,0,158,0,0,851,0,149,0,0,852,0,148,0,0,844,0,156,0,0,852,1,147,0,0,835,0,165,0,0,858,0,142,0,0,851,0,149,0,0,846,0,154,0,0,846,1,153,0,0,849,0,151,0,0,847,0,153,0,0,844,0,156,0,0,856,0,144,0,0,849,0,151,0,0,844,1,155,0,0,852,0,148,0,0,848,1,151,0,0,853,0,147,0,0,855,0,145,0,0,850,0,150,0,0,843,0,157,0,0,855,0,145,0,0,851,1,148,0,0,849,1,150,0,0,861,0,139,0,0,853,0,147,0,0,848,0,152,0,0,862,0,138,0,0,853,0,147,0,0,846,0,154,0,0,847,0,153,0,0,850,0,150,0,0
275,standard,0.1,851,1,148,0,0,845,0,155,0,0,856,0,144,0,0,848,0,152,0,0,855,0,145,0,0,851,0,149,0,0,847,0,153,0,0,847,1,152,0,0,863,0,137,0,0,845,0,155,0,0,855,0,145,0,0,837,0,163,0,0,852,0,148,0,0,848,1,151,0,0,858,0,142,0,0,853,0,147,0,0,845,0,155,0,0,842,0,158,0,0,851,0,149,0,0,852,0,148,0,0,844,0,156,0,0,852,1,147,0,0,835,0,165,0,0,858,0,142,0,0,851,0,149,0,0,846,0,154,0,0,846,1,153,0,0,849,0,151,0,0,847,0,153,0,0,844,0,156,0,0,856,0,144,0,0,849,0,151,0,0,844,0,156,0,0,852,0,148,0,0,848,1,151,0,0,853,0,147,0,0,855,0,145,0,0,850,0,150,0,0,843,0,157,0,0,855,0,145,0,0,851,1,148,0,0,849,1,150,0,0,861,0,139,0,0,853,0,147,0,0,848,0,152,0,0,862,0,138,0,0,853,0,147,0,0,846,0,154,0,0,847,0,153,0,0,850,0,150,0,0
276,standard,0.1,851,0,149,0,0,845,0,155,0,0,856,0,144,0,0,848,0,152,0,0,855,0,145,0,0,851,0,149,0,0,847,0,153,0,0,847,1,152,0,0,863,0,137,0,0,845,0,155,0,0,855,0,145,0,0,837,0,163,0,0,852,0,148,0,0,848,1,151,0,0,858,0,142,0,0,853,0,147,0,0,845,0,155,0,0,842,0,158,0,0,851,0,149,0,0,852,0,148,0,0,844,0,156,0,0,852,1,147,0,0,835,0,165,0,0,858,0,142,0,0,851,0,149,0,0,846,0,154,0,0,846,1,153,0,0,849,0,151,0,0,847,0,153,0,0,844,0,156,0,0,856,0,144,0,0,849,0,151,0,0,844,0,156,0,0,852,0,148,0,0,848,1,151,0,0,853,0,147,0,0,855,0,145,0,0,850,0,150,0,0,843,0,157,0,0,855,0,145,0,0,851,1,148,0,0,849,1,150,0,0,861,0,139,0,0,853,0,147,0,0,848,0,152,0,0,862,0,138,0,0,853,0,147,0,0,846,0,154,0,0,847,0,153,0,0,850,0,150,0,0
277,standard,0.1,851,0,149,0,0,845,0,155,0,0,856,0,144,0,0,848,0,152,0,0,855,0,145,0,0,851,0,149,0,0,847,0,153,0,0,847,1,152,0,0,863,0,137,0,0,845,0,155,0,0,855,0,145,0,0,837,0,163,0,0,852,0,148,0,0,848,1,151,0,0,858,0,142,0,0,853,0,147,0,0,845,0,155,0,0,842,0,158,0,0,850,1,149,0,0,852,0,148,0,0,844,0,156,0,0,852,1,147,0,0,835,0,165,0,0,858,0,142,0,0,851,0,149,0,0,846,0,154,0,0,846,1,153,0,0,849,0,151,0,0,847,0,153,0,0,844,0,156,0,0,856,0,144,0,0,849,0,151,0,0,844,0,156,0,0,852,0,148,0,0,848,1,151,0,0,853,0,147,0,0,855,0,145,0,0,850,0,150,0,0,843,0,157,0,0,855,0,145,0,0,851,1,148,0,0,849,1,150,0,0,861,0,139,0,0,853,0,147,0,0,848,0,152,0,0,862,0,138,0,0,853,0,147,0,0,846,0,154,0,0,847,0,153,0,0,850,0,150,0,0
278,standard,0.1,851,0,149,0,0,845,0,155,0,0,856,0,144,0,0,848,0,152,0,0,855,0,145,0,0,851,0,149,0,0,847,0,153,0,0,847,1,152,0,0,863,0,137,0,0,845,0,155,0,0,855,0,145,0,0,837,0,163,0,0,852,0,148,0,0,848,1,151,0,0,858,0,142,0,0,853,0,147,0,0,844,1,155,0,0,842,0,158,0,0,850,1,149,0,0,852,0,148,0,0,844,0,156,0,0,852,1,147,0,0,835,0,165,0,0,858,0,142,0,0,851,0,149,0,0,846,0,154,0,0,846,1,153,0,0,849,0,151,0,0,847,0,153,0,0,844,0,156,0,0,856,0,144,0,0,849,0,151,0,0,844,0,156,0,0,852,0,148,0,0,848,1,151,0,0,853,0,147,0,0,855,0,145,0,0,850,0,150,0,0,843,0,157,0,0,855,0,145,0,0,851,1,148,0,0,849,1,150,0,0,861,0,139,0,0,853,0,147,0,0,848,0,152,0,0,862,0,138,0,0,853,0,147,0,0,846,0,154,0,0,847,0,153,0,0,850,0,150,0,0
279,standard,0.1,851,0,149,0,0,845,0,155,0,0,856,0,144,0,0,848,0,152,0,0,855,0,145,0,0,851,0,149,0,0,847,0,153,0,0,847,1,152,0,0,863,0,137,0,0,845,0,155,0,0,855,0,145,0,0,837,0,163,0,0,852,0,148,0,0,848,0,152,0,0,858,0,142,0,0,853,0,147,0,0,844,1,155,0,0,842,0,158,0,0,850,1,149,0,0,852,0,148,0,0,844,0,156,0,0,852,1,147,0,0,835,0,165,0,0,858,0,142,0,0,851,0,149,0,0,846,0,154,0,0,846,1,153,0,0,849,0,151,0,0,847,0,153,0,0,844,0,156,0,0,856,0,144,0,0,849,0,151,0,0,844,0,156,0,0,852,0,148,0,0,848,1,151,0,0,853,0,147,0,0,855,0,145,0,0,850,0,150,0,0,843,0,157,0,0,855,0,145,0,0,850,2,148,0,0,849,1,150,0,0,861,0,139,0,0,853,0,147,0,0,848,0,152,0,0,862,0,138,0,0,853,0,147,0,0,846,0,154,0,0,847,0,153,0,0,850,0,150,0,0
280,standard,0.1,851,0,149,0,0,845,0,155,0,0,856,0,144,0,0,848,0,152,0,0,855,0,145,0,0,851,0,149,0,0,847,0,153,0,0,847,1,152,0,0,863,0,137,0,0,845,0,155,0,0,855,0,145,0,0,837,0,163,0,0,852,0,148,0,0,848,0,152,0,0,858,0,142,0,0,853,0,147,0,0,844,1,155,0,0,842,0,158,0,0,850,1,149,0,0,852,0,148,0,0,844,0,156,0,0,852,1,147,0,0,835,0,165,0,0,858,0,142,0,0,851,0,149,0,0,846,0,154,0,0,846,1,153,0,0,849,0,151,0,0,847,0,153,0,0,844,0,156,0,0,856,0,144,0,0,849,0,151,0,0,844,0,156,0,0,852,0,148,0,0,848,0,152,0,0,853,0,147,0,0,855,0,145,0,0,850,0,150,0,0,843,0,157,0,0,855,0,145,0,0,850,2,148,0,0,849,1,150,0,0,861,0,139,0,0,853,0,147,0,0,848,0,152,0,0,862,0,138,0,0,853,0,147,0,0,846,0,154,0,0,847,0,153,0,0,850,0,150,0,0
281,standard,0.1,851,0,149,0,0,845,0,155,0,0,856,0,144,0,0,848,0,152,0,0,855,0,145,0,0,851,0,149,0,0,847,0,153,0,0,847,1,152,0,0,863,0,137,0,0,845,0,155,0,0,855,0,145,0,0,837,0,163,0,0,852,0,148,0,0,848,0,152,0,0,858,0,142,0,0,853,0,147,0,0,844,1,155,0,0,842,0,158,0,0,850,1,149,0,0,852,0,148,0,0,844,0,156,0,0,852,0,148,0,0,835,0,165,0,0,858,0,142,0,0,851,0,149,0,0,846,0,154,0,0,846,1,153,0,0,849,0,151,0,0,847,0,153,0,0,844,0,156,0,0,856,0,144,0,0,849,0,151,0,0,844,0,156,0,0,852,0,148,0,0,848,0,152,0,0,853,0,147,0,0,855,0,145,0,0,850,0,150,0,0,842,1,157,0,0,855,0,145,0,0,850,2,148,0,0,849,1,150,0,0,861,0,139,0,0,853,0,147,0,0,848,0,152,0,0,862,0,138,0,0,853,0,147,0,0,846,0,154,0,0,847,0,153,0,0,850,0,150,0,0
282,standard,0.1,851,0,149,0,0,845,0,155,0,0,856,0,144,0,0,848,0,152,0,0,855,0,145,0,0,851,0,149,0,0,847,0,153,0,0,847,1,152,0,0,863,0,137,0,0,845,0,155,0,0,854,1,145,0,0,837,0,163,0,0,852,0,148,0,0,848,0,152,0,0,858,0,142,0,0,853,0,147,0,0,844,1,155,0,0,842,0,158,0,0,850,1,149,0,0,852,0,148,0,0,844,0,156,0,0,852,0,148,0,0,835,0,165,0,0,858,0,142,0,0,851,0,149,0,0,846,0,154,0,0,846,1,153,0,0,849,0,151,0,0,847,0,153,0,0,844,0,156,0,0,856,0,144,0,0,849,0,151,0,0,844,0,156,0,0,852,0,148,0,0,848,0,152,0,0,853,0,147,0,0,855,0,145,0,0,850,0,150,0,0,842,1,157,0,0,855,0,145,0,0,850,1,149,0,0,849,1,150,0,0,861,0,139,0,0,853,0,147,0,0,848,0,152,0,0,862,0,138,0,0,853,0,147,0,0,846,0,154,0,0,847,0,153,0,0,850,0,150,0,0
283,standard,0.1,851,0,149,0,0,845,0,155,0,0,856,0,144,0,0,848,0,152,0,0,855,0,145,0,0,851,0,149,0,0,847,0,153,0,0,847,1,152,0,0,863,0,137,0,0,845,0,155,0,0,854,1,145,0,0,837,0,163,0,0,852,0,148,0,0,848,0,152,0,0,858,0,142,0,0,853,0,147,0,0,843,2,155,0,0,842,0,158,0,0,850,1,149,0,0,852,0,148,0,0,844,0,156,0,0,852,0,148,0,0,835,0,165,0,0,858,0,142,0,0,851,0,149,0,0,846,0,154,0,0,846,1,153,0,0,849,0,151,0,0,847,0,153,0,0,844,0,156,0,0,856,0,144,0,0,849,0,151,0,0,844,0,156,0,0,852,0,148,0,0,848,0,152,0,0,853,0,147,0,0,855,0,145,0,0,850,0,150,0,0,842,1,157,0,0,855,0,145,0,0,850,1,149,0,0,849,0,151,0,0,861,0,139,0,0,853,0,147,0,0,848,0,152,0,0,862,0,138,0,0,853,0,147,0,0,846,0,154,0,0,847,0,153,0,0,850,0,150,0,0
284,standard,0.1,851,0,149,0,0,845,0,155,0,0,856,0,144,0,0,848,0,152,0,0,855,0,145,0,0,851,0,149,0,0,847,0,153,0,0,847,1,152,0,0,863,0,137,0,0,845,0,155,0,0,854,1,145,0,0,837,0,163,0,0,852,0,148,0,0,848,0,152,0,0,858,0,142,0,0,853,0,147,0,0,843,2,155,0,0,842,0,158,0,0,850,1,149,0,0,852,0,148,0,0,844,0,156,0,0,852,0,148,0,0,835,0,165,0,0,858,0,142,0,0,851,0,149,0,0,846,0,154,0,0,846,0,154,0,0,849,0,151,0,0,847,0,153,0,0,844,0,156,0,0,856,0,144,0,0,849,0,151,0,0,844,0,156,0,0,852,0,148,0,0,848,0,152,0,0,853,0,147,0,0,855,0,145,0,0,850,0,150,0,0,842,1,157,0,0,855,0,145,0,0,850,1,149,0,0,849,0,151,0,0,861,0,139,0,0,853,0,147,0,0,848,0,152,0,0,861,1,138,0,0,853,0,147,0,0,846,0,154,0,0,847,0,153,0,0,850,0,150,0,0
285,standard,0.1,851,0,149,0,0,845,0,155,0,0,856,0,144,0,0,848,0,152,0,0,855,0,145,0,0,851,0,149,0,0,847,0,153,0,0,847,1,152,0,0,863,0,137,0,0,845,0,155,0,0,854,1,145,0,0,837,0,163,0,0,852,0,148,0,0,848,0,152,0,0,858,0,142,0,0,853,0,147,0,0,843,2,155,0,0,842,0,158,0,0,850,1,149,0,0,852,0,148,0,0,844,0,156,0,0,852,0,148,0,0,835,0,165,0,0,858,0,142,0,0,851,0,149,0,0,846,0,154,0,0,846,0,154,0,0,849,0,151,0,0,847,0,153,0,0,844,0,156,0,0,856,0,144,0,0,849,0,151,0,0,844,0,156,0,0,852,0,148,0,0,848,0,152,0,0,853,0,147,0,0,855,0,145,0,0,850,0,150,0,0,842,1,157,0,0,855,0,145,0,0,850,1,149,0,0,849,0,151,0,0,861,0,139,0,0,853,0,147,0,0,848,0,152,0,0,860,2,138,0,0,853,0,147,0,0,846,0,154,0,0,847,0,153,0,0,850,0,150,0,0
286,standard,0.1,851,0,149,0,0,845,0,155,0,0,856,0,144,0,0,848,0,152,0,0,855,0,145,0,0,851,0,149,0,0,847,0,153,0,0,847,1,152,0,0,863,0,137,0,0,845,0,155,0,0,854,1,145,0,0,837,0,163,0,0,852,0,148,0,0,848,0,152,0,0,858,0,142,0,0,853,0,147,0,0,843,2,155,0,0,842,0,158,0,0,850,1,149,0,0,852,0,148,0,0,844,0,156,0,0,852,0,148,0,0,835,0,165,0,0,858,0,142,0,0,851,0,149,0,0,846,0,154,0,0,846,0,154,0,0,849,0,151,0,0,847,0,153,0,0,844,0,156,0,0,856,0,144,0,0,849,0,151,0,0,844,0,156,0,0,852,0,148,0,0,848,0,152,0,0,853,0,147,0,0,855,0,145,0,0,850,0,150,0,0,842,1,157,0,0,855,0,145,0,0,850,1,149,0,0,849,0,151,0,0,861,0,139,0,0,853,0,147,0,0,848,0,152,0,0,860,2,138,0,0,853,0,147,0,0,846,0,154,0,0,847,0,153,0,0,850,0,150,0,0
287,standard,0.1,851,0,149,0,0,845,0,155,0,0,856,0,144,0,0,848,0,152,0,0,855,0,145,0,0,851,0,149,0,0,847,0,153,0,0,847,1,152,0,0,863,0,137,0,0,845,0,155,0,0,854,1,145,0,0,837,0,163,0,0,852,0,148,0,0,848,0,152,0,0,858,0,142,0,0,853,0,147,0,0,843,2,155,0,0,842,0,158,0,0,850,1,149,0,0,852,0,148,0,0,844,0,156,0,0,852,0,148,0,0,835,0,165,0,0,858,0,142,0,0,851,0,149,0,0,846,0,154,0,0,846,0,154,0,0,849,0,151,0,0,847,0,153,0,0,844,0,156,0,0,856,0,144,0,0,849,0,151,0,0,844,0,156,0,0,852,0,148,0,0,848,0,152,0,0,853,0,147,0,0,855,0,145,0,0,850,0,150,0,0,842,1,157,0,0,855,0,145,0,0,850,1,149,0,0,849,0,151,0,0,861,0,139,0,0,853,0,147,0,0,848,0,152,0,0,860,2,138,0,0,853,0,147,0,0,846,0,154,0,0,847,0,153,0,0,850,0,150,0,0
288,standard,0.1,851,0,149,0,0,845,0,155,0,0,856,0,144,0,0,848,0,152,0,0,855,0,145,0,0,851,0,149,0,0,847,0,153,0,0,847,0,153,0,0,863,0,137,0,0,845,0,155,0,0,854,1,145,0,0,837,0,163,0,0,852,0,148,0,0,848,0,152,0,0,858,0,142,0,0,853,0,147,0,0,843,2,155,0,0,842,0,158,0,0,850,1,149,0,0,852,0,148,0,0,844,0,156,0,0,852,0,148,0,0,835,0,165,0,0,858,0,142,0,0,851,0,149,0,0,846,0,154,0,0,846,0,154,0,0,849,0,151,0,0,847,0,153,0,0,844,0,156,0,0,856,0,144,0,0,849,0,151,0,0,844,0,156,0,0,852,0,148,0,0,848,0,152,0,0,853,0,147,0,0,855,0,145,0,0,850,0,150,0,0,842,1,157,0,0,855,0,145,0,0,850,1,149,0,0,849,0,151,0,0,861,0,139,0,0,853,0,147,0,0,848,0,152,0,0,860,2,138,0,0,853,0,147,0,0,846,0,154,0,0,847,0,153,0,0,850,0,150,0,0
289,standard,0.1,851,0,149,0,0,845,0,155,0,0,856,0,144,0,0,848,0,152,0,0,855,0,145,0,0,851,0,149,0,0,847,0,153,0,0,847,0,153,0,0,863,0,137,0,0,845,0,155,0,0,854,1,145,0,0,837,0,163,0,0,852,0,148,0,0,848,0,152,0,0,858,0,142,0,0,853,0,147,0,0,843,2,155,0,0,842,0,158,0,0,850,1,149,0,0,852,0,148,0,0,844,0,156,0,0,852,0,148,0,0,835,0,165,0,0,858,0,142,0,0,851,0,149,0,0,846,0,154,0,0,846,0,154,0,0,848,1,151,0,0,847,0,153,0,0,844,0,156,0,0,856,0,144,0,0,849,0,151,0,0,844,0,156,0,0,852,0,148,0,0,848,0,152,0,0,853,0,147,0,0,855,0,145,0,0,850,0,150,0,0,842,1,157,0,0,855,0,145,0,0,850,1,149,0,0,849,0,151,0,0,861,0,139,0,0,853,0,147,0,0,848,0,152,0,0,860,2,138,0,0,853,0,147,0,0,846,0,154,0,0,847,0,153,0,0,850,0,150,0,0
290,standard,0.1,851,0,149,0,0,845,0,155,0,0,856,0,144,0,0,848,0,152,0,0,855,0,145,0,0,851,0,149,0,0,847,0,153,0,0,846,1,153,0,0,863,0,137,0,0,845,0,155,0,0,854,1,145,0,0,837,0,163,0,0,852,0,148,0,0,848,0,152,0,0,858,0,142,0,0,853,0,147,0,0,843,2,155,0,0,842,0,158,0,0,850,0,150,0,0,852,0,148,0,0,844,0,156,0,0,852,0,148,0,0,835,0,165,0,0,858,0,142,0,0,851,0,149,0,0,846,0,154,0,0,846,0,154,0,0,848,1,151,0,0,847,0,153,0,0,844,0,156,0,0,856,0,144,0,0,849,0,151,0,0,844,0,156,0,0,852,0,148,0,0,848,0,152,0,0,853,0,147,0,0,855,0,145,0,0,850,0,150,0,0,842,1,157,0,0,855,0,145,0,0,850,1,149,0,0,849,0,151,0,0,861,0,139,0,0,853,0,147,0,0,848,0,152,0,0,860,2,138,0,0,853,0,147,0,0,846,0,154,0,0,847,0,153,0,0,850,0,150,0,0
291,standard,0.1,851,0,149,0,0,845,0,155,0,0,856,0,144,0,0,848,0,152,0,0,855,0,145,0,0,851,0,149,0,0,847,0,153,0,0,846,1,153,0,0,863,0,137,0,0,845,0,155,0,0,854,1,145,0,0,837,0,163,0,0,852,0,148,0,0,847,1,152,0,0,858,0,142,0,0,853,0,147,0,0,843,1,156,0,0,842,0,158,0,0,850,0,150,0,0,852,0,148,0,0,844,0,156,0,0,852,0,148,0,0,835,0,165,0,0,858,0,142,0,0,851,0,149,0,0,846,0,154,0,0,846,0,154,0,0,848,1,151,0,0,847,0,153,0,0,844,0,156,0,0,856,0,144,0,0,849,0,151,0,0,844,0,156,0,0,852,0,148,0,0,848,0,152,0,0,853,0,147,0,0,855,0,145,0,0,850,0,150,0,0,842,1,157,0,0,855,0,145,0,0,850,1,149,0,0,849,0,151,0,0,861,0,139,0,0,853,0,147,0,0,848,0,152,0,0,860,2,138,0,0,853,0,147,0,0,846,0,154,0,0,847,0,153,0,0,850,0,150,0,0
292,standard,0.1,851,0,149,0,0,845,0,155,0,0,856,0,144,0,0,848,0,152,0,0,855,0,145,0,0,851,0,149,0,0,847,0,153,0,0,846,1,153,0,0,863,0,137,0,0,845,0,155,0,0,854,1,145,0,0,837,0,163,0,0,852,0,148,0,0,847,1,152,0,0,858,0,142,0,0,853,0,147,0,0,843,1,156,0,0,842,0,158,0,0,850,0,150,0,0,852,0,148,0,0,844,0,156,0,0,852,0,148,0,0,835,0,165,0,0,858,0,142,0,0,851,0,149,0,0,846,0,154,0,0,846,0,154,0,0,848,1,151,0,0,847,0,153,0,0,844,0,156,0,0,856,0,144,0,0,849,0,151,0,0,844,0,156,0,0,852,0,148,0,0,848,0,152,0,0,853,0,147,0,0,855,0,145,0,0,850,0,150,0,0,842,1,157,0,0,854,1,145,0,0,850,0,150,0,0,849,0,151,0,0,861,0,139,0,0,853,0,147,0,0,848,0,152,0,0,860,2,138,0,0,853,0,147,0,0,846,0,154,0,0,847,0,153,0,0,850,0,150,0,0
293,standard,0.1,851,0,149,0,0,845,0,155,0,0,856,0,144,0,0,848,0,152,0,0,855,0,145,0,0,851,0,149,0,0,847,0,153,0,0,846,1,153,0,0,863,0,137,0,0,845,0,155,0,0,854,1,145,0,0,837,0,163,0,0,852,0,148,0,0,847,1,152,0,0,858,0,142,0,0,853,0,147,0,0,843,1,156,0,0,842,0,158,0,0,850,0,150,0,0,852,0,148,0,0,844,0,156,0,0,852,0,148,0,0,835,0,165,0,0,858,0,142,0,0,851,0,149,0,0,846,0,154,0,0,846,0,154,0,0,848,1,151,0,0,847,0,153,0,0,844,0,156,0,0,856,0,144,0,0,849,0,151,0,0,844,0,156,0,0,852,0,148,0,0,848,0,152,0,0,853,0,147,0,0,855,0,145,0,0,850,0,150,0,0,842,1,157,0,0,854,1,145,0,0,850,0,150,0,0,849,0,151,0,0,861,0,139,0,0,853,0,147,0,0,848,0,152,0,0,860,2,138,0,0,853,0,147,0,0,846,0,154,0,0,847,0,153,0,0,850,0,150,0,0
294,standard,0.1,851,0,149,0,0,845,0,155,0,0,856,0,144,0,0,848,0,152,0,0,855,0,145,0,0,851,0,149,0,0,847,0,153,0,0,846,1,153,0,0,862,1,137,0,0,845,0,155,0,0,854,1,145,0,0,837,0,163,0,0,852,0,148,0,0,847,1,152,0,0,858,0,142,0,0,853,0,147,0,0,843,1,156,0,0,842,0,158,0,0,850,0,150,0,0,852,0,148,0,0,844,0,156,0,0,852,0,148,0,0,835,0,165,0,0,858,0,142,0,0,851,0,149,0,0,846,0,154,0,0,846,0,154,0,0,848,1,151,0,0,847,0,153,0,0,844,0,156,0,0,856,0,144,0,0,849,0,151,0,0,844,0,156,0,0,852,0,148,0,0,848,0,152,0,0,853,0,147,0,0,855,0,145,0,0,850,0,150,0,0,842,0,158,0,0,854,1,145,0,0,850,0,150,0,0,849,0,151,0,0,861,0,139,0,0,853,0,147,0,0,848,0,152,0,0,860,2,138,0,0,853,0,147,0,0,846,0,154,0,0,847,0,153,0,0,850,0,150,0,0
295,standard,0.1,851,0,149,0,0,845,0,155,0,0,856,0,144,0,0,848,0,152,0,0,855,0,145,0,0,851,0,149,0,0,847,0,153,0,0,846,1,153,0,0,862,1,137,0,0,845,0,155,0,0,854,0,146,0,0,837,0,163,0,0,852,0,148,0,0,847,1,152,0,0,858,0,142,0,0,853,0,147,0,0,843,1,156,0,0,842,0,158,0,0,850,0,150,0,0,852,0,148,0,0,844,0,156,0,0,852,0,148,0,0,835,0,165,0,0,858,0,142,0,0,851,0,149,0,0,846,0,154,0,0,846,0,154,0,0,848,1,151,0,0,847,0,153,0,0,844,0,156,0,0,856,0,144,0,0,849,0,151,0,0,844,0,156,0,0,852,0,148,0,0,848,0,152,0,0,853,0,147,0,0,855,0,145,0,0,850,0,150,0,0,842,0,158,0,0,854,1,145,0,0,850,0,150,0,0,849,0,151,0,0,861,0,139,0,0,853,0,147,0,0,848,0,152,0,0,860,2,138,0,0,853,0,147,0,0,846,0,154,0,0,847,0,153,0,0,850,0,150,0,0
296,standard,0.1,851,0,149,0,0,845,0,155,0,0,856,0,144,0,0,848,0,152,0,0,855,0,145,0,0,851,0,149,0,0,847,0,153,0,0,846,1,153,0,0,862,1,137,0,0,845,0,155,0,0,854,0,146,0,0,836,1,163,0,0,852,0,148,0,0,847,1,152,0,0,858,0,142,0,0,853,0,147,0,0,843,0,157,0,0,842,0,158,0,0,850,0,150,0,0,852,0,148,0,0,844,0,156,0,0,852,0,148,0,0,835,0,165,0,0,858,0,142,0,0,851,0,149,0,0,846,0,154,0,0,846,0,154,0,0,848,1,151,0,0,847,0,153,0,0,844,0,156,0,0,856,0,144,0,0,849,0,151,0,0,844,0,156,0,0,852,0,148,0,0,848,0,152,0,0,853,0,147,0,0,855,0,145,0,0,850,0,150,0,0,842,0,158,0,0,854,1,145,0,0,850,0,150,0,0,849,0,151,0,0,861,0,139,0,0,853,0,147,0,0,848,0,152,0,0,860,2,138,0,0,853,0,147,0,0,846,0,154,0,0,847,0,153,0,0,850,0,150,0,0
297,standard,0.1,851,0,149,0,0,845,0,155,0,0,856,0,144,0,0,848,0,152,0,0,855,0,145,0,0,851,0,149,0,0,847,0,153,0,0,846,1,153,0,0,862,1,137,0,0,845,0,155,0,0,854,0,146,0,0,836,1,163,0,0,852,0,148,0,0,847,1,152,0,0,858,0,142,0,0,853,0,147,0,0,843,0,157,0,0,842,0,158,0,0,850,0,150,0,0,852,0,148,0,0,844,0,156,0,0,852,0,148,0,0,835,0,165,0,0,858,0,142,0,0,851,0,149,0,0,846,0,154,0,0,846,0,154,0,0,848,1,151,0,0,847,0,153,0,0,844,0,156,0,0,856,0,144,0,0,849,0,151,0,0,844,0,156,0,0,852,0,148,0,0,848,0,152,0,0,853,0,147,0,0,855,0,145,0,0,850,0,150,0,0,842,0,158,0,0,854,1,145,0,0,850,0,150,0,0,849,0,151,0,0,861,0,139,0,0,853,0,147,0,0,848,0,152,0,0,860,1,139,0,0,853,0,147,0,0,846,0,154,0,0,847,0,153,0,0,850,0,150,0,0
298,standard,0.1,851,0,149,0,0,845,0,155,0,0,856,0,144,0,0,848,0,152,0,0,855,0,145,0,0,851,0,149,0,0,847,0,153,0,0,846,1,153,0,0,862,1,137,0,0,845,0,155,0,0,854,0,146,0,0,836,1,163,0,0,852,0,148,0,0,847,1,152,0,0,858,0,142,0,0,853,0,147,0,0,843,0,157,0,0,842,0,158,0,0,850,0,150,0,0,852,0,148,0,0,844,0,156,0,0,852,0,148,0,0,835,0,165,0,0,858,0,142,0,0,851,0,149,0,0,846,0,154,0,0,846,0,154,0,0,848,1,151,0,0,847,0,153,0,0,844,0,156,0,0,856,0,144,0,0,849,0,151,0,0,844,0,156,0,0,852,0,148,0,0,848,0,152,0,0,853,0,147,0,0,855,0,145,0,0,850,0,150,0,0,842,0,158,0,0,854,1,145,0,0,850,0,150,0,0,849,0,151,0,0,861,0,139,0,0,853,0,147,0,0,848,0,152,0,0,860,0,140,0,0,853,0,147,0,0,846,0,154,0,0,847,0,153,0,0,850,0,150,0,0
299,standard,0.1,851,0,149,0,0,845,0,155,0,0,856,0,144,0,0,848,0,152,0,0,855,0,145,0,0,851,0,149,0,0,847,0,153,0,0,846,1,153,0,0,862,1,137,0,0,845,0,155,0,0,854,0,146,0,0,836,1,163,0,0,852,0,148,0,0,847,1,152,0,0,858,0,142,0,0,853,0,147,0,0,843,0,157,0,0,842,0,158,0,0,850,0,150,0,0,852,0,148,0,0,844,0,156,0,0,852,0,148,0,0,835,0,165,0,0,858,0,142,0,0,851,0,149,0,0,846,0,154,0,0,846,0,154,0,0,848,1,151,0,0,847,0,153,0,0,844,0,156,0,0,856,0,144,0,0,849,0,151,0,0,844,0,156,0,0,852,0,148,0,0,848,0,152,0,0,853,0,147,0,0,855,0,145,0,0,850,0,150,0,0,842,0,158,0,0,854,1,145,0,0,850,0,150,0,0,849,0,151,0,0,861,0,139,0,0,853,0,147,0,0,848,0,152,0,0,860,0,140,0,0,853,0,147,0,0,846,0,154,0,0,847,0,153,0,0,850,0,150,0,0
300,standard,0.1,851,0,149,0,0,845,0,155,0,0,856,0,144,0,0,848,0,152,0,0,855,0,145,0,0,851,0,149,0,0,847,0,153,0,0,846,1,153,0,0,862,1,137,0,0,845,0,155,0,0,854,0,146,0,0,836,1,163,0,0,852,0,148,0,0,847,1,152,0,0,858,0,142,0,0,853,0,147,0,0,843,0,157,0,0,842,0,158,0,0,850,0,150,0,0,852,0,148,0,0,844,0,156,0,0,852,0,148,0,0,835,0,165,0,0,858,0,142,0,0,851,0,149,0,0,846,0,154,0,0,846,0,154,0,0,848,1,151,0,0,847,0,153,0,0,843,1,156,0,0,856,0,144,0,0,849,0,151,0,0,844,0,156,0,0,852,0,148,0,0,848,0,152,0,0,853,0,147,0,0,855,0,145,0,0,850,0,150,0,0,842,0,158,0,0,854,1,145,0,0,850,0,150,0,0,849,0,151,0,0,861,0,139,0,0,853,0,147,0,0,848,0,152,0,0,860,0,140,0,0,853,0,147,0,0,846,0,154,0,0,847,0,153,0,0,850,0,150,0,0
301,standard,0.1,851,0,149,0,0,845,0,155,0,0,856,0,144,0,0,848,0,152,0,0,855,0,145,0,0,851,0,149,0,0,847,0,153,0,0,846,1,153,0,0,862,1,137,0,0,845,0,155,0,0,854,0,146,0,0,836,1,163,0,0,852,0,148,0,0,847,1,152,0,0,858,0,142,0,0,853,0,147,0,0,843,0,157,0,0,842,0,158,0,0,850,0,150,0,0,852,0,148,0,0,844,0,156,0,0,852,0,148,0,0,835,0,165,0,0,858,0,142,0,0,851,0,149,0,0,846,0,154,0,0,846,0,154,0,0,848,1,151,0,0,847,0,153,0,0,843,1,156,0,0,856,0,144,0,0,849,0,151,0,0,844,0,156,0,0,852,0,148,0,0,848,0,152,0,0,853,0,147,0,0,855,0,145,0,0,850,0,150,0,0,842,0,158,0,0,854,1,145,0,0,850,0,150,0,0,849,0,151,0,0,861,0,139,0,0,853,0,147,0,0,848,0,152,0,0,860,0,140,0,0,853,0,147,0,0,846,0,154,0,0,847,0,153,0,0,850,0,150,0,0
302,standard,0.1,851,0,149,0,0,845,0,155,0,0,856,0,144,0,0,848,0,152,0,0,855,0,145,0,0,851,0,149,0,0,847,0,153,0,0,846,1,153,0,0,862,1,137,0,0,845,0,155,0,0,854,0,146,0,0,836,1,163,0,0,852,0,148,0,0,847,1,152,0,0,858,0,142,0,0,853,0,147,0,0,843,0,157,0,0,842,0,158,0,0,850,0,150,0,0,852,0,148,0,0,844,0,156,0,0,852,0,148,0,0,835,0,165,0,0,858,0,142,0,0,851,0,149,0,0,846,0,154,0,0,846,0,154,0,0,848,0,152,0,0,847,0,153,0,0,843,1,156,0,0,856,0,144,0,0,848,1,151,0,0,844,0,156,0,0,852,0,148,0,0,848,0,152,0,0,853,0,147,0,0,855,0,145,0,0,850,0,150,0,0,842,0,158,0,0,854,1,145,0,0,850,0,150,0,0,849,0,151,0,0,861,0,139,0,0,853,0,147,0,0,848,0,152,0,0,860,0,140,0,0,853,0,147,0,0,846,0,154,0,0,847,0,153,0,0,850,0,150,0,0
303,standard,0.1,851,0,149,0,0,845,0,155,0,0,856,0,144,0,0,848,0,152,0,0,855,0,145,0,0,851,0,149,0,0,846,1,153,0,0,846,0,154,0,0,861,2,137,0,0,845,0,155,0,0,854,0,146,0,0,836,1,163,0,0,852,0,148,0,0,847,1,152,0,0,858,0,142,0,0,853,0,147,0,0,843,0,157,0,0,842,0,158,0,0,850,0,150,0,0,852,0,148,0,0,844,0,156,0,0,852,0,148,0,0,835,0,165,0,0,858,0,142,0,0,851,0,149,0,0,846,0,154,0,0,846,0,154,0,0,848,0,152,0,0,847,0,153,0,0,843,1,156,0,0,856,0,144,0,0,847,2,151,0,0,844,0,156,0,0,852,0,148,0,0,848,0,152,0,0,853,0,147,0,0,855,0,145,0,0,850,0,150,0,0,842,0,158,0,0,854,1,145,0,0,850,0,150,0,0,849,0,151,0,0,860,1,139,0,0,853,0,147,0,0,848,0,152,0,0,860,0,140,0,0,853,0,147,0,0,846,0,154,0,0,847,0,153,0,0,850,0,150,0,0
304,standard,0.1,851,0,149,0,0,845,0,155,0,0,856,0,144,0,0,848,0,152,0,0,855,0,145,0,0,851,0,149,0,0,846,1,153,0,0,846,0,154,0,0,861,2,137,0,0,845,0,155,0,0,854,0,146,0,0,836,1,163,0,0,852,0,148,0,0,847,0,153,0,0,858,0,142,0,0,853,0,147,0,0,843,0,157,0,0,842,0,158,0,0,850,0,150,0,0,852,0,148,0,0,844,0,156,0,0,852,0,148,0,0,835,0,165,0,0,858,0,142,0,0,851,0,149,0,0,846,0,154,0,0,846,0,154,0,0,848,0,152,0,0,847,0,153,0,0,843,1,156,0,0,856,0,144,0,0,847,2,151,0,0,844,0,156,0,0,852,0,148,0,0,848,0,152,0,0,853,0,147,0,0,855,0,145,0,0,850,0,150,0,0,842,0,158,0,0,854,1,145,0,0,850,0,150,0,0,849,0,151,0,0,860,1,139,0,0,853,0,147,0,0,848,0,152,0,0,860,0,140,0,0,853,0,147,0,0,846,0,154,0,0,847,0,153,0,0,850,0,150,0,0
305,standard,0.1,851,0,149,0,0,845,0,155,0,0,856,0,144,0,0,848,0,152,0,0,855,0,145,0,0,851,0,149,0,0,845,2,153,0,0,846,0,154,0,0,861,2,137,0,0,845,0,155,0,0,854,0,146,0,0,836,1,163,0,0,852,0,148,0,0,847,0,153,0,0,858,0,142,0,0,853,0,147,0,0,843,0,157,0,0,842,0,158,0,0,850,0,150,0,0,852,0,148,0,0,844,0,156,0,0,852,0,148,0,0,835,0,165,0,0,858,0,142,0,0,851,0,149,0,0,846,0,154,0,0,846,0,154,0,0,847,1,152,0,0,847,0,153,0,0,843,1,156,0,0,856,0,144,0,0,847,2,151,0,0,844,0,156,0,0,852,0,148,0,0,848,0,152,0,0,853,0,147,0,0,855,0,145,0,0,850,0,150,0,0,842,0,158,0,0,854,0,146,0,0,850,0,150,0,0,849,0,151,0,0,860,1,139,0,0,853,0,147,0,0,848,0,152,0,0,860,0,140,0,0,853,0,147,0,0,846,0,154,0,0,847,0,153,0,0,850,0,150,0,0
306,standard,0.1,851,0,149,0,0,845,0,155,0,0,856,0,144,0,0,848,0,152,0,0,855,0,145,0,0,851,0,149,0,0,845,2,153,0,0,846,0,154,0,0,861,2,137,0,0,845,0,155,0,0,854,0,146,0,0,836,1,163,0,0,852,0,148,0,0,847,0,153,0,0,858,0,142,0,0,853,0,147,0,0,843,0,157,0,0,842,0,158,0,0,850,0,150,0,0,852,0,148,0,0,844,0,156,0,0,852,0,148,0,0,835,0,165,0,0,858,0,142,0,0,851,0,149,0,0,846,0,154,0,0,846,0,154,0,0,847,1,152,0,0,847,0,153,0,0,843,1,156,0,0,856,0,144,0,0,847,2,151,0,0,844,0,156,0,0,852,0,148,0,0,848,0,152,0,0,853,0,147,0,0,855,0,145,0,0,850,0,150,0,0,842,0,158,0,0,854,0,146,0,0,850,0,150,0,0,849,0,151,0,0,860,1,139,0,0,853,0,147,0,0,848,0,152,0,0,860,0,140,0,0,853,0,147,0,0,846,0,154,0,0,847,0,153,0,0,850,0,150,0,0
307,standard,0.1,851,0,149,0,0,845,0,155,0,0,856,0,144,0,0,848,0,152,0,0,855,0,145,0,0,851,0,149,0,0,845,2,153,0,0,846,0,154,0,0,861,1,138,0,0,845,0,155,0,0,854,0,146,0,0,836,1,163,0,0,852,0,148,0,0,847,0,153,0,0,858,0,142,0,0,853,0,147,0,0,843,0,157,0,0,842,0,158,0,0,850,0,150,0,0,852,0,148,0,0,844,0,156,0,0,852,0,148,0,0,835,0,165,0,0,858,0,142,0,0,851,0,149,0,0,846,0,154,0,0,846,0,154,0,0,847,1,152,0,0,847,0,153,0,0,843,1,156,0,0,856,0,144,0,0,847,2,151,0,0,844,0,156,0,0,852,0,148,0,0,848,0,152,0,0,853,0,147,0,0,855,0,145,0,0,850,0,150,0,0,842,0,158,0,0,854,0,146,0,0,850,0,150,0,0,849,0,151,0,0,860,1,139,0,0,853,0,147,0,0,848,0,152,0,0,860,0,140,0,0,853,0,147,0,0,846,0,154,0,0,847,0,153,0,0,850,0,150,0,0
308,standard,0.1,851,0,149,0,0,845,0,155,0,0,856,0,144,0,0,848,0,152,0,0,855,0,145,0,0,851,0,149,0,0,845,2,153,0,0,846,0,154,0,0,861,1,138,0,0,845,0,155,0,0,854,0,146,0,0,836,1,163,0,0,852,0,148,0,0,847,0,153,0,0,858,0,142,0,0,853,0,147,0,0,843,0,157,0,0,842,0,158,0,0,850,0,150,0,0,852,0,148,0,0,844,0,156,0,0,852,0,148,0,0,835,0,165,0,0,858,0,142,0,0,851,0,149,0,0,846,0,154,0,0,846,0,154,0,0,847,1,152,0,0,847,0,153,0,0,843,1,156,0,0,856,0,144,0,0,847,2,151,0,0,844,0,156,0,0,852,0,148,0,0,848,0,152,0,0,853,0,147,0,0,855,0,145,0,0,850,0,150,0,0,842,0,158,0,0,854,0,146,0,0,850,0,150,0,0,849,0,151,0,0,860,1,139,0,0,853,0,147,0,0,848,0,152,0,0,860,0,140,0,0,853,0,147,0,0,846,0,154,0,0,847,0,153,0,0,850,0,150,0,0
309,standard,0.1,851,0,149,0,0,845,0,155,0,0,856,0,144,0,0,848,0,152,0,0,855,0,145,0,0,851,0,149,0,0,845,2,153,0,0,846,0,154,0,0,861,1,138,0,0,845,0,155,0,0,854,0,146,0,0,836,0,164,0,0,852,0,148,0,0,847,0,153,0,0,858,0,142,0,0,853,0,147,0,0,843,0,157,0,0,842,0,158,0,0,850,0,150,0,0,852,0,148,0,0,844,0,156,0,0,852,0,148,0,0,835,0,165,0,0,858,0,142,0,0,851,0,149,0,0,846,0,154,0,0,846,0,154,0,0,847,1,152,0,0,847,0,153,0,0,843,1,156,0,0,856,0,144,0,0,847,2,151,0,0,844,0,156,0,0,852,0,148,0,0,848,0,152,0,0,853,0,147,0,0,855,0,145,0,0,850,0,150,0,0,842,0,158,0,0,854,0,146,0,0,850,0,150,0,0,849,0,151,0,0,860,1,139,0,0,853,0,147,0,0,848,0,152,0,0,860,0,140,0,0,853,0,147,0,0,846,0,154,0,0,847,0,153,0,0,850,0,150,0,0
310,standard,0.1,851,0,149,0,0,845,0,155,0,0,856,0,144,0,0,848,0,152,0,0,855,0,145,0,0,851,0,149,0,0,845,2,153,0,0,846,0,154,0,0,861,1,138,0,0,845,0,155,0,0,854,0,146,0,0,836,0,164,0,0,852,0,148,0,0,847,0,153,0,0,858,0,142,0,0,853,0,147,0,0,843,0,157,0,0,842,0,158,0,0,850,0,150,0,0,852,0,148,0,0,844,0,156,0,0,852,0,148,0,0,835,0,165,0,0,858,0,142,0,0,851,0,149,0,0,846,0,154,0,0,846,0,154,0,0,847,1,152,0,0,847,0,153,0,0,843,1,156,0,0,856,0,144,0,0,847,2,151,0,0,844,0,156,0,0,852,0,148,0,0,848,0,152,0,0,853,0,147,0,0,855,0,145,0,0,850,0,150,0,0,841,1,158,0,0,854,0,146,0,0,850,0,150,0,0,849,0,151,0,0,860,1,139,0,0,853,0,147,0,0,848,0,152,0,0,860,0,140,0,0,853,0,147,0,0,846,0,154,0,0,847,0,153,0,0,850,0,150,0,0
311,standard,0.1,851,0,149,0,0,845,0,155,0,0,856,0,144,0,0,848,0,152,0,0,855,0,145,0,0,851,0,149,0,0,845,2,153,0,0,846,0,154,0,0,861,1,138,0,0,845,0,155,0,0,854,0,146,0,0,836,0,164,0,0,852,0,148,0,0,847,0,153,0,0,858,0,142,0,0,853,0,147,0,0,843,0,157,0,0,842,0,158,0,0,850,0,150,0,0,852,0,148,0,0,844,0,156,0,0,852,0,148,0,0,835,0,165,0,0,858,0,142,0,0,851,0,149,0,0,846,0,154,0,0,846,0,154,0,0,847,1,152,0,0,847,0,153,0,0,843,1,156,0,0,856,0,144,0,0,847,2,151,0,0,844,0,156,0,0,852,0,148,0,0,848,0,152,0,0,853,0,147,0,0,855,0,145,0,0,850,0,150,0,0,841,1,158,0,0,854,0,146,0,0,850,0,150,0,0,849,0,151,0,0,860,1,139,0,0,853,0,147,0,0,848,0,152,0,0,860,0,140,0,0,853,0,147,0,0,846,0,154,0,0,847,0,153,0,0,850,0,150,0,0
312,standard,0.1,851,0,149,0,0,845,0,155,0,0,856,0,144,0,0,848,0,152,0,0,855,0,145,0,0,851,0,149,0,0,845,2,153,0,0,846,0,154,0,0,861,1,138,0,0,845,0,155,0,0,854,0,146,0,0,836,0,164,0,0,852,0,148,0,0,847,0,153,0,0,858,0,142,0,0,853,0,147,0,0,843,0,157,0,0,842,0,158,0,0,850,0,150,0,0,852,0,148,0,0,844,0,156,0,0,852,0,148,0,0,835,0,165,0,0,858,0,142,0,0,851,0,149,0,0,846,0,154,0,0,846,0,154,0,0,847,1,152,0,0,847,0,153,0,0,843,1,156,0,0,856,0,144,0,0,847,2,151,0,0,844,0,156,0,0,852,0,148,0,0,848,0,152,0,0,852,1,147,0,0,855,0,145,0,0,850,0,150,0,0,841,1,158,0,0,854,0,146,0,0,850,0,150,0,0,849,0,151,0,0,860,1,139,0,0,853,0,147,0,0,848,0,152,0,0,860,0,140,0,0,853,0,147,0,0,846,0,154,0,0,847,0,153,0,0,850,0,150,0,0
313,standard,0.1,851,0,149,0,0,845,0,155,0,0,856,0,144,0,0,848,0,152,0,0,855,0,145,0,0,851,0,149,0,0,845,2,153,0,0,846,0,154,0,0,861,1,138,0,0,845,0,155,0,0,854,0,146,0,0,836,0,164,0,0,852,0,148,0,0,847,0,153,0,0,858,0,142,0,0,853,0,147,0,0,843,0,157,0,0,842,0,158,0,0,850,0,150,0,0,852,0,148,0,0,844,0,156,0,0,852,0,148,0,0,835,0,165,0,0,858,0,142,0,0,851,0,149,0,0,846,0,154,0,0,846,0,154,0,0,847,1,152,0,0,847,0,153,0,0,843,0,157,0,0,856,0,144,0,0,847,2,151,0,0,844,0,156,0,0,852,0,148,0,0,848,0,152,0,0,852,1,147,0,0,855,0,145,0,0,850,0,150,0,0,841,1,158,0,0,854,0,146,0,0,850,0,150,0,0,849,0,151,0,0,860,1,139,0,0,853,0,147,0,0,848,0,152,0,0,859,1,140,0,0,853,0,147,0,0,846,0,154,0,0,847,0,153,0,0,850,0,150,0,0
314,standard,0.1,851,0,149,0,0,845,0,155,0,0,856,0,144,0,0,848,0,152,0,0,855,0,145,0,0,851,0,149,0,0,845,2,153,0,0,846,0,154,0,0,861,1,138,0,0,845,0,155,0,0,854,0,146,0,0,836,0,164,0,0,852,0,148,0,0,847,0,153,0,0,858,0,142,0,0,853,0,147,0,0,843,0,157,0,0,842,0,158,0,0,850,0,150,0,0,852,0,148,0,0,844,0,156,0,0,852,0,148,0,0,835,0,165,0,0,858,0,142,0,0,851,0,149,0,0,846,0,154,0,0,846,0,154,0,0,847,1,152,0,0,847,0,153,0,0,843,0,157,0,0,856,0,144,0,0,847,2,151,0,0,844,0,156,0,0,852,0,148,0,0,848,0,152,0,0,852,1,147,0,0,855,0,145,0,0,850,0,150,0,0,841,1,158,0,0,854,0,146,0,0,850,0,150,0,0,849,0,151,0,0,860,1,139,0,0,853,0,147,0,0,848,0,152,0,0,859,1,140,0,0,853,0,147,0,0,846,0,154,0,0,847,0,153,0,0,850,0,150,0,0
315,standard,0.1,851,0,149,0,0,845,0,155,0,0,856,0,144,0,0,848,0,152,0,0,855,0,145,0,0,851,0,149,0,0,845,2,153,0,0,846,0,154,0,0,861,1,138,0,0,845,0,155,0,0,854,0,146,0,0,836,0,164,0,0,852,0,148,0,0,847,0,153,0,0,858,0,142,0,0,853,0,147,0,0,843,0,157,0,0,842,0,158,0,0,850,0,150,0,0,852,0,148,0,0,844,0,156,0,0,852,0,148,0,0,835,0,165,0,0,858,0,142,0,0,851,0,149,0,0,846,0,154,0,0,846,0,154,0,0,847,1,152,0,0,847,0,153,0,0,843,0,157,0,0,856,0,144,0,0,847,1,152,0,0,844,0,156,0,0,852,0,148,0,0,848,0,152,0,0,852,1,147,0,0,855,0,145,0,0,850,0,150,0,0,841,1,158,0,0,854,0,146,0,0,850,0,150,0,0,849,0,151,0,0,860,1,139,0,0,853,0,147,0,0,848,0,152,0,0,859,1,140,0,0,853,0,147,0,0,846,0,154,0,0,847,0,153,0,0,850,0,150,0,0
316,standard,0.1,851,0,149,0,0,845,0,155,0,0,856,0,144,0,0,848,0,152,0,0,855,0,145,0,0,851,0,149,0,0,845,1,154,0,0,846,0,154,0,0,861,0,139,0,0,845,0,155,0,0,854,0,146,0,0,836,0,164,0,0,852,0,148,0,0,847,0,153,0,0,858,0,142,0,0,853,0,147,0,0,843,0,157,0,0,842,0,158,0,0,850,0,150,0,0,852,0,148,0,0,844,0,156,0,0,852,0,148,0,0,835,0,165,0,0,858,0,142,0,0,851,0,149,0,0,846,0,154,0,0,846,0,154,0,0,847,1,152,0,0,847,0,153,0,0,843,0,157,0,0,856,0,144,0,0,847,0,153,0,0,844,0,156,0,0,852,0,148,0,0,848,0,152,0,0,852,1,147,0,0,855,0,145,0,0,850,0,150,0,0,841,1,158,0,0,854,0,146,0,0,850,0,150,0,0,849,0,151,0,0,860,0,140,0,0,853,0,147,0,0,848,0,152,0,0,859,1,140,0,0,853,0,147,0,0,846,0,154,0,0,847,0,153,0,0,850,0,150,0,0
317,standard,0.1,851,0,149,0,0,845,0,155,0,0,856,0,144,0,0,848,0,152,0,0,855,0,145,0,0,851,0,149,0,0,845,1,154,0,0,846,0,154,0,0,861,0,139,0,0,845,0,155,0,0,854,0,146,0,0,836,0,164,0,0,852,0,148,0,0,847,0,153,0,0,858,0,142,0,0,853,0,147,0,0,843,0,157,0,0,842,0,158,0,0,850,0,150,0,0,852,0,148,0,0,844,0,156,0,0,852,0,148,0,0,835,0,165,0,0,858,0,142,0,0,851,0,149,0,0,846,0,154,0,0,846,0,154,0,0,847,1,152,0,0,847,0,153,0,0,843,0,157,0,0,856,0,144,0,0,847,0,153,0,0,844,0,156,0,0,852,0,148,0,0,848,0,152,0,0,852,1,147,0,0,855,0,145,0,0,850,0,150,0,0,841,1,158,0,0,854,0,146,0,0,850,0,150,0,0,849,0,151,0,0,860,0,140,0,0,853,0,147,0,0,848,0,152,0,0,859,1,140,0,0,853,0,147,0,0,846,0,154,0,0,847,0,153,0,0,850,0,150,0,0
318,standard,0.1,851,0,149,0,0,845,0,155,0,0,856,0,144,0,0,848,0,152,0,0,855,0,145,0,0,851,0,149,0,0,845,0,155,0,0,846,0,154,0,0,861,0,139,0,0,844,1,155,0,0,854,0,146,0,0,836,0,164,0,0,852,0,148,0,0,847,0,153,0,0,858,0,142,0,0,853,0,147,0,0,843,0,157,0,0,842,0,158,0,0,850,0,150,0,0,852,0,148,0,0,844,0,156,0,0,852,0,148,0,0,835,0,165,0,0,858,0,142,0,0,851,0,149,0,0,846,0,154,0,0,846,0,154,0,0,847,0,153,0,0,847,0,153,0,0,843,0,157,0,0,856,0,144,0,0,847,0,153,0,0,844,0,156,0,0,852,0,148,0,0,848,0,152,0,0,852,1,147,0,0,855,0,145,0,0,850,0,150,0,0,841,1,158,0,0,854,0,146,0,0,850,0,150,0,0,849,0,151,0,0,860,0,140,0,0,853,0,147,0,0,848,0,152,0,0,859,1,140,0,0,853,0,147,0,0,846,0,154,0,0,847,0,153,0,0,850,0,150,0,0
319,standard,0.1,851,0,149,0,0,845,0,155,0,0,856,0,144,0,0,848,0,152,0,0,855,0,145,0,0,851,0,149,0,0,845,0,155,0,0,846,0,154,0,0,861,0,139,0,0,844,1,155,0,0,854,0,146,0,0,836,0,164,0,0,852,0,148,0,0,847,0,153,0,0,858,0,142,0,0,853,0,147,0,0,843,0,157,0,0,842,0,158,0,0,850,0,150,0,0,852,0,148,0,0,844,0,156,0,0,852,0,148,0,0,835,0,165,0,0,858,0,142,0,0,851,0,149,0,0,846,0,154,0,0,846,0,154,0,0,846,1,153,0,0,847,0,153,0,0,843,0,157,0,0,856,0,144,0,0,847,0,153,0,0,844,0,156,0,0,852,0,148,0,0,848,0,152,0,0,852,1,147,0,0,855,0,145,0,0,850,0,150,0,0,841,1,158,0,0,854,0,146,0,0,850,0,150,0,0,849,0,151,0,0,860,0,140,0,0,853,0,147,0,0,848,0,152,0,0,859,1,140,0,0,853,0,147,0,0,846,0,154,0,0,847,0,153,0,0,850,0,150,0,0
320,standard,0.1,851,0,149,0,0,845,0,155,0,0,856,0,144,0,0,848,0,152,0,0,855,0,145,0,0,851,0,149,0,0,845,0,155,0,0,846,0,154,0,0,861,0,139,0,0,844,1,155,0,0,854,0,146,0,0,836,0,164,0,0,852,0,148,0,0,847,0,153,0,0,858,0,142,0,0,853,0,147,0,0,843,0,157,0,0,842,0,158,0,0,850,0,150,0,0,852,0,148,0,0,844,0,156,0,0,852,0,148,0,0,835,0,165,0,0,858,0,142,0,0,851,0,149,0,0,846,0,154,0,0,846,0,154,0,0,846,1,153,0,0,847,0,153,0,0,843,0,157,0,0,856,0,144,0,0,847,0,153,0,0,844,0,156,0,0,852,0,148,0,0,848,0,152,0,0,852,1,147,0,0,855,0,145,0,0,850,0,150,0,0,841,1,158,0,0,854,0,146,0,0,850,0,150,0,0,849,0,151,0,0,860,0,140,0,0,853,0,147,0,0,848,0,152,0,0,859,1,140,0,0,853,0,147,0,0,846,0,154,0,0,847,0,153,0,0,850,0,150,0,0
321,standard,0.1,851,0,149,0,0,845,0,155,0,0,856,0,144,0,0,848,0,152,0,0,855,0,145,0,0,851,0,149,0,0,845,0,155,0,0,846,0,154,0,0,861,0,139,0,0,844,1,155,0,0,854,0,146,0,0,836,0,164,0,0,852,0,148,0,0,847,0,153,0,0,858,0,142,0,0,853,0,147,0,0,843,0,157,0,0,842,0,158,0,0,850,0,150,0,0,852,0,148,0,0,844,0,156,0,0,852,0,148,0,0,835,0,165,0,0,858,0,142,0,0,851,0,149,0,0,846,0,154,0,0,846,0,154,0,0,846,1,153,0,0,847,0,153,0,0,843,0,157,0,0,855,1,144,0,0,847,0,153,0,0,844,0,156,0,0,852,0,148,0,0,848,0,152,0,0,852,1,147,0,0,855,0,145,0,0,850,0,150,0,0,841,1,158,0,0,854,0,146,0,0,850,0,150,0,0,849,0,151,0,0,860,0,140,0,0,853,0,147,0,0,848,0,152,0,0,859,1,140,0,0,853,0,147,0,0,846,0,154,0,0,847,0,153,0,0,850,0,150,0,0
322,standard,0.1,851,0,149,0,0,845,0,155,0,0,856,0,144,0,0,848,0,152,0,0,855,0,145,0,0,851,0,149,0,0,845,0,155,0,0,846,0,154,0,0,861,0,139,0,0,844,1,155,0,0,854,0,146,0,0,836,0,164,0,0,852,0,148,0,0,847,0,153,0,0,858,0,142,0,0,853,0,147,0,0,843,0,157,0,0,842,0,158,0,0,850,0,150,0,0,852,0,148,0,0,844,0,156,0,0,852,0,148,0,0,835,0,165,0,0,858,0,142,0,0,851,0,149,0,0,846,0,154,0,0,846,0,154,0,0,846,1,153,0,0,847,0,153,0,0,843,0,157,0,0,855,1,144,0,0,847,0,153,0,0,844,0,156,0,0,852,0,148,0,0,848,0,152,0,0,852,1,147,0,0,854,1,145,0,0,850,0,150,0,0,841,1,158,0,0,854,0,146,0,0,850,0,150,0,0,849,0,151,0,0,860,0,140,0,0,853,0,147,0,0,848,0,152,0,0,859,1,140,0,0,853,0,147,0,0,846,0,154,0,0,847,0,153,0,0,850,0,150,0,0
323,standard,0.1,851,0,149,0,0,845,0,155,0,0,856,0,144,0,0,848,0,152,0,0,855,0,145,0,0,851,0,149,0,0,845,0,155,0,0,846,0,154,0,0,861,0,139,0,0,844,1,155,0,0,853,1,146,0,0,836,0,164,0,0,852,0,148,0,0,847,0,153,0,0,858,0,142,0,0,853,0,147,0,0,843,0,157,0,0,842,0,158,0,0,850,0,150,0,0,852,0,148,0,0,844,0,156,0,0,852,0,148,0,0,835,0,165,0,0,857,1,142,0,0,851,0,149,0,0,846,0,154,0,0,845,1,154,0,0,846,1,153,0,0,847,0,153,0,0,843,0,157,0,0,855,1,144,0,0,847,0,153,0,0,844,0,156,0,0,852,0,148,0,0,848,0,152,0,0,852,1,147,0,0,854,1,145,0,0,850,0,150,0,0,841,0,159,0,0,854,0,146,0,0,850,0,150,0,0,849,0,151,0,0,860,0,140,0,0,853,0,147,0,0,848,0,152,0,0,859,1,140,0,0,853,0,147,0,0,846,0,154,0,0,847,0,153,0,0,850,0,150,0,0
324,standard,0.1,851,0,149,0,0,845,0,155,0,0,856,0,144,0,0,848,0,152,0,0,855,0,145,0,0,851,0,149,0,0,845,0,155,0,0,846,0,154,0,0,861,0,139,0,0,844,1,155,0,0,853,1,146,0,0,836,0,164,0,0,852,0,148,0,0,847,0,153,0,0,858,0,142,0,0,853,0,147,0,0,843,0,157,0,0,842,0,158,0,0,850,0,150,0,0,852,0,148,0,0,844,0,156,0,0,852,0,148,0,0,835,0,165,0,0,857,1,142,0,0,851,0,149,0,0,846,0,154,0,0,845,1,154,0,0,846,1,153,0,0,847,0,153,0,0,843,0,157,0,0,855,1,144,0,0,847,0,153,0,0,844,0,156,0,0,852,0,148,0,0,848,0,152,0,0,852,1,147,0,0,854,1,145,0,0,850,0,150,0,0,841,0,159,0,0,854,0,146,0,0,850,0,150,0,0,849,0,151,0,0,860,0,140,0,0,853,0,147,0,0,848,0,152,0,0,859,1,140,0,0,853,0,147,0,0,846,0,154,0,0,847,0,153,0,0,850,0,150,0,0
325,standard,0.1,851,0,149,0,0,845,0,155,0,0,856,0,144,0,0,848,0,152,0,0,855,0,145,0,0,851,0,149,0,0,845,0,155,0,0,846,0,154,0,0,861,0,139,0,0,844,1,155,0,0,853,1,146,0,0,836,0,164,0,0,851,1,148,0,0,847,0,153,0,0,858,0,142,0,0,853,0,147,0,0,843,0,157,0,0,842,0,158,0,0,850,0,150,0,0,852,0,148,0,0,844,0,156,0,0,852,0,148,0,0,835,0,165,0,0,857,1,142,0,0,851,0,149,0,0,846,0,154,0,0,843,3,154,0,0,846,1,153,0,0,847,0,153,0,0,843,0,157,0,0,855,1,144,0,0,847,0,153,0,0,844,0,156,0,0,852,0,148,0,0,848,0,152,0,0,852,0,148,0,0,854,1,145,0,0,850,0,150,0,0,841,0,159,0,0,854,0,146,0,0,850,0,150,0,0,849,0,151,0,0,860,0,140,0,0,853,0,147,0,0,848,0,152,0,0,859,1,140,0,0,853,0,147,0,0,846,0,154,0,0,847,0,153,0,0,850,0,150,0,0
326,standard,0.1,851,0,149,0,0,845,0,155,0,0,856,0,144,0,0,848,0,152,0,0,855,0,145,0,0,851,0,149,0,0,845,0,155,0,0,846,0,154,0,0,861,0,139,0,0,844,1,155,0,0,853,1,146,0,0,836,0,164,0,0,851,1,148,0,0,847,0,153,0,0,858,0,142,0,0,853,0,147,0,0,843,0,157,0,0,842,0,158,0,0,850,0,150,0,0,852,0,148,0,0,844,0,156,0,0,852,0,148,0,0,835,0,165,0,0,857,1,142,0,0,851,0,149,0,0,846,0,154,0,0,843,3,154,0,0,846,1,153,0,0,847,0,153,0,0,843,0,157,0,0,855,1,144,0,0,847,0,153,0,0,844,0,156,0,0,852,0,148,0,0,848,0,152,0,0,852,0,148,0,0,854,1,145,0,0,850,0,150,0,0,840,1,159,0,0,854,0,146,0,0,850,0,150,0,0,849,0,151,0,0,860,0,140,0,0,853,0,147,0,0,848,0,152,0,0,859,0,141,0,0,853,0,147,0,0,846,0,154,0,0,847,0,153,0,0,850,0,150,0,0
327,standard,0.1,851,0,149,0,0,845,0,155,0,0,856,0,144,0,0,848,0,152,0,0,855,0,145,0,0,851,0,149,0,0,845,0,155,0,0,846,0,154,0,0,861,0,139,0,0,844,1,155,0,0,853,1,146,0,0,836,0,164,0,0,851,1,148,0,0,847,0,153,0,0,858,0,142,0,0,853,0,147,0,0,843,0,157,0,0,842,0,158,0,0,850,0,150,0,0,852,0,148,0,0,844,0,156,0,0,852,0,148,0,0,835,0,165,0,0,857,1,142,0,0,851,0,149,0,0,846,0,154,0,0,843,3,154,0,0,846,1,153,0,0,847,0,153,0,0,843,0,157,0,0,855,1,144,0,0,847,0,153,0,0,844,0,156,0,0,852,0,148,0,0,848,0,152,0,0,852,0,148,0,0,854,1,145,0,0,850,0,150,0,0,840,1,159,0,0,854,0,146,0,0,850,0,150,0,0,849,0,151,0,0,860,0,140,0,0,853,0,147,0,0,848,0,152,0,0,859,0,141,0,0,853,0,147,0,0,846,0,154,0,0,847,0,153,0,0,850,0,150,0,0
328,standard,0.1,851,0,149,0,0,845,0,155,0,0,856,0,144,0,0,848,0,152,0,0,855,0,145,0,0,851,0,149,0,0,845,0,155,0,0,846,0,154,0,0,861,0,139,0,0,844,1,155,0,0,853,1,146,0,0,836,0,164,0,0,851,1,148,0,0,847,0,153,0,0,858,0,142,0,0,853,0,147,0,0,843,0,157,0,0,842,0,158,0,0,850,0,150,0,0,851,1,148,0,0,844,0,156,0,0,852,0,148,0,0,835,0,165,0,0,857,1,142,0,0,851,0,149,0,0,846,0,154,0,0,843,3,154,0,0,846,1,153,0,0,847,0,153,0,0,843,0,157,0,0,855,1,144,0,0,847,0,153,0,0,844,0,156,0,0,852,0,148,0,0,848,0,152,0,0,852,0,148,0,0,854,1,145,0,0,850,0,150,0,0,840,1,159,0,0,854,0,146,0,0,850,0,150,0,0,849,0,151,0,0,860,0,140,0,0,853,0,147,0,0,848,0,152,0,0,859,0,141,0,0,853,0,147,0,0,846,0,154,0,0,847,0,153,0,0,850,0,150,0,0
329,standard,0.1,851,0,149,0,0,845,0,155,0,0,856,0,144,0,0,848,0,152,0,0,855,0,145,0,0,851,0,149,0,0,845,0,155,0,0,846,0,154,0,0,861,0,139,0,0,844,1,155,0,0,853,1,146,0,0,836,0,164,0,0,851,1,148,0,0,847,0,153,0,0,858,0,142,0,0,853,0,147,0,0,843,0,157,0,0,842,0,158,0,0,850,0,150,0,0,851,1,148,0,0,844,0,156,0,0,852,0,148,0,0,835,0,165,0,0,857,1,142,0,0,851,0,149,0,0,846,0,154,0,0,843,3,154,0,0,846,1,153,0,0,847,0,153,0,0,843,0,157,0,0,855,1,144,0,0,847,0,153,0,0,844,0,156,0,0,852,0,148,0,0,848,0,152,0,0,852,0,148,0,0,854,1,145,0,0,850,0,150,0,0,840,1,159,0,0,854,0,146,0,0,850,0,150,0,0,849,0,151,0,0,860,0,140,0,0,853,0,147,0,0,848,0,152,0,0,859,0,141,0,0,853,0,147,0,0,846,0,154,0,0,847,0,153,0,0,850,0,150,0,0
330,standard,0.1,851,0,149,0,0,845,0,155,0,0,856,0,144,0,0,848,0,152,0,0,855,0,145,0,0,851,0,149,0,0,845,0,155,0,0,845,1,154,0,0,861,0,139,0,0,844,1,155,0,0,852,2,146,0,0,836,0,164,0,0,851,1,148,0,0,847,0,153,0,0,858,0,142,0,0,853,0,147,0,0,843,0,157,0,0,842,0,158,0,0,850,0,150,0,0,851,1,148,0,0,844,0,156,0,0,852,0,148,0,0,835,0,165,0,0,857,1,142,0,0,851,0,149,0,0,846,0,154,0,0,843,3,154,0,0,846,1,153,0,0,847,0,153,0,0,843,0,157,0,0,855,1,144,0,0,847,0,153,0,0,844,0,156,0,0,852,0,148,0,0,848,0,152,0,0,852,0,148,0,0,854,1,145,0,0,850,0,150,0,0,840,1,159,0,0,854,0,146,0,0,850,0,150,0,0,849,0,151,0,0,860,0,140,0,0,853,0,147,0,0,848,0,152,0,0,859,0,141,0,0,853,0,147,0,0,846,0,154,0,0,847,0,153,0,0,850,0,150,0,0
331,standard,0.1,851,0,149,0,0,845,0,155,0,0,856,0,144,0,0,848,0,152,0,0,855,0,145,0,0,851,0,149,0,0,845,0,155,0,0,845,1,154,0,0,861,0,139,0,0,844,0,156,0,0,852,2,146,0,0,836,0,164,0,0,851,1,148,0,0,847,0,153,0,0,858,0,142,0,0,853,0,147,0,0,843,0,157,0,0,842,0,158,0,0,850,0,150,0,0,851,1,148,0,0,844,0,156,0,0,852,0,148,0,0,835,0,165,0,0,857,1,142,0,0,851,0,149,0,0,846,0,154,0,0,843,3,154,0,0,846,1,153,0,0,847,0,153,0,0,843,0,157,0,0,855,1,144,0,0,847,0,153,0,0,844,0,156,0,0,852,0,148,0,0,848,0,152,0,0,852,0,148,0,0,854,1,145,0,0,850,0,150,0,0,840,1,159,0,0,854,0,146,0,0,850,0,150,0,0,849,0,151,0,0,860,0,140,0,0,853,0,147,0,0,848,0,152,0,0,859,0,141,0,0,853,0,147,0,0,846,0,154,0,0,847,0,153,0,0,850,0,150,0,0
332,standard,0.1,851,0,149,0,0,845,0,155,0,0,856,0,144,0,0,848,0,152,0,0,855,0,145,0,0,851,0,149,0,0,845,0,155,0,0,845,1,154,0,0,861,0,139,0,0,844,0,156,0,0,852,2,146,0,0,836,0,164,0,0,851,1,148,0,0,847,0,153,0,0,858,0,142,0,0,853,0,147,0,0,843,0,157,0,0,842,0,158,0,0,850,0,150,0,0,851,1,148,0,0,844,0,156,0,0,852,0,148,0,0,835,0,165,0,0,857,1,142,0,0,851,0,149,0,0,846,0,154,0,0,843,3,154,0,0,846,0,154,0,0,847,0,153,0,0,843,0,157,0,0,855,1,144,0,0,847,0,153,0,0,844,0,156,0,0,852,0,148,0,0,848,0,152,0,0,852,0,148,0,0,854,1,145,0,0,850,0,150,0,0,840,1,159,0,0,854,0,146,0,0,850,0,150,0,0,849,0,151,0,0,860,0,140,0,0,853,0,147,0,0,848,0,152,0,0,859,0,141,0,0,853,0,147,0,0,846,0,154,0,0,847,0,153,0,0,850,0,150,0,0
333,standard,0.1,851,0,149,0,0,845,0,155,0,0,856,0,144,0,0,848,0,152,0,0,855,0,145,0,0,851,0,149,0,0,845,0,155,0,0,845,1,154,0,0,861,0,139,0,0,844,0,156,0,0,852,2,146,0,0,836,0,164,0,0,851,1,148,0,0,847,0,153,0,0,858,0,142,0,0,853,0,147,0,0,843,0,157,0,0,842,0,158,0,0,850,0,150,0,0,851,1,148,0,0,844,0,156,0,0,852,0,148,0,0,835,0,165,0,0,857,1,142,0,0,851,0,149,0,0,846,0,154,0,0,843,3,154,0,0,846,0,154,0,0,847,0,153,0,0,843,0,157,0,0,855,1,144,0,0,847,0,153,0,0,844,0,156,0,0,852,0,148,0,0,848,0,152,0,0,852,0,148,0,0,854,1,145,0,0,850,0,150,0,0,840,1,159,0,0,854,0,146,0,0,850,0,150,0,0,849,0,151,0,0,860,0,140,0,0,853,0,147,0,0,848,0,152,0,0,859,0,141,0,0,853,0,147,0,0,846,0,154,0,0,847,0,153,0,0,850,0,150,0,0
334,standard,0.1,851,0,149,0,0,845,0,155,0,0,856,0,144,0,0,848,0,152,0,0,855,0,145,0,0,851,0,149,0,0,845,0,155,0,0,845,1,154,0,0,861,0,139,0,0,844,0,156,0,0,852,2,146,0,0,836,0,164,0,0,851,1,148,0,0,847,0,153,0,0,858,0,142,0,0,853,0,147,0,0,843,0,157,0,0,842,0,158,0,0,850,0,150,0,0,851,1,148,0,0,844,0,156,0,0,852,0,148,0,0,835,0,165,0,0,857,1,142,0,0,851,0,149,0,0,846,0,154,0,0,843,3,154,0,0,846,0,154,0,0,847,0,153,0,0,843,0,157,0,0,855,0,145,0,0,847,0,153,0,0,844,0,156,0,0,852,0,148,0,0,848,0,152,0,0,852,0,148,0,0,854,1,145,0,0,850,0,150,0,0,840,1,159,0,0,854,0,146,0,0,850,0,150,0,0,849,0,151,0,0,860,0,140,0,0,853,0,147,0,0,848,0,152,0,0,859,0,141,0,0,853,0,147,0,0,846,0,154,0,0,847,0,153,0,0,850,0,150,0,0
335,standard,0.1,851,0,149,0,0,845,0,155,0,0,856,0,144,0,0,848,0,152,0,0,855,0,145,0,0,851,0,149,0,0,845,0,155,0,0,845,1,154,0,0,861,0,139,0,0,844,0,156,0,0,852,2,146,0,0,836,0,164,0,0,851,1,148,0,0,847,0,153,0,0,858,0,142,0,0,853,0,147,0,0,843,0,157,0,0,842,0,158,0,0,850,0,150,0,0,851,1,148,0,0,844,0,156,0,0,852,0,148,0,0,835,0,165,0,0,857,1,142,0,0,851,0,149,0,0,846,0,154,0,0,843,3,154,0,0,846,0,154,0,0,847,0,153,0,0,843,0,157,0,0,855,0,145,0,0,847,0,153,0,0,844,0,156,0,0,852,0,148,0,0,848,0,152,0,0,852,0,148,0,0,854,0,146,0,0,850,0,150,0,0,840,1,159,0,0,854,0,146,0,0,850,0,150,0,0,849,0,151,0,0,860,0,140,0,0,853,0,147,0,0,848,0,152,0,0,859,0,141,0,0,853,0,147,0,0,846,0,154,0,0,846,1,153,0,0,850,0,150,0,0
336,standard,0.1,851,0,149,0,0,845,0,155,0,0,856,0,144,0,0,848,0,152,0,0,855,0,145,0,0,851,0,149,0,0,845,0,155,0,0,845,1,154,0,0,861,0,139,0,0,844,0,156,0,0,852,1,147,0,0,836,0,164,0,0,851,1,148,0,0,847,0,153,0,0,858,0,142,0,0,853,0,147,0,0,843,0,157,0,0,842,0,158,0,0,850,0,150,0,0,851,1,148,0,0,844,0,156,0,0,852,0,148,0,0,835,0,165,0,0,857,0,143,0,0,851,0,149,0,0,846,0,154,0,0,843,2,155,0,0,846,0,154,0,0,847,0,153,0,0,843,0,157,0,0,855,0,145,0,0,847,0,153,0,0,844,0,156,0,0,852,0,148,0,0,848,0,152,0,0,852,0,148,0,0,854,0,146,0,0,850,0,150,0,0,839,2,159,0,0,854,0,146,0,0,850,0,150,0,0,849,0,151,0,0,860,0,140,0,0,853,0,147,0,0,848,0,152,0,0,859,0,141,0,0,853,0,147,0,0,846,0,154,0,0,846,1,153,0,0,850,0,150,0,0
337,standard,0.1,851,0,149,0,0,845,0,155,0,0,856,0,144,0,0,848,0,152,0,0,855,0,145,0,0,851,0,149,0,0,845,0,155,0,0,845,1,154,0,0,861,0,139,0,0,844,0,156,0,0,852,1,147,0,0,836,0,164,0,0,851,1,148,0,0,847,0,153,0,0,858,0,142,0,0,853,0,147,0,0,843,0,157,0,0,842,0,158,0,0,850,0,150,0,0,851,1,148,0,0,844,0,156,0,0,852,0,148,0,0,835,0,165,0,0,857,0,143,0,0,851,0,149,0,0,846,0,154,0,0,843,2,155,0,0,846,0,154,0,0,847,0,153,0,0,843,0,157,0,0,855,0,145,0,0,847,0,153,0,0,844,0,156,0,0,852,0,148,0,0,848,0,152,0,0,852,0,148,0,0,854,0,146,0,0,850,0,150,0,0,839,2,159,0,0,854,0,146,0,0,850,0,150,0,0,849,0,151,0,0,860,0,140,0,0,853,0,147,0,0,848,0,152,0,0,859,0,141,0,0,853,0,147,0,0,846,0,154,0,0,846,1,153,0,0,850,0,150,0,0
338,standard,0.1,851,0,149,0,0,845,0,155,0,0,856,0,144,0,0,848,0,152,0,0,855,0,145,0,0,851,0,149,0,0,845,0,155,0,0,845,1,154,0,0,861,0,139,0,0,844,0,156,0,0,852,1,147,0,0,836,0,164,0,0,851,0,149,0,0,847,0,153,0,0,858,0,142,0,0,852,1,147,0,0,843,0,157,0,0,842,0,158,0,0,850,0,150,0,0,851,1,148,0,0,844,0,156,0,0,852,0,148,0,0,835,0,165,0,0,857,0,143,0,0,851,0,149,0,0,846,0,154,0,0,843,0,157,0,0,846,0,154,0,0,847,0,153,0,0,843,0,157,0,0,855,0,145,0,0,847,0,153,0,0,844,0,156,0,0,852,0,148,0,0,848,0,152,0,0,852,0,148,0,0,854,0,146,0,0,850,0,150,0,0,839,2,159,0,0,854,0,146,0,0,850,0,150,0,0,849,0,151,0,0,860,0,140,0,0,853,0,147,0,0,848,0,152,0,0,859,0,141,0,0,853,0,147,0,0,846,0,154,0,0,846,1,153,0,0,850,0,150,0,0
339,standard,0.1,851,0,149,0,0,845,0,155,0,0,856,0,144,0,0,848,0,152,0,0,855,0,145,0,0,851,0,149,0,0,845,0,155,0,0,845,1,154,0,0,861,0,139,0,0,844,0,156,0,0,852,1,147,0,0,836,0,164,0,0,851,0,149,0,0,847,0,153,0,0,858,0,142,0,0,852,1,147,0,0,843,0,157,0,0,842,0,158,0,0,850,0,150,0,0,851,1,148,0,0,844,0,156,0,0,852,0,148,0,0,835,0,165,0,0,857,0,143,0,0,851,0,149,0,0,846,0,154,0,0,843,0,157,0,0,846,0,154,0,0,847,0,153,0,0,843,0,157,0,0,855,0,145,0,0,847,0,153,0,0,844,0,156,0,0,852,0,148,0,0,848,0,152,0,0,852,0,148,0,0,854,0,146,0,0,850,0,150,0,0,838,2,160,0,0,854,0,146,0,0,850,0,150,0,0,849,0,151,0,0,860,0,140,0,0,853,0,147,0,0,848,0,152,0,0,859,0,141,0,0,853,0,147,0,0,846,0,154,0,0,846,1,153,0,0,850,0,150,0,0
340,standard,0.1,851,0,149,0,0,845,0,155,0,0,856,0,144,0,0,848,0,152,0,0,855,0,145,0,0,851,0,149,0,0,845,0,155,0,0,845,1,154,0,0,861,0,139,0,0,844,0,156,0,0,852,1,147,0,0,836,0,164,0,0,851,0,149,0,0,847,0,153,0,0,858,0,142,0,0,852,1,147,0,0,843,0,157,0,0,842,0,158,0,0,850,0,150,0,0,851,1,148,0,0,844,0,156,0,0,852,0,148,0,0,835,0,165,0,0,857,0,143,0,0,851,0,149,0,0,846,0,154,0,0,843,0,157,0,0,846,0,154,0,0,847,0,153,0,0,843,0,157,0,0,855,0,145,0,0,847,0,153,0,0,844,0,156,0,0,852,0,148,0,0,848,0,152,0,0,852,0,148,0,0,854,0,146,0,0,850,0,150,0,0,838,2,160,0,0,854,0,146,0,0,850,0,150,0,0,849,0,151,0,0,860,0,140,0,0,853,0,147,0,0,847,1,152,0,0,859,0,141,0,0,853,0,147,0,0,846,0,154,0,0,846,1,153,0,0,850,0,150,0,0
341,standard,0.1,851,0,149,0,0,845,0,155,0,0,856,0,144,0,0,848,0,152,0,0,855,0,145,0,0,851,0,149,0,0,845,0,155,0,0,845,1,154,0,0,861,0,139,0,0,844,0,156,0,0,852,1,147,0,0,836,0,164,0,0,851,0,149,0,0,847,0,153,0,0,858,0,142,0,0,852,1,147,0,0,843,0,157,0,0,842,0,158,0,0,850,0,150,0,0,851,0,149,0,0,844,0,156,0,0,852,0,148,0,0,835,0,165,0,0,857,0,143,0,0,851,0,149,0,0,846,0,154,0,0,843,0,157,0,0,846,0,154,0,0,847,0,153,0,0,843,0,157,0,0,855,0,145,0,0,847,0,153,0,0,844,0,156,0,0,852,0,148,0,0,848,0,152,0,0,852,0,148,0,0,854,0,146,0,0,850,0,150,0,0,838,2,160,0,0,854,0,146,0,0,850,0,150,0,0,849,0,151,0,0,860,0,140,0,0,853,0,147,0,0,847,1,152,0,0,859,0,141,0,0,853,0,147,0,0,846,0,154,0,0,846,1,153,0,0,850,0,150,0,0
342,standard,0.1,851,0,149,0,0,845,0,155,0,0,855,1,144,0,0,848,0,152,0,0,855,0,145,0,0,851,0,149,0,0,845,0,155,0,0,845,1,154,0,0,861,0,139,0,0,844,0,156,0,0,852,1,147,0,0,836,0,164,0,0,851,0,149,0,0,847,0,153,0,0,858,0,142,0,0,852,1,147,0,0,843,0,157,0,0,842,0,158,0,0,850,0,150,0,0,851,0,149,0,0,844,0,156,0,0,852,0,148,0,0,835,0,165,0,0,857,0,143,0,0,851,0,149,0,0,846,0,154,0,0,843,0,157,0,0,846,0,154,0,0,847,0,153,0,0,843,0,157,0,0,855,0,145,0,0,847,0,153,0,0,844,0,156,0,0,852,0,148,0,0,848,0,152,0,0,852,0,148,0,0,854,0,146,0,0,850,0,150,0,0,838,2,160,0,0,854,0,146,0,0,850,0,150,0,0,849,0,151,0,0,860,0,140,0,0,853,0,147,0,0,847,1,152,0,0,859,0,141,0,0,853,0,147,0,0,846,0,154,0,0,846,1,153,0,0,850,0,150,0,0
343,standard,0.1,851,0,149,0,0,845,0,155,0,0,855,1,144,0,0,848,0,152,0,0,855,0,145,0,0,851,0,149,0,0,845,0,155,0,0,845,0,155,0,0,861,0,139,0,0,844,0,156,0,0,852,0,148,0,0,836,0,164,0,0,851,0,149,0,0,847,0,153,0,0,858,0,142,0,0,852,1,147,0,0,843,0,157,0,0,842,0,158,0,0,850,0,150,0,0,851,0,149,0,0,844,0,156,0,0,852,0,148,0,0,835,0,165,0,0,857,0,143,0,0,851,0,149,0,0,846,0,154,0,0,843,0,157,0,0,846,0,154,0,0,847,0,153,0,0,843,0,157,0,0,855,0,145,0,0,847,0,153,0,0,844,0,156,0,0,852,0,148,0,0,848,0,152,0,0,852,0,148,0,0,854,0,146,0,0,850,0,150,0,0,838,2,160,0,0,854,0,146,0,0,850,0,150,0,0,849,0,151,0,0,860,0,140,0,0,853,0,147,0,0,847,1,152,0,0,859,0,141,0,0,853,0,147,0,0,846,0,154,0,0,846,1,153,0,0,850,0,150,0,0
344,standard,0.1,851,0,149,0,0,845,0,155,0,0,855,1,144,0,0,848,0,152,0,0,855,0,145,0,0,851,0,149,0,0,845,0,155,0,0,845,0,155,0,0,861,0,139,0,0,844,0,156,0,0,852,0,148,0,0,836,0,164,0,0,851,0,149,0,0,847,0,153,0,0,858,0,142,0,0,852,1,147,0,0,843,0,157,0,0,842,0,158,0,0,850,0,150,0,0,851,0,149,0,0,844,0,156,0,0,852,0,148,0,0,835,0,165,0,0,857,0,143,0,0,851,0,149,0,0,846,0,154,0,0,843,0,157,0,0,846,0,154,0,0,847,0,153,0,0,843,0,157,0,0,855,0,145,0,0,847,0,153,0,0,844,0,156,0,0,852,0,148,0,0,848,0,152,0,0,852,0,148,0,0,854,0,146,0,0,850,0,150,0,0,838,2,160,0,0,854,0,146,0,0,850,0,150,0,0,849,0,151,0,0,860,0,140,0,0,853,0,147,0,0,847,1,152,0,0,859,0,141,0,0,853,0,147,0,0,846,0,154,0,0,846,1,153,0,0,850,0,150,0,0
345,standard,0.1,851,0,149,0,0,845,0,155,0,0,855,1,144,0,0,848,0,152,0,0,855,0,145,0,0,851,0,149,0,0,845,0,155,0,0,845,0,155,0,0,861,0,139,0,0,844,0,156,0,0,852,0,148,0,0,836,0,164,0,0,851,0,149,0,0,847,0,153,0,0,858,0,142,0,0,852,1,147,0,0,843,0,157,0,0,842,0,158,0,0,850,0,150,0,0,851,0,149,0,0,844,0,156,0,0,852,0,148,0,0,835,0,165,0,0,857,0,143,0,0,851,0,149,0,0,846,0,154,0,0,843,0,157,0,0,846,0,154,0,0,847,0,153,0,0,843,0,157,0,0,855,0,145,0,0,847,0,153,0,0,844,0,156,0,0,852,0,148,0,0,848,0,152,0,0,852,0,148,0,0,854,0,146,0,0,850,0,150,0,0,838,2,160,0,0,854,0,146,0,0,850,0,150,0,0,849,0,151,0,0,860,0,140,0,0,853,0,147,0,0,847,1,152,0,0,859,0,141,0,0,853,0,147,0,0,846,0,154,0,0,846,1,153,0,0,850,0,150,0,0
346,standard,0.1,851,0,149,0,0,845,0,155,0,0,855,1,144,0,0,848,0,152,0,0,855,0,145,0,0,851,0,149,0,0,844,1,155,0,0,845,0,155,0,0,861,0,139,0,0,844,0,156,0,0,852,0,148,0,0,836,0,164,0,0,851,0,149,0,0,847,0,153,0,0,858,0,142,0,0,852,1,147,0,0,843,0,157,0,0,842,0,158,0,0,850,0,150,0,0,851,0,149,0,0,844,0,156,0,0,852,0,148,0,0,835,0,165,0,0,857,0,143,0,0,851,0,149,0,0,846,0,154,0,0,843,0,157,0,0,846,0,154,0,0,847,0,153,0,0,843,0,157,0,0,855,0,145,0,0,847,0,153,0,0,844,0,156,0,0,852,0,148,0,0,848,0,152,0,0,852,0,148,0,0,854,0,146,0,0,850,0,150,0,0,838,2,160,0,0,854,0,146,0,0,850,0,150,0,0,849,0,151,0,0,860,0,140,0,0,853,0,147,0,0,847,1,152,0,0,859,0,141,0,0,853,0,147,0,0,846,0,154,0,0,846,1,153,0,0,850,0,150,0,0
347,standard,0.1,851,0,149,0,0,845,0,155,0,0,855,1,144,0,0,848,0,152,0,0,855,0,145,0,0,851,0,149,0,0,844,1,155,0,0,845,0,155,0,0,861,0,139,0,0,844,0,156,0,0,852,0,148,0,0,836,0,164,0,0,851,0,149,0,0,847,0,153,0,0,858,0,142,0,0,852,1,147,0,0,843,0,157,0,0,842,0,158,0,0,850,0,150,0,0,851,0,149,0,0,844,0,156,0,0,852,0,148,0,0,835,0,165,0,0,857,0,143,0,0,851,0,149,0,0,846,0,154,0,0,843,0,157,0,0,846,0,154,0,0,847,0,153,0,0,843,0,157,0,0,855,0,145,0,0,847,0,153,0,0,844,0,156,0,0,852,0,148,0,0,848,0,152,0,0,852,0,148,0,0,854,0,146,0,0,850,0,150,0,0,838,2,160,0,0,854,0,146,0,0,850,0,150,0,0,849,0,151,0,0,860,0,140,0,0,853,0,147,0,0,847,1,152,0,0,859,0,141,0,0,853,0,147,0,0,846,0,154,0,0,846,1,153,0,0,850,0,150,0,0
348,standard,0.1,851,0,149,0,0,845,0,155,0,0,855,1,144,0,0,848,0,152,0,0,855,0,145,0,0,851,0,149,0,0,844,1,155,0,0,845,0,155,0,0,861,0,139,0,0,844,0,156,0,0,852,0,148,0,0,836,0,164,0,0,851,0,149,0,0,846,1,153,0,0,858,0,142,0,0,852,1,147,0,0,843,0,157,0,0,842,0,158,0,0,850,0,150,0,0,851,0,149,0,0,844,0,156,0,0,852,0,148,0,0,835,0,165,0,0,857,0,143,0,0,851,0,149,0,0,846,0,154,0,0,843,0,157,0,0,846,0,154,0,0,847,0,153,0,0,843,0,157,0,0,855,0,145,0,0,847,0,153,0,0,844,0,156,0,0,852,0,148,0,0,848,0,152,0,0,852,0,148,0,0,854,0,146,0,0,850,0,150,0,0,838,2,160,0,0,854,0,146,0,0,850,0,150,0,0,849,0,151,0,0,860,0,140,0,0,853,0,147,0,0,847,1,152,0,0,859,0,141,0,0,853,0,147,0,0,846,0,154,0,0,846,0,154,0,0,850,0,150,0,0
349,standard,0.1,851,0,149,0,0,845,0,155,0,0,855,1,144,0,0,848,0,152,0,0,855,0,145,0,0,851,0,149,0,0,844,1,155,0,0,845,0,155,0,0,861,0,139,0,0,844,0,156,0,0,852,0,148,0,0,836,0,164,0,0,851,0,149,0,0,846,1,153,0,0,858,0,142,0,0,852,1,147,0,0,843,0,157,0,0,842,0,158,0,0,850,0,150,0,0,851,0,149,0,0,844,0,156,0,0,852,0,148,0,0,835,0,165,0,0,857,0,143,0,0,851,0,149,0,0,846,0,154,0,0,843,0,157,0,0,846,0,154,0,0,847,0,153,0,0,843,0,157,0,0,855,0,145,0,0,847,0,153,0,0,844,0,156,0,0,852,0,148,0,0,848,0,152,0,0,852,0,148,0,0,854,0,146,0,0,850,0,150,0,0,838,1,161,0,0,854,0,146,0,0,850,0,150,0,0,849,0,151,0,0,860,0,140,0,0,853,0,147,0,0,847,1,152,0,0,859,0,141,0,0,853,0,147,0,0,846,0,154,0,0,846,0,154,0,0,850,0,150,0,0
350,standard,0.1,851,0,149,0,0,845,0,155,0,0,855,1,144,0,0,848,0,152,0,0,855,0,145,0,0,851,0,149,0,0,844,1,155,0,0,845,0,155,0,0,861,0,139,0,0,844,0,156,0,0,852,0,148,0,0,836,0,164,0,0,851,0,149,0,0,846,1,153,0,0,858,0,142,0,0,852,1,147,0,0,843,0,157,0,0,842,0,158,0,0,850,0,150,0,0,851,0,149,0,0,844,0,156,0,0,852,0,148,0,0,835,0,165,0,0,857,0,143,0,0,851,0,149,0,0,846,0,154,0,0,843,0,157,0,0,846,0,154,0,0,847,0,153,0,0,843,0,157,0,0,854,1,145,0,0,847,0,153,0,0,844,0,156,0,0,852,0,148,0,0,848,0,152,0,0,852,0,148,0,0,854,0,146,0,0,850,0,150,0,0,838,1,161,0,0,854,0,146,0,0,850,0,150,0,0,849,0,151,0,0,860,0,140,0,0,853,0,147,0,0,847,1,152,0,0,859,0,141,0,0,853,0,147,0,0,846,0,154,0,0,846,0,154,0,0,850,0,150,0,0
351,standard,0.1,851,0,149,0,0,845,0,155,0,0,855,1,144,0,0,848,0,152,0,0,855,0,145,0,0,851,0,149,0,0,844,1,155,0,0,845,0,155,0,0,861,0,139,0,0,844,0,156,0,0,852,0,148,0,0,836,0,164,0,0,851,0,149,0,0,846,1,153,0,0,858,0,142,0,0,852,0,148,0,0,843,0,157,0,0,842,0,158,0,0,850,0,150,0,0,851,0,149,0,0,844,0,156,0,0,852,0,148,0,0,835,0,165,0,0,857,0,143,0,0,851,0,149,0,0,846,0,154,0,0,843,0,157,0,0,846,0,154,0,0,847,0,153,0,0,843,0,157,0,0,854,1,145,0,0,847,0,153,0,0,844,0,156,0,0,852,0,148,0,0,848,0,152,0,0,852,0,148,0,0,854,0,146,0,0,850,0,150,0,0,838,1,161,0,0,854,0,146,0,0,850,0,150,0,0,849,0,151,0,0,860,0,140,0,0,853,0,147,0,0,847,1,152,0,0,859,0,141,0,0,853,0,147,0,0,846,0,154,0,0,846,0,154,0,0,850,0,150,0,0
352,standard,0.1,851,0,149,0,0,845,0,155,0,0,855,1,144,0,0,848,0,152,0,0,855,0,145,0,0,851,0,149,0,0,844,1,155,0,0,845,0,155,0,0,861,0,139,0,0,844,0,156,0,0,852,0,148,0,0,836,0,164,0,0,851,0,149,0,0,846,1,153,0,0,858,0,142,0,0,852,0,148,0,0,843,0,157,0,0,842,0,158,0,0,850,0,150,0,0,851,0,149,0,0,844,0,156,0,0,852,0,148,0,0,835,0,165,0,0,857,0,143,0,0,851,0,149,0,0,846,0,154,0,0,843,0,157,0,0,846,0,154,0,0,847,0,153,0,0,843,0,157,0,0,854,1,145,0,0,847,0,153,0,0,844,0,156,0,0,852,0,148,0,0,848,0,152,0,0,852,0,148,0,0,854,0,146,0,0,850,0,150,0,0,838,0,162,0,0,854,0,146,0,0,850,0,150,0,0,849,0,151,0,0,860,0,140,0,0,853,0,147,0,0,847,1,152,0,0,859,0,141,0,0,853,0,147,0,0,846,0,154,0,0,846,0,154,0,0,850,0,150,0,0
353,standard,0.1,851,0,149,0,0,845,0,155,0,0,855,1,144,0,0,848,0,152,0,0,855,0,145,0,0,851,0,149,0,0,844,1,155,0,0,845,0,155,0,0,861,0,139,0,0,844,0,156,0,0,852,0,148,0,0,836,0,164,0,0,851,0,149,0,0,846,1,153,0,0,858,0,142,0,0,852,0,148,0,0,843,0,157,0,0,842,0,158,0,0,850,0,150,0,0,851,0,149,0,0,844,0,156,0,0,852,0,148,0,0,835,0,165,0,0,857,0,143,0,0,851,0,149,0,0,846,0,154,0,0,843,0,157,0,0,846,0,154,0,0,847,0,153,0,0,843,0,157,0,0,854,1,145,0,0,847,0,153,0,0,844,0,156,0,0,852,0,148,0,0,848,0,152,0,0,852,0,148,0,0,854,0,146,0,0,850,0,150,0,0,838,0,162,0,0,854,0,146,0,0,850,0,150,0,0,849,0,151,0,0,860,0,140,0,0,853,0,147,0,0,847,0,153,0,0,859,0,141,0,0,853,0,147,0,0,846,0,154,0,0,846,0,154,0,0,850,0,150,0,0
354,standard,0.1,851,0,149,0,0,845,0,155,0,0,855,1,144,0,0,848,0,152,0,0,855,0,145,0,0,851,0,149,0,0,844,1,155,0,0,845,0,155,0,0,861,0,139,0,0,844,0,156,0,0,852,0,148,0,0,836,0,164,0,0,851,0,149,0,0,846,1,153,0,0,858,0,142,0,0,852,0,148,0,0,843,0,157,0,0,842,0,158,0,0,850,0,150,0,0,851,0,149,0,0,844,0,156,0,0,852,0,148,0,0,835,0,165,0,0,857,0,143,0,0,851,0,149,0,0,846,0,154,0,0,843,0,157,0,0,846,0,154,0,0,847,0,153,0,0,843,0,157,0,0,854,1,145,0,0,847,0,153,0,0,844,0,156,0,0,852,0,148,0,0,848,0,152,0,0,852,0,148,0,0,854,0,146,0,0,850,0,150,0,0,838,0,162,0,0,854,0,146,0,0,850,0,150,0,0,849,0,151,0,0,860,0,140,0,0,853,0,147,0,0,847,0,153,0,0,859,0,141,0,0,853,0,147,0,0,846,0,154,0,0,846,0,154,0,0,849,1,150,0,0
355,standard,0.1,851,0,149,0,0,845,0,155,0,0,855,0,145,0,0,848,0,152,0,0,855,0,145,0,0,851,0,149,0,0,844,1,155,0,0,845,0,155,0,0,861,0,139,0,0,844,0,156,0,0,852,0,148,0,0,836,0,164,0,0,851,0,149,0,0,846,1,153,0,0,858,0,142,0,0,852,0,148,0,0,843,0,157,0,0,842,0,158,0,0,850,0,150,0,0,851,0,149,0,0,844,0,156,0,0,852,0,148,0,0,835,0,165,0,0,857,0,143,0,0,851,0,149,0,0,846,0,154,0,0,843,0,157,0,0,846,0,154,0,0,847,0,153,0,0,843,0,157,0,0,854,1,145,0,0,847,0,153,0,0,844,0,156,0,0,852,0,148,0,0,848,0,152,0,0,852,0,148,0,0,854,0,146,0,0,850,0,150,0,0,838,0,162,0,0,854,0,146,0,0,850,0,150,0,0,849,0,151,0,0,860,0,140,0,0,853,0,147,0,0,847,0,153,0,0,859,0,141,0,0,853,0,147,0,0,846,0,154,0,0,846,0,154,0,0,849,1,150,0,0
356,standard,0.1,851,0,149,0,0,845,0,155,0,0,855,0,145,0,0,848,0,152,0,0,855,0,145,0,0,851,0,149,0,0,844,1,155,0,0,844,1,155,0,0,861,0,139,0,0,844,0,156,0,0,852,0,148,0,0,836,0,164,0,0,851,0,149,0,0,846,1,153,0,0,858,0,142,0,0,852,0,148,0,0,843,0,157,0,0,842,0,158,0,0,850,0,150,0,0,851,0,149,0,0,844,0,156,0,0,852,0,148,0,0,835,0,165,0,0,857,0,143,0,0,851,0,149,0,0,846,0,154,0,0,843,0,157,0,0,846,0,154,0,0,847,0,153,0,0,843,0,157,0,0,854,1,145,0,0,847,0,153,0,0,843,1,156,0,0,852,0,148,0,0,848,0,152,0,0,852,0,148,0,0,854,0,146,0,0,850,0,150,0,0,838,0,162,0,0,854,0,146,0,0,850,0,150,0,0,849,0,151,0,0,860,0,140,0,0,853,0,147,0,0,847,0,153,0,0,859,0,141,0,0,853,0,147,0,0,846,0,154,0,0,846,0,154,0,0,849,1,150,0,0
357,standard,0.1,851,0,149,0,0,845,0,155,0,0,855,0,145,0,0,848,0,152,0,0,855,0,145,0,0,851,0,149,0,0,844,1,155,0,0,844,1,155,0,0,861,0,139,0,0,844,0,156,0,0,852,0,148,0,0,836,0,164,0,0,851,0,149,0,0,846,1,153,0,0,858,0,142,0,0,852,0,148,0,0,843,0,157,0,0,842,0,158,0,0,850,0,150,0,0,851,0,149,0,0,844,0,156,0,0,852,0,148,0,0,835,0,165,0,0,857,0,143,0,0,851,0,149,0,0,846,0,154,0,0,843,0,157,0,0,846,0,154,0,0,847,0,153,0,0,843,0,157,0,0,854,1,145,0,0,847,0,153,0,0,843,1,156,0,0,852,0,148,0,0,848,0,152,0,0,852,0,148,0,0,854,0,146,0,0,850,0,150,0,0,838,0,162,0,0,854,0,146,0,0,850,0,150,0,0,849,0,151,0,0,860,0,140,0,0,853,0,147,0,0,847,0,153,0,0,859,0,141,0,0,853,0,147,0,0,846,0,154,0,0,846,0,154,0,0,849,1,150,0,0
358,standard,0.1,851,0,149,0,0,845,0,155,0,0,855,0,145,0,0,848,0,152,0,0,855,0,145,0,0,851,0,149,0,0,844,1,155,0,0,844,1,155,0,0,861,0,139,0,0,844,0,156,0,0,852,0,148,0,0,836,0,164,0,0,851,0,149,0,0,846,1,153,0,0,858,0,142,0,0,852,0,148,0,0,843,0,157,0,0,842,0,158,0,0,850,0,150,0,0,851,0,149,0,0,844,0,156,0,0,852,0,148,0,0,835,0,165,0,0,857,0,143,0,0,851,0,149,0,0,846,0,154,0,0,843,0,157,0,0,846,0,154,0,0,847,0,153,0,0,843,0,157,0,0,854,1,145,0,0,847,0,153,0,0,843,1,156,0,0,852,0,148,0,0,848,0,152,0,0,852,0,148,0,0,854,0,146,0,0,850,0,150,0,0,838,0,162,0,0,854,0,146,0,0,850,0,150,0,0,849,0,151,0,0,860,0,140,0,0,853,0,147,0,0,847,0,153,0,0,859,0,141,0,0,853,0,147,0,0,846,0,154,0,0,846,0,154,0,0,849,1,150,0,0
359,standard,0.1,851,0,149,0,0,845,0,155,0,0,855,0,145,0,0,848,0,152,0,0,855,0,145,0,0,851,0,149,0,0,844,0,156,0,0,844,1,155,0,0,861,0,139,0,0,844,0,156,0,0,851,1,148,0,0,836,0,164,0,0,851,0,149,0,0,846,1,153,0,0,858,0,142,0,0,852,0,148,0,0,843,0,157,0,0,842,0,158,0,0,850,0,150,0,0,851,0,149,0,0,844,0,156,0,0,852,0,148,0,0,835,0,165,0,0,857,0,143,0,0,851,0,149,0,0,846,0,154,0,0,843,0,157,0,0,846,0,154,0,0,847,0,153,0,0,843,0,157,0,0,854,1,145,0,0,847,0,153,0,0,843,1,156,0,0,852,0,148,0,0,848,0,152,0,0,852,0,148,0,0,854,0,146,0,0,850,0,150,0,0,838,0,162,0,0,854,0,146,0,0,850,0,150,0,0,849,0,151,0,0,860,0,140,0,0,853,0,147,0,0,847,0,153,0,0,859,0,141,0,0,853,0,147,0,0,846,0,154,0,0,846,0,154,0,0,849,1,150,0,0
360,standard,0.1,851,0,149,0,0,845,0,155,0,0,855,0,145,0,0,848,0,152,0,0,855,0,145,0,0,851,0,149,0,0,844,0,156,0,0,844,1,155,0,0,861,0,139,0,0,844,0,156,0,0,851,1,148,0,0,836,0,164,0,0,851,0,149,0,0,846,1,153,0,0,858,0,142,0,0,852,0,148,0,0,843,0,157,0,0,842,0,158,0,0,850,0,150,0,0,851,0,149,0,0,844,0,156,0,0,852,0,148,0,0,835,0,165,0,0,857,0,143,0,0,851,0,149,0,0,846,0,154,0,0,843,0,157,0,0,846,0,154,0,0,847,0,153,0,0,843,0,157,0,0,854,1,145,0,0,847,0,153,0,0,843,1,156,0,0,852,0,148,0,0,848,0,152,0,0,852,0,148,0,0,854,0,146,0,0,850,0,150,0,0,838,0,162,0,0,854,0,146,0,0,850,0,150,0,0,849,0,151,0,0,860,0,140,0,0,853,0,147,0,0,847,0,153,0,0,859,0,141,0,0,853,0,147,0,0,846,0,154,0,0,846,0,154,0,0,849,1,150,0,0
361,standard,0.1,851,0,149,0,0,845,0,155,0,0,855,0,145,0,0,848,0,152,0,0,855,0,145,0,0,851,0,149,0,0,844,0,156,0,0,844,1,155,0,0,861,0,139,0,0,844,0,156,0,0,851,1,148,0,0,836,0,164,0,0,851,0,149,0,0,846,0,154,0,0,858,0,142,0,0,852,0,148,0,0,843,0,157,0,0,842,0,158,0,0,850,0,150,0,0,851,0,149,0,0,844,0,156,0,0,852,0,148,0,0,835,0,165,0,0,857,0,143,0,0,851,0,149,0,0,846,0,154,0,0,843,0,157,0,0,846,0,154,0,0,847,0,153,0,0,843,0,157,0,0,854,1,145,0,0,847,0,153,0,0,843,1,156,0,0,852,0,148,0,0,848,0,152,0,0,852,0,148,0,0,854,0,146,0,0,850,0,150,0,0,838,0,162,0,0,854,0,146,0,0,850,0,150,0,0,849,0,151,0,0,860,0,140,0,0,853,0,147,0,0,847,0,153,0,0,859,0,141,0,0,853,0,147,0,0,846,0,154,0,0,846,0,154,0,0,849,1,150,0,0
362,standard,0.1,851,0,149,0,0,845,0,155,0,0,855,0,145,0,0,848,0,152,0,0,855,0,145,0,0,851,0,149,0,0,844,0,156,0,0,844,1,155,0,0,861,0,139,0,0,844,0,156,0,0,851,1,148,0,0,836,0,164,0,0,851,0,149,0,0,846,0,154,0,0,858,0,142,0,0,852,0,148,0,0,843,0,157,0,0,842,0,158,0,0,850,0,150,0,0,851,0,149,0,0,844,0,156,0,0,852,0,148,0,0,835,0,165,0,0,857,0,143,0,0,851,0,149,0,0,846,0,154,0,0,843,0,157,0,0,846,0,154,0,0,847,0,153,0,0,843,0,157,0,0,854,1,145,0,0,847,0,153,0,0,843,1,156,0,0,852,0,148,0,0,848,0,152,0,0,852,0,148,0,0,854,0,146,0,0,850,0,150,0,0,838,0,162,0,0,854,0,146,0,0,850,0,150,0,0,849,0,151,0,0,860,0,140,0,0,853,0,147,0,0,847,0,153,0,0,859,0,141,0,0,853,0,147,0,0,846,0,154,0,0,846,0,154,0,0,849,1,150,0,0
363,standard,0.1,851,0,149,0,0,845,0,155,0,0,855,0,145,0,0,848,0,152,0,0,855,0,145,0,0,851,0,149,0,0,844,0,156,0,0,844,1,155,0,0,861,0,139,0,0,844,0,156,0,0,851,1,148,0,0,836,0,164,0,0,851,0,149,0,0,846,0,154,0,0,858,0,142,0,0,852,0,148,0,0,843,0,157,0,0,842,0,158,0,0,850,0,150,0,0,851,0,149,0,0,844,0,156,0,0,852,0,148,0,0,835,0,165,0,0,857,0,143,0,0,851,0,149,0,0,846,0,154,0,0,843,0,157,0,0,846,0,154,0,0,847,0,153,0,0,843,0,157,0,0,854,0,146,0,0,847,0,153,0,0,843,1,156,0,0,852,0,148,0,0,848,0,152,0,0,852,0,148,0,0,854,0,146,0,0,850,0,150,0,0,838,0,162,0,0,854,0,146,0,0,850,0,150,0,0,849,0,151,0,0,860,0,140,0,0,853,0,147,0,0,847,0,153,0,0,859,0,141,0,0,853,0,147,0,0,846,0,154,0,0,846,0,154,0,0,849,1,150,0,0
364,standard,0.1,851,0,149,0,0,845,0,155,0,0,855,0,145,0,0,848,0,152,0,0,855,0,145,0,0,851,0,149,0,0,844,0,156,0,0,844,1,155,0,0,861,0,139,0,0,844,0,156,0,0,851,1,148,0,0,836,0,164,0,0,851,0,149,0,0,846,0,154,0,0,858,0,142,0,0,852,0,148,0,0,843,0,157,0,0,842,0,158,0,0,850,0,150,0,0,851,0,149,0,0,844,0,156,0,0,852,0,148,0,0,835,0,165,0,0,857,0,143,0,0,851,0,149,0,0,846,0,154,0,0,843,0,157,0,0,846,0,154,0,0,847,0,153,0,0,843,0,157,0,0,854,0,146,0,0,847,0,153,0,0,843,1,156,0,0,852,0,148,0,0,848,0,152,0,0,852,0,148,0,0,854,0,146,0,0,850,0,150,0,0,838,0,162,0,0,854,0,146,0,0,850,0,150,0,0,849,0,151,0,0,860,0,140,0,0,853,0,147,0,0,847,0,153,0,0,859,0,141,0,0,853,0,147,0,0,846,0,154,0,0,846,0,154,0,0,849,1,150,0,0
365,standard,0.1,851,0,149,0,0,845,0,155,0,0,855,0,145,0,0,848,0,152,0,0,855,0,145,0,0,851,0,149,0,0,844,0,156,0,0,844,1,155,0,0,861,0,139,0,0,844,0,156,0,0,851,1,148,0,0,836,0,164,0,0,851,0,149,0,0,846,0,154,0,0,858,0,142,0,0,852,0,148,0,0,843,0,157,0,0,842,0,158,0,0,850,0,150,0,0,851,0,149,0,0,844,0,156,0,0,852,0,148,0,0,835,0,165,0,0,857,0,143,0,0,851,0,149,0,0,846,0,154,0,0,843,0,157,0,0,846,0,154,0,0,847,0,153,0,0,843,0,157,0,0,854,0,146,0,0,847,0,153,0,0,843,1,156,0,0,852,0,148,0,0,848,0,152,0,0,852,0,148,0,0,854,0,146,0,0,850,0,150,0,0,838,0,162,0,0,854,0,146,0,0,850,0,150,0,0,849,0,151,0,0,860,0,140,0,0,853,0,147,0,0,847,0,153,0,0,859,0,141,0,0,853,0,147,0,0,846,0,154,0,0,846,0,154,0,0,849,1,150,0,0
366,standard,0.1,851,0,149,0,0,845,0,155,0,0,855,0,145,0,0,848,0,152,0,0,855,0,145,0,0,851,0,149,0,0,844,0,156,0,0,844,1,155,0,0,861,0,139,0,0,844,0,156,0,0,851,1,148,0,0,836,0,164,0,0,851,0,149,0,0,846,0,154,0,0,858,0,142,0,0,852,0,148,0,0,843,0,157,0,0,842,0,158,0,0,850,0,150,0,0,851,0,149,0,0,844,0,156,0,0,852,0,148,0,0,835,0,165,0,0,857,0,143,0,0,851,0,149,0,0,846,0,154,0,0,843,0,157,0,0,846,0,154,0,0,847,0,153,0,0,843,0,157,0,0,854,0,146,0,0,847,0,153,0,0,843,1,156,0,0,852,0,148,0,0,848,0,152,0,0,852,0,148,0,0,854,0,146,0,0,850,0,150,0,0,838,0,162,0,0,854,0,146,0,0,850,0,150,0,0,849,0,151,0,0,860,0,140,0,0,853,0,147,0,0,847,0,153,0,0,859,0,141,0,0,853,0,147,0,0,846,0,154,0,0,846,0,154,0,0,849,1,150,0,0
367,standard,0.1,851,0,149,0,0,845,0,155,0,0,855,0,145,0,0,848,0,152,0,0,855,0,145,0,0,851,0,149,0,0,844,0,156,0,0,844,1,155,0,0,861,0,139,0,0,844,0,156,0,0,851,1,148,0,0,836,0,164,0,0,851,0,149,0,0,846,0,154,0,0,858,0,142,0,0,852,0,148,0,0,843,0,157,0,0,842,0,158,0,0,850,0,150,0,0,851,0,149,0,0,844,0,156,0,0,852,0,148,0,0,835,0,165,0,0,857,0,143,0,0,851,0,149,0,0,846,0,154,0,0,843,0,157,0,0,846,0,154,0,0,847,0,153,0,0,843,0,157,0,0,854,0,146,0,0,847,0,153,0,0,843,1,156,0,0,852,0,148,0,0,848,0,152,0,0,852,0,148,0,0,854,0,146,0,0,850,0,150,0,0,838,0,162,0,0,854,0,146,0,0,850,0,150,0,0,849,0,151,0,0,860,0,140,0,0,853,0,147,0,0,847,0,153,0,0,859,0,141,0,0,853,0,147,0,0,846,0,154,0,0,846,0,154,0,0,849,0,151,0,0
368,standard,0.1,851,0,149,0,0,845,0,155,0,0,855,0,145,0,0,848,0,152,0,0,855,0,145,0,0,851,0,149,0,0,844,0,156,0,0,844,1,155,0,0,861,0,139,0,0,844,0,156,0,0,851,1,148,0,0,836,0,164,0,0,850,1,149,0,0,846,0,154,0,0,858,0,142,0,0,852,0,148,0,0,843,0,157,0,0,842,0,158,0,0,850,0,150,0,0,851,0,149,0,0,844,0,156,0,0,852,0,148,0,0,835,0,165,0,0,857,0,143,0,0,851,0,149,0,0,846,0,154,0,0,843,0,157,0,0,846,0,154,0,0,847,0,153,0,0,843,0,157,0,0,854,0,146,0,0,847,0,153,0,0,843,1,156,0,0,852,0,148,0,0,848,0,152,0,0,852,0,148,0,0,854,0,146,0,0,849,1,150,0,0,838,0,162,0,0,854,0,146,0,0,850,0,150,0,0,849,0,151,0,0,860,0,140,0,0,853,0,147,0,0,847,0,153,0,0,859,0,141,0,0,853,0,147,0,0,846,0,154,0,0,846,0,154,0,0,849,0,151,0,0
369,standard,0.1,851,0,149,0,0,845,0,155,0,0,855,0,145,0,0,848,0,152,0,0,855,0,145,0,0,851,0,149,0,0,844,0,156,0,0,844,0,156,0,0,861,0,139,0,0,844,0,156,0,0,851,1,148,0,0,836,0,164,0,0,850,1,149,0,0,846,0,154,0,0,858,0,142,0,0,852,0,148,0,0,843,0,157,0,0,842,0,158,0,0,850,0,150,0,0,851,0,149,0,0,844,0,156,0,0,852,0,148,0,0,835,0,165,0,0,857,0,143,0,0,851,0,149,0,0,846,0,154,0,0,843,0,157,0,0,846,0,154,0,0,847,0,153,0,0,843,0,157,0,0,853,1,146,0,0,847,0,153,0,0,843,0,157,0,0,852,0,148,0,0,848,0,152,0,0,852,0,148,0,0,854,0,146,0,0,849,1,150,0,0,838,0,162,0,0,854,0,146,0,0,850,0,150,0,0,849,0,151,0,0,860,0,140,0,0,853,0,147,0,0,847,0,153,0,0,859,0,141,0,0,853,0,147,0,0,846,0,154,0,0,846,0,154,0,0,849,0,151,0,0
370,standard,0.1,851,0,149,0,0,845,0,155,0,0,855,0,145,0,0,848,0,152,0,0,855,0,145,0,0,851,0,149,0,0,844,0,156,0,0,844,0,156,0,0,861,0,139,0,0,844,0,156,0,0,851,1,148,0,0,836,0,164,0,0,850,1,149,0,0,846,0,154,0,0,858,0,142,0,0,852,0,148,0,0,843,0,157,0,0,842,0,158,0,0,850,0,150,0,0,851,0,149,0,0,844,0,156,0,0,852,0,148,0,0,835,0,165,0,0,857,0,143,0,0,851,0,149,0,0,846,0,154,0,0,843,0,157,0,0,846,0,154,0,0,847,0,153,0,0,843,0,157,0,0,853,1,146,0,0,847,0,153,0,0,843,0,157,0,0,852,0,148,0,0,848,0,152,0,0,852,0,148,0,0,854,0,146,0,0,849,1,150,0,0,838,0,162,0,0,854,0,146,0,0,850,0,150,0,0,849,0,151,0,0,860,0,140,0,0,853,0,147,0,0,847,0,153,0,0,859,0,141,0,0,853,0,147,0,0,846,0,154,0,0,846,0,154,0,0,849,0,151,0,0
371,standard,0.1,851,0,149,0,0,845,0,155,0,0,855,0,145,0,0,848,0,152,0,0,855,0,145,0,0,851,0,149,0,0,844,0,156,0,0,844,0,156,0,0,861,0,139,0,0,844,0,156,0,0,851,1,148,0,0,836,0,164,0,0,850,1,149,0,0,846,0,154,0,0,858,0,142,0,0,852,0,148,0,0,843,0,157,0,0,842,0,158,0,0,850,0,150,0,0,851,0,149,0,0,844,0,156,0,0,852,0,148,0,0,835,0,165,0,0,857,0,143,0,0,851,0,149,0,0,846,0,154,0,0,843,0,157,0,0,846,0,154,0,0,847,0,153,0,0,843,0,157,0,0,853,1,146,0,0,847,0,153,0,0,843,0,157,0,0,852,0,148,0,0,848,0,152,0,0,852,0,148,0,0,854,0,146,0,0,849,1,150,0,0,838,0,162,0,0,854,0,146,0,0,850,0,150,0,0,849,0,151,0,0,860,0,140,0,0,853,0,147,0,0,847,0,153,0,0,859,0,141,0,0,853,0,147,0,0,846,0,154,0,0,846,0,154,0,0,849,0,151,0,0
372,standard,0.1,851,0,149,0,0,845,0,155,0,0,855,0,145,0,0,848,0,152,0,0,855,0,145,0,0,851,0,149,0,0,844,0,156,0,0,844,0,156,0,0,861,0,139,0,0,844,0,156,0,0,851,0,149,0,0,836,0,164,0,0,850,1,149,0,0,846,0,154,0,0,858,0,142,0,0,852,0,148,0,0,843,0,157,0,0,842,0,158,0,0,850,0,150,0,0,851,0,149,0,0,844,0,156,0,0,852,0,148,0,0,835,0,165,0,0,857,0,143,0,0,851,0,149,0,0,846,0,154,0,0,843,0,157,0,0,846,0,154,0,0,847,0,153,0,0,843,0,157,0,0,853,1,146,0,0,847,0,153,0,0,843,0,157,0,0,852,0,148,0,0,848,0,152,0,0,852,0,148,0,0,854,0,146,0,0,849,1,150,0,0,838,0,162,0,0,854,0,146,0,0,850,0,150,0,0,849,0,151,0,0,860,0,140,0,0,853,0,147,0,0,847,0,153,0,0,859,0,141,0,0,853,0,147,0,0,846,0,154,0,0,846,0,154,0,0,849,0,151,0,0
373,standard,0.1,851,0,149,0,0,845,0,155,0,0,855,0,145,0,0,848,0,152,0,0,855,0,145,0,0,851,0,149,0,0,844,0,156,0,0,844,0,156,0,0,861,0,139,0,0,844,0,156,0,0,851,0,149,0,0,836,0,164,0,0,850,1,149,0,0,846,0,154,0,0,858,0,142,0,0,852,0,148,0,0,843,0,157,0,0,842,0,158,0,0,850,0,150,0,0,850,1,149,0,0,844,0,156,0,0,852,0,148,0,0,835,0,165,0,0,857,0,143,0,0,851,0,149,0,0,846,0,154,0,0,843,0,157,0,0,846,0,154,0,0,847,0,153,0,0,843,0,157,0,0,853,1,146,0,0,847,0,153,0,0,843,0,157,0,0,852,0,148,0,0,848,0,152,0,0,852,0,148,0,0,854,0,146,0,0,849,1,150,0,0,838,0,162,0,0,854,0,146,0,0,850,0,150,0,0,849,0,151,0,0,860,0,140,0,0,853,0,147,0,0,847,0,153,0,0,859,0,141,0,0,853,0,147,0,0,846,0,154,0,0,846,0,154,0,0,849,0,151,0,0
374,standard,0.1,851,0,149,0,0,845,0,155,0,0,855,0,145,0,0,848,0,152,0,0,855,0,145,0,0,851,0,149,0,0,844,0,156,0,0,844,0,156,0,0,861,0,139,0,0,843,1,156,0,0,851,0,149,0,0,836,0,164,0,0,850,1,149,0,0,846,0,154,0,0,858,0,142,0,0,852,0,148,0,0,843,0,157,0,0,842,0,158,0,0,849,1,150,0,0,850,1,149,0,0,844,0,156,0,0,852,0,148,0,0,835,0,165,0,0,857,0,143,0,0,851,0,149,0,0,846,0,154,0,0,843,0,157,0,0,846,0,154,0,0,847,0,153,0,0,843,0,157,0,0,853,1,146,0,0,847,0,153,0,0,843,0,157,0,0,852,0,148,0,0,848,0,152,0,0,852,0,148,0,0,854,0,146,0,0,849,1,150,0,0,838,0,162,0,0,854,0,146,0,0,850,0,150,0,0,849,0,151,0,0,860,0,140,0,0,853,0,147,0,0,847,0,153,0,0,859,0,141,0,0,853,0,147,0,0,846,0,154,0,0,846,0,154,0,0,849,0,151,0,0
375,standard,0.1,851,0,149,0,0,845,0,155,0,0,855,0,145,0,0,848,0,152,0,0,855,0,145,0,0,851,0,149,0,0,844,0,156,0,0,844,0,156,0,0,861,0,139,0,0,843,1,156,0,0,851,0,149,0,0,836,0,164,0,0,850,1,149,0,0,846,0,154,0,0,858,0,142,0,0,852,0,148,0,0,843,0,157,0,0,842,0,158,0,0,849,1,150,0,0,850,1,149,0,0,844,0,156,0,0,852,0,148,0,0,835,0,165,0,0,857,0,143,0,0,851,0,149,0,0,846,0,154,0,0,843,0,157,0,0,846,0,154,0,0,847,0,153,0,0,843,0,157,0,0,853,1,146,0,0,847,0,153,0,0,843,0,157,0,0,852,0,148,0,0,848,0,152,0,0,852,0,148,0,0,854,0,146,0,0,849,1,150,0,0,838,0,162,0,0,854,0,146,0,0,850,0,150,0,0,849,0,151,0,0,860,0,140,0,0,853,0,147,0,0,847,0,153,0,0,859,0,141,0,0,853,0,147,0,0,846,0,154,0,0,846,0,154,0,0,849,0,151,0,0
376,standard,0.1,851,0,149,0,0,845,0,155,0,0,855,0,145,0,0,848,0,152,0,0,855,0,145,0,0,851,0,149,0,0,844,0,156,0,0,844,0,156,0,0,861,0,139,0,0,843,1,156,0,0,851,0,149,0,0,836,0,164,0,0,850,1,149,0,0,846,0,154,0,0,858,0,142,0,0,852,0,148,0,0,843,0,157,0,0,842,0,158,0,0,849,1,150,0,0,850,1,149,0,0,844,0,156,0,0,852,0,148,0,0,835,0,165,0,0,857,0,143,0,0,851,0,149,0,0,846,0,154,0,0,843,0,157,0,0,846,0,154,0,0,847,0,153,0,0,843,0,157,0,0,853,1,146,0,0,847,0,153,0,0,843,0,157,0,0,852,0,148,0,0,848,0,152,0,0,852,0,148,0,0,854,0,146,0,0,849,1,150,0,0,838,0,162,0,0,854,0,146,0,0,850,0,150,0,0,849,0,151,0,0,860,0,140,0,0,853,0,147,0,0,847,0,153,0,0,859,0,141,0,0,853,0,147,0,0,846,0,154,0,0,846,0,154,0,0,849,0,151,0,0
377,standard,0.1,851,0,149,0,0,845,0,155,0,0,855,0,145,0,0,848,0,152,0,0,855,0,145,0,0,851,0,149,0,0,844,0,156,0,0,844,0,156,0,0,861,0,139,0,0,843,1,156,0,0,851,0,149,0,0,836,0,164,0,0,850,1,149,0,0,846,0,154,0,0,858,0,142,0,0,852,0,148,0,0,843,0,157,0,0,842,0,158,0,0,849,1,150,0,0,850,1,149,0,0,844,0,156,0,0,852,0,148,0,0,835,0,165,0,0,857,0,143,0,0,851,0,149,0,0,846,0,154,0,0,843,0,157,0,0,846,0,154,0,0,847,0,153,0,0,843,0,157,0,0,853,1,146,0,0,847,0,153,0,0,843,0,157,0,0,852,0,148,0,0,848,0,152,0,0,852,0,148,0,0,854,0,146,0,0,849,1,150,0,0,838,0,162,0,0,854,0,146,0,0,850,0,150,0,0,849,0,151,0,0,860,0,140,0,0,853,0,147,0,0,847,0,153,0,0,859,0,141,0,0,853,0,147,0,0,846,0,154,0,0,846,0,154,0,0,849,0,151,0,0
378,standard,0.1,851,0,149,0,0,845,0,155,0,0,855,0,145,0,0,848,0,152,0,0,855,0,145,0,0,851,0,149,0,0,844,0,156,0,0,844,0,156,0,0,861,0,139,0,0,843,1,156,0,0,851,0,149,0,0,836,0,164,0,0,850,1,149,0,0,846,0,154,0,0,858,0,142,0,0,852,0,148,0,0,843,0,157,0,0,842,0,158,0,0,849,1,150,0,0,850,1,149,0,0,844,0,156,0,0,852,0,148,0,0,835,0,165,0,0,857,0,143,0,0,851,0,149,0,0,846,0,154,0,0,843,0,157,0,0,846,0,154,0,0,847,0,153,0,0,843,0,157,0,0,853,1,146,0,0,847,0,153,0,0,843,0,157,0,0,852,0,148,0,0,848,0,152,0,0,852,0,148,0,0,854,0,146,0,0,849,1,150,0,0,838,0,162,0,0,854,0,146,0,0,850,0,150,0,0,849,0,151,0,0,860,0,140,0,0,853,0,147,0,0,847,0,153,0,0,859,0,141,0,0,853,0,147,0,0,846,0,154,0,0,846,0,154,0,0,849,0,151,0,0
379,standard,0.1,851,0,149,0,0,845,0,155,0,0,855,0,145,0,0,848,0,152,0,0,855,0,145,0,0,851,0,149,0,0,844,0,156,0,0,844,0,156,0,0,861,0,139,0,0,843,1,156,0,0,851,0,149,0,0,836,0,164,0,0,850,1,149,0,0,846,0,154,0,0,858,0,142,0,0,852,0,148,0,0,843,0,157,0,0,842,0,158,0,0,849,1,150,0,0,850,1,149,0,0,844,0,156,0,0,852,0,148,0,0,835,0,165,0,0,857,0,143,0,0,850,1,149,0,0,846,0,154,0,0,843,0,157,0,0,846,0,154,0,0,847,0,153,0,0,843,0,157,0,0,853,1,146,0,0,847,0,153,0,0,843,0,157,0,0,852,0,148,0,0,848,0,152,0,0,852,0,148,0,0,854,0,146,0,0,849,1,150,0,0,838,0,162,0,0,854,0,146,0,0,850,0,150,0,0,849,0,151,0,0,860,0,140,0,0,853,0,147,0,0,847,0,153,0,0,859,0,141,0,0,853,0,147,0,0,846,0,154,0,0,846,0,154,0,0,849,0,151,0,0
380,standard,0.1,851,0,149,0,0,845,0,155,0,0,855,0,145,0,0,848,0,152,0,0,855,0,145,0,0,851,0,149,0,0,844,0,156,0,0,844,0,156,0,0,861,0,139,0,0,843,1,156,0,0,850,1,149,0,0,836,0,164,0,0,850,1,149,0,0,846,0,154,0,0,858,0,142,0,0,852,0,148,0,0,843,0,157,0,0,842,0,158,0,0,849,1,150,0,0,850,1,149,0,0,844,0,156,0,0,852,0,148,0,0,835,0,165,0,0,857,0,143,0,0,850,1,149,0,0,846,0,154,0,0,843,0,157,0,0,846,0,154,0,0,847,0,153,0,0,843,0,157,0,0,853,1,146,0,0,847,0,153,0,0,843,0,157,0,0,852,0,148,0,0,848,0,152,0,0,852,0,148,0,0,854,0,146,0,0,849,1,150,0,0,838,0,162,0,0,854,0,146,0,0,850,0,150,0,0,849,0,151,0,0,859,1,140,0,0,853,0,147,0,0,847,0,153,0,0,858,1,141,0,0,853,0,147,0,0,846,0,154,0,0,846,0,154,0,0,849,0,151,0,0
381,standard,0.1,851,0,149,0,0,845,0,155,0,0,855,0,145,0,0,848,0,152,0,0,855,0,145,0,0,851,0,149,0,0,844,0,156,0,0,844,0,156,0,0,861,0,139,0,0,843,1,156,0,0,850,1,149,0,0,836,0,164,0,0,850,0,150,0,0,846,0,154,0,0,858,0,142,0,0,852,0,148,0,0,843,0,157,0,0,842,0,158,0,0,849,1,150,0,0,850,1,149,0,0,844,0,156,0,0,852,0,148,0,0,835,0,165,0,0,857,0,143,0,0,850,1,149,0,0,846,0,154,0,0,843,0,157,0,0,846,0,154,0,0,847,0,153,0,0,843,0,157,0,0,853,1,146,0,0,847,0,153,0,0,843,0,157,0,0,852,0,148,0,0,848,0,152,0,0,852,0,148,0,0,854,0,146,0,0,849,0,151,0,0,838,0,162,0,0,854,0,146,0,0,850,0,150,0,0,849,0,151,0,0,859,1,140,0,0,853,0,147,0,0,847,0,153,0,0,858,1,141,0,0,853,0,147,0,0,846,0,154,0,0,846,0,154,0,0,849,0,151,0,0
382,standard,0.1,851,0,149,0,0,845,0,155,0,0,855,0,145,0,0,848,0,152,0,0,855,0,145,0,0,851,0,149,0,0,844,0,156,0,0,844,0,156,0,0,861,0,139,0,0,843,1,156,0,0,850,1,149,0,0,836,0,164,0,0,850,0,150,0,0,846,0,154,0,0,858,0,142,0,0,852,0,148,0,0,843,0,157,0,0,842,0,158,0,0,849,1,150,0,0,850,1,149,0,0,844,0,156,0,0,852,0,148,0,0,835,0,165,0,0,857,0,143,0,0,850,1,149,0,0,846,0,154,0,0,843,0,157,0,0,846,0,154,0,0,847,0,153,0,0,843,0,157,0,0,853,0,147,0,0,847,0,153,0,0,843,0,157,0,0,852,0,148,0,0,848,0,152,0,0,852,0,148,0,0,854,0,146,0,0,849,0,151,0,0,838,0,162,0,0,854,0,146,0,0,850,0,150,0,0,849,0,151,0,0,859,1,140,0,0,853,0,147,0,0,847,0,153,0,0,858,1,141,0,0,853,0,147,0,0,846,0,154,0,0,846,0,154,0,0,849,0,151,0,0
383,standard,0.1,851,0,149,0,0,845,0,155,0,0,855,0,145,0,0,848,0,152,0,0,855,0,145,0,0,851,0,149,0,0,844,0,156,0,0,844,0,156,0,0,861,0,139,0,0,843,1,156,0,0,850,1,149,0,0,836,0,164,0,0,850,0,150,0,0,846,0,154,0,0,858,0,142,0,0,852,0,148,0,0,843,0,157,0,0,842,0,158,0,0,849,1,150,0,0,850,1,149,0,0,844,0,156,0,0,852,0,148,0,0,835,0,165,0,0,857,0,143,0,0,850,1,149,0,0,846,0,154,0,0,843,0,157,0,0,846,0,154,0,0,847,0,153,0,0,843,0,157,0,0,853,0,147,0,0,847,0,153,0,0,843,0,157,0,0,852,0,148,0,0,848,0,152,0,0,852,0,148,0,0,854,0,146,0,0,849,0,151,0,0,838,0,162,0,0,854,0,146,0,0,850,0,150,0,0,849,0,151,0,0,859,1,140,0,0,853,0,147,0,0,847,0,153,0,0,858,1,141,0,0,853,0,147,0,0,846,0,154,0,0,846,0,154,0,0,849,0,151,0,0
384,standard,0.1,851,0,149,0,0,845,0,155,0,0,855,0,145,0,0,848,0,152,0,0,855,0,145,0,0,851,0,149,0,0,844,0,156,0,0,844,0,156,0,0,861,0,139,0,0,843,1,156,0,0,850,1,149,0,0,836,0,164,0,0,850,0,150,0,0,846,0,154,0,0,858,0,142,0,0,852,0,148,0,0,843,0,157,0,0,842,0,158,0,0,849,1,150,0,0,850,1,149,0,0,844,0,156,0,0,852,0,148,0,0,835,0,165,0,0,857,0,143,0,0,850,1,149,0,0,846,0,154,0,0,843,0,157,0,0,846,0,154,0,0,847,0,153,0,0,843,0,157,0,0,853,0,147,0,0,847,0,153,0,0,843,0,157,0,0,852,0,148,0,0,848,0,152,0,0,852,0,148,0,0,854,0,146,0,0,849,0,151,0,0,838,0,162,0,0,854,0,146,0,0,850,0,150,0,0,849,0,151,0,0,859,1,140,0,0,853,0,147,0,0,847,0,153,0,0,858,1,141,0,0,853,0,147,0,0,846,0,154,0,0,846,0,154,0,0,849,0,151,0,0
385,standard,0.1,851,0,149,0,0,845,0,155,0,0,854,1,145,0,0,848,0,152,0,0,855,0,145,0,0,851,0,149,0,0,844,0,156,0,0,844,0,156,0,0,861,0,139,0,0,843,1,156,0,0,850,1,149,0,0,836,0,164,0,0,850,0,150,0,0,846,0,154,0,0,858,0,142,0,0,852,0,148,0,0,843,0,157,0,0,842,0,158,0,0,849,1,150,0,0,850,1,149,0,0,844,0,156,0,0,852,0,148,0,0,835,0,165,0,0,857,0,143,0,0,850,1,149,0,0,846,0,154,0,0,843,0,157,0,0,846,0,154,0,0,847,0,153,0,0,843,0,157,0,0,853,0,147,0,0,847,0,153,0,0,843,0,157,0,0,852,0,148,0,0,848,0,152,0,0,852,0,148,0,0,854,0,146,0,0,849,0,151,0,0,838,0,162,0,0,854,0,146,0,0,850,0,150,0,0,849,0,151,0,0,859,1,140,0,0,853,0,147,0,0,847,0,153,0,0,857,2,141,0,0,853,0,147,0,0,846,0,154,0,0,846,0,154,0,0,849,0,151,0,0
386,standard,0.1,851,0,149,0,0,845,0,155,0,0,854,1,145,0,0,848,0,152,0,0,855,0,145,0,0,851,0,149,0,0,844,0,156,0,0,844,0,156,0,0,861,0,139,0,0,843,1,156,0,0,850,1,149,0,0,836,0,164,0,0,850,0,150,0,0,846,0,154,0,0,858,0,142,0,0,852,0,148,0,0,843,0,157,0,0,842,0,158,0,0,849,1,150,0,0,850,0,150,0,0,844,0,156,0,0,852,0,148,0,0,835,0,165,0,0,857,0,143,0,0,850,1,149,0,0,846,0,154,0,0,843,0,157,0,0,846,0,154,0,0,847,0,153,0,0,843,0,157,0,0,853,0,147,0,0,847,0,153,0,0,843,0,157,0,0,852,0,148,0,0,848,0,152,0,0,852,0,148,0,0,854,0,146,0,0,849,0,151,0,0,838,0,162,0,0,854,0,146,0,0,850,0,150,0,0,849,0,151,0,0,859,1,140,0,0,853,0,147,0,0,847,0,153,0,0,857,2,141,0,0,853,0,147,0,0,846,0,154,0,0,846,0,154,0,0,849,0,151,0,0
387,standard,0.1,851,0,149,0,0,845,0,155,0,0,854,1,145,0,0,848,0,152,0,0,855,0,145,0,0,851,0,149,0,0,844,0,156,0,0,844,0,156,0,0,861,0,139,0,0,843,0,157,0,0,850,1,149,0,0,836,0,164,0,0,850,0,150,0,0,846,0,154,0,0,858,0,142,0,0,852,0,148,0,0,843,0,157,0,0,842,0,158,0,0,849,0,151,0,0,850,0,150,0,0,844,0,156,0,0,852,0,148,0,0,835,0,165,0,0,857,0,143,0,0,850,1,149,0,0,846,0,154,0,0,843,0,157,0,0,846,0,154,0,0,847,0,153,0,0,843,0,157,0,0,853,0,147,0,0,847,0,153,0,0,843,0,157,0,0,852,0,148,0,0,848,0,152,0,0,852,0,148,0,0,854,0,146,0,0,849,0,151,0,0,838,0,162,0,0,854,0,146,0,0,850,0,150,0,0,849,0,151,0,0,859,1,140,0,0,853,0,147,0,0,847,0,153,0,0,857,2,141,0,0,853,0,147,0,0,846,0,154,0,0,846,0,154,0,0,849,0,151,0,0
388,standard,0.1,851,0,149,0,0,845,0,155,0,0,854,1,145,0,0,848,0,152,0,0,855,0,145,0,0,851,0,149,0,0,844,0,156,0,0,844,0,156,0,0,861,0,139,0,0,843,0,157,0,0,850,1,149,0,0,836,0,164,0,0,850,0,150,0,0,846,0,154,0,0,858,0,142,0,0,852,0,148,0,0,843,0,157,0,0,842,0,158,0,0,849,0,151,0,0,850,0,150,0,0,844,0,156,0,0,852,0,148,0,0,835,0,165,0,0,857,0,143,0,0,850,1,149,0,0,846,0,154,0,0,843,0,157,0,0,846,0,154,0,0,847,0,153,0,0,843,0,157,0,0,853,0,147,0,0,847,0,153,0,0,843,0,157,0,0,852,0,148,0,0,848,0,152,0,0,852,0,148,0,0,854,0,146,0,0,849,0,151,0,0,838,0,162,0,0,854,0,146,0,0,850,0,150,0,0,849,0,151,0,0,859,1,140,0,0,853,0,147,0,0,847,0,153,0,0,857,2,141,0,0,853,0,147,0,0,846,0,154,0,0,846,0,154,0,0,849,0,151,0,0
389,standard,0.1,851,0,149,0,0,845,0,155,0,0,854,1,145,0,0,848,0,152,0,0,855,0,145,0,0,851,0,149,0,0,844,0,156,0,0,844,0,156,0,0,861,0,139,0,0,843,0,157,0,0,850,1,149,0,0,836,0,164,0,0,850,0,150,0,0,846,0,154,0,0,858,0,142,0,0,852,0,148,0,0,843,0,157,0,0,842,0,158,0,0,849,0,151,0,0,850,0,150,0,0,844,0,156,0,0,852,0,148,0,0,835,0,165,0,0,857,0,143,0,0,850,1,149,0,0,846,0,154,0,0,843,0,157,0,0,846,0,154,0,0,847,0,153,0,0,843,0,157,0,0,853,0,147,0,0,847,0,153,0,0,843,0,157,0,0,852,0,148,0,0,848,0,152,0,0,852,0,148,0,0,854,0,146,0,0,849,0,151,0,0,837,1,162,0,0,854,0,146,0,0,850,0,150,0,0,849,0,151,0,0,859,1,140,0,0,853,0,147,0,0,847,0,153,0,0,857,2,141,0,0,853,0,147,0,0,846,0,154,0,0,846,0,154,0,0,849,0,151,0,0
390,standard,0.1,851,0,149,0,0,845,0,155,0,0,854,1,145,0,0,848,0,152,0,0,855,0,145,0,0,851,0,149,0,0,844,0,156,0,0,844,0,156,0,0,861,0,139,0,0,843,0,157,0,0,850,1,149,0,0,836,0,164,0,0,850,0,150,0,0,846,0,154,0,0,858,0,142,0,0,852,0,148,0,0,843,0,157,0,0,842,0,158,0,0,849,0,151,0,0,850,0,150,0,0,844,0,156,0,0,852,0,148,0,0,835,0,165,0,0,857,0,143,0,0,850,1,149,0,0,846,0,154,0,0,843,0,157,0,0,846,0,154,0,0,847,0,153,0,0,843,0,157,0,0,853,0,147,0,0,847,0,153,0,0,843,0,157,0,0,852,0,148,0,0,848,0,152,0,0,852,0,148,0,0,854,0,146,0,0,849,0,151,0,0,837,1,162,0,0,854,0,146,0,0,850,0,150,0,0,849,0,151,0,0,859,1,140,0,0,853,0,147,0,0,847,0,153,0,0,857,2,141,0,0,853,0,147,0,0,846,0,154,0,0,846,0,154,0,0,849,0,151,0,0
391,standard,0.1,851,0,149,0,0,845,0,155,0,0,854,1,145,0,0,848,0,152,0,0,855,0,145,0,0,851,0,149,0,0,844,0,156,0,0,844,0,156,0,0,861,0,139,0,0,843,0,157,0,0,850,1,149,0,0,836,0,164,0,0,850,0,150,0,0,846,0,154,0,0,858,0,142,0,0,852,0,148,0,0,843,0,157,0,0,842,0,158,0,0,849,0,151,0,0,850,0,150,0,0,844,0,156,0,0,852,0,148,0,0,835,0,165,0,0,857,0,143,0,0,850,1,149,0,0,846,0,154,0,0,843,0,157,0,0,846,0,154,0,0,847,0,153,0,0,843,0,157,0,0,853,0,147,0,0,847,0,153,0,0,843,0,157,0,0,852,0,148,0,0,848,0,152,0,0,852,0,148,0,0,854,0,146,0,0,849,0,151,0,0,837,1,162,0,0,854,0,146,0,0,850,0,150,0,0,849,0,151,0,0,859,1,140,0,0,853,0,147,0,0,847,0,153,0,0,857,2,141,0,0,853,0,147,0,0,846,0,154,0,0,846,0,154,0,0,849,0,151,0,0
392,standard,0.1,851,0,149,0,0,845,0,155,0,0,854,1,145,0,0,848,0,152,0,0,855,0,145,0,0,851,0,149,0,0,844,0,156,0,0,844,0,156,0,0,861,0,139,0,0,843,0,157,0,0,850,1,149,0,0,836,0,164,0,0,850,0,150,0,0,846,0,154,0,0,858,0,142,0,0,852,0,148,0,0,843,0,157,0,0,842,0,158,0,0,849,0,151,0,0,850,0,150,0,0,844,0,156,0,0,852,0,148,0,0,835,0,165,0,0,857,0,143,0,0,850,0,150,0,0,846,0,154,0,0,843,0,157,0,0,846,0,154,0,0,847,0,153,0,0,843,0,157,0,0,853,0,147,0,0,847,0,153,0,0,843,0,157,0,0,852,0,148,0,0,848,0,152,0,0,852,0,148,0,0,854,0,146,0,0,849,0,151,0,0,837,1,162,0,0,854,0,146,0,0,850,0,150,0,0,849,0,151,0,0,859,1,140,0,0,853,0,147,0,0,847,0,153,0,0,857,2,141,0,0,853,0,147,0,0,846,0,154,0,0,846,0,154,0,0,849,0,151,0,0
393,standard,0.1,851,0,149,0,0,845,0,155,0,0,854,1,145,0,0,848,0,152,0,0,855,0,145,0,0,851,0,149,0,0,844,0,156,0,0,844,0,156,0,0,861,0,139,0,0,843,0,157,0,0,850,0,150,0,0,836,0,164,0,0,850,0,150,0,0,846,0,154,0,0,858,0,142,0,0,852,0,148,0,0,843,0,157,0,0,842,0,158,0,0,849,0,151,0,0,850,0,150,0,0,844,0,156,0,0,852,0,148,0,0,835,0,165,0,0,857,0,143,0,0,850,0,150,0,0,846,0,154,0,0,843,0,157,0,0,846,0,154,0,0,847,0,153,0,0,843,0,157,0,0,853,0,147,0,0,847,0,153,0,0,843,0,157,0,0,852,0,148,0,0,848,0,152,0,0,852,0,148,0,0,854,0,146,0,0,849,0,151,0,0,837,1,162,0,0,854,0,146,0,0,850,0,150,0,0,849,0,151,0,0,859,0,141,0,0,853,0,147,0,0,847,0,153,0,0,857,1,142,0,0,853,0,147,0,0,846,0,154,0,0,846,0,154,0,0,849,0,151,0,0
394,standard,0.1,851,0,149,0,0,845,0,155,0,0,854,1,145,0,0,848,0,152,0,0,855,0,145,0,0,851,0,149,0,0,844,0,156,0,0,844,0,156,0,0,861,0,139,0,0,843,0,157,0,0,850,0,150,0,0,836,0,164,0,0,850,0,150,0,0,846,0,154,0,0,858,0,142,0,0,852,0,148,0,0,843,0,157,0,0,842,0,158,0,0,849,0,151,0,0,850,0,150,0,0,844,0,156,0,0,852,0,148,0,0,835,0,165,0,0,857,0,143,0,0,850,0,150,0,0,846,0,154,0,0,843,0,157,0,0,846,0,154,0,0,847,0,153,0,0,843,0,157,0,0,853,0,147,0,0,847,0,153,0,0,843,0,157,0,0,852,0,148,0,0,848,0,152,0,0,852,0,148,0,0,854,0,146,0,0,849,0,151,0,0,837,1,162,0,0,854,0,146,0,0,850,0,150,0,0,849,0,151,0,0,859,0,141,0,0,853,0,147,0,0,847,0,153,0,0,857,1,142,0,0,853,0,147,0,0,846,0,154,0,0,846,0,154,0,0,849,0,151,0,0
395,standard,0.1,851,0,149,0,0,845,0,155,0,0,854,1,145,0,0,848,0,152,0,0,855,0,145,0,0,851,0,149,0,0,844,0,156,0,0,844,0,156,0,0,861,0,139,0,0,843,0,157,0,0,850,0,150,0,0,836,0,164,0,0,850,0,150,0,0,846,0,154,0,0,858,0,142,0,0,852,0,148,0,0,843,0,157,0,0,842,0,158,0,0,849,0,151,0,0,850,0,150,0,0,844,0,156,0,0,852,0,148,0,0,835,0,165,0,0,857,0,143,0,0,850,0,150,0,0,846,0,154,0,0,843,0,157,0,0,846,0,154,0,0,847,0,153,0,0,843,0,157,0,0,853,0,147,0,0,847,0,153,0,0,843,0,157,0,0,852,0,148,0,0,848,0,152,0,0,852,0,148,0,0,854,0,146,0,0,849,0,151,0,0,837,1,162,0,0,854,0,146,0,0,850,0,150,0,0,849,0,151,0,0,859,0,141,0,0,853,0,147,0,0,847,0,153,0,0,857,1,142,0,0,853,0,147,0,0,846,0,154,0,0,846,0,154,0,0,849,0,151,0,0
396,standard,0.1,851,0,149,0,0,845,0,155,0,0,854,1,145,0,0,848,0,152,0,0,855,0,145,0,0,851,0,149,0,0,844,0,156,0,0,844,0,156,0,0,861,0,139,0,0,843,0,157,0,0,850,0,150,0,0,836,0,164,0,0,850,0,150,0,0,846,0,154,0,0,858,0,142,0,0,852,0,148,0,0,843,0,157,0,0,842,0,158,0,0,849,0,151,0,0,850,0,150,0,0,844,0,156,0,0,852,0,148,0,0,835,0,165,0,0,857,0,143,0,0,850,0,150,0,0,846,0,154,0,0,843,0,157,0,0,846,0,154,0,0,847,0,153,0,0,843,0,157,0,0,853,0,147,0,0,847,0,153,0,0,843,0,157,0,0,852,0,148,0,0,848,0,152,0,0,852,0,148,0,0,854,0,146,0,0,849,0,151,0,0,837,1,162,0,0,854,0,146,0,0,850,0,150,0,0,849,0,151,0,0,859,0,141,0,0,853,0,147,0,0,847,0,153,0,0,857,1,142,0,0,853,0,147,0,0,846,0,154,0,0,846,0,154,0,0,849,0,151,0,0
397,standard,0.1,851,0,149,0,0,845,0,155,0,0,854,1,145,0,0,848,0,152,0,0,855,0,145,0,0,851,0,149,0,0,844,0,156,0,0,844,0,156,0,0,861,0,139,0,0,843,0,157,0,0,850,0,150,0,0,836,0,164,0,0,850,0,150,0,0,846,0,154,0,0,858,0,142,0,0,852,0,148,0,0,843,0,157,0,0,842,0,158,0,0,849,0,151,0,0,850,0,150,0,0,844,0,156,0,0,852,0,148,0,0,835,0,165,0,0,857,0,143,0,0,850,0,150,0,0,846,0,154,0,0,843,0,157,0,0,846,0,154,0,0,847,0,153,0,0,843,0,157,0,0,853,0,147,0,0,847,0,153,0,0,843,0,157,0,0,851,1,148,0,0,848,0,152,0,0,852,0,148,0,0,854,0,146,0,0,849,0,151,0,0,837,1,162,0,0,854,0,146,0,0,850,0,150,0,0,849,0,151,0,0,859,0,141,0,0,853,0,147,0,0,847,0,153,0,0,857,1,142,0,0,853,0,147,0,0,846,0,154,0,0,846,0,154,0,0,849,0,151,0,0
398,standard,0.1,851,0,149,0,0,845,0,155,0,0,854,0,146,0,0,848,0,152,0,0,855,0,145,0,0,851,0,149,0,0,844,0,156,0,0,844,0,156,0,0,861,0,139,0,0,843,0,157,0,0,850,0,150,0,0,836,0,164,0,0,850,0,150,0,0,846,0,154,0,0,858,0,142,0,0,852,0,148,0,0,843,0,157,0,0,842,0,158,0,0,849,0,151,0,0,850,0,150,0,0,844,0,156,0,0,852,0,148,0,0,835,0,165,0,0,857,0,143,0,0,850,0,150,0,0,846,0,154,0,0,843,0,157,0,0,846,0,154,0,0,847,0,153,0,0,843,0,157,0,0,853,0,147,0,0,847,0,153,0,0,843,0,157,0,0,851,1,148,0,0,848,0,152,0,0,852,0,148,0,0,854,0,146,0,0,849,0,151,0,0,837,1,162,0,0,854,0,146,0,0,850,0,150,0,0,849,0,151,0,0,859,0,141,0,0,853,0,147,0,0,847,0,153,0,0,857,0,143,0,0,853,0,147,0,0,845,1,154,0,0,846,0,154,0,0,849,0,151,0,0
399,standard,0.1,851,0,149,0,0,845,0,155,0,0,854,0,146,0,0,848,0,152,0,0,855,0,145,0,0,851,0,149,0,0,844,0,156,0,0,844,0,156,0,0,861,0,139,0,0,843,0,157,0,0,850,0,150,0,0,836,0,164,0,0,850,0,150,0,0,846,0,154,0,0,858,0,142,0,0,852,0,148,0,0,843,0,157,0,0,842,0,158,0,0,849,0,151,0,0,850,0,150,0,0,844,0,156,0,0,852,0,148,0,0,835,0,165,0,0,857,0,143,0,0,850,0,150,0,0,846,0,154,0,0,843,0,157,0,0,846,0,154,0,0,847,0,153,0,0,843,0,157,0,0,853,0,147,0,0,847,0,153,0,0,843,0,157,0,0,851,1,148,0,0,848,0,152,0,0,852,0,148,0,0,854,0,146,0,0,849,0,151,0,0,837,1,162,0,0,854,0,146,0,0,850,0,150,0,0,849,0,151,0,0,859,0,141,0,0,853,0,147,0,0,847,0,153,0,0,857,0,143,0,0,853,0,147,0,0,845,1,154,0,0,846,0,154,0,0,849,0,151,0,0
400,standard,0.1,851,0,149,0,0,845,0,155,0,0,854,0,146,0,0,848,0,152,0,0,854,1,145,0,0,851,0,149,0,0,844,0,156,0,0,844,0,156,0,0,861,0,139,0,0,843,0,157,0,0,850,0,150,0,0,836,0,164,0,0,850,0,150,0,0,846,0,154,0,0,858,0,142,0,0,852,0,148,0,0,843,0,157,0,0,842,0,158,0,0,849,0,151,0,0,850,0,150,0,0,844,0,156,0,0,852,0,148,0,0,835,0,165,0,0,857,0,143,0,0,850,0,150,0,0,846,0,154,0,0,843,0,157,0,0,846,0,154,0,0,847,0,153,0,0,843,0,157,0,0,853,0,147,0,0,847,0,153,0,0,843,0,157,0,0,850,2,148,0,0,848,0,152,0,0,852,0,148,0,0,854,0,146,0,0,849,0,151,0,0,837,1,162,0,0,854,0,146,0,0,850,0,150,0,0,849,0,151,0,0,859,0,141,0,0,853,0,147,0,0,847,0,153,0,0,857,0,143,0,0,853,0,147,0,0,845,1,154,0,0,846,0,154,0,0,849,0,151,0,0
401,standard,0.1,851,0,149,0,0,845,0,155,0,0,854,0,146,0,0,848,0,152,0,0,854,1,145,0,0,851,0,149,0,0,844,0,156,0,0,844,0,156,0,0,861,0,139,0,0,843,0,157,0,0,850,0,150,0,0,836,0,164,0,0,850,0,150,0,0,846,0,154,0,0,858,0,142,0,0,852,0,148,0,0,843,0,157,0,0,842,0,158,0,0,849,0,151,0,0,850,0,150,0,0,844,0,156,0,0,852,0,148,0,0,835,0,165,0,0,857,0,143,0,0,850,0,150,0,0,846,0,154,0,0,843,0,157,0,0,846,0,154,0,0,847,0,153,0,0,843,0,157,0,0,853,0,147,0,0,847,0,153,0,0,843,0,157,0,0,850,2,148,0,0,848,0,152,0,0,852,0,148,0,0,854,0,146,0,0,849,0,151,0,0,837,1,162,0,0,854,0,146,0,0,850,0,150,0,0,849,0,151,0,0,859,0,141,0,0,853,0,147,0,0,847,0,153,0,0,857,0,143,0,0,853,0,147,0,0,845,1,154,0,0,846,0,154,0,0,849,0,151,0,0
402,standard,0.1,851,0,149,0,0,845,0,155,0,0,854,0,146,0,0,848,0,152,0,0,854,1,145,0,0,851,0,149,0,0,844,0,156,0,0,844,0,156,0,0,861,0,139,0,0,843,0,157,0,0,850,0,150,0,0,836,0,164,0,0,850,0,150,0,0,846,0,154,0,0,858,0,142,0,0,852,0,148,0,0,843,0,157,0,0,842,0,158,0,0,849,0,151,0,0,850,0,150,0,0,844,0,156,0,0,852,0,148,0,0,835,0,165,0,0,857,0,143,0,0,850,0,150,0,0,846,0,154,0,0,843,0,157,0,0,846,0,154,0,0,847,0,153,0,0,843,0,157,0,0,853,0,147,0,0,847,0,153,0,0,843,0,157,0,0,850,2,148,0,0,848,0,152,0,0,852,0,148,0,0,854,0,146,0,0,849,0,151,0,0,837,0,163,0,0,854,0,146,0,0,850,0,150,0,0,849,0,151,0,0,859,0,141,0,0,853,0,147,0,0,847,0,153,0,0,857,0,143,0,0,853,0,147,0,0,845,1,154,0,0,846,0,154,0,0,849,0,151,0,0
403,standard,0.1,851,0,149,0,0,845,0,155,0,0,854,0,146,0,0,848,0,152,0,0,854,1,145,0,0,851,0,149,0,0,844,0,156,0,0,844,0,156,0,0,861,0,139,0,0,843,0,157,0,0,850,0,150,0,0,836,0,164,0,0,850,0,150,0,0,846,0,154,0,0,858,0,142,0,0,852,0,148,0,0,843,0,157,0,0,842,0,158,0,0,849,0,151,0,0,850,0,150,0,0,844,0,156,0,0,852,0,148,0,0,835,0,165,0,0,857,0,143,0,0,850,0,150,0,0,846,0,154,0,0,843,0,157,0,0,846,0,154,0,0,847,0,153,0,0,843,0,157,0,0,853,0,147,0,0,847,0,153,0,0,843,0,157,0,0,850,2,148,0,0,848,0,152,0,0,852,0,148,0,0,854,0,146,0,0,849,0,151,0,0,837,0,163,0,0,854,0,146,0,0,850,0,150,0,0,849,0,151,0,0,859,0,141,0,0,853,0,147,0,0,847,0,153,0,0,857,0,143,0,0,853,0,147,0,0,845,1,154,0,0,846,0,154,0,0,849,0,151,0,0
404,standard,0.1,851,0,149,0,0,845,0,155,0,0,854,0,146,0,0,848,0,152,0,0,854,1,145,0,0,851,0,149,0,0,844,0,156,0,0,844,0,156,0,0,861,0,139,0,0,843,0,157,0,0,850,0,150,0,0,836,0,164,0,0,850,0,150,0,0,846,0,154,0,0,858,0,142,0,0,852,0,148,0,0,843,0,157,0,0,842,0,158,0,0,849,0,151,0,0,850,0,150,0,0,844,0,156,0,0,852,0,148,0,0,835,0,165,0,0,857,0,143,0,0,850,0,150,0,0,846,0,154,0,0,843,0,157,0,0,846,0,154,0,0,847,0,153,0,0,843,0,157,0,0,853,0,147,0,0,847,0,153,0,0,843,0,157,0,0,850,2,148,0,0,848,0,152,0,0,852,0,148,0,0,854,0,146,0,0,849,0,151,0,0,837,0,163,0,0,854,0,146,0,0,850,0,150,0,0,849,0,151,0,0,859,0,141,0,0,853,0,147,0,0,847,0,153,0,0,857,0,143,0,0,853,0,147,0,0,845,1,154,0,0,846,0,154,0,0,849,0,151,0,0
405,standard,0.1,851,0,149,0,0,845,0,155,0,0,854,0,146,0,0,848,0,152,0,0,854,1,145,0,0,851,0,149,0,0,844,0,156,0,0,844,0,156,0,0,861,0,139,0,0,843,0,157,0,0,850,0,150,0,0,836,0,164,0,0,850,0,150,0,0,846,0,154,0,0,858,0,142,0,0,852,0,148,0,0,843,0,157,0,0,842,0,158,0,0,849,0,151,0,0,850,0,150,0,0,844,0,156,0,0,852,0,148,0,0,835,0,165,0,0,857,0,143,0,0,850,0,150,0,0,846,0,154,0,0,843,0,157,0,0,846,0,154,0,0,847,0,153,0,0,843,0,157,0,0,853,0,147,0,0,847,0,153,0,0,843,0,157,0,0,850,2,148,0,0,848,0,152,0,0,852,0,148,0,0,854,0,146,0,0,849,0,151,0,0,837,0,163,0,0,854,0,146,0,0,850,0,150,0,0,849,0,151,0,0,859,0,141,0,0,853,0,147,0,0,847,0,153,0,0,857,0,143,0,0,853,0,147,0,0,845,1,154,0,0,846,0,154,0,0,849,0,151,0,0
406,standard,0.1,851,0,149,0,0,845,0,155,0,0,854,0,146,0,0,848,0,152,0,0,854,1,145,0,0,851,0,149,0,0,844,0,156,0,0,844,0,156,0,0,861,0,139,0,0,843,0,157,0,0,850,0,150,0,0,836,0,164,0,0,850,0,150,0,0,846,0,154,0,0,858,0,142,0,0,852,0,148,0,0,843,0,157,0,0,842,0,158,0,0,849,0,151,0,0,850,0,150,0,0,843,1,156,0,0,852,0,148,0,0,835,0,165,0,0,857,0,143,0,0,850,0,150,0,0,846,0,154,0,0,843,0,157,0,0,846,0,154,0,0,847,0,153,0,0,842,1,157,0,0,853,0,147,0,0,847,0,153,0,0,843,0,157,0,0,850,2,148,0,0,848,0,152,0,0,852,0,148,0,0,854,0,146,0,0,849,0,151,0,0,837,0,163,0,0,854,0,146,0,0,850,0,150,0,0,849,0,151,0,0,859,0,141,0,0,853,0,147,0,0,847,0,153,0,0,857,0,143,0,0,853,0,147,0,0,845,1,154,0,0,846,0,154,0,0,849,0,151,0,0
407,standard,0.1,851,0,149,0,0,845,0,155,0,0,854,0,146,0,0,848,0,152,0,0,854,1,145,0,0,851,0,149,0,0,844,0,156,0,0,844,0,156,0,0,861,0,139,0,0,843,0,157,0,0,850,0,150,0,0,836,0,164,0,0,850,0,150,0,0,846,0,154,0,0,858,0,142,0,0,852,0,148,0,0,843,0,157,0,0,842,0,158,0,0,849,0,151,0,0,850,0,150,0,0,843,1,156,0,0,852,0,148,0,0,835,0,165,0,0,857,0,143,0,0,850,0,150,0,0,846,0,154,0,0,843,0,157,0,0,846,0,154,0,0,847,0,153,0,0,842,1,157,0,0,853,0,147,0,0,847,0,153,0,0,843,0,157,0,0,850,2,148,0,0,848,0,152,0,0,852,0,148,0,0,854,0,146,0,0,849,0,151,0,0,837,0,163,0,0,854,0,146,0,0,850,0,150,0,0,849,0,151,0,0,859,0,141,0,0,853,0,147,0,0,847,0,153,0,0,857,0,143,0,0,853,0,147,0,0,845,1,154,0,0,846,0,154,0,0,849,0,151,0,0
408,standard,0.1,851,0,149,0,0,845,0,155,0,0,854,0,146,0,0,848,0,152,0,0,854,1,145,0,0,851,0,149,0,0,844,0,156,0,0,844,0,156,0,0,861,0,139,0,0,843,0,157,0,0,850,0,150,0,0,836,0,164,0,0,850,0,150,0,0,846,0,154,0,0,858,0,142,0,0,852,0,148,0,0,843,0,157,0,0,842,0,158,0,0,849,0,151,0,0,850,0,150,0,0,843,1,156,0,0,852,0,148,0,0,835,0,165,0,0,857,0,143,0,0,850,0,150,0,0,846,0,154,0,0,843,0,157,0,0,846,0,154,0,0,847,0,153,0,0,842,1,157,0,0,853,0,147,0,0,847,0,153,0,0,843,0,157,0,0,850,2,148,0,0,848,0,152,0,0,852,0,148,0,0,854,0,146,0,0,849,0,151,0,0,837,0,163,0,0,854,0,146,0,0,850,0,150,0,0,849,0,151,0,0,859,0,141,0,0,853,0,147,0,0,847,0,153,0,0,857,0,143,0,0,853,0,147,0,0,845,1,154,0,0,846,0,154,0,0,849,0,151,0,0
409,standard,0.1,851,0,149,0,0,845,0,155,0,0,854,0,146,0,0,848,0,152,0,0,854,1,145,0,0,851,0,149,0,0,844,0,156,0,0,844,0,156,0,0,860,1,139,0,0,843,0,157,0,0,850,0,150,0,0,836,0,164,0,0,850,0,150,0,0,846,0,154,0,0,858,0,142,0,0,852,0,148,0,0,843,0,157,0,0,842,0,158,0,0,849,0,151,0,0,850,0,150,0,0,843,1,156,0,0,852,0,148,0,0,835,0,165,0,0,857,0,143,0,0,850,0,150,0,0,846,0,154,0,0,843,0,157,0,0,846,0,154,0,0,847,0,153,0,0,842,1,157,0,0,853,0,147,0,0,847,0,153,0,0,843,0,157,0,0,850,2,148,0,0,848,0,152,0,0,852,0,148,0,0,854,0,146,0,0,849,0,151,0,0,837,0,163,0,0,854,0,146,0,0,850,0,150,0,0,849,0,151,0,0,859,0,141,0,0,853,0,147,0,0,847,0,153,0,0,857,0,143,0,0,853,0,147,0,0,845,1,154,0,0,846,0,154,0,0,849,0,151,0,0
410,standard,0.1,851,0,149,0,0,845,0,155,0,0,854,0,146,0,0,848,0,152,0,0,854,1,145,0,0,851,0,149,0,0,844,0,156,0,0,844,0,156,0,0,860,1,139,0,0,843,0,157,0,0,850,0,150,0,0,836,0,164,0,0,850,0,150,0,0,846,0,154,0,0,858,0,142,0,0,852,0,148,0,0,843,0,157,0,0,842,0,158,0,0,849,0,151,0,0,850,0,150,0,0,843,1,156,0,0,852,0,148,0,0,835,0,165,0,0,857,0,143,0,0,850,0,150,0,0,846,0,154,0,0,843,0,157,0,0,846,0,154,0,0,847,0,153,0,0,842,1,157,0,0,853,0,147,0,0,847,0,153,0,0,843,0,157,0,0,850,1,149,0,0,848,0,152,0,0,852,0,148,0,0,854,0,146,0,0,849,0,151,0,0,837,0,163,0,0,854,0,146,0,0,850,0,150,0,0,849,0,151,0,0,859,0,141,0,0,853,0,147,0,0,847,0,153,0,0,857,0,143,0,0,853,0,147,0,0,845,1,154,0,0,846,0,154,0,0,849,0,151,0,0
411,standard,0.1,851,0,149,0,0,845,0,155,0,0,854,0,146,0,0,848,0,152,0,0,854,1,145,0,0,851,0,149,0,0,844,0,156,0,0,844,0,156,0,0,860,1,139,0,0,843,0,157,0,0,850,0,150,0,0,836,0,164,0,0,850,0,150,0,0,846,0,154,0,0,858,0,142,0,0,852,0,148,0,0,843,0,157,0,0,842,0,158,0,0,849,0,151,0,0,850,0,150,0,0,843,1,156,0,0,852,0,148,0,0,835,0,165,0,0,857,0,143,0,0,850,0,150,0,0,846,0,154,0,0,843,0,157,0,0,846,0,154,0,0,847,0,153,0,0,842,1,157,0,0,853,0,147,0,0,847,0,153,0,0,843,0,157,0,0,850,1,149,0,0,848,0,152,0,0,852,0,148,0,0,854,0,146,0,0,849,0,151,0,0,837,0,163,0,0,854,0,146,0,0,850,0,150,0,0,849,0,151,0,0,859,0,141,0,0,853,0,147,0,0,847,0,153,0,0,857,0,143,0,0,853,0,147,0,0,845,0,155,0,0,846,0,154,0,0,849,0,151,0,0
412,standard,0.1,851,0,149,0,0,845,0,155,0,0,854,0,146,0,0,848,0,152,0,0,854,1,145,0,0,851,0,149,0,0,844,0,156,0,0,844,0,156,0,0,860,1,139,0,0,843,0,157,0,0,850,0,150,0,0,836,0,164,0,0,850,0,150,0,0,846,0,154,0,0,858,0,142,0,0,852,0,148,0,0,843,0,157,0,0,842,0,158,0,0,849,0,151,0,0,850,0,150,0,0,843,1,156,0,0,852,0,148,0,0,835,0,165,0,0,857,0,143,0,0,850,0,150,0,0,846,0,154,0,0,843,0,157,0,0,846,0,154,0,0,847,0,153,0,0,842,1,157,0,0,853,0,147,0,0,847,0,153,0,0,843,0,157,0,0,850,1,149,0,0,848,0,152,0,0,852,0,148,0,0,854,0,146,0,0,849,0,151,0,0,837,0,163,0,0,854,0,146,0,0,850,0,150,0,0,849,0,151,0,0,859,0,141,0,0,853,0,147,0,0,847,0,153,0,0,857,0,143,0,0,853,0,147,0,0,845,0,155,0,0,846,0,154,0,0,849,0,151,0,0
413,standard,0.1,851,0,149,0,0,845,0,155,0,0,854,0,146,0,0,848,0,152,0,0,854,0,146,0,0,851,0,149,0,0,844,0,156,0,0,844,0,156,0,0,860,1,139,0,0,843,0,157,0,0,850,0,150,0,0,836,0,164,0,0,850,0,150,0,0,846,0,154,0,0,858,0,142,0,0,852,0,148,0,0,843,0,157,0,0,842,0,158,0,0,849,0,151,0,0,850,0,150,0,0,843,1,156,0,0,852,0,148,0,0,835,0,165,0,0,857,0,143,0,0,850,0,150,0,0,846,0,154,0,0,843,0,157,0,0,846,0,154,0,0,847,0,153,0,0,842,1,157,0,0,853,0,147,0,0,847,0,153,0,0,843,0,157,0,0,850,0,150,0,0,848,0,152,0,0,852,0,148,0,0,854,0,146,0,0,849,0,151,0,0,837,0,163,0,0,854,0,146,0,0,850,0,150,0,0,849,0,151,0,0,859,0,141,0,0,853,0,147,0,0,847,0,153,0,0,857,0,143,0,0,853,0,147,0,0,845,0,155,0,0,846,0,154,0,0,849,0,151,0,0
414,standard,0.1,851,0,149,0,0,845,0,155,0,0,854,0,146,0,0,848,0,152,0,0,854,0,146,0,0,851,0,149,0,0,844,0,156,0,0,844,0,156,0,0,860,1,139,0,0,843,0,157,0,0,850,0,150,0,0,836,0,164,0,0,850,0,150,0,0,846,0,154,0,0,858,0,142,0,0,852,0,148,0,0,843,0,157,0,0,842,0,158,0,0,849,0,151,0,0,850,0,150,0,0,843,1,156,0,0,852,0,148,0,0,835,0,165,0,0,857,0,143,0,0,850,0,150,0,0,846,0,154,0,0,843,0,157,0,0,846,0,154,0,0,847,0,153,0,0,842,1,157,0,0,853,0,147,0,0,847,0,153,0,0,843,0,157,0,0,850,0,150,0,0,848,0,152,0,0,852,0,148,0,0,854,0,146,0,0,849,0,151,0,0,837,0,163,0,0,854,0,146,0,0,850,0,150,0,0,849,0,151,0,0,859,0,141,0,0,853,0,147,0,0,847,0,153,0,0,857,0,143,0,0,853,0,147,0,0,845,0,155,0,0,846,0,154,0,0,849,0,151,0,0
415,standard,0.1,851,0,149,0,0,845,0,155,0,0,854,0,146,0,0,848,0,152,0,0,854,0,146,0,0,851,0,149,0,0,844,0,156,0,0,844,0,156,0,0,860,1,139,0,0,843,0,157,0,0,850,0,150,0,0,836,0,164,0,0,850,0,150,0,0,846,0,154,0,0,858,0,142,0,0,852,0,148,0,0,843,0,157,0,0,842,0,158,0,0,849,0,151,0,0,850,0,150,0,0,843,1,156,0,0,852,0,148,0,0,835,0,165,0,0,857,0,143,0,0,850,0,150,0,0,846,0,154,0,0,843,0,157,0,0,846,0,154,0,0,847,0,153,0,0,842,1,157,0,0,853,0,147,0,0,847,0,153,0,0,843,0,157,0,0,850,0,150,0,0,848,0,152,0,0,852,0,148,0,0,854,0,146,0,0,849,0,151,0,0,837,0,163,0,0,854,0,146,0,0,850,0,150,0,0,849,0,151,0,0,859,0,141,0,0,853,0,147,0,0,847,0,153,0,0,857,0,143,0,0,853,0,147,0,0,845,0,155,0,0,846,0,154,0,0,849,0,151,0,0
416,standard,0.1,851,0,149,0,0,845,0,155,0,0,854,0,146,0,0,848,0,152,0,0,854,0,146,0,0,851,0,149,0,0,844,0,156,0,0,844,0,156,0,0,860,1,139,0,0,843,0,157,0,0,850,0,150,0,0,836,0,164,0,0,850,0,150,0,0,846,0,154,0,0,858,0,142,0,0,852,0,148,0,0,843,0,157,0,0,842,0,158,0,0,849,0,151,0,0,850,0,150,0,0,843,1,156,0,0,852,0,148,0,0,835,0,165,0,0,857,0,143,0,0,850,0,150,0,0,846,0,154,0,0,843,0,157,0,0,846,0,154,0,0,847,0,153,0,0,842,1,157,0,0,853,0,147,0,0,847,0,153,0,0,843,0,157,0,0,850,0,150,0,0,848,0,152,0,0,852,0,148,0,0,854,0,146,0,0,849,0,151,0,0,837,0,163,0,0,854,0,146,0,0,850,0,150,0,0,849,0,151,0,0,859,0,141,0,0,853,0,147,0,0,847,0,153,0,0,857,0,143,0,0,853,0,147,0,0,845,0,155,0,0,846,0,154,0,0,849,0,151,0,0
417,standard,0.1,851,0,149,0,0,845,0,155,0,0,854,0,146,0,0,848,0,152,0,0,854,0,146,0,0,851,0,149,0,0,844,0,156,0,0,844,0,156,0,0,860,1,139,0,0,843,0,157,0,0,850,0,150,0,0,836,0,164,0,0,850,0,150,0,0,846,0,154,0,0,858,0,142,0,0,852,0,148,0,0,843,0,157,0,0,842,0,158,0,0,849,0,151,0,0,850,0,150,0,0,843,1,156,0,0,852,0,148,0,0,835,0,165,0,0,857,0,143,0,0,850,0,150,0,0,846,0,154,0,0,843,0,157,0,0,846,0,154,0,0,847,0,153,0,0,842,1,157,0,0,853,0,147,0,0,847,0,153,0,0,843,0,157,0,0,850,0,150,0,0,848,0,152,0,0,852,0,148,0,0,854,0,146,0,0,849,0,151,0,0,837,0,163,0,0,854,0,146,0,0,850,0,150,0,0,849,0,151,0,0,859,0,141,0,0,853,0,147,0,0,847,0,153,0,0,857,0,143,0,0,853,0,147,0,0,845,0,155,0,0,846,0,154,0,0,849,0,151,0,0
418,standard,0.1,851,0,149,0,0,845,0,155,0,0,854,0,146,0,0,848,0,152,0,0,854,0,146,0,0,851,0,149,0,0,844,0,156,0,0,844,0,156,0,0,860,1,139,0,0,843,0,157,0,0,850,0,150,0,0,836,0,164,0,0,850,0,150,0,0,846,0,154,0,0,858,0,142,0,0,852,0,148,0,0,843,0,157,0,0,842,0,158,0,0,849,0,151,0,0,850,0,150,0,0,843,1,156,0,0,852,0,148,0,0,835,0,165,0,0,857,0,143,0,0,850,0,150,0,0,846,0,154,0,0,843,0,157,0,0,846,0,154,0,0,847,0,153,0,0,842,1,157,0,0,853,0,147,0,0,847,0,153,0,0,843,0,157,0,0,850,0,150,0,0,848,0,152,0,0,852,0,148,0,0,854,0,146,0,0,849,0,151,0,0,837,0,163,0,0,854,0,146,0,0,850,0,150,0,0,849,0,151,0,0,859,0,141,0,0,853,0,147,0,0,847,0,153,0,0,857,0,143,0,0,853,0,147,0,0,845,0,155,0,0,846,0,154,0,0,849,0,151,0,0
419,standard,0.1,851,0,149,0,0,845,0,155,0,0,854,0,146,0,0,848,0,152,0,0,854,0,146,0,0,851,0,149,0,0,844,0,156,0,0,844,0,156,0,0,860,1,139,0,0,843,0,157,0,0,850,0,150,0,0,836,0,164,0,0,850,0,150,0,0,846,0,154,0,0,858,0,142,0,0,852,0,148,0,0,843,0,157,0,0,842,0,158,0,0,849,0,151,0,0,850,0,150,0,0,843,0,157,0,0,852,0,148,0,0,835,0,165,0,0,857,0,143,0,0,850,0,150,0,0,846,0,154,0,0,843,0,157,0,0,846,0,154,0,0,847,0,153,0,0,841,1,158,0,0,853,0,147,0,0,847,0,153,0,0,843,0,157,0,0,850,0,150,0,0,848,0,152,0,0,852,0,148,0,0,854,0,146,0,0,849,0,151,0,0,837,0,163,0,0,854,0,146,0,0,850,0,150,0,0,849,0,151,0,0,859,0,141,0,0,853,0,147,0,0,847,0,153,0,0,857,0,143,0,0,853,0,147,0,0,845,0,155,0,0,846,0,154,0,0,849,0,151,0,0
420,standard,0.1,851,0,149,0,0,845,0,155,0,0,854,0,146,0,0,848,0,152,0,0,854,0,146,0,0,851,0,149,0,0,844,0,156,0,0,844,0,156,0,0,860,1,139,0,0,843,0,157,0,0,850,0,150,0,0,836,0,164,0,0,850,0,150,0,0,846,0,154,0,0,858,0,142,0,0,852,0,148,0,0,843,0,157,0,0,842,0,158,0,0,849,0,151,0,0,850,0,150,0,0,843,0,157,0,0,852,0,148,0,0,835,0,165,0,0,857,0,143,0,0,850,0,150,0,0,846,0,154,0,0,843,0,157,0,0,846,0,154,0,0,847,0,153,0,0,841,1,158,0,0,853,0,147,0,0,847,0,153,0,0,843,0,157,0,0,850,0,150,0,0,848,0,152,0,0,852,0,148,0,0,854,0,146,0,0,849,0,151,0,0,837,0,163,0,0,854,0,146,0,0,850,0,150,0,0,849,0,151,0,0,859,0,141,0,0,853,0,147,0,0,847,0,153,0,0,857,0,143,0,0,853,0,147,0,0,845,0,155,0,0,846,0,154,0,0,849,0,151,0,0
421,standard,0.1,851,0,149,0,0,845,0,155,0,0,854,0,146,0,0,848,0,152,0,0,854,0,146,0,0,851,0,149,0,0,844,0,156,0,0,844,0,156,0,0,860,1,139,0,0,843,0,157,0,0,850,0,150,0,0,836,0,164,0,0,850,0,150,0,0,846,0,154,0,0,858,0,142,0,0,852,0,148,0,0,843,0,157,0,0,842,0,158,0,0,849,0,151,0,0,850,0,150,0,0,843,0,157,0,0,852,0,148,0,0,835,0,165,0,0,857,0,143,0,0,850,0,150,0,0,846,0,154,0,0,843,0,157,0,0,846,0,154,0,0,847,0,153,0,0,841,1,158,0,0,853,0,147,0,0,847,0,153,0,0,843,0,157,0,0,850,0,150,0,0,848,0,152,0,0,852,0,148,0,0,854,0,146,0,0,849,0,151,0,0,837,0,163,0,0,854,0,146,0,0,850,0,150,0,0,849,0,151,0,0,859,0,141,0,0,853,0,147,0,0,847,0,153,0,0,857,0,143,0,0,853,0,147,0,0,845,0,155,0,0,846,0,154,0,0,849,0,151,0,0
422,standard,0.1,851,0,149,0,0,845,0,155,0,0,854,0,146,0,0,848,0,152,0,0,854,0,146,0,0,851,0,149,0,0,844,0,156,0,0,844,0,156,0,0,860,0,140,0,0,843,0,157,0,0,850,0,150,0,0,836,0,164,0,0,850,0,150,0,0,846,0,154,0,0,858,0,142,0,0,852,0,148,0,0,843,0,157,0,0,842,0,158,0,0,849,0,151,0,0,850,0,150,0,0,843,0,157,0,0,852,0,148,0,0,835,0,165,0,0,857,0,143,0,0,850,0,150,0,0,846,0,154,0,0,843,0,157,0,0,846,0,154,0,0,847,0,153,0,0,841,1,158,0,0,853,0,147,0,0,847,0,153,0,0,843,0,157,0,0,850,0,150,0,0,848,0,152,0,0,852,0,148,0,0,854,0,146,0,0,849,0,151,0,0,837,0,163,0,0,854,0,146,0,0,849,1,150,0,0,849,0,151,0,0,859,0,141,0,0,853,0,147,0,0,847,0,153,0,0,857,0,143,0,0,853,0,147,0,0,845,0,155,0,0,846,0,154,0,0,849,0,151,0,0
423,standard,0.1,850,1,149,0,0,845,0,155,0,0,854,0,146,0,0,848,0,152,0,0,854,0,146,0,0,851,0,149,0,0,844,0,156,0,0,844,0,156,0,0,860,0,140,0,0,843,0,157,0,0,850,0,150,0,0,836,0,164,0,0,849,1,150,0,0,846,0,154,0,0,858,0,142,0,0,852,0,148,0,0,843,0,157,0,0,842,0,158,0,0,849,0,151,0,0,850,0,150,0,0,843,0,157,0,0,852,0,148,0,0,835,0,165,0,0,857,0,143,0,0,850,0,150,0,0,846,0,154,0,0,843,0,157,0,0,846,0,154,0,0,847,0,153,0,0,841,1,158,0,0,853,0,147,0,0,847,0,153,0,0,843,0,157,0,0,850,0,150,0,0,848,0,152,0,0,852,0,148,0,0,854,0,146,0,0,849,0,151,0,0,837,0,163,0,0,854,0,146,0,0,849,1,150,0,0,849,0,151,0,0,859,0,141,0,0,853,0,147,0,0,847,0,153,0,0,857,0,143,0,0,853,0,147,0,0,845,0,155,0,0,846,0,154,0,0,849,0,151,0,0
424,standard,0.1,850,1,149,0,0,845,0,155,0,0,854,0,146,0,0,848,0,152,0,0,854,0,146,0,0,851,0,149,0,0,844,0,156,0,0,844,0,156,0,0,860,0,140,0,0,843,0,157,0,0,850,0,150,0,0,836,0,164,0,0,849,1,150,0,0,846,0,154,0,0,858,0,142,0,0,852,0,148,0,0,843,0,157,0,0,842,0,158,0,0,849,0,151,0,0,850,0,150,0,0,843,0,157,0,0,852,0,148,0,0,835,0,165,0,0,857,0,143,0,0,850,0,150,0,0,846,0,154,0,0,843,0,157,0,0,846,0,154,0,0,847,0,153,0,0,840,2,158,0,0,853,0,147,0,0,847,0,153,0,0,843,0,157,0,0,850,0,150,0,0,848,0,152,0,0,852,0,148,0,0,854,0,146,0,0,849,0,151,0,0,837,0,163,0,0,854,0,146,0,0,849,1,150,0,0,849,0,151,0,0,859,0,141,0,0,853,0,147,0,0,847,0,153,0,0,857,0,143,0,0,853,0,147,0,0,845,0,155,0,0,846,0,154,0,0,849,0,151,0,0
425,standard,0.1,850,1,149,0,0,845,0,155,0,0,854,0,146,0,0,848,0,152,0,0,854,0,146,0,0,851,0,149,0,0,844,0,156,0,0,844,0,156,0,0,860,0,140,0,0,843,0,157,0,0,850,0,150,0,0,836,0,164,0,0,849,1,150,0,0,846,0,154,0,0,858,0,142,0,0,852,0,148,0,0,843,0,157,0,0,842,0,158,0,0,849,0,151,0,0,850,0,150,0,0,843,0,157,0,0,852,0,148,0,0,835,0,165,0,0,857,0,143,0,0,850,0,150,0,0,846,0,154,0,0,843,0,157,0,0,846,0,154,0,0,847,0,153,0,0,840,2,158,0,0,853,0,147,0,0,847,0,153,0,0,843,0,157,0,0,850,0,150,0,0,848,0,152,0,0,852,0,148,0,0,854,0,146,0,0,849,0,151,0,0,837,0,163,0,0,854,0,146,0,0,849,1,150,0,0,849,0,151,0,0,859,0,141,0,0,853,0,147,0,0,847,0,153,0,0,857,0,143,0,0,853,0,147,0,0,845,0,155,0,0,846,0,154,0,0,849,0,151,0,0
426,standard,0.1,850,1,149,0,0,845,0,155,0,0,854,0,146,0,0,848,0,152,0,0,854,0,146,0,0,851,0,149,0,0,844,0,156,0,0,844,0,156,0,0,860,0,140,0,0,843,0,157,0,0,850,0,150,0,0,836,0,164,0,0,849,1,150,0,0,846,0,154,0,0,858,0,142,0,0,852,0,148,0,0,843,0,157,0,0,842,0,158,0,0,849,0,151,0,0,850,0,150,0,0,843,0,157,0,0,852,0,148,0,0,835,0,165,0,0,857,0,143,0,0,850,0,150,0,0,846,0,154,0,0,843,0,157,0,0,846,0,154,0,0,847,0,153,0,0,840,2,158,0,0,853,0,147,0,0,847,0,153,0,0,843,0,157,0,0,850,0,150,0,0,848,0,152,0,0,852,0,148,0,0,854,0,146,0,0,849,0,151,0,0,837,0,163,0,0,854,0,146,0,0,849,1,150,0,0,849,0,151,0,0,859,0,141,0,0,853,0,147,0,0,847,0,153,0,0,857,0,143,0,0,853,0,147,0,0,845,0,155,0,0,846,0,154,0,0,849,0,151,0,0
427,standard,0.1,850,1,149,0,0,845,0,155,0,0,854,0,146,0,0,848,0,152,0,0,854,0,146,0,0,851,0,149,0,0,844,0,156,0,0,844,0,156,0,0,860,0,140,0,0,843,0,157,0,0,850,0,150,0,0,836,0,164,0,0,849,1,150,0,0,846,0,154,0,0,858,0,142,0,0,852,0,148,0,0,843,0,157,0,0,842,0,158,0,0,849,0,151,0,0,850,0,150,0,0,843,0,157,0,0,852,0,148,0,0,835,0,165,0,0,857,0,143,0,0,850,0,150,0,0,846,0,154,0,0,843,0,157,0,0,846,0,154,0,0,847,0,153,0,0,840,2,158,0,0,853,0,147,0,0,847,0,153,0,0,843,0,157,0,0,850,0,150,0,0,848,0,152,0,0,852,0,148,0,0,854,0,146,0,0,849,0,151,0,0,837,0,163,0,0,854,0,146,0,0,849,1,150,0,0,849,0,151,0,0,859,0,141,0,0,853,0,147,0,0,847,0,153,0,0,857,0,143,0,0,853,0,147,0,0,845,0,155,0,0,846,0,154,0,0,849,0,151,0,0
428,standard,0.1,850,1,149,0,0,845,0,155,0,0,854,0,146,0,0,848,0,152,0,0,854,0,146,0,0,851,0,149,0,0,844,0,156,0,0,844,0,156,0,0,860,0,140,0,0,843,0,157,0,0,850,0,150,0,0,836,0,164,0,0,849,1,150,0,0,846,0,154,0,0,858,0,142,0,0,852,0,148,0,0,843,0,157,0,0,842,0,158,0,0,849,0,151,0,0,850,0,150,0,0,843,0,157,0,0,852,0,148,0,0,835,0,165,0,0,857,0,143,0,0,850,0,150,0,0,846,0,154,0,0,843,0,157,0,0,846,0,154,0,0,847,0,153,0,0,840,2,158,0,0,853,0,147,0,0,847,0,153,0,0,843,0,157,0,0,850,0,150,0,0,848,0,152,0,0,852,0,148,0,0,854,0,146,0,0,849,0,151,0,0,837,0,163,0,0,854,0,146,0,0,849,1,150,0,0,849,0,151,0,0,859,0,141,0,0,853,0,147,0,0,847,0,153,0,0,857,0,143,0,0,853,0,147,0,0,845,0,155,0,0,846,0,154,0,0,849,0,151,0,0
429,standard,0.1,850,1,149,0,0,845,0,155,0,0,854,0,146,0,0,848,0,152,0,0,854,0,146,0,0,851,0,149,0,0,844,0,156,0,0,844,0,156,0,0,860,0,140,0,0,843,0,157,0,0,850,0,150,0,0,836,0,164,0,0,849,1,150,0,0,846,0,154,0,0,858,0,142,0,0,852,0,148,0,0,843,0,157,0,0,842,0,158,0,0,849,0,151,0,0,850,0,150,0,0,843,0,157,0,0,852,0,148,0,0,835,0,165,0,0,857,0,143,0,0,850,0,150,0,0,846,0,154,0,0,843,0,157,0,0,846,0,154,0,0,847,0,153,0,0,840,2,158,0,0,853,0,147,0,0,847,0,153,0,0,843,0,157,0,0,850,0,150,0,0,848,0,152,0,0,852,0,148,0,0,854,0,146,0,0,849,0,151,0,0,837,0,163,0,0,854,0,146,0,0,849,1,150,0,0,849,0,151,0,0,859,0,141,0,0,853,0,147,0,0,847,0,153,0,0,857,0,143,0,0,853,0,147,0,0,845,0,155,0,0,846,0,154,0,0,849,0,151,0,0
430,standard,0.1,850,1,149,0,0,845,0,155,0,0,854,0,146,0,0,848,0,152,0,0,854,0,146,0,0,851,0,149,0,0,844,0,156,0,0,844,0,156,0,0,860,0,140,0,0,843,0,157,0,0,850,0,150,0,0,836,0,164,0,0,849,1,150,0,0,846,0,154,0,0,858,0,142,0,0,852,0,148,0,0,843,0,157,0,0,842,0,158,0,0,849,0,151,0,0,850,0,150,0,0,843,0,157,0,0,852,0,148,0,0,835,0,165,0,0,857,0,143,0,0,850,0,150,0,0,846,0,154,0,0,843,0,157,0,0,846,0,154,0,0,847,0,153,0,0,840,2,158,0,0,853,0,147,0,0,847,0,153,0,0,843,0,157,0,0,850,0,150,0,0,848,0,152,0,0,852,0,148,0,0,854,0,146,0,0,849,0,151,0,0,837,0,163,0,0,854,0,146,0,0,849,1,150,0,0,849,0,151,0,0,859,0,141,0,0,853,0,147,0,0,847,0,153,0,0,857,0,143,0,0,853,0,147,0,0,845,0,155,0,0,846,0,154,0,0,849,0,151,0,0
431,standard,0.1,850,1,149,0,0,845,0,155,0,0,854,0,146,0,0,848,0,152,0,0,854,0,146,0,0,851,0,149,0,0,844,0,156,0,0,844,0,156,0,0,860,0,140,0,0,843,0,157,0,0,850,0,150,0,0,836,0,164,0,0,849,1,150,0,0,846,0,154,0,0,858,0,142,0,0,852,0,148,0,0,843,0,157,0,0,842,0,158,0,0,849,0,151,0,0,850,0,150,0,0,843,0,157,0,0,852,0,148,0,0,835,0,165,0,0,857,0,143,0,0,850,0,150,0,0,846,0,154,0,0,843,0,157,0,0,846,0,154,0,0,847,0,153,0,0,840,2,158,0,0,853,0,147,0,0,847,0,153,0,0,843,0,157,0,0,850,0,150,0,0,848,0,152,0,0,852,0,148,0,0,854,0,146,0,0,849,0,151,0,0,837,0,163,0,0,854,0,146,0,0,849,1,150,0,0,849,0,151,0,0,859,0,141,0,0,853,0,147,0,0,847,0,153,0,0,857,0,143,0,0,853,0,147,0,0,845,0,155,0,0,846,0,154,0,0,849,0,151,0,0
432,standard,0.1,850,1,149,0,0,845,0,155,0,0,854,0,146,0,0,848,0,152,0,0,854,0,146,0,0,851,0,149,0,0,844,0,156,0,0,844,0,156,0,0,860,0,140,0,0,843,0,157,0,0,850,0,150,0,0,836,0,164,0,0,849,1,150,0,0,846,0,154,0,0,858,0,142,0,0,852,0,148,0,0,843,0,157,0,0,842,0,158,0,0,849,0,151,0,0,850,0,150,0,0,843,0,157,0,0,852,0,148,0,0,835,0,165,0,0,857,0,143,0,0,850,0,150,0,0,846,0,154,0,0,843,0,157,0,0,846,0,154,0,0,847,0,153,0,0,840,1,159,0,0,853,0,147,0,0,847,0,153,0,0,843,0,157,0,0,850,0,150,0,0,848,0,152,0,0,852,0,148,0,0,854,0,146,0,0,849,0,151,0,0,837,0,163,0,0,854,0,146,0,0,849,1,150,0,0,849,0,151,0,0,859,0,141,0,0,853,0,147,0,0,847,0,153,0,0,857,0,143,0,0,853,0,147,0,0,845,0,155,0,0,846,0,154,0,0,849,0,151,0,0
433,standard,0.1,850,1,149,0,0,845,0,155,0,0,854,0,146,0,0,848,0,152,0,0,854,0,146,0,0,851,0,149,0,0,844,0,156,0,0,844,0,156,0,0,860,0,140,0,0,843,0,157,0,0,850,0,150,0,0,836,0,164,0,0,849,1,150,0,0,846,0,154,0,0,858,0,142,0,0,852,0,148,0,0,843,0,157,0,0,842,0,158,0,0,849,0,151,0,0,850,0,150,0,0,843,0,157,0,0,852,0,148,0,0,835,0,165,0,0,857,0,143,0,0,850,0,150,0,0,846,0,154,0,0,843,0,157,0,0,846,0,154,0,0,847,0,153,0,0,840,1,159,0,0,853,0,147,0,0,847,0,153,0,0,843,0,157,0,0,850,0,150,0,0,848,0,152,0,0,852,0,148,0,0,854,0,146,0,0,849,0,151,0,0,837,0,163,0,0,854,0,146,0,0,849,1,150,0,0,849,0,151,0,0,859,0,141,0,0,853,0,147,0,0,847,0,153,0,0,857,0,143,0,0,853,0,147,0,0,845,0,155,0,0,846,0,154,0,0,849,0,151,0,0
434,standard,0.1,850,1,149,0,0,845,0,155,0,0,854,0,146,0,0,848,0,152,0,0,854,0,146,0,0,851,0,149,0,0,844,0,156,0,0,844,0,156,0,0,860,0,140,0,0,843,0,157,0,0,850,0,150,0,0,836,0,164,0,0,849,1,150,0,0,846,0,154,0,0,858,0,142,0,0,852,0,148,0,0,843,0,157,0,0,842,0,158,0,0,848,1,151,0,0,850,0,150,0,0,843,0,157,0,0,852,0,148,0,0,835,0,165,0,0,857,0,143,0,0,850,0,150,0,0,846,0,154,0,0,843,0,157,0,0,846,0,154,0,0,847,0,153,0,0,840,1,159,0,0,853,0,147,0,0,847,0,153,0,0,843,0,157,0,0,850,0,150,0,0,848,0,152,0,0,852,0,148,0,0,854,0,146,0,0,849,0,151,0,0,837,0,163,0,0,854,0,146,0,0,849,1,150,0,0,849,0,151,0,0,859,0,141,0,0,853,0,147,0,0,847,0,153,0,0,857,0,143,0,0,853,0,147,0,0,845,0,155,0,0,846,0,154,0,0,849,0,151,0,0
435,standard,0.1,850,1,149,0,0,845,0,155,0,0,854,0,146,0,0,848,0,152,0,0,854,0,146,0,0,851,0,149,0,0,844,0,156,0,0,844,0,156,0,0,860,0,140,0,0,843,0,157,0,0,850,0,150,0,0,836,0,164,0,0,849,1,150,0,0,846,0,154,0,0,858,0,142,0,0,852,0,148,0,0,843,0,157,0,0,842,0,158,0,0,848,1,151,0,0,850,0,150,0,0,843,0,157,0,0,852,0,148,0,0,835,0,165,0,0,857,0,143,0,0,850,0,150,0,0,846,0,154,0,0,843,0,157,0,0,846,0,154,0,0,847,0,153,0,0,840,1,159,0,0,853,0,147,0,0,847,0,153,0,0,843,0,157,0,0,850,0,150,0,0,848,0,152,0,0,852,0,148,0,0,854,0,146,0,0,849,0,151,0,0,837,0,163,0,0,854,0,146,0,0,849,0,151,0,0,849,0,151,0,0,859,0,141,0,0,853,0,147,0,0,847,0,153,0,0,857,0,143,0,0,853,0,147,0,0,845,0,155,0,0,846,0,154,0,0,849,0,151,0,0
436,standard,0.1,850,0,150,0,0,845,0,155,0,0,854,0,146,0,0,848,0,152,0,0,854,0,146,0,0,851,0,149,0,0,844,0,156,0,0,844,0,156,0,0,860,0,140,0,0,843,0,157,0,0,850,0,150,0,0,836,0,164,0,0,849,0,151,0,0,846,0,154,0,0,858,0,142,0,0,852,0,148,0,0,843,0,157,0,0,842,0,158,0,0,848,1,151,0,0,850,0,150,0,0,843,0,157,0,0,852,0,148,0,0,835,0,165,0,0,857,0,143,0,0,850,0,150,0,0,846,0,154,0,0,843,0,157,0,0,846,0,154,0,0,847,0,153,0,0,840,1,159,0,0,853,0,147,0,0,847,0,153,0,0,843,0,157,0,0,850,0,150,0,0,848,0,152,0,0,852,0,148,0,0,854,0,146,0,0,849,0,151,0,0,837,0,163,0,0,854,0,146,0,0,849,0,151,0,0,849,0,151,0,0,859,0,141,0,0,853,0,147,0,0,847,0,153,0,0,857,0,143,0,0,853,0,147,0,0,845,0,155,0,0,846,0,154,0,0,849,0,151,0,0
437,standard,0.1,850,0,150,0,0,845,0,155,0,0,854,0,146,0,0,848,0,152,0,0,854,0,146,0,0,851,0,149,0,0,844,0,156,0,0,844,0,156,0,0,860,0,140,0,0,843,0,157,0,0,850,0,150,0,0,836,0,164,0,0,849,0,151,0,0,846,0,154,0,0,858,0,142,0,0,852,0,148,0,0,843,0,157,0,0,842,0,158,0,0,848,1,151,0,0,850,0,150,0,0,843,0,157,0,0,852,0,148,0,0,835,0,165,0,0,857,0,143,0,0,850,0,150,0,0,846,0,154,0,0,843,0,157,0,0,846,0,154,0,0,847,0,153,0,0,840,0,160,0,0,853,0,147,0,0,847,0,153,0,0,843,0,157,0,0,850,0,150,0,0,848,0,152,0,0,852,0,148,0,0,854,0,146,0,0,849,0,151,0,0,837,0,163,0,0,854,0,146,0,0,849,0,151,0,0,849,0,151,0,0,859,0,141,0,0,853,0,147,0,0,847,0,153,0,0,857,0,143,0,0,853,0,147,0,0,845,0,155,0,0,846,0,154,0,0,849,0,151,0,0
438,standard,0.1,850,0,150,0,0,845,0,155,0,0,854,0,146,0,0,848,0,152,0,0,854,0,146,0,0,851,0,149,0,0,844,0,156,0,0,844,0,156,0,0,860,0,140,0,0,843,0,157,0,0,850,0,150,0,0,836,0,164,0,0,849,0,151,0,0,846,0,154,0,0,858,0,142,0,0,852,0,148,0,0,843,0,157,0,0,842,0,158,0,0,848,1,151,0,0,850,0,150,0,0,843,0,157,0,0,852,0,148,0,0,835,0,165,0,0,857,0,143,0,0,850,0,150,0,0,846,0,154,0,0,843,0,157,0,0,846,0,154,0,0,847,0,153,0,0,840,0,160,0,0,853,0,147,0,0,847,0,153,0,0,843,0,157,0,0,850,0,150,0,0,848,0,152,0,0,852,0,148,0,0,854,0,146,0,0,849,0,151,0,0,837,0,163,0,0,854,0,146,0,0,849,0,151,0,0,849,0,151,0,0,859,0,141,0,0,853,0,147,0,0,847,0,153,0,0,857,0,143,0,0,853,0,147,0,0,845,0,155,0,0,846,0,154,0,0,849,0,151,0,0
439,standard,0.1,850,0,150,0,0,845,0,155,0,0,854,0,146,0,0,848,0,152,0,0,854,0,146,0,0,851,0,149,0,0,844,0,156,0,0,844,0,156,0,0,860,0,140,0,0,843,0,157,0,0,850,0,150,0,0,836,0,164,0,0,849,0,151,0,0,846,0,154,0,0,858,0,142,0,0,852,0,148,0,0,843,0,157,0,0,842,0,158,0,0,848,1,151,0,0,850,0,150,0,0,843,0,157,0,0,852,0,148,0,0,835,0,165,0,0,857,0,143,0,0,850,0,150,0,0,846,0,154,0,0,843,0,157,0,0,846,0,154,0,0,847,0,153,0,0,840,0,160,0,0,853,0,147,0,0,847,0,153,0,0,843,0,157,0,0,850,0,150,0,0,848,0,152,0,0,852,0,148,0,0,854,0,146,0,0,849,0,151,0,0,837,0,163,0,0,854,0,146,0,0,849,0,151,0,0,849,0,151,0,0,859,0,141,0,0,853,0,147,0,0,847,0,153,0,0,857,0,143,0,0,853,0,147,0,0,845,0,155,0,0,846,0,154,0,0,849,0,151,0,0
440,standard,0.1,850,0,150,0,0,845,0,155,0,0,854,0,146,0,0,848,0,152,0,0,854,0,146,0,0,851,0,149,0,0,844,0,156,0,0,844,0,156,0,0,860,0,140,0,0,843,0,157,0,0,850,0,150,0,0,836,0,164,0,0,849,0,151,0,0,846,0,154,0,0,858,0,142,0,0,852,0,148,0,0,843,0,157,0,0,842,0,158,0,0,848,1,151,0,0,850,0,150,0,0,843,0,157,0,0,852,0,148,0,0,835,0,165,0,0,857,0,143,0,0,850,0,150,0,0,846,0,154,0,0,843,0,157,0,0,846,0,154,0,0,847,0,153,0,0,840,0,160,0,0,853,0,147,0,0,847,0,153,0,0,843,0,157,0,0,850,0,150,0,0,848,0,152,0,0,852,0,148,0,0,854,0,146,0,0,849,0,151,0,0,837,0,163,0,0,854,0,146,0,0,849,0,151,0,0,849,0,151,0,0,859,0,141,0,0,853,0,147,0,0,847,0,153,0,0,857,0,143,0,0,853,0,147,0,0,845,0,155,0,0,846,0,154,0,0,849,0,151,0,0
441,standard,0.1,850,0,150,0,0,845,0,155,0,0,854,0,146,0,0,848,0,152,0,0,854,0,146,0,0,851,0,149,0,0,844,0,156,0,0,844,0,156,0,0,860,0,140,0,0,843,0,157,0,0,850,0,150,0,0,836,0,164,0,0,849,0,151,0,0,846,0,154,0,0,858,0,142,0,0,852,0,148,0,0,843,0,157,0,0,842,0,158,0,0,848,1,151,0,0,850,0,150,0,0,843,0,157,0,0,852,0,148,0,0,835,0,165,0,0,857,0,143,0,0,850,0,150,0,0,846,0,154,0,0,843,0,157,0,0,846,0,154,0,0,847,0,153,0,0,840,0,160,0,0,853,0,147,0,0,847,0,153,0,0,843,0,157,0,0,850,0,150,0,0,848,0,152,0,0,852,0,148,0,0,854,0,146,0,0,849,0,151,0,0,837,0,163,0,0,854,0,146,0,0,849,0,151,0,0,849,0,151,0,0,859,0,141,0,0,853,0,147,0,0,847,0,153,0,0,857,0,143,0,0,853,0,147,0,0,845,0,155,0,0,846,0,154,0,0,849,0,151,0,0
442,standard,0.1,850,0,150,0,0,845,0,155,0,0,854,0,146,0,0,848,0,152,0,0,854,0,146,0,0,851,0,149,0,0,844,0,156,0,0,844,0,156,0,0,860,0,140,0,0,843,0,157,0,0,850,0,150,0,0,836,0,164,0,0,849,0,151,0,0,846,0,154,0,0,858,0,142,0,0,852,0,148,0,0,843,0,157,0,0,842,0,158,0,0,848,1,151,0,0,850,0,150,0,0,843,0,157,0,0,852,0,148,0,0,835,0,165,0,0,857,0,143,0,0,850,0,150,0,0,846,0,154,0,0,843,0,157,0,0,846,0,154,0,0,847,0,153,0,0,840,0,160,0,0,853,0,147,0,0,847,0,153,0,0,843,0,157,0,0,850,0,150,0,0,848,0,152,0,0,852,0,148,0,0,854,0,146,0,0,849,0,151,0,0,837,0,163,0,0,854,0,146,0,0,849,0,151,0,0,849,0,151,0,0,859,0,141,0,0,853,0,147,0,0,847,0,153,0,0,857,0,143,0,0,853,0,147,0,0,845,0,155,0,0,846,0,154,0,0,849,0,151,0,0
443,standard,0.1,850,0,144,6,0,845,0,146,9,0,854,0,137,9,0,848,0,148,4,0,854,0,139,7,0,851,0,143,6,0,844,0,147,9,0,844,0,147,9,0,860,0,136,4,0,843,0,150,7,0,850,0,144,6,0,836,0,157,7,0,849,0,147,4,0,846,0,146,8,0,858,0,135,7,0,852,0,142,6,0,843,0,152,5,0,842,0,150,8,0,848,1,142,9,0,850,0,143,7,0,843,0,153,4,0,852,0,137,11,0,835,0,157,8,0,857,0,136,7,0,850,0,139,11,0,846,0,146,8,0,843,0,144,13,0,846,0,145,9,0,847,0,146,7,0,840,0,155,5,0,853,0,141,6,0,847,0,148,5,0,843,0,147,10,0,850,0,143,7,0,848,0,144,8,0,852,0,141,7,0,854,0,141,5,0,849,0,142,9,0,837,0,161,2,0,854,0,139,7,0,849,0,144,7,0,849,0,143,8,0,859,0,135,6,0,853,0,137,10,0,847,0,143,10,0,857,0,132,11,0,853,0,143,4,0,845,0,149,6,0,846,0,151,3,0,849,0,137,14,0
444,standard,0.1,850,0,144,6,0,845,0,146,9,0,854,0,137,9,0,848,0,147,5,0,854,0,139,7,0,851,0,142,7,0,844,0,147,9,0,843,1,147,9,0,860,0,136,4,0,843,0,150,7,0,850,0,144,6,0,836,0,157,7,0,849,0,147,4,0,846,0,146,8,0,858,0,135,7,0,852,0,142,6,0,843,0,152,5,0,842,0,150,8,0,848,1,142,9,0,850,0,143,7,0,843,0,153,4,0,852,0,137,11,0,835,0,157,8,0,857,0,136,7,0,850,0,139,11,0,846,0,146,8,0,843,0,144,13,0,846,0,144,10,0,847,0,146,7,0,840,0,155,5,0,853,0,141,6,0,847,0,148,5,0,843,0,147,10,0,850,0,143,7,0,848,0,144,8,0,852,0,141,7,0,854,0,141,5,0,849,0,142,9,0,837,0,161,2,0,854,0,139,7,0,849,0,143,8,0,849,0,143,8,0,859,0,135,6,0,853,0,136,11,0,847,0,143,10,0,857,0,132,11,0,853,0,143,4,0,845,0,149,6,0,846,0,151,3,0,849,0,137,14,0
445,standard,0.1,850,0,144,6,0,845,0,146,9,0,854,0,137,9,0,848,0,147,5,0,854,0,139,7,0,851,0,142,7,0,844,0,147,9,0,843,1,147,9,0,860,0,135,5,0,843,0,150,7,0,850,0,144,6,0,836,0,157,7,0,849,0,147,4,0,846,0,146,8,0,858,0,135,7,0,852,0,141,7,0,843,0,152,5,0,842,0,150,8,0,848,1,141,10,0,850,0,143,7,0,843,0,153,4,0,852,0,137,11,0,835,0,157,8,0,857,0,136,7,0,850,0,139,11,0,846,0,146,8,0,843,0,144,13,0,846,0,144,10,0,847,0,146,7,0,840,0,155,5,0,853,0,141,6,0,847,0,148,5,0,843,0,147,10,0,850,0,143,7,0,848,0,143,9,0,852,0,141,7,0,854,0,141,5,0,849,0,142,9,0,837,0,161,2,0,854,0,139,7,0,849,0,143,8,0,849,0,143,8,0,859,0,135,6,0,853,0,136,11,0,847,0,143,10,0,857,0,132,11,0,853,0,143,4,0,845,0,149,6,0,846,0,151,3,0,849,0,137,14,0
446,standard,0.1,850,0,143,7,0,845,0,146,9,0,854,0,137,9,0,848,0,147,5,0,854,0,139,7,0,851,0,142,7,0,844,0,147,9,0,843,1,146,10,0,860,0,135,5,0,843,0,150,7,0,850,0,144,6,0,836,0,157,7,0,849,0,147,4,0,846,0,146,8,0,858,0,135,7,0,852,0,141,7,0,843,0,152,5,0,842,0,150,8,0,848,1,140,11,0,850,0,143,7,0,843,0,153,4,0,852,0,137,11,0,835,0,157,8,0,857,0,136,7,0,850,0,139,11,0,846,0,146,8,0,843,0,144,13,0,846,0,143,11,0,847,0,146,7,0,840,0,155,5,0,853,0,141,6,0,847,0,148,5,0,843,0,147,10,0,850,0,143,7,0,848,0,143,9,0,852,0,141,7,0,854,0,141,5,0,849,0,142,9,0,837,0,161,2,0,854,0,139,7,0,849,0,143,8,0,849,0,143,8,0,859,0,135,6,0,853,0,136,11,0,847,0,143,10,0,857,0,132,11,0,853,0,143,4,0,845,0,149,6,0,846,0,151,3,0,849,0,137,14,0
447,standard,0.1,850,0,143,7,0,845,0,146,9,0,854,0,137,9,0,848,0,147,5,0,854,0,138,8,0,851,0,142,7,0,844,0,147,9,0,843,1,146,10,0,860,0,135,5,0,843,0,150,7,0,850,0,144,6,0,836,0,157,7,0,849,0,147,4,0,846,0,146,8,0,858,0,135,7,0,852,0,141,7,0,843,0,152,5,0,842,0,150,8,0,848,0,141,11,0,850,0,143,7,0,843,0,153,4,0,852,0,137,11,0,835,0,157,8,0,857,0,136,7,0,850,0,138,12,0,846,0,146,8,0,843,0,144,13,0,846,0,143,11,0,847,0,146,7,0,840,0,155,5,0,853,0,141,6,0,847,0,147,6,0,843,0,147,10,0,850,0,143,7,0,848,0,143,9,0,852,0,141,7,0,854,0,141,5,0,849,0,142,9,0,837,0,161,2,0,854,0,139,7,0,849,0,143,8,0,849,0,143,8,0,859,0,135,6,0,853,0,136,11,0,847,0,143,10,0,857,0,132,11,0,853,0,143,4,0,845,0,149,6,0,846,0,151,3,0,849,0,137,14,0
448,standard,0.1,850,0,143,7,0,845,0,146,9,0,854,0,137,9,0,848,0,147,5,0,854,0,138,8,0,851,0,142,7,0,844,0,147,9,0,843,1,146,10,0,860,0,135,5,0,843,0,147,10,0,850,0,144,6,0,836,0,157,7,0,849,0,146,5,0,846,0,145,9,0,858,0,135,7,0,852,0,141,7,0,843,0,151,6,0,842,0,150,8,0,848,0,141,11,0,850,0,143,7,0,843,0,151,6,0,852,0,137,11,0,835,0,157,8,0,857,0,136,7,0,850,0,138,12,0,846,0,146,8,0,843,0,144,13,0,846,0,143,11,0,847,0,146,7,0,840,0,155,5,0,853,0,141,6,0,847,0,147,6,0,843,0,147,10,0,850,0,143,7,0,848,0,143,9,0,852,0,141,7,0,854,0,140,6,0,849,0,142,9,0,837,0,161,2,0,854,0,139,7,0,849,0,143,8,0,849,0,143,8,0,859,0,135,6,0,853,0,136,11,0,847,0,143,10,0,857,0,132,11,0,853,0,143,4,0,845,0,149,6,0,846,0,151,3,0,849,0,137,14,0
449,standard,0.1,850,0,143,7,0,845,0,146,9,0,854,0,137,9,0,848,0,147,5,0,854,0,138,8,0,851,0,142,7,0,844,0,147,9,0,843,1,146,10,0,860,0,135,5,0,843,0,147,10,0,850,0,144,6,0,836,0,157,7,0,848,1,146,5,0,846,0,145,9,0,858,0,135,7,0,852,0,141,7,0,843,0,151,6,0,842,0,150,8,0,848,0,141,11,0,850,0,143,7,0,843,0,150,7,0,852,0,137,11,0,835,0,156,9,0,857,0,136,7,0,850,0,138,12,0,846,0,146,8,0,843,0,144,13,0,846,0,143,11,0,847,0,146,7,0,840,0,155,5,0,853,0,141,6,0,847,0,147,6,0,843,0,147,10,0,850,0,143,7,0,848,0,143,9,0,852,0,141,7,0,854,0,140,6,0,849,0,142,9,0,837,0,161,2,0,854,0,139,7,0,849,0,143,8,0,849,0,143,8,0,859,0,135,6,0,853,0,136,11,0,847,0,143,10,0,857,0,132,11,0,853,0,143,4,0,845,0,149,6,0,846,0,151,3,0,849,0,137,14,0
450,standard,0.1,850,0,143,7,0,845,0,146,9,0,854,0,136,10,0,848,0,147,5,0,854,0,138,8,0,851,0,142,7,0,844,0,147,9,0,843,1,146,10,0,860,0,135,5,0,843,0,147,10,0,850,0,144,6,0,836,0,157,7,0,848,1,146,5,0,846,0,145,9,0,858,0,135,7,0,852,0,141,7,0,843,0,151,6,0,842,0,150,8,0,848,0,141,11,0,850,0,143,7,0,843,0,149,8,0,852,0,137,11,0,835,0,156,9,0,857,0,136,7,0,850,0,138,12,0,846,0,146,8,0,843,0,144,13,0,846,0,143,11,0,847,0,146,7,0,840,0,155,5,0,853,0,141,6,0,847,0,147,6,0,843,0,147,10,0,850,0,143,7,0,848,0,142,10,0,852,0,141,7,0,854,0,140,6,0,849,0,141,10,0,837,0,161,2,0,854,0,139,7,0,849,0,143,8,0,849,0,143,8,0,859,0,135,6,0,853,0,136,11,0,847,0,143,10,0,857,0,132,11,0,853,0,143,4,0,845,0,148,7,0,846,0,151,3,0,849,0,137,14,0
451,standard,0.1,850,0,143,7,0,845,0,146,9,0,854,0,136,10,0,848,0,147,5,0,854,0,138,8,0,851,0,142,7,0,844,0,147,9,0,843,1,146,10,0,860,0,135,5,0,843,0,147,10,0,850,0,144,6,0,836,0,156,8,0,848,1,146,5,0,846,0,145,9,0,858,0,135,7,0,852,0,141,7,0,843,0,151,6,0,842,0,150,8,0,848,0,141,11,0,850,0,143,7,0,843,0,149,8,0,852,0,136,12,0,835,0,156,9,0,857,0,136,7,0,850,0,138,12,0,846,0,146,8,0,843,0,144,13,0,846,0,143,11,0,847,0,146,7,0,840,0,155,5,0,853,0,141,6,0,847,0,147,6,0,843,0,147,10,0,850,0,143,7,0,848,0,142,10,0,852,0,140,8,0,854,0,140,6,0,849,0,141,10,0,837,0,161,2,0,854,0,139,7,0,849,0,143,8,0,849,0,142,9,0,859,0,135,6,0,853,0,136,11,0,847,0,143,10,0,857,0,132,11,0,853,0,143,4,0,845,0,148,7,0,846,0,151,3,0,849,0,137,14,0
452,standard,0.1,850,0,143,7,0,845,0,146,9,0,854,0,136,10,0,848,0,147,5,0,854,0,138,8,0,851,0,142,7,0,844,0,147,9,0,843,1,146,10,0,860,0,135,5,0,843,0,147,10,0,850,0,144,6,0,836,0,156,8,0,848,1,145,6,0,846,0,145,9,0,858,0,135,7,0,852,0,141,7,0,843,0,151,6,0,842,0,150,8,0,848,0,140,12,0,850,0,143,7,0,843,0,148,9,0,852,0,136,12,0,835,0,156,9,0,857,0,136,7,0,850,0,138,12,0,846,0,146,8,0,843,0,144,13,0,846,0,143,11,0,847,0,146,7,0,840,0,155,5,0,853,0,141,6,0,847,0,147,6,0,843,0,147,10,0,850,0,143,7,0,848,0,142,10,0,852,0,140,8,0,854,0,140,6,0,849,0,141,10,0,837,0,161,2,0,854,0,139,7,0,849,0,142,9,0,849,0,142,9,0,859,0,134,7,0,853,0,136,11,0,847,0,143,10,0,857,0,131,12,0,853,0,142,5,0,845,0,148,7,0,846,0,151,3,0,849,0,137,14,0
453,standard,0.1,850,0,143,7,0,845,0,146,9,0,854,0,136,10,0,848,0,147,5,0,854,0,138,8,0,851,0,141,8,0,844,0,147,9,0,843,1,145,11,0,860,0,135,5,0,843,0,147,10,0,850,0,144,6,0,836,0,156,8,0,848,1,145,6,0,846,0,145,9,0,858,0,135,7,0,852,0,141,7,0,843,0,151,6,0,842,0,150,8,0,848,0,140,12,0,850,0,143,7,0,843,0,148,9,0,852,0,136,12,0,835,0,155,10,0,857,0,136,7,0,849,1,138,12,0,846,0,146,8,0,843,0,144,13,0,846,0,143,11,0,847,0,146,7,0,840,0,155,5,0,853,0,141,6,0,847,0,147,6,0,843,0,147,10,0,850,0,142,8,0,848,0,142,10,0,852,0,140,8,0,854,0,140,6,0,849,0,141,10,0,837,0,161,2,0,854,0,139,7,0,849,0,141,10,0,849,0,142,9,0,859,0,134,7,0,853,0,136,11,0,847,0,143,10,0,857,0,131,12,0,853,0,142,5,0,845,0,148,7,0,846,0,151,3,0,849,0,137,14,0
454,standard,0.1,850,0,143,7,0,845,0,146,9,0,854,0,135,11,0,848,0,146,6,0,854,0,138,8,0,851,0,141,8,0,844,0,147,9,0,843,1,145,11,0,860,0,135,5,0,843,0,147,10,0,850,0,144,6,0,836,0,155,9,0,848,1,145,6,0,846,0,145,9,0,858,0,135,7,0,852,0,141,7,0,843,0,151,6,0,842,0,150,8,0,848,0,140,12,0,850,0,143,7,0,843,0,148,9,0,852,0,135,13,0,835,0,155,10,0,857,0,136,7,0,849,1,138,12,0,846,0,146,8,0,843,0,144,13,0,846,0,142,12,0,847,0,146,7,0,840,0,155,5,0,853,0,141,6,0,847,0,147,6,0,843,0,147,10,0,850,0,142,8,0,848,0,142,10,0,852,0,140,8,0,854,0,140,6,0,849,0,140,11,0,837,0,160,3,0,854,0,139,7,0,849,0,141,10,0,849,0,142,9,0,859,0,134,7,0,853,0,136,11,0,847,0,143,10,0,857,0,131,12,0,853,0,142,5,0,845,0,148,7,0,846,0,150,4,0,849,0,137,14,0
455,standard,0.1,850,0,142,8,0,845,0,146,9,0,854,0,135,11,0,848,0,146,6,0,854,0,138,8,0,851,0,141,8,0,844,0,147,9,0,843,1,145,11,0,860,0,135,5,0,843,0,147,10,0,850,0,144,6,0,836,0,154,10,0,848,1,145,6,0,846,0,145,9,0,858,0,135,7,0,852,0,141,7,0,843,0,151,6,0,842,0,149,9,0,848,0,140,12,0,850,0,143,7,0,843,0,148,9,0,852,0,135,13,0,835,0,155,10,0,857,0,136,7,0,849,1,138,12,0,846,0,146,8,0,843,0,144,13,0,846,0,142,12,0,847,0,146,7,0,840,0,155,5,0,853,0,141,6,0,847,0,147,6,0,843,0,147,10,0,850,0,142,8,0,848,0,142,10,0,852,0,140,8,0,854,0,140,6,0,849,0,140,11,0,837,0,159,4,0,854,0,139,7,0,849,0,141,10,0,849,0,141,10,0,859,0,134,7,0,853,0,136,11,0,847,0,143,10,0,857,0,131,12,0,853,0,142,5,0,845,0,148,7,0,846,0,149,5,0,849,0,137,14,0
456,standard,0.1,850,0,142,8,0,845,0,146,9,0,854,0,135,11,0,848,0,146,6,0,854,0,138,8,0,851,0,141,8,0,844,0,147,9,0,843,1,145,11,0,860,0,135,5,0,843,0,147,10,0,850,0,144,6,0,836,0,154,10,0,848,1,145,6,0,846,0,145,9,0,858,0,135,7,0,852,0,141,7,0,843,0,151,6,0,842,0,149,9,0,848,0,140,12,0,850,0,143,7,0,843,0,148,9,0,852,0,135,13,0,835,0,155,10,0,857,0,136,7,0,849,1,138,12,0,846,0,146,8,0,843,0,144,13,0,846,0,142,12,0,847,0,146,7,0,840,0,155,5,0,853,0,141,6,0,847,0,147,6,0,843,0,147,10,0,850,0,142,8,0,848,0,142,10,0,852,0,140,8,0,854,0,140,6,0,849,0,140,11,0,837,0,159,4,0,854,0,139,7,0,849,0,141,10,0,849,0,141,10,0,859,0,134,7,0,853,0,136,11,0,847,0,143,10,0,857,0,131,12,0,853,0,142,5,0,845,0,148,7,0,846,0,149,5,0,849,0,137,14,0
457,standard,0.1,850,0,142,8,0,845,0,146,9,0,854,0,135,11,0,848,0,146,6,0,854,0,138,8,0,851,0,141,8,0,844,0,147,9,0,843,0,146,11,0,860,0,135,5,0,843,0,147,10,0,850,0,144,6,0,836,0,154,10,0,848,1,145,6,0,846,0,145,9,0,858,0,135,7,0,852,0,141,7,0,843,0,151,6,0,842,0,149,9,0,848,0,140,12,0,850,0,143,7,0,843,0,148,9,0,852,0,135,13,0,835,0,155,10,0,857,0,136,7,0,849,1,138,12,0,846,0,146,8,0,843,0,144,13,0,846,0,142,12,0,847,0,146,7,0,840,0,155,5,0,853,0,141,6,0,847,0,147,6,0,843,0,147,10,0,850,0,142,8,0,848,0,142,10,0,852,0,140,8,0,854,0,140,6,0,849,0,140,11,0,837,0,159,4,0,854,0,139,7,0,849,0,141,10,0,849,0,141,10,0,859,0,134,7,0,853,0,136,11,0,847,0,143,10,0,857,0,131,12,0,853,0,142,5,0,845,0,148,7,0,846,0,149,5,0,849,0,137,14,0
458,standard,0.1,850,0,142,8,0,845,0,146,9,0,854,0,135,11,0,848,0,146,6,0,854,0,138,8,0,851,0,141,8,0,844,0,147,9,0,843,0,146,11,0,860,0,135,5,0,843,0,147,10,0,850,0,144,6,0,836,0,154,10,0,848,1,145,6,0,846,0,145,9,0,858,0,135,7,0,852,0,141,7,0,843,0,151,6,0,842,0,149,9,0,848,0,140,12,0,850,0,143,7,0,843,0,148,9,0,852,0,135,13,0,835,0,155,10,0,857,0,136,7,0,849,1,138,12,0,846,0,146,8,0,843,0,144,13,0,846,0,142,12,0,847,0,146,7,0,840,0,155,5,0,853,0,141,6,0,847,0,147,6,0,843,0,147,10,0,850,0,142,8,0,848,0,142,10,0,852,0,140,8,0,854,0,140,6,0,849,0,140,11,0,837,0,159,4,0,854,0,139,7,0,849,0,141,10,0,849,0,141,10,0,859,0,134,7,0,853,0,136,11,0,847,0,143,10,0,857,0,131,12,0,853,0,142,5,0,845,0,148,7,0,846,0,149,5,0,849,0,137,14,0
459,standard,0.1,850,0,142,8,0,845,0,146,9,0,854,0,135,11,0,848,0,146,6,0,854,0,138,8,0,851,0,141,8,0,844,0,147,9,0,843,0,146,11,0,860,0,135,5,0,843,0,147,10,0,850,0,144,6,0,836,0,154,10,0,848,1,145,6,0,846,0,145,9,0,858,0,135,7,0,852,0,141,7,0,843,0,151,6,0,842,0,149,9,0,848,0,140,12,0,850,0,143,7,0,843,0,148,9,0,852,0,135,13,0,835,0,155,10,0,857,0,136,7,0,849,1,138,12,0,846,0,146,8,0,843,0,144,13,0,846,0,142,12,0,847,0,146,7,0,840,0,155,5,0,853,0,141,6,0,847,0,147,6,0,843,0,147,10,0,850,0,142,8,0,848,0,142,10,0,852,0,140,8,0,854,0,140,6,0,849,0,140,11,0,837,0,159,4,0,854,0,139,7,0,849,0,141,10,0,849,0,141,10,0,859,0,134,7,0,853,0,136,11,0,847,0,143,10,0,857,0,131,12,0,853,0,142,5,0,845,0,148,7,0,846,0,149,5,0,849,0,137,14,0
460,standard,0.1,850,0,142,8,0,844,1,146,9,0,854,0,135,11,0,848,0,146,6,0,854,0,138,8,0,851,0,141,8,0,844,0,147,9,0,843,0,146,11,0,860,0,135,5,0,843,0,147,10,0,850,0,144,6,0,836,0,154,10,0,848,1,145,6,0,846,0,145,9,0,858,0,135,7,0,852,0,141,7,0,843,0,151,6,0,842,0,149,9,0,848,0,140,12,0,850,0,143,7,0,843,0,148,9,0,852,0,135,13,0,835,0,155,10,0,857,0,136,7,0,849,1,138,12,0,846,0,146,8,0,843,0,144,13,0,846,0,142,12,0,847,0,146,7,0,840,0,155,5,0,853,0,141,6,0,847,0,147,6,0,843,0,147,10,0,850,0,142,8,0,848,0,142,10,0,852,0,140,8,0,854,0,140,6,0,849,0,140,11,0,837,0,159,4,0,854,0,139,7,0,849,0,141,10,0,849,0,141,10,0,859,0,134,7,0,853,0,136,11,0,847,0,143,10,0,857,0,131,12,0,853,0,142,5,0,845,0,148,7,0,846,0,149,5,0,849,0,137,14,0
461,standard,0.1,850,0,142,8,0,844,1,146,9,0,854,0,135,11,0,848,0,146,6,0,854,0,138,8,0,851,0,141,8,0,844,0,147,9,0,843,0,146,11,0,860,0,135,5,0,843,0,147,10,0,850,0,144,6,0,836,0,154,10,0,848,1,145,6,0,846,0,145,9,0,858,0,135,7,0,852,0,141,7,0,843,0,151,6,0,842,0,149,9,0,848,0,140,12,0,850,0,143,7,0,843,0,148,9,0,852,0,135,13,0,835,0,155,10,0,857,0,136,7,0,849,1,138,12,0,846,0,146,8,0,843,0,144,13,0,846,0,142,12,0,847,0,146,7,0,840,0,155,5,0,853,0,141,6,0,847,0,147,6,0,843,0,147,10,0,850,0,142,8,0,848,0,142,10,0,852,0,140,8,0,854,0,140,6,0,849,0,140,11,0,837,0,159,4,0,854,0,139,7,0,849,0,141,10,0,849,0,141,10,0,859,0,134,7,0,853,0,136,11,0,847,0,143,10,0,857,0,131,12,0,853,0,142,5,0,845,0,148,7,0,846,0,149,5,0,849,0,137,14,0
462,standard,0.1,850,0,142,8,0,844,1,146,9,0,854,0,135,11,0,848,0,146,6,0,854,0,138,8,0,851,0,141,8,0,844,0,147,9,0,843,0,146,11,0,860,0,135,5,0,843,0,147,10,0,850,0,144,6,0,836,0,154,10,0,848,0,146,6,0,846,0,145,9,0,858,0,135,7,0,852,0,141,7,0,843,0,151,6,0,842,0,149,9,0,848,0,140,12,0,850,0,143,7,0,843,0,148,9,0,852,0,135,13,0,835,0,155,10,0,857,0,136,7,0,849,1,138,12,0,846,0,146,8,0,843,0,144,13,0,846,0,142,12,0,847,0,146,7,0,840,0,155,5,0,853,0,141,6,0,847,0,147,6,0,843,0,147,10,0,850,0,142,8,0,848,0,142,10,0,852,0,140,8,0,854,0,140,6,0,849,0,140,11,0,837,0,159,4,0,854,0,139,7,0,849,0,141,10,0,849,0,141,10,0,859,0,134,7,0,853,0,136,11,0,847,0,143,10,0,857,0,131,12,0,853,0,142,5,0,845,0,148,7,0,846,0,149,5,0,849,0,137,14,0
463,standard,0.1,850,0,142,8,0,844,1,146,9,0,854,0,135,11,0,848,0,146,6,0,854,0,138,8,0,851,0,141,8,0,844,0,147,9,0,843,0,146,11,0,860,0,135,5,0,843,0,147,10,0,850,0,143,7,0,836,0,154,10,0,848,0,146,6,0,846,0,145,9,0,858,0,135,7,0,852,0,141,7,0,843,0,151,6,0,842,0,149,9,0,848,0,140,12,0,850,0,143,7,0,843,0,148,9,0,852,0,135,13,0,835,0,155,10,0,857,0,136,7,0,849,1,138,12,0,846,0,146,8,0,843,0,144,13,0,846,0,142,12,0,847,0,146,7,0,840,0,155,5,0,853,0,141,6,0,847,0,147,6,0,843,0,147,10,0,850,0,142,8,0,848,0,142,10,0,852,0,140,8,0,854,0,140,6,0,849,0,140,11,0,837,0,159,4,0,854,0,139,7,0,849,0,141,10,0,849,0,141,10,0,859,0,134,7,0,853,0,136,11,0,847,0,143,10,0,857,0,131,12,0,853,0,142,5,0,845,0,148,7,0,846,0,149,5,0,849,0,137,14,0
464,standard,0.1,850,0,142,8,0,844,1,146,9,0,854,0,135,11,0,848,0,146,6,0,854,0,138,8,0,851,0,141,8,0,844,0,147,9,0,843,0,146,11,0,860,0,135,5,0,843,0,147,10,0,850,0,143,7,0,836,0,154,10,0,848,0,146,6,0,846,0,145,9,0,858,0,135,7,0,852,0,141,7,0,842,1,151,6,0,842,0,149,9,0,848,0,140,12,0,850,0,143,7,0,843,0,148,9,0,852,0,135,13,0,835,0,155,10,0,857,0,136,7,0,849,1,138,12,0,846,0,146,8,0,843,0,144,13,0,846,0,142,12,0,847,0,146,7,0,840,0,155,5,0,853,0,141,6,0,847,0,147,6,0,843,0,147,10,0,850,0,142,8,0,848,0,142,10,0,852,0,140,8,0,854,0,140,6,0,849,0,140,11,0,837,0,159,4,0,854,0,139,7,0,849,0,141,10,0,849,0,141,10,0,859,0,134,7,0,853,0,136,11,0,847,0,143,10,0,857,0,131,12,0,853,0,142,5,0,845,0,148,7,0,846,0,149,5,0,849,0,137,14,0
465,standard,0.1,850,0,142,8,0,844,1,146,9,0,854,0,135,11,0,848,0,146,6,0,854,0,138,8,0,851,0,141,8,0,844,0,147,9,0,843,0,146,11,0,860,0,135,5,0,843,0,147,10,0,850,0,143,7,0,836,0,154,10,0,848,0,146,6,0,846,0,145,9,0,858,0,135,7,0,852,0,141,7,0,842,1,151,6,0,842,0,149,9,0,848,0,140,12,0,850,0,143,7,0,843,0,148,9,0,852,0,135,13,0,835,0,155,10,0,857,0,136,7,0,849,1,138,12,0,846,0,146,8,0,843,0,144,13,0,846,0,141,13,0,847,0,146,7,0,840,0,155,5,0,853,0,141,6,0,847,0,147,6,0,843,0,147,10,0,850,0,142,8,0,848,0,142,10,0,852,0,140,8,0,854,0,140,6,0,849,0,140,11,0,837,0,159,4,0,854,0,139,7,0,849,0,141,10,0,849,0,140,11,0,859,0,134,7,0,853,0,136,11,0,847,0,143,10,0,857,0,131,12,0,853,0,142,5,0,845,0,148,7,0,846,0,149,5,0,849,0,137,14,0
466,standard,0.1,850,0,142,8,0,844,1,146,9,0,854,0,135,11,0,848,0,146,6,0,854,0,138,8,0,851,0,141,8,0,844,0,147,9,0,843,0,146,11,0,860,0,135,5,0,843,0,147,10,0,850,0,143,7,0,836,0,154,10,0,848,0,146,6,0,846,0,145,9,0,858,0,135,7,0,852,0,140,8,0,842,1,151,6,0,842,0,149,9,0,848,0,140,12,0,850,0,143,7,0,843,0,148,9,0,852,0,135,13,0,835,0,155,10,0,857,0,136,7,0,849,0,139,12,0,846,0,146,8,0,843,0,144,13,0,846,0,141,13,0,847,0,146,7,0,840,0,155,5,0,853,0,141,6,0,847,0,147,6,0,843,0,147,10,0,850,0,142,8,0,848,0,142,10,0,852,0,140,8,0,854,0,140,6,0,849,0,140,11,0,837,0,159,4,0,854,0,139,7,0,849,0,141,10,0,849,0,140,11,0,859,0,134,7,0,853,0,136,11,0,847,0,143,10,0,857,0,131,12,0,853,0,142,5,0,845,0,148,7,0,846,0,149,5,0,849,0,137,14,0
467,standard,0.1,850,0,142,8,0,844,1,146,9,0,854,0,135,11,0,848,0,146,6,0,854,0,138,8,0,851,0,141,8,0,844,0,147,9,0,843,0,146,11,0,860,0,135,5,0,843,0,147,10,0,850,0,143,7,0,836,0,154,10,0,848,0,146,6,0,846,0,145,9,0,858,0,135,7,0,852,0,140,8,0,842,1,151,6,0,842,0,149,9,0,848,0,140,12,0,850,0,143,7,0,843,0,148,9,0,852,0,135,13,0,835,0,155,10,0,857,0,136,7,0,849,0,139,12,0,846,0,146,8,0,843,0,144,13,0,846,0,141,13,0,847,0,146,7,0,840,0,155,5,0,853,0,141,6,0,847,0,147,6,0,843,0,147,10,0,850,0,142,8,0,848,0,142,10,0,852,0,140,8,0,854,0,140,6,0,849,0,140,11,0,837,0,159,4,0,854,0,139,7,0,849,0,141,10,0,849,0,140,11,0,859,0,134,7,0,853,0,136,11,0,847,0,143,10,0,857,0,131,12,0,853,0,142,5,0,845,0,148,7,0,846,0,149,5,0,849,0,137,14,0
468,standard,0.1,850,0,142,8,0,844,1,146,9,0,854,0,135,11,0,848,0,146,6,0,854,0,138,8,0,851,0,141,8,0,844,0,147,9,0,843,0,146,11,0,860,0,135,5,0,843,0,147,10,0,850,0,143,7,0,836,0,154,10,0,848,0,146,6,0,846,0,145,9,0,858,0,135,7,0,852,0,140,8,0,842,1,151,6,0,842,0,149,9,0,848,0,140,12,0,849,1,143,7,0,843,0,148,9,0,852,0,135,13,0,835,0,155,10,0,857,0,136,7,0,849,0,139,12,0,846,0,146,8,0,843,0,144,13,0,846,0,141,13,0,847,0,146,7,0,840,0,155,5,0,853,0,141,6,0,847,0,147,6,0,843,0,147,10,0,850,0,142,8,0,848,0,142,10,0,852,0,140,8,0,854,0,140,6,0,849,0,140,11,0,837,0,159,4,0,854,0,139,7,0,849,0,141,10,0,849,0,140,11,0,859,0,134,7,0,853,0,136,11,0,847,0,143,10,0,857,0,131,12,0,853,0,142,5,0,845,0,148,7,0,846,0,149,5,0,849,0,137,14,0
469,standard,0.1,850,0,142,8,0,844,1,146,9,0,854,0,135,11,0,848,0,146,6,0,854,0,138,8,0,851,0,140,9,0,844,0,147,9,0,843,0,146,11,0,860,0,135,5,0,843,0,147,10,0,850,0,143,7,0,836,0,154,10,0,848,0,146,6,0,846,0,145,9,0,858,0,135,7,0,852,0,140,8,0,842,1,151,6,0,842,0,149,9,0,848,0,140,12,0,849,1,143,7,0,843,0,148,9,0,852,0,135,13,0,835,0,155,10,0,857,0,136,7,0,849,0,139,12,0,846,0,146,8,0,843,0,144,13,0,846,0,141,13,0,847,0,146,7,0,840,0,155,5,0,853,0,141,6,0,847,0,147,6,0,843,0,147,10,0,850,0,142,8,0,848,0,142,10,0,852,0,140,8,0,854,0,140,6,0,849,0,140,11,0,837,0,159,4,0,854,0,139,7,0,849,0,141,10,0,849,0,140,11,0,859,0,134,7,0,853,0,136,11,0,847,0,143,10,0,857,0,131,12,0,853,0,142,5,0,845,0,148,7,0,846,0,149,5,0,849,0,137,14,0
470,standard,0.1,850,0,142,8,0,844,1,146,9,0,854,0,135,11,0,848,0,146,6,0,854,0,138,8,0,851,0,140,9,0,844,0,147,9,0,843,0,146,11,0,860,0,135,5,0,843,0,147,10,0,850,0,143,7,0,836,0,154,10,0,848,0,146,6,0,846,0,145,9,0,858,0,135,7,0,852,0,140,8,0,842,1,151,6,0,842,0,149,9,0,848,0,140,12,0,849,1,143,7,0,843,0,148,9,0,852,0,135,13,0,835,0,155,10,0,857,0,136,7,0,849,0,139,12,0,846,0,146,8,0,843,0,144,13,0,846,0,141,13,0,847,0,146,7,0,840,0,155,5,0,853,0,141,6,0,847,0,147,6,0,843,0,147,10,0,850,0,142,8,0,848,0,142,10,0,852,0,140,8,0,854,0,140,6,0,849,0,140,11,0,837,0,159,4,0,854,0,139,7,0,849,0,141,10,0,849,0,140,11,0,859,0,134,7,0,853,0,136,11,0,847,0,143,10,0,857,0,131,12,0,853,0,142,5,0,845,0,148,7,0,846,0,149,5,0,849,0,137,14,0
471,standard,0.1,850,0,142,8,0,844,1,146,9,0,854,0,135,11,0,848,0,146,6,0,854,0,138,8,0,851,0,140,9,0,844,0,147,9,0,843,0,146,11,0,860,0,135,5,0,843,0,147,10,0,850,0,143,7,0,836,0,154,10,0,848,0,146,6,0,846,0,145,9,0,858,0,135,7,0,852,0,140,8,0,842,1,151,6,0,842,0,149,9,0,848,0,140,12,0,849,1,143,7,0,843,0,148,9,0,852,0,135,13,0,835,0,155,10,0,857,0,136,7,0,849,0,139,12,0,846,0,146,8,0,843,0,144,13,0,846,0,141,13,0,847,0,146,7,0,840,0,155,5,0,853,0,141,6,0,847,0,147,6,0,843,0,147,10,0,850,0,142,8,0,848,0,142,10,0,852,0,140,8,0,854,0,140,6,0,849,0,140,11,0,837,0,159,4,0,854,0,139,7,0,849,0,141,10,0,849,0,140,11,0,859,0,134,7,0,853,0,136,11,0,847,0,143,10,0,857,0,131,12,0,853,0,142,5,0,845,0,148,7,0,846,0,149,5,0,849,0,137,14,0
472,standard,0.1,850,0,142,8,0,844,1,146,9,0,854,0,135,11,0,848,0,146,6,0,854,0,138,8,0,851,0,140,9,0,844,0,147,9,0,843,0,146,11,0,860,0,135,5,0,843,0,147,10,0,850,0,143,7,0,836,0,154,10,0,848,0,146,6,0,846,0,145,9,0,858,0,135,7,0,852,0,140,8,0,842,1,151,6,0,842,0,149,9,0,848,0,140,12,0,848,2,143,7,0,843,0,148,9,0,852,0,135,13,0,835,0,155,10,0,857,0,136,7,0,849,0,139,12,0,846,0,146,8,0,843,0,144,13,0,846,0,141,13,0,847,0,146,7,0,840,0,155,5,0,853,0,141,6,0,847,0,147,6,0,843,0,147,10,0,850,0,142,8,0,848,0,142,10,0,852,0,140,8,0,854,0,140,6,0,849,0,140,11,0,837,0,159,4,0,854,0,139,7,0,849,0,141,10,0,849,0,140,11,0,859,0,134,7,0,853,0,136,11,0,847,0,143,10,0,857,0,131,12,0,853,0,142,5,0,845,0,148,7,0,846,0,149,5,0,849,0,137,14,0
473,standard,0.1,850,0,142,8,0,844,0,147,9,0,854,0,135,11,0,848,0,146,6,0,854,0,138,8,0,851,0,139,10,0,844,0,147,9,0,843,0,146,11,0,860,0,135,5,0,843,0,147,10,0,850,0,143,7,0,836,0,154,10,0,848,0,146,6,0,846,0,145,9,0,858,0,135,7,0,852,0,140,8,0,842,1,151,6,0,842,0,149,9,0,848,0,140,12,0,848,2,143,7,0,843,0,148,9,0,852,0,135,13,0,835,0,155,10,0,857,0,136,7,0,849,0,139,12,0,846,0,146,8,0,843,0,144,13,0,846,0,141,13,0,847,0,146,7,0,840,0,155,5,0,853,0,141,6,0,847,0,147,6,0,843,0,147,10,0,850,0,142,8,0,848,0,142,10,0,852,0,140,8,0,854,0,140,6,0,849,0,140,11,0,837,0,159,4,0,854,0,139,7,0,849,0,141,10,0,849,0,140,11,0,859,0,134,7,0,853,0,136,11,0,847,0,143,10,0,857,0,131,12,0,853,0,142,5,0,845,0,148,7,0,846,0,149,5,0,849,0,137,14,0
474,standard,0.1,850,0,142,8,0,844,0,147,9,0,854,0,135,11,0,848,0,146,6,0,854,0,138,8,0,851,0,139,10,0,844,0,147,9,0,843,0,146,11,0,860,0,135,5,0,843,0,147,10,0,850,0,143,7,0,836,0,154,10,0,848,0,146,6,0,846,0,145,9,0,858,0,135,7,0,852,0,140,8,0,842,1,151,6,0,842,0,149,9,0,848,0,140,12,0,848,2,143,7,0,843,0,148,9,0,852,0,135,13,0,835,0,155,10,0,857,0,136,7,0,849,0,139,12,0,846,0,146,8,0,843,0,144,13,0,846,0,141,13,0,847,0,146,7,0,840,0,155,5,0,853,0,141,6,0,847,0,147,6,0,843,0,147,10,0,850,0,142,8,0,848,0,142,10,0,852,0,140,8,0,854,0,140,6,0,849,0,140,11,0,837,0,159,4,0,854,0,139,7,0,849,0,141,10,0,849,0,140,11,0,859,0,134,7,0,853,0,136,11,0,847,0,143,10,0,857,0,131,12,0,853,0,142,5,0,845,0,148,7,0,846,0,149,5,0,849,0,137,14,0
475,standard,0.1,850,0,142,8,0,844,0,147,9,0,854,0,135,11,0,848,0,146,6,0,854,0,138,8,0,851,0,139,10,0,844,0,147,9,0,843,0,146,11,0,860,0,135,5,0,843,0,147,10,0,850,0,143,7,0,836,0,154,10,0,848,0,146,6,0,846,0,145,9,0,858,0,135,7,0,852,0,140,8,0,842,1,151,6,0,842,0,149,9,0,848,0,140,12,0,848,2,143,7,0,843,0,148,9,0,852,0,135,13,0,835,0,155,10,0,857,0,136,7,0,849,0,139,12,0,846,0,146,8,0,843,0,144,13,0,846,0,141,13,0,847,0,146,7,0,840,0,155,5,0,853,0,141,6,0,847,0,147,6,0,843,0,147,10,0,850,0,142,8,0,848,0,142,10,0,852,0,140,8,0,854,0,140,6,0,849,0,140,11,0,837,0,159,4,0,854,0,139,7,0,849,0,141,10,0,849,0,140,11,0,859,0,134,7,0,853,0,136,11,0,847,0,143,10,0,857,0,131,12,0,853,0,142,5,0,845,0,148,7,0,846,0,149,5,0,849,0,137,14,0
476,standard,0.1,850,0,142,8,0,844,0,147,9,0,854,0,135,11,0,848,0,146,6,0,854,0,138,8,0,851,0,139,10,0,844,0,147,9,0,843,0,146,11,0,860,0,135,5,0,843,0,147,10,0,850,0,143,7,0,836,0,154,10,0,848,0,146,6,0,846,0,145,9,0,858,0,135,7,0,852,0,140,8,0,842,1,151,6,0,842,0,149,9,0,848,0,140,12,0,848,2,143,7,0,843,0,148,9,0,852,0,135,13,0,835,0,155,10,0,857,0,136,7,0,849,0,139,12,0,846,0,146,8,0,843,0,144,13,0,846,0,141,13,0,847,0,146,7,0,840,0,155,5,0,853,0,141,6,0,847,0,147,6,0,843,0,147,10,0,850,0,142,8,0,848,0,142,10,0,852,0,140,8,0,854,0,140,6,0,849,0,140,11,0,837,0,159,4,0,854,0,139,7,0,849,0,141,10,0,849,0,140,11,0,859,0,134,7,0,853,0,136,11,0,847,0,143,10,0,857,0,131,12,0,853,0,142,5,0,845,0,148,7,0,846,0,149,5,0,849,0,137,14,0
477,standard,0.1,850,0,142,8,0,844,0,147,9,0,854,0,135,11,0,848,0,146,6,0,854,0,138,8,0,851,0,139,10,0,844,0,147,9,0,843,0,146,11,0,860,0,135,5,0,843,0,147,10,0,850,0,143,7,0,836,0,154,10,0,848,0,146,6,0,846,0,145,9,0,858,0,135,7,0,852,0,140,8,0,842,0,152,6,0,842,0,149,9,0,848,0,140,12,0,848,2,143,7,0,843,0,148,9,0,852,0,135,13,0,835,0,155,10,0,857,0,136,7,0,849,0,139,12,0,846,0,146,8,0,843,0,144,13,0,846,0,141,13,0,847,0,146,7,0,840,0,155,5,0,853,0,141,6,0,847,0,147,6,0,843,0,147,10,0,850,0,142,8,0,848,0,142,10,0,852,0,140,8,0,854,0,140,6,0,849,0,140,11,0,837,0,159,4,0,854,0,139,7,0,849,0,141,10,0,849,0,140,11,0,859,0,134,7,0,853,0,136,11,0,847,0,143,10,0,857,0,131,12,0,853,0,142,5,0,845,0,148,7,0,846,0,149,5,0,849,0,137,14,0
478,standard,0.1,850,0,142,8,0,844,0,147,9,0,854,0,135,11,0,848,0,146,6,0,854,0,138,8,0,851,0,139,10,0,844,0,147,9,0,843,0,146,11,0,860,0,135,5,0,843,0,147,10,0,850,0,143,7,0,836,0,154,10,0,848,0,146,6,0,846,0,145,9,0,858,0,135,7,0,852,0,140,8,0,842,0,152,6,0,842,0,149,9,0,848,0,140,12,0,848,2,143,7,0,843,0,148,9,0,852,0,135,13,0,835,0,155,10,0,857,0,136,7,0,849,0,139,12,0,846,0,146,8,0,841,2,144,13,0,846,0,141,13,0,847,0,146,7,0,840,0,155,5,0,853,0,141,6,0,847,0,147,6,0,843,0,147,10,0,850,0,142,8,0,848,0,142,10,0,852,0,140,8,0,854,0,140,6,0,849,0,140,11,0,837,0,159,4,0,854,0,139,7,0,849,0,141,10,0,849,0,140,11,0,859,0,134,7,0,853,0,136,11,0,847,0,143,10,0,857,0,131,12,0,853,0,142,5,0,845,0,148,7,0,846,0,149,5,0,849,0,137,14,0
479,standard,0.1,850,0,142,8,0,844,0,147,9,0,854,0,135,11,0,848,0,146,6,0,854,0,138,8,0,851,0,139,10,0,844,0,147,9,0,843,0,146,11,0,860,0,135,5,0,843,0,147,10,0,850,0,143,7,0,836,0,154,10,0,848,0,146,6,0,846,0,145,9,0,858,0,135,7,0,852,0,140,8,0,842,0,152,6,0,842,0,149,9,0,848,0,140,12,0,848,2,143,7,0,843,0,148,9,0,852,0,135,13,0,835,0,155,10,0,857,0,136,7,0,849,0,139,12,0,846,0,146,8,0,841,2,144,13,0,846,0,141,13,0,847,0,146,7,0,840,0,155,5,0,853,0,141,6,0,847,0,147,6,0,843,0,147,10,0,850,0,142,8,0,848,0,142,10,0,852,0,140,8,0,854,0,140,6,0,849,0,140,11,0,837,0,159,4,0,854,0,139,7,0,849,0,141,10,0,849,0,140,11,0,859,0,134,7,0,853,0,136,11,0,847,0,143,10,0,857,0,131,12,0,853,0,142,5,0,845,0,148,7,0,846,0,149,5,0,849,0,137,14,0
480,standard,0.1,850,0,142,8,0,844,0,147,9,0,854,0,135,11,0,848,0,146,6,0,854,0,138,8,0,851,0,139,10,0,844,0,147,9,0,843,0,146,11,0,860,0,135,5,0,843,0,147,10,0,850,0,143,7,0,836,0,154,10,0,848,0,146,6,0,846,0,145,9,0,858,0,135,7,0,852,0,140,8,0,842,0,152,6,0,842,0,149,9,0,848,0,140,12,0,848,2,143,7,0,843,0,148,9,0,852,0,135,13,0,835,0,155,10,0,857,0,136,7,0,849,0,139,12,0,846,0,146,8,0,841,2,144,13,0,846,0,141,13,0,847,0,146,7,0,840,0,155,5,0,853,0,141,6,0,847,0,147,6,0,843,0,147,10,0,850,0,142,8,0,848,0,142,10,0,852,0,140,8,0,854,0,140,6,0,849,0,140,11,0,837,0,159,4,0,854,0,139,7,0,849,0,141,10,0,849,0,140,11,0,859,0,134,7,0,853,0,136,11,0,847,0,143,10,0,857,0,131,12,0,853,0,142,5,0,845,0,148,7,0,846,0,148,6,0,849,0,137,14,0
481,standard,0.1,850,0,142,8,0,844,0,147,9,0,854,0,135,11,0,848,0,146,6,0,854,0,137,9,0,851,0,139,10,0,844,0,147,9,0,843,0,146,11,0,860,0,135,5,0,843,0,147,10,0,850,0,143,7,0,836,0,154,10,0,848,0,146,6,0,846,0,145,9,0,858,0,135,7,0,852,0,140,8,0,842,0,152,6,0,842,0,149,9,0,848,0,140,12,0,848,1,144,7,0,843,0,148,9,0,852,0,135,13,0,835,0,155,10,0,857,0,136,7,0,849,0,139,12,0,846,0,146,8,0,841,2,144,13,0,846,0,141,13,0,847,0,146,7,0,840,0,155,5,0,853,0,141,6,0,847,0,147,6,0,843,0,147,10,0,850,0,142,8,0,848,0,142,10,0,852,0,140,8,0,854,0,140,6,0,849,0,140,11,0,837,0,159,4,0,854,0,139,7,0,849,0,141,10,0,849,0,140,11,0,859,0,134,7,0,853,0,136,11,0,847,0,143,10,0,857,0,131,12,0,853,0,142,5,0,845,0,148,7,0,846,0,148,6,0,849,0,137,14,0
482,standard,0.1,850,0,142,8,0,844,0,147,9,0,854,0,135,11,0,848,0,146,6,0,854,0,137,9,0,851,0,139,10,0,844,0,147,9,0,843,0,146,11,0,860,0,135,5,0,843,0,147,10,0,850,0,143,7,0,836,0,154,10,0,848,0,146,6,0,846,0,145,9,0,858,0,135,7,0,852,0,140,8,0,842,0,152,6,0,842,0,149,9,0,848,0,140,12,0,848,1,144,7,0,843,0,148,9,0,852,0,135,13,0,835,0,155,10,0,857,0,136,7,0,849,0,139,12,0,846,0,146,8,0,841,2,144,13,0,846,0,141,13,0,847,0,146,7,0,840,0,155,5,0,853,0,141,6,0,847,0,147,6,0,843,0,147,10,0,850,0,142,8,0,848,0,142,10,0,852,0,140,8,0,854,0,140,6,0,849,0,140,11,0,837,0,159,4,0,854,0,139,7,0,849,0,141,10,0,849,0,140,11,0,859,0,134,7,0,853,0,136,11,0,847,0,143,10,0,857,0,131,12,0,853,0,142,5,0,845,0,148,7,0,845,1,148,6,0,849,0,137,14,0
483,standard,0.1,850,0,142,8,0,844,0,147,9,0,854,0,135,11,0,848,0,146,6,0,854,0,137,9,0,851,0,139,10,0,844,0,147,9,0,843,0,146,11,0,860,0,135,5,0,843,0,147,10,0,850,0,143,7,0,836,0,154,10,0,848,0,146,6,0,846,0,145,9,0,858,0,135,7,0,852,0,140,8,0,842,0,152,6,0,842,0,149,9,0,848,0,140,12,0,848,1,144,7,0,843,0,148,9,0,852,0,135,13,0,835,0,155,10,0,857,0,136,7,0,849,0,139,12,0,846,0,146,8,0,841,2,144,13,0,846,0,141,13,0,847,0,146,7,0,840,0,155,5,0,853,0,141,6,0,847,0,147,6,0,843,0,147,10,0,850,0,142,8,0,848,0,142,10,0,852,0,140,8,0,854,0,140,6,0,849,0,140,11,0,837,0,159,4,0,854,0,139,7,0,849,0,141,10,0,849,0,140,11,0,859,0,134,7,0,853,0,136,11,0,847,0,143,10,0,857,0,131,12,0,853,0,142,5,0,845,0,148,7,0,845,1,148,6,0,849,0,137,14,0
484,standard,0.1,850,0,142,8,0,844,0,147,9,0,854,0,135,11,0,848,0,146,6,0,854,0,137,9,0,851,0,139,10,0,844,0,147,9,0,843,0,146,11,0,860,0,135,5,0,843,0,147,10,0,850,0,143,7,0,836,0,154,10,0,848,0,146,6,0,846,0,145,9,0,858,0,135,7,0,852,0,140,8,0,842,0,152,6,0,842,0,149,9,0,848,0,140,12,0,848,1,144,7,0,843,0,148,9,0,852,0,135,13,0,835,0,155,10,0,857,0,136,7,0,849,0,139,12,0,846,0,146,8,0,841,2,144,13,0,846,0,141,13,0,847,0,146,7,0,840,0,155,5,0,853,0,141,6,0,847,0,147,6,0,843,0,147,10,0,850,0,142,8,0,848,0,142,10,0,852,0,140,8,0,854,0,140,6,0,849,0,140,11,0,837,0,159,4,0,854,0,139,7,0,849,0,141,10,0,849,0,140,11,0,859,0,134,7,0,853,0,136,11,0,847,0,143,10,0,857,0,131,12,0,853,0,142,5,0,845,0,148,7,0,845,1,148,6,0,849,0,137,14,0
485,standard,0.1,850,0,142,8,0,844,0,147,9,0,854,0,135,11,0,848,0,146,6,0,854,0,137,9,0,851,0,139,10,0,844,0,147,9,0,843,0,146,11,0,860,0,135,5,0,843,0,147,10,0,850,0,143,7,0,836,0,154,10,0,848,0,146,6,0,846,0,145,9,0,858,0,135,7,0,852,0,140,8,0,842,0,152,6,0,842,0,149,9,0,848,0,140,12,0,848,0,145,7,0,843,0,148,9,0,852,0,135,13,0,835,0,155,10,0,857,0,136,7,0,849,0,139,12,0,846,0,146,8,0,841,2,144,13,0,846,0,141,13,0,847,0,146,7,0,840,0,155,5,0,853,0,141,6,0,847,0,147,6,0,843,0,147,10,0,850,0,142,8,0,848,0,142,10,0,852,0,140,8,0,854,0,140,6,0,849,0,140,11,0,837,0,159,4,0,854,0,139,7,0,849,0,141,10,0,849,0,140,11,0,859,0,134,7,0,853,0,136,11,0,847,0,143,10,0,857,0,131,12,0,853,0,142,5,0,845,0,148,7,0,845,1,148,6,0,849,0,137,14,0
486,standard,0.1,850,0,142,8,0,844,0,147,9,0,854,0,135,11,0,848,0,146,6,0,854,0,137,9,0,851,0,139,10,0,844,0,147,9,0,843,0,146,11,0,860,0,135,5,0,843,0,147,10,0,850,0,143,7,0,836,0,154,10,0,848,0,146,6,0,846,0,145,9,0,858,0,135,7,0,852,0,140,8,0,842,0,152,6,0,842,0,149,9,0,848,0,140,12,0,848,0,145,7,0,843,0,148,9,0,852,0,135,13,0,835,0,155,10,0,857,0,136,7,0,849,0,139,12,0,846,0,146,8,0,841,2,144,13,0,846,0,141,13,0,847,0,146,7,0,840,0,155,5,0,853,0,141,6,0,847,0,147,6,0,843,0,147,10,0,850,0,142,8,0,848,0,142,10,0,852,0,140,8,0,854,0,140,6,0,849,0,140,11,0,837,0,159,4,0,854,0,139,7,0,849,0,141,10,0,849,0,140,11,0,859,0,134,7,0,853,0,136,11,0,847,0,143,10,0,857,0,131,12,0,853,0,142,5,0,845,0,148,7,0,845,1,148,6,0,849,0,137,14,0
487,standard,0.1,850,0,142,8,0,844,0,147,9,0,854,0,135,11,0,848,0,146,6,0,854,0,137,9,0,851,0,139,10,0,844,0,147,9,0,843,0,146,11,0,860,0,134,6,0,843,0,147,10,0,850,0,143,7,0,836,0,154,10,0,848,0,146,6,0,846,0,145,9,0,858,0,135,7,0,852,0,140,8,0,842,0,152,6,0,842,0,149,9,0,848,0,140,12,0,848,0,145,7,0,843,0,148,9,0,852,0,135,13,0,835,0,155,10,0,857,0,136,7,0,849,0,139,12,0,846,0,146,8,0,841,2,144,13,0,846,0,141,13,0,847,0,146,7,0,840,0,155,5,0,853,0,141,6,0,847,0,147,6,0,843,0,147,10,0,850,0,142,8,0,848,0,142,10,0,852,0,140,8,0,854,0,140,6,0,849,0,140,11,0,837,0,159,4,0,854,0,139,7,0,849,0,141,10,0,849,0,140,11,0,859,0,134,7,0,853,0,136,11,0,847,0,143,10,0,857,0,131,12,0,853,0,142,5,0,845,0,148,7,0,845,1,148,6,0,849,0,137,14,0
488,standard,0.1,850,0,142,8,0,844,0,147,9,0,854,0,135,11,0,848,0,146,6,0,854,0,137,9,0,851,0,139,10,0,844,0,147,9,0,843,0,146,11,0,860,0,134,6,0,843,0,147,10,0,850,0,143,7,0,836,0,154,10,0,848,0,146,6,0,846,0,145,9,0,858,0,135,7,0,852,0,140,8,0,842,0,152,6,0,842,0,149,9,0,848,0,140,12,0,848,0,145,7,0,843,0,148,9,0,852,0,135,13,0,835,0,155,10,0,857,0,136,7,0,849,0,139,12,0,846,0,146,8,0,841,2,144,13,0,846,0,141,13,0,847,0,146,7,0,840,0,155,5,0,853,0,141,6,0,847,0,147,6,0,843,0,147,10,0,850,0,142,8,0,848,0,142,10,0,852,0,140,8,0,854,0,140,6,0,849,0,140,11,0,837,0,159,4,0,854,0,139,7,0,849,0,141,10,0,849,0,140,11,0,859,0,134,7,0,853,0,136,11,0,847,0,143,10,0,857,0,131,12,0,853,0,142,5,0,845,0,148,7,0,845,1,148,6,0,849,0,137,14,0
489,standard,0.1,850,0,142,8,0,844,0,147,9,0,854,0,135,11,0,848,0,146,6,0,854,0,137,9,0,851,0,139,10,0,844,0,147,9,0,843,0,146,11,0,860,0,134,6,0,843,0,147,10,0,850,0,143,7,0,836,0,154,10,0,848,0,146,6,0,846,0,145,9,0,858,0,135,7,0,852,0,140,8,0,842,0,152,6,0,842,0,149,9,0,848,0,140,12,0,848,0,145,7,0,843,0,148,9,0,852,0,135,13,0,835,0,155,10,0,857,0,136,7,0,849,0,139,12,0,846,0,146,8,0,841,2,144,13,0,846,0,141,13,0,847,0,146,7,0,840,0,155,5,0,853,0,141,6,0,847,0,147,6,0,843,0,147,10,0,850,0,142,8,0,848,0,142,10,0,852,0,140,8,0,854,0,140,6,0,849,0,140,11,0,837,0,159,4,0,854,0,139,7,0,849,0,141,10,0,849,0,140,11,0,859,0,134,7,0,853,0,136,11,0,847,0,143,10,0,857,0,131,12,0,853,0,142,5,0,845,0,148,7,0,845,1,148,6,0,849,0,137,14,0
490,standard,0.1,850,0,142,8,0,844,0,147,9,0,854,0,135,11,0,848,0,146,6,0,854,0,137,9,0,851,0,139,10,0,844,0,147,9,0,843,0,146,11,0,860,0,134,6,0,843,0,147,10,0,850,0,143,7,0,836,0,154,10,0,848,0,146,6,0,846,0,145,9,0,858,0,135,7,0,852,0,140,8,0,842,0,152,6,0,842,0,149,9,0,848,0,140,12,0,848,0,145,7,0,843,0,148,9,0,852,0,135,13,0,835,0,155,10,0,857,0,136,7,0,849,0,139,12,0,846,0,146,8,0,841,2,144,13,0,846,0,141,13,0,847,0,146,7,0,840,0,155,5,0,853,0,141,6,0,847,0,147,6,0,843,0,147,10,0,850,0,142,8,0,848,0,142,10,0,852,0,140,8,0,854,0,140,6,0,849,0,140,11,0,837,0,159,4,0,854,0,139,7,0,849,0,141,10,0,849,0,140,11,0,859,0,134,7,0,853,0,136,11,0,847,0,143,10,0,857,0,131,12,0,853,0,142,5,0,845,0,148,7,0,845,1,148,6,0,849,0,137,14,0
491,standard,0.1,850,0,142,8,0,844,0,147,9,0,854,0,135,11,0,848,0,146,6,0,854,0,137,9,0,851,0,139,10,0,844,0,147,9,0,843,0,146,11,0,860,0,134,6,0,843,0,147,10,0,850,0,143,7,0,836,0,154,10,0,848,0,146,6,0,846,0,145,9,0,858,0,135,7,0,852,0,140,8,0,842,0,152,6,0,842,0,149,9,0,848,0,140,12,0,848,0,145,7,0,843,0,148,9,0,852,0,135,13,0,835,0,155,10,0,857,0,136,7,0,849,0,139,12,0,846,0,146,8,0,841,0,146,13,0,846,0,141,13,0,847,0,146,7,0,840,0,155,5,0,853,0,141,6,0,847,0,147,6,0,843,0,147,10,0,850,0,142,8,0,848,0,142,10,0,852,0,140,8,0,854,0,140,6,0,849,0,140,11,0,837,0,159,4,0,854,0,139,7,0,849,0,141,10,0,849,0,140,11,0,859,0,134,7,0,853,0,136,11,0,847,0,143,10,0,857,0,131,12,0,853,0,142,5,0,845,0,148,7,0,845,1,148,6,0,849,0,137,14,0
492,standard,0.1,850,0,142,8,0,844,0,147,9,0,854,0,135,11,0,848,0,146,6,0,854,0,137,9,0,851,0,139,10,0,844,0,147,9,0,843,0,146,11,0,860,0,134,6,0,843,0,147,10,0,850,0,143,7,0,836,0,154,10,0,848,0,146,6,0,846,0,145,9,0,858,0,135,7,0,852,0,140,8,0,842,0,152,6,0,842,0,149,9,0,848,0,140,12,0,848,0,145,7,0,843,0,148,9,0,852,0,135,13,0,835,0,155,10,0,857,0,136,7,0,849,0,139,12,0,846,0,146,8,0,841,0,146,13,0,846,0,141,13,0,847,0,146,7,0,840,0,155,5,0,853,0,141,6,0,847,0,147,6,0,843,0,147,10,0,850,0,142,8,0,848,0,142,10,0,852,0,140,8,0,854,0,140,6,0,849,0,140,11,0,837,0,159,4,0,854,0,139,7,0,849,0,141,10,0,849,0,140,11,0,859,0,134,7,0,853,0,136,11,0,847,0,143,10,0,857,0,131,12,0,853,0,142,5,0,845,0,148,7,0,845,1,148,6,0,849,0,137,14,0
493,standard,0.1,850,0,142,8,0,844,0,147,9,0,854,0,135,11,0,848,0,146,6,0,854,0,137,9,0,851,0,139,10,0,844,0,147,9,0,843,0,146,11,0,860,0,134,6,0,843,0,147,10,0,850,0,143,7,0,836,0,154,10,0,848,0,146,6,0,846,0,145,9,0,858,0,135,7,0,852,0,140,8,0,842,0,152,6,0,842,0,149,9,0,848,0,140,12,0,848,0,145,7,0,843,0,148,9,0,852,0,135,13,0,835,0,155,10,0,857,0,136,7,0,849,0,139,12,0,846,0,146,8,0,841,0,146,13,0,846,0,141,13,0,847,0,146,7,0,840,0,155,5,0,853,0,141,6,0,847,0,147,6,0,843,0,147,10,0,850,0,142,8,0,848,0,142,10,0,852,0,140,8,0,854,0,140,6,0,849,0,140,11,0,837,0,159,4,0,854,0,139,7,0,849,0,141,10,0,849,0,140,11,0,859,0,134,7,0,853,0,136,11,0,847,0,143,10,0,857,0,131,12,0,853,0,142,5,0,845,0,148,7,0,845,1,148,6,0,849,0,137,14,0
494,standard,0.1,850,0,142,6,2,844,0,147,5,4,854,0,135,9,2,848,0,146,5,1,854,0,137,7,2,851,0,139,10,0,844,0,147,8,1,843,0,146,8,3,860,0,134,5,1,843,0,147,9,1,850,0,143,6,1,836,0,154,10,0,848,0,146,5,1,846,0,145,7,2,858,0,135,2,5,852,0,140,6,2,842,0,152,5,1,842,0,149,5,4,848,0,140,8,4,848,0,145,5,2,843,0,148,8,1,852,0,135,9,4,835,0,155,8,2,857,0,136,2,5,849,0,139,6,6,846,0,146,6,2,841,0,146,8,5,846,0,141,12,1,847,0,146,6,1,840,0,155,4,1,853,0,141,3,3,847,0,147,5,1,843,0,147,7,3,850,0,142,6,2,848,0,142,5,5,852,0,140,6,2,854,0,140,4,2,849,0,140,7,4,837,0,159,3,1,854,0,139,5,2,849,0,141,6,4,849,0,140,9,2,859,0,134,5,2,853,0,136,9,2,847,0,143,6,4,857,0,131,10,2,853,0,142,3,2,845,0,148,6,1,845,1,148,5,1,849,0,137,7,7
495,standard,0.1,850,0,142,6,2,844,0,147,5,4,854,0,135,9,2,848,0,146,4,2,854,0,137,7,2,851,0,139,10,0,844,0,147,8,1,843,0,146,8,3,860,0,134,5,1,843,0,147,9,1,850,0,143,6,1,836,0,154,10,0,848,0,146,5,1,846,0,145,7,2,858,0,135,2,5,852,0,140,6,2,842,0,152,5,1,842,0,149,5,4,848,0,140,8,4,848,0,145,5,2,843,0,148,8,1,852,0,135,9,4,835,0,155,8,2,857,0,136,2,5,849,0,139,6,6,846,0,146,6,2,841,0,146,8,5,846,0,141,12,1,847,0,146,6,1,840,0,155,4,1,853,0,141,3,3,847,0,147,5,1,843,0,147,7,3,850,0,142,6,2,848,0,142,5,5,852,0,140,6,2,854,0,140,4,2,849,0,140,7,4,837,0,159,3,1,854,0,139,5,2,849,0,141,6,4,849,0,140,9,2,859,0,134,5,2,853,0,136,9,2,847,0,143,6,4,857,0,131,10,2,853,0,142,3,2,845,0,148,6,1,845,0,149,5,1,849,0,137,7,7
496,standard,0.1,850,0,142,6,2,844,0,147,5,4,854,0,135,9,2,848,0,146,4,2,854,0,137,7,2,851,0,139,10,0,844,0,147,8,1,843,0,146,8,3,860,0,134,5,1,843,0,147,9,1,850,0,143,6,1,836,0,154,10,0,848,0,146,5,1,846,0,145,7,2,858,0,135,2,5,852,0,140,6,2,842,0,152,5,1,842,0,149,5,4,848,0,140,8,4,848,0,145,5,2,843,0,148,8,1,852,0,135,9,4,835,0,155,8,2,857,0,136,2,5,849,0,139,6,6,846,0,146,6,2,841,0,146,8,5,846,0,141,12,1,847,0,146,6,1,840,0,155,4,1,853,0,141,3,3,846,1,147,5,1,843,0,147,7,3,850,0,142,6,2,848,0,142,4,6,852,0,140,6,2,854,0,140,4,2,849,0,140,7,4,837,0,159,3,1,854,0,139,5,2,849,0,141,6,4,849,0,140,9,2,859,0,134,5,2,853,0,136,9,2,847,0,143,6,4,857,0,131,10,2,853,0,142,3,2,845,0,148,6,1,845,0,149,5,1,849,0,137,7,7
497,standard,0.1,850,0,142,6,2,844,0,147,5,4,854,0,135,9,2,848,0,146,4,2,854,0,137,7,2,851,0,139,10,0,844,0,147,8,1,843,0,146,8,3,860,0,134,5,1,843,0,147,9,1,850,0,143,6,1,836,0,154,10,0,848,0,146,5,1,846,0,145,7,2,858,0,135,2,5,852,0,140,6,2,842,0,152,5,1,842,0,149,5,4,848,0,140,8,4,848,0,145,5,2,843,0,148,8,1,852,0,135,9,4,835,0,155,8,2,857,0,136,2,5,849,0,139,6,6,846,0,146,6,2,841,0,146,8,5,846,0,141,11,2,847,0,146,6,1,840,0,155,4,1,853,0,141,3,3,846,1,147,5,1,843,0,147,7,3,850,0,142,6,2,848,0,142,4,6,852,0,140,6,2,854,0,140,4,2,849,0,140,7,4,837,0,159,3,1,854,0,139,5,2,849,0,141,6,4,849,0,140,9,2,859,0,134,5,2,853,0,136,9,2,847,0,143,6,4,857,0,131,10,2,853,0,142,3,2,845,0,148,6,1,845,0,149,5,1,849,0,137,7,7
498,standard,0.1,850,0,142,6,2,844,0,147,5,4,854,0,135,9,2,848,0,146,4,2,854,0,137,6,3,851,0,139,10,0,844,0,147,8,1,843,0,146,8,3,860,0,134,5,1,843,0,147,9,1,850,0,143,6,1,836,0,154,10,0,848,0,146,5,1,846,0,145,7,2,858,0,135,2,5,852,0,140,6,2,842,0,152,5,1,842,0,149,5,4,848,0,140,8,4,848,0,145,5,2,843,0,148,8,1,852,0,135,9,4,835,0,155,8,2,857,0,136,2,5,849,0,139,5,7,846,0,146,6,2,841,0,146,8,5,846,0,141,11,2,847,0,146,6,1,840,0,155,4,1,853,0,141,3,3,846,1,147,4,2,843,0,147,7,3,850,0,142,6,2,848,0,142,4,6,852,0,140,6,2,854,0,140,4,2,849,0,140,7,4,837,0,159,3,1,854,0,139,5,2,849,0,141,6,4,849,0,140,9,2,859,0,134,5,2,853,0,136,9,2,847,0,143,6,4,857,0,131,10,2,853,0,142,3,2,845,0,148,6,1,845,0,149,5,1,849,0,137,7,7
499,standard,0.1,850,0,142,6,2,844,0,147,5,4,854,0,135,9,2,848,0,146,4,2,854,0,137,6,3,851,0,139,10,0,844,0,147,8,1,843,0,146,8,3,860,0,134,5,1,843,0,147,9,1,850,0,143,6,1,836,0,154,10,0,848,0,146,5,1,846,0,145,6,3,858,0,135,2,5,852,0,140,6,2,842,0,152,5,1,842,0,149,5,4,848,0,140,8,4,848,0,145,5,2,843,0,148,6,3,852,0,135,9,4,835,0,154,9,2,857,0,136,2,5,849,0,139,5,7,846,0,146,6,2,841,0,146,8,5,846,0,141,11,2,847,0,146,6,1,840,0,155,4,1,853,0,141,3,3,846,1,147,4,2,843,0,147,7,3,850,0,142,6,2,848,0,142,4,6,852,0,140,6,2,854,0,140,3,3,849,0,140,7,4,837,0,159,3,1,854,0,139,5,2,849,0,141,6,4,849,0,140,9,2,859,0,134,5,2,853,0,136,9,2,847,0,143,6,4,857,0,131,10,2,853,0,142,3,2,845,0,148,6,1,845,0,149,5,1,849,0,137,7,7
500,standard,0.1,850,0,142,6,2,844,0,147,5,4,854,0,135,9,2,848,0,146,4,2,854,0,137,6,3,851,0,139,10,0,844,0,147,8,1,843,0,146,8,3,860,0,134,5,1,843,0,147,9,1,850,0,143,6,1,836,0,154,10,0,848,0,146,5,1,846,0,145,6,3,858,0,135,2,5,852,0,140,6,2,842,0,152,5,1,842,0,149,5,4,848,0,140,8,4,848,0,145,5,2,843,0,148,6,3,852,0,135,9,4,835,0,154,9,2,857,0,136,2,5,849,0,139,5,7,846,0,146,6,2,841,0,146,8,5,846,0,141,11,2,847,0,146,6,1,840,0,155,4,1,853,0,141,3,3,846,1,147,4,2,843,0,147,7,3,850,0,141,7,2,848,0,142,4,6,852,0,140,6,2,854,0,140,3,3,849,0,140,7,4,837,0,159,3,1,854,0,139,5,2,849,0,141,6,4,849,0,140,9,2,859,0,134,5,2,853,0,136,9,2,847,0,143,6,4,857,0,131,10,2,853,0,142,3,2,845,0,148,6,1,845,0,149,5,1,849,0,137,7,7
501,standard,0.1,850,0,142,6,2,844,0,147,5,4,854,0,135,9,2,848,0,146,4,2,854,0,137,6,3,851,0,139,10,0,844,0,147,8,1,843,0,146,8,3,860,0,134,5,1,843,0,147,9,1,850,0,143,6,1,836,0,154,10,0,848,0,146,5,1,846,0,145,6,3,858,0,135,2,5,852,0,140,6,2,842,0,152,5,1,842,0,149,5,4,848,0,140,8,4,848,0,145,5,2,843,0,148,6,3,852,0,135,9,4,835,0,154,9,2,857,0,136,2,5,849,0,139,5,7,846,0,146,6,2,841,0,146,8,5,846,0,141,11,2,847,0,146,6,1,840,0,155,4,1,853,0,141,3,3,846,1,147,4,2,843,0,147,7,3,850,0,141,7,2,848,0,142,3,7,852,0,140,6,2,854,0,140,3,3,849,0,140,6,5,837,0,159,3,1,854,0,139,5,2,849,0,141,6,4,849,0,140,9,2,859,0,134,5,2,853,0,136,9,2,847,0,143,6,4,857,0,131,10,2,853,0,142,3,2,845,0,148,5,2,845,0,149,5,1,849,0,137,7,7
502,standard,0.1,850,0,142,6,2,844,0,147,5,4,854,0,135,9,2,848,0,146,4,2,853,1,137,6,3,851,0,139,10,0,844,0,147,8,1,843,0,146,8,3,860,0,134,5,1,843,0,147,9,1,850,0,143,6,1,836,0,154,10,0,848,0,146,5,1,846,0,145,6,3,858,0,135,2,5,852,0,140,6,2,842,0,152,5,1,842,0,149,5,4,848,0,140,8,4,848,0,145,5,2,843,0,148,6,3,852,0,135,9,4,835,0,154,9,2,857,0,136,2,5,849,0,139,5,7,846,0,146,6,2,841,0,146,8,5,846,0,141,11,2,847,0,146,6,1,840,0,155,4,1,853,0,141,3,3,846,1,147,4,2,843,0,147,7,3,850,0,141,7,2,848,0,142,3,7,852,0,140,6,2,854,0,140,3,3,849,0,140,6,5,837,0,159,3,1,854,0,139,5,2,849,0,141,6,4,849,0,140,9,2,859,0,134,5,2,853,0,136,9,2,847,0,143,6,4,857,0,131,10,2,853,0,142,3,2,845,0,148,5,2,845,0,149,5,1,849,0,137,7,7
503,standard,0.1,850,0,142,6,2,844,0,147,5,4,854,0,135,9,2,848,0,146,4,2,853,1,137,6,3,851,0,139,10,0,844,0,147,8,1,843,0,146,8,3,860,0,134,5,1,843,0,147,9,1,850,0,143,6,1,836,0,154,10,0,848,0,146,5,1,846,0,145,6,3,858,0,135,2,5,852,0,140,6,2,842,0,152,5,1,842,0,149,5,4,848,0,140,7,5,848,0,145,5,2,843,0,148,5,4,852,0,135,9,4,835,0,154,9,2,857,0,136,2,5,849,0,139,5,7,846,0,146,6,2,841,0,146,8,5,846,0,141,11,2,847,0,146,6,1,840,0,155,4,1,853,0,141,3,3,846,1,147,4,2,843,0,147,7,3,850,0,141,7,2,848,0,142,3,7,852,0,140,6,2,854,0,140,3,3,849,0,140,6,5,837,0,159,3,1,854,0,139,5,2,849,0,141,5,5,849,0,140,9,2,859,0,134,5,2,853,0,136,9,2,847,0,143,6,4,857,0,131,10,2,853,0,142,2,3,845,0,148,5,2,845,0,149,5,1,849,0,137,7,7
504,standard,0.1,850,0,142,6,2,844,0,147,5,4,854,0,135,9,2,848,0,146,4,2,853,1,137,6,3,851,0,139,10,0,844,0,147,8,1,843,0,146,8,3,860,0,134,5,1,843,0,147,9,1,850,0,143,6,1,836,0,154,10,0,848,0,146,5,1,846,0,145,6,3,858,0,135,2,5,852,0,140,6,2,842,0,152,5,1,842,0,149,5,4,848,0,140,7,5,848,0,145,5,2,843,0,148,5,4,852,0,135,9,4,835,0,154,9,2,857,0,136,2,5,849,0,139,5,7,846,0,146,6,2,841,0,146,8,5,846,0,141,11,2,847,0,146,6,1,840,0,155,4,1,853,0,141,3,3,846,1,147,4,2,843,0,147,7,3,850,0,141,7,2,848,0,142,3,7,852,0,140,6,2,854,0,140,3,3,849,0,140,6,5,837,0,159,3,1,854,0,139,5,2,849,0,141,4,6,849,0,140,9,2,859,0,134,5,2,853,0,136,9,2,847,0,143,6,4,857,0,131,10,2,853,0,142,2,3,845,0,148,5,2,845,0,149,5,1,849,0,137,7,7
505,standard,0.1,850,0,142,6,2,844,0,147,5,4,854,0,135,9,2,848,0,146,3,3,852,2,137,6,3,851,0,139,10,0,844,0,147,8,1,843,0,146,8,3,860,0,134,5,1,842,1,147,9,1,850,0,143,6,1,836,0,154,9,1,848,0,146,5,1,846,0,145,6,3,858,0,135,2,5,852,0,140,6,2,842,0,152,5,1,842,0,149,5,4,848,0,140,7,5,848,0,145,5,2,843,0,148,5,4,852,0,135,9,4,835,0,154,9,2,857,0,136,2,5,849,0,139,5,7,846,0,146,6,2,841,0,146,8,5,846,0,141,11,2,847,0,146,6,1,840,0,155,4,1,853,0,141,3,3,846,1,147,4,2,843,0,147,7,3,850,0,141,7,2,848,0,142,3,7,852,0,140,6,2,854,0,140,3,3,849,0,140,6,5,837,0,159,2,2,854,0,139,5,2,849,0,141,4,6,849,0,140,9,2,859,0,134,5,2,853,0,136,9,2,847,0,143,6,4,857,0,131,10,2,853,0,142,2,3,845,0,148,5,2,845,0,149,5,1,849,0,137,7,7
506,standard,0.1,850,0,142,6,2,844,0,147,5,4,854,0,135,9,2,848,0,146,3,3,852,2,137,6,3,851,0,139,10,0,844,0,147,8,1,843,0,146,8,3,860,0,134,5,1,842,1,147,9,1,850,0,143,6,1,836,0,154,9,1,848,0,146,5,1,846,0,145,6,3,858,0,135,2,5,852,0,140,6,2,842,0,152,5,1,842,0,149,5,4,848,0,140,7,5,848,0,145,5,2,843,0,148,5,4,852,0,135,9,4,835,0,154,9,2,857,0,136,2,5,849,0,139,5,7,846,0,146,6,2,841,0,146,8,5,846,0,141,11,2,847,0,146,6,1,840,0,155,4,1,853,0,141,3,3,846,1,147,4,2,843,0,147,7,3,850,0,141,7,2,848,0,142,3,7,852,0,140,6,2,854,0,140,3,3,849,0,140,6,5,837,0,159,2,2,854,0,139,5,2,849,0,141,4,6,849,0,140,8,3,859,0,134,5,2,853,0,136,9,2,847,0,143,6,4,857,0,131,10,2,853,0,142,2,3,845,0,148,5,2,845,0,149,4,2,849,0,137,7,7
507,standard,0.1,850,0,142,6,2,844,0,147,5,4,854,0,135,9,2,848,0,146,3,3,852,2,137,6,3,851,0,139,10,0,844,0,147,8,1,843,0,146,8,3,860,0,134,5,1,842,1,147,9,1,850,0,143,6,1,836,0,154,9,1,848,0,146,5,1,846,0,145,6,3,858,0,135,2,5,852,0,140,6,2,842,0,152,5,1,842,0,149,5,4,848,0,140,7,5,848,0,145,5,2,843,0,148,5,4,852,0,135,9,4,835,0,154,9,2,857,0,136,2,5,849,0,139,5,7,846,0,146,6,2,841,0,146,8,5,846,0,141,11,2,847,0,146,6,1,840,0,155,4,1,853,0,141,3,3,846,1,147,4,2,843,0,147,7,3,850,0,141,7,2,848,0,142,3,7,852,0,140,6,2,854,0,140,3,3,849,0,140,6,5,837,0,159,2,2,854,0,139,5,2,849,0,141,4,6,849,0,140,8,3,859,0,134,5,2,853,0,136,9,2,847,0,143,6,4,857,0,131,10,2,853,0,142,2,3,845,0,148,5,2,845,0,149,4,2,849,0,137,7,7
508,standard,0.1,850,0,142,6,2,844,0,147,5,4,854,0,135,9,2,848,0,146,3,3,852,2,137,6,3,851,0,139,10,0,844,0,147,8,1,843,0,146,8,3,860,0,134,5,1,842,1,147,9,1,850,0,143,6,1,836,0,154,9,1,848,0,146,5,1,846,0,145,6,3,858,0,135,2,5,852,0,140,6,2,842,0,152,5,1,842,0,149,5,4,848,0,140,7,5,848,0,145,5,2,843,0,148,5,4,852,0,135,9,4,835,0,154,9,2,857,0,136,2,5,849,0,139,5,7,846,0,146,6,2,841,0,146,8,5,846,0,141,11,2,847,0,146,6,1,840,0,155,4,1,853,0,141,3,3,846,1,147,4,2,843,0,147,7,3,850,0,141,7,2,848,0,142,3,7,852,0,140,6,2,854,0,140,3,3,849,0,140,6,5,837,0,159,2,2,854,0,139,5,2,849,0,141,4,6,849,0,140,8,3,859,0,134,5,2,853,0,136,9,2,847,0,143,6,4,857,0,131,10,2,853,0,142,2,3,845,0,148,5,2,845,0,149,4,2,849,0,137,7,7
509,standard,0.1,850,0,142,6,2,844,0,147,5,4,854,0,135,9,2,848,0,146,3,3,852,2,137,6,3,851,0,139,10,0,844,0,147,8,1,843,0,146,8,3,860,0,134,5,1,842,1,147,9,1,850,0,143,6,1,836,0,154,9,1,848,0,146,5,1,846,0,145,6,3,857,1,135,2,5,852,0,140,6,2,841,1,152,5,1,842,0,149,5,4,848,0,140,7,5,848,0,145,5,2,843,0,148,5,4,852,0,135,9,4,835,0,154,9,2,857,0,136,2,5,849,0,139,5,7,846,0,146,6,2,841,0,146,8,5,846,0,141,11,2,847,0,146,6,1,840,0,155,4,1,853,0,141,3,3,846,0,148,4,2,843,0,147,7,3,850,0,141,7,2,848,0,142,3,7,852,0,140,6,2,854,0,140,3,3,849,0,140,6,5,837,0,159,2,2,854,0,139,5,2,849,0,141,4,6,849,0,140,8,3,859,0,134,5,2,853,0,136,9,2,847,0,143,6,4,857,0,131,10,2,853,0,142,2,3,845,0,148,5,2,845,0,149,4,2,849,0,137,7,7
510,standard,0.1,850,0,142,6,2,844,0,147,5,4,854,0,135,9,2,848,0,146,3,3,852,2,137,6,3,851,0,139,10,0,844,0,147,8,1,843,0,146,8,3,860,0,134,5,1,842,1,147,9,1,850,0,143,6,1,836,0,154,9,1,848,0,146,5,1,846,0,145,6,3,857,1,135,2,5,852,0,140,6,2,841,1,152,5,1,842,0,149,5,4,848,0,140,7,5,848,0,145,5,2,843,0,148,5,4,852,0,135,9,4,835,0,154,9,2,857,0,136,2,5,849,0,139,5,7,846,0,146,6,2,841,0,146,8,5,846,0,141,11,2,847,0,146,6,1,839,1,155,4,1,853,0,141,3,3,846,0,148,4,2,843,0,147,7,3,850,0,141,7,2,848,0,142,3,7,852,0,140,6,2,854,0,140,3,3,849,0,140,6,5,837,0,159,2,2,854,0,139,5,2,849,0,141,4,6,849,0,140,8,3,859,0,134,5,2,853,0,136,9,2,847,0,143,6,4,857,0,131,10,2,853,0,142,2,3,845,0,148,5,2,845,0,149,4,2,849,0,137,7,7
511,standard,0.1,850,0,142,6,2,844,0,147,5,4,854,0,135,9,2,848,0,146,3,3,852,2,137,6,3,851,0,139,10,0,844,0,147,8,1,843,0,146,8,3,860,0,134,5,1,842,1,147,9,1,850,0,143,6,1,836,0,154,9,1,848,0,146,5,1,846,0,145,6,3,857,1,135,2,5,852,0,140,6,2,841,1,152,5,1,842,0,149,5,4,848,0,140,7,5,848,0,145,5,2,843,0,148,5,4,852,0,135,9,4,835,0,154,9,2,857,0,136,2,5,849,0,139,5,7,846,0,146,6,2,841,0,146,8,5,846,0,141,11,2,847,0,146,6,1,839,1,155,4,1,853,0,141,3,3,846,0,148,4,2,843,0,147,7,3,850,0,141,7,2,848,0,142,3,7,852,0,140,6,2,854,0,140,3,3,849,0,140,6,5,837,0,159,2,2,854,0,139,5,2,849,0,141,4,6,849,0,140,8,3,859,0,134,5,2,853,0,136,9,2,847,0,143,6,4,857,0,131,10,2,853,0,142,2,3,845,0,148,5,2,845,0,149,4,2,849,0,137,7,7
512,standard,0.1,850,0,142,6,2,844,0,147,5,4,854,0,135,9,2,848,0,146,3,3,852,2,137,6,3,851,0,139,10,0,844,0,147,8,1,843,0,146,8,3,860,0,134,5,1,842,1,147,9,1,850,0,143,6,1,836,0,154,9,1,848,0,146,5,1,846,0,145,6,3,857,1,135,2,5,852,0,140,6,2,841,1,152,5,1,842,0,149,5,4,848,0,140,7,5,848,0,145,5,2,843,0,148,5,4,852,0,135,9,4,835,0,154,9,2,857,0,136,2,5,849,0,139,5,7,846,0,146,6,2,841,0,146,8,5,846,0,141,11,2,847,0,146,6,1,839,1,155,4,1,853,0,141,3,3,846,0,148,4,2,843,0,147,7,3,850,0,141,7,2,848,0,142,3,7,852,0,140,6,2,854,0,140,3,3,849,0,140,6,5,837,0,159,2,2,854,0,139,5,2,849,0,141,4,6,849,0,140,8,3,859,0,134,5,2,853,0,136,9,2,847,0,143,6,4,857,0,131,10,2,853,0,142,2,3,845,0,148,5,2,845,0,149,4,2,849,0,137,7,7
513,standard,0.1,850,0,142,6,2,844,0,147,5,4,854,0,135,9,2,848,0,146,3,3,852,2,137,6,3,851,0,139,10,0,844,0,147,8,1,843,0,146,8,3,860,0,134,5,1,842,1,147,9,1,850,0,143,6,1,836,0,154,9,1,848,0,146,5,1,846,0,145,6,3,857,1,135,2,5,852,0,140,6,2,841,1,152,5,1,842,0,149,5,4,848,0,140,7,5,848,0,145,5,2,843,0,148,5,4,852,0,135,9,4,835,0,154,9,2,857,0,136,2,5,849,0,139,5,7,846,0,146,6,2,841,0,146,8,5,846,0,141,11,2,847,0,146,6,1,839,1,155,4,1,853,0,141,3,3,846,0,148,4,2,843,0,147,7,3,850,0,141,7,2,848,0,142,3,7,852,0,140,6,2,854,0,140,3,3,849,0,140,6,5,837,0,159,2,2,854,0,139,5,2,849,0,141,4,6,849,0,140,8,3,859,0,134,5,2,853,0,136,9,2,847,0,143,6,4,857,0,131,10,2,853,0,142,2,3,845,0,148,5,2,845,0,149,4,2,849,0,137,7,7
514,standard,0.1,850,0,142,6,2,844,0,147,5,4,854,0,135,9,2,848,0,146,3,3,852,2,137,6,3,851,0,139,10,0,844,0,147,8,1,843,0,146,8,3,860,0,134,5,1,842,1,147,9,1,850,0,143,5,2,836,0,154,9,1,848,0,146,5,1,846,0,145,6,3,857,1,135,2,5,852,0,140,6,2,841,1,152,5,1,842,0,149,5,4,848,0,140,7,5,848,0,145,5,2,843,0,148,5,4,852,0,135,9,4,835,0,154,9,2,857,0,136,2,5,849,0,139,5,7,846,0,146,6,2,840,1,146,8,5,846,0,141,11,2,847,0,146,6,1,839,1,155,4,1,853,0,141,3,3,846,0,148,4,2,843,0,147,7,3,850,0,141,7,2,847,1,142,3,7,852,0,140,6,2,854,0,140,3,3,849,0,140,6,5,837,0,159,2,2,853,1,139,5,2,849,0,141,4,6,849,0,140,8,3,859,0,134,5,2,853,0,136,9,2,847,0,143,6,4,857,0,131,10,2,853,0,142,2,3,845,0,148,5,2,845,0,149,4,2,849,0,137,7,7
515,standard,0.1,850,0,142,6,2,844,0,147,5,4,854,0,135,9,2,848,0,146,3,3,852,1,138,6,3,851,0,139,10,0,844,0,147,8,1,843,0,146,8,3,860,0,134,5,1,842,1,147,9,1,850,0,143,5,2,836,0,154,9,1,848,0,146,5,1,846,0,145,6,3,857,1,135,2,5,852,0,140,6,2,841,1,152,5,1,842,0,149,5,4,848,0,140,7,5,848,0,145,5,2,843,0,148,5,4,852,0,135,9,4,835,0,154,9,2,857,0,136,2,5,849,0,139,5,7,846,0,146,6,2,840,1,146,8,5,846,0,141,11,2,847,0,146,6,1,839,1,155,4,1,853,0,141,3,3,846,0,148,4,2,843,0,147,7,3,850,0,141,7,2,847,1,142,3,7,852,0,140,6,2,854,0,140,3,3,849,0,140,6,5,837,0,159,2,2,853,1,139,5,2,849,0,141,4,6,849,0,140,8,3,859,0,134,5,2,853,0,136,9,2,847,0,143,6,4,857,0,131,10,2,853,0,142,2,3,845,0,148,5,2,845,0,149,4,2,849,0,137,7,7
516,standard,0.1,850,0,142,6,2,844,0,147,5,4,854,0,135,9,2,848,0,146,3,3,852,1,138,6,3,851,0,139,10,0,844,0,147,8,1,843,0,146,8,3,860,0,134,5,1,842,1,147,9,1,850,0,143,5,2,836,0,154,9,1,848,0,146,5,1,846,0,145,6,3,857,1,135,2,5,852,0,140,6,2,841,1,152,5,1,842,0,149,5,4,848,0,140,7,5,848,0,145,5,2,843,0,148,5,4,852,0,135,9,4,835,0,154,9,2,857,0,136,2,5,849,0,139,5,7,846,0,146,6,2,840,1,146,8,5,846,0,141,11,2,847,0,146,6,1,839,1,155,4,1,853,0,141,3,3,846,0,148,4,2,843,0,147,7,3,850,0,141,7,2,847,1,142,3,7,852,0,140,6,2,854,0,140,3,3,849,0,140,6,5,837,0,159,2,2,853,1,139,5,2,849,0,141,4,6,849,0,140,8,3,859,0,134,5,2,853,0,136,9,2,847,0,143,6,4,857,0,131,10,2,853,0,142,2,3,845,0,148,5,2,845,0,149,4,2,849,0,137,7,7
517,standard,0.1,850,0,142,6,2,844,0,147,5,4,854,0,135,9,2,848,0,146,3,3,852,1,138,6,3,851,0,139,10,0,844,0,147,8,1,843,0,146,8,3,860,0,134,5,1,842,1,147,9,1,850,0,143,5,2,836,0,154,9,1,848,0,146,5,1,846,0,145,6,3,857,1,135,2,5,852,0,140,5,3,841,1,152,5,1,842,0,149,5,4,848,0,140,7,5,848,0,145,5,2,843,0,148,5,4,852,0,135,9,4,835,0,154,9,2,857,0,136,2,5,849,0,139,5,7,846,0,146,6,2,840,1,146,8,5,846,0,141,11,2,847,0,146,6,1,839,1,155,4,1,853,0,141,3,3,846,0,148,4,2,843,0,147,7,3,850,0,141,7,2,847,1,142,3,7,852,0,140,6,2,854,0,140,3,3,849,0,140,6,5,837,0,159,2,2,853,1,139,5,2,849,0,141,4,6,849,0,140,8,3,859,0,134,5,2,853,0,136,9,2,847,0,143,6,4,857,0,131,10,2,853,0,142,2,3,845,0,148,5,2,845,0,149,4,2,849,0,137,7,7
518,standard,0.1,850,0,142,6,2,844,0,147,5,4,854,0,135,9,2,848,0,146,3,3,852,0,139,6,3,851,0,139,10,0,844,0,147,8,1,843,0,146,8,3,860,0,134,5,1,842,0,148,9,1,850,0,143,5,2,836,0,154,9,1,848,0,146,5,1,846,0,145,6,3,857,1,135,2,5,852,0,140,5,3,841,1,152,5,1,842,0,149,5,4,848,0,140,7,5,848,0,145,5,2,843,0,148,5,4,852,0,135,9,4,835,0,154,9,2,857,0,136,2,5,849,0,139,5,7,846,0,146,6,2,840,1,146,8,5,846,0,141,11,2,847,0,146,6,1,839,1,155,4,1,853,0,141,3,3,846,0,148,4,2,843,0,147,7,3,850,0,141,7,2,847,1,142,3,7,852,0,140,6,2,854,0,140,3,3,849,0,140,6,5,837,0,159,2,2,853,1,139,5,2,849,0,141,4,6,849,0,140,8,3,859,0,134,5,2,853,0,136,9,2,847,0,143,6,4,857,0,131,10,2,853,0,142,2,3,845,0,148,5,2,845,0,149,4,2,849,0,137,7,7
519,standard,0.1,850,0,142,6,2,844,0,147,5,4,854,0,135,9,2,848,0,146,3,3,852,0,139,6,3,851,0,139,10,0,844,0,147,8,1,843,0,146,8,3,860,0,134,5,1,842,0,148,9,1,850,0,143,5,2,836,0,154,9,1,848,0,146,5,1,846,0,145,6,3,857,1,135,2,5,852,0,140,5,3,841,1,152,5,1,842,0,149,5,4,848,0,140,7,5,848,0,145,5,2,843,0,148,5,4,852,0,135,9,4,835,0,154,9,2,857,0,136,2,5,849,0,139,5,7,846,0,146,6,2,840,1,146,8,5,846,0,141,11,2,847,0,146,6,1,839,1,155,4,1,853,0,141,3,3,846,0,148,4,2,843,0,147,7,3,850,0,141,7,2,847,1,142,3,7,852,0,140,6,2,854,0,140,3,3,849,0,140,6,5,837,0,159,2,2,853,1,139,5,2,849,0,141,4,6,849,0,140,8,3,859,0,134,5,2,853,0,136,9,2,847,0,143,6,4,857,0,131,10,2,853,0,142,2,3,845,0,148,5,2,845,0,149,4,2,849,0,137,7,7
520,standard,0.1,850,0,142,6,2,844,0,147,5,4,854,0,135,9,2,848,0,146,3,3,851,1,139,6,3,851,0,139,9,1,844,0,147,8,1,843,0,146,8,3,860,0,134,5,1,842,0,148,9,1,850,0,143,5,2,836,0,154,9,1,848,0,146,5,1,846,0,145,6,3,857,1,135,2,5,852,0,140,5,3,841,1,152,5,1,842,0,149,5,4,848,0,140,7,5,848,0,145,5,2,843,0,148,5,4,852,0,135,9,4,835,0,154,9,2,857,0,136,2,5,849,0,139,5,7,846,0,146,6,2,840,1,146,8,5,846,0,141,11,2,847,0,146,6,1,839,1,155,4,1,853,0,141,3,3,846,0,148,4,2,843,0,147,7,3,850,0,141,7,2,847,1,142,3,7,852,0,140,6,2,854,0,140,3,3,849,0,140,6,5,837,0,159,2,2,853,1,139,5,2,849,0,141,4,6,849,0,140,8,3,859,0,134,5,2,853,0,136,9,2,847,0,143,6,4,857,0,131,10,2,853,0,142,2,3,845,0,148,5,2,845,0,149,4,2,849,0,137,7,7
