week,mode,prep,susceptible_1,acute_1,chronic_1,aids_1,dead_1,susceptible_2,acute_2,chronic_2,aids_2,dead_2,susceptible_3,acute_3,chronic_3,aids_3,dead_3,susceptible_4,acute_4,chronic_4,aids_4,dead_4,susceptible_5,acute_5,chronic_5,aids_5,dead_5,susceptible_6,acute_6,chronic_6,aids_6,dead_6,susceptible_7,acute_7,chronic_7,aids_7,dead_7,susceptible_8,acute_8,chronic_8,aids_8,dead_8,susceptible_9,acute_9,chronic_9,aids_9,dead_9,susceptible_10,acute_10,chronic_10,aids_10,dead_10,susceptible_11,acute_11,chronic_11,aids_11,dead_11,susceptible_12,acute_12,chronic_12,aids_12,dead_12,susceptible_13,acute_13,chronic_13,aids_13,dead_13,susceptible_14,acute_14,chronic_14,aids_14,dead_14,susceptible_15,acute_15,chronic_15,aids_15,dead_15,susceptible_16,acute_16,chronic_16,aids_16,dead_16,susceptible_17,acute_17,chronic_17,aids_17,dead_17,susceptible_18,acute_18,chronic_18,aids_18,dead_18,susceptible_19,acute_19,chronic_19,aids_19,dead_19,susceptible_20,acute_20,chronic_20,aids_20,dead_20,susceptible_21,acute_21,chronic_21,aids_21,dead_21,susceptible_22,acute_22,chronic_22,aids_22,dead_22,susceptible_23,acute_23,chronic_23,aids_23,dead_23,susceptible_24,acute_24,chronic_24,aids_24,dead_24,susceptible_25,acute_25,chronic_25,aids_25,dead_25,susceptible_26,acute_26,chronic_26,aids_26,dead_26,susceptible_27,acute_27,chronic_27,aids_27,dead_27,susceptible_28,acute_28,chronic_28,aids_28,dead_28,susceptible_29,acute_29,chronic_29,aids_29,dead_29,susceptible_30,acute_30,chronic_30,aids_30,dead_30,susceptible_31,acute_31,chronic_31,aids_31,dead_31,susceptible_32,acute_32,chronic_32,aids_32,dead_32,susceptible_33,acute_33,chronic_33,aids_33,dead_33,susceptible_34,acute_34,chronic_34,aids_34,dead_34,susceptible_35,acute_35,chronic_35,aids_35,dead_35,susceptible_36,acute_36,chronic_36,aids_36,dead_36,susceptible_37,acute_37,chronic_37,aids_37,dead_37,susceptible_38,acute_38,chronic_38,aids_38,dead_38,susceptible_39,acute_39,chronic_39,aids_39,dead_39,susceptible_40,acute_40,chronic_40,aids_40,dead_40,susceptible_41,acute_41,chronic_41,aids_41,dead_41,susceptible_42,acute_42,chronic_42,aids_42,dead_42,susceptible_43,acute_43,chronic_43,aids_43,dead_43,susceptible_44,acute_44,chronic_44,aids_44,dead_44,susceptible_45,acute_45,chronic_45,aids_45,dead_45,susceptible_46,acute_46,chronic_46,aids_46,dead_46,susceptible_47,acute_47,chronic_47,aids_47,dead_47,susceptible_48,acute_48,chronic_48,aids_48,dead_48,susceptible_49,acute_49,chronic_49,aids_49,dead_49,susceptible_50,acute_50,chronic_50,aids_50,dead_50
0,targeted_heterosexual,0.5,890,110,0,0,0,890,110,0,0,0,890,110,0,0,0,890,110,0,0,0,890,110,0,0,0,890,110,0,0,0,890,110,0,0,0,890,110,0,0,0,890,110,0,0,0,890,110,0,0,0,890,110,0,0,0,890,110,0,0,0,890,110,0,0,0,890,110,0,0,0,890,110,0,0,0,890,110,0,0,0,890,110,0,0,0,890,110,0,0,0,890,110,0,0,0,890,110,0,0,0,890,110,0,0,0,890,110,0,0,0,890,110,0,0,0,890,110,0,0,0,890,110,0,0,0,890,110,0,0,0,890,110,0,0,0,890,110,0,0,0,890,110,0,0,0,890,110,0,0,0,890,110,0,0,0,890,110,0,0,0,890,110,0,0,0,890,110,0,0,0,890,110,0,0,0,890,110,0,0,0,890,110,0,0,0,890,110,0,0,0,890,110,0,0,0,890,110,0,0,0,890,110,0,0,0,890,110,0,0,0,890,110,0,0,0,890,110,0,0,0,890,110,0,0,0,890,110,0,0,0,890,110,0,0,0,890,110,0,0,0,890,110,0,0,0,890,110,0,0,0
1,targeted_heterosexual,0.5,889,111,0,0,0,888,112,0,0,0,889,111,0,0,0,886,114,0,0,0,890,110,0,0,0,889,111,0,0,0,887,113,0,0,0,888,112,0,0,0,889,111,0,0,0,885,115,0,0,0,886,114,0,0,0,886,114,0,0,0,888,112,0,0,0,886,114,0,0,0,888,112,0,0,0,888,112,0,0,0,887,113,0,0,0,889,111,0,0,0,887,113,0,0,0,885,115,0,0,0,890,110,0,0,0,885,115,0,0,0,886,114,0,0,0,887,113,0,0,0,889,111,0,0,0,887,113,0,0,0,885,115,0,0,0,887,113,0,0,0,883,117,0,0,0,885,115,0,0,0,887,113,0,0,0,888,112,0,0,0,889,111,0,0,0,887,113,0,0,0,889,111,0,0,0,889,111,0,0,0,888,112,0,0,0,886,114,0,0,0,890,110,0,0,0,887,113,0,0,0,888,112,0,0,0,886,114,0,0,0,885,115,0,0,0,885,115,0,0,0,890,110,0,0,0,889,111,0,0,0,888,112,0,0,0,889,111,0,0,0,890,110,0,0,0,888,112,0,0,0
2,targeted_heterosexual,0.5,883,117,0,0,0,886,114,0,0,0,887,113,0,0,0,885,115,0,0,0,888,112,0,0,0,886,114,0,0,0,885,115,0,0,0,886,114,0,0,0,885,115,0,0,0,884,116,0,0,0,883,117,0,0,0,885,115,0,0,0,886,114,0,0,0,884,116,0,0,0,884,116,0,0,0,886,114,0,0,0,884,116,0,0,0,884,116,0,0,0,884,116,0,0,0,881,119,0,0,0,885,115,0,0,0,881,119,0,0,0,883,117,0,0,0,886,114,0,0,0,889,111,0,0,0,884,116,0,0,0,883,117,0,0,0,885,115,0,0,0,882,118,0,0,0,883,117,0,0,0,885,115,0,0,0,886,114,0,0,0,887,113,0,0,0,883,117,0,0,0,888,112,0,0,0,887,113,0,0,0,883,117,0,0,0,885,115,0,0,0,889,111,0,0,0,884,116,0,0,0,885,115,0,0,0,885,115,0,0,0,881,119,0,0,0,877,123,0,0,0,890,110,0,0,0,886,114,0,0,0,885,115,0,0,0,886,114,0,0,0,886,114,0,0,0,886,114,0,0,0
3,targeted_heterosexual,0.5,881,119,0,0,0,884,116,0,0,0,886,114,0,0,0,883,117,0,0,0,886,114,0,0,0,884,116,0,0,0,883,117,0,0,0,886,114,0,0,0,883,117,0,0,0,880,120,0,0,0,882,118,0,0,0,881,119,0,0,0,883,117,0,0,0,882,118,0,0,0,884,116,0,0,0,884,116,0,0,0,882,118,0,0,0,883,117,0,0,0,881,119,0,0,0,880,120,0,0,0,883,117,0,0,0,879,121,0,0,0,882,118,0,0,0,886,114,0,0,0,887,113,0,0,0,883,117,0,0,0,881,119,0,0,0,881,119,0,0,0,881,119,0,0,0,881,119,0,0,0,885,115,0,0,0,882,118,0,0,0,883,117,0,0,0,883,117,0,0,0,886,114,0,0,0,883,117,0,0,0,881,119,0,0,0,884,116,0,0,0,886,114,0,0,0,884,116,0,0,0,883,117,0,0,0,883,117,0,0,0,878,122,0,0,0,875,125,0,0,0,886,114,0,0,0,884,116,0,0,0,882,118,0,0,0,884,116,0,0,0,884,116,0,0,0,884,116,0,0,0
4,targeted_heterosexual,0.5,878,122,0,0,0,884,116,0,0,0,885,115,0,0,0,882,118,0,0,0,885,115,0,0,0,884,116,0,0,0,880,120,0,0,0,884,116,0,0,0,880,120,0,0,0,876,124,0,0,0,881,119,0,0,0,879,121,0,0,0,881,119,0,0,0,879,121,0,0,0,883,117,0,0,0,880,120,0,0,0,881,119,0,0,0,882,118,0,0,0,879,121,0,0,0,878,122,0,0,0,882,118,0,0,0,875,125,0,0,0,880,120,0,0,0,882,118,0,0,0,884,116,0,0,0,878,122,0,0,0,880,120,0,0,0,881,119,0,0,0,878,122,0,0,0,880,120,0,0,0,885,115,0,0,0,877,123,0,0,0,879,121,0,0,0,883,117,0,0,0,883,117,0,0,0,882,118,0,0,0,880,120,0,0,0,884,116,0,0,0,882,118,0,0,0,882,118,0,0,0,879,121,0,0,0,883,117,0,0,0,874,126,0,0,0,874,126,0,0,0,885,115,0,0,0,882,118,0,0,0,880,120,0,0,0,879,121,0,0,0,881,119,0,0,0,883,117,0,0,0
5,targeted_heterosexual,0.5,873,127,0,0,0,882,118,0,0,0,884,116,0,0,0,880,120,0,0,0,885,115,0,0,0,880,120,0,0,0,879,121,0,0,0,882,118,0,0,0,878,122,0,0,0,868,132,0,0,0,880,120,0,0,0,878,122,0,0,0,880,120,0,0,0,876,124,0,0,0,883,117,0,0,0,877,123,0,0,0,877,123,0,0,0,880,120,0,0,0,876,124,0,0,0,876,124,0,0,0,881,119,0,0,0,874,126,0,0,0,876,124,0,0,0,880,120,0,0,0,879,121,0,0,0,876,124,0,0,0,879,121,0,0,0,877,123,0,0,0,878,122,0,0,0,879,121,0,0,0,885,115,0,0,0,875,125,0,0,0,878,122,0,0,0,883,117,0,0,0,879,121,0,0,0,881,119,0,0,0,880,120,0,0,0,880,120,0,0,0,879,121,0,0,0,880,120,0,0,0,877,123,0,0,0,882,118,0,0,0,872,128,0,0,0,872,128,0,0,0,885,115,0,0,0,882,118,0,0,0,880,120,0,0,0,875,125,0,0,0,877,123,0,0,0,881,119,0,0,0
6,targeted_heterosexual,0.5,871,129,0,0,0,881,119,0,0,0,882,118,0,0,0,880,120,0,0,0,881,119,0,0,0,879,121,0,0,0,879,121,0,0,0,882,118,0,0,0,878,122,0,0,0,868,132,0,0,0,880,120,0,0,0,874,126,0,0,0,879,121,0,0,0,876,124,0,0,0,881,119,0,0,0,874,126,0,0,0,876,124,0,0,0,879,121,0,0,0,874,126,0,0,0,875,125,0,0,0,878,122,0,0,0,873,127,0,0,0,875,125,0,0,0,876,124,0,0,0,877,123,0,0,0,874,126,0,0,0,878,122,0,0,0,876,124,0,0,0,878,122,0,0,0,877,123,0,0,0,884,116,0,0,0,875,125,0,0,0,876,124,0,0,0,880,120,0,0,0,875,125,0,0,0,880,120,0,0,0,879,121,0,0,0,879,121,0,0,0,877,123,0,0,0,879,121,0,0,0,873,127,0,0,0,882,118,0,0,0,871,129,0,0,0,872,128,0,0,0,883,117,0,0,0,880,120,0,0,0,879,121,0,0,0,873,127,0,0,0,876,124,0,0,0,878,122,0,0,0
7,targeted_heterosexual,0.5,870,130,0,0,0,880,120,0,0,0,880,120,0,0,0,877,123,0,0,0,880,120,0,0,0,878,122,0,0,0,877,123,0,0,0,882,118,0,0,0,875,125,0,0,0,864,136,0,0,0,879,121,0,0,0,873,127,0,0,0,877,123,0,0,0,874,126,0,0,0,879,121,0,0,0,873,127,0,0,0,875,125,0,0,0,878,122,0,0,0,872,128,0,0,0,872,128,0,0,0,876,124,0,0,0,872,128,0,0,0,875,125,0,0,0,875,125,0,0,0,875,125,0,0,0,870,130,0,0,0,877,123,0,0,0,876,124,0,0,0,876,124,0,0,0,875,125,0,0,0,884,116,0,0,0,872,128,0,0,0,876,124,0,0,0,878,122,0,0,0,872,128,0,0,0,880,120,0,0,0,878,122,0,0,0,879,121,0,0,0,875,125,0,0,0,877,123,0,0,0,871,129,0,0,0,879,121,0,0,0,871,129,0,0,0,870,130,0,0,0,881,119,0,0,0,876,124,0,0,0,876,124,0,0,0,868,132,0,0,0,875,125,0,0,0,876,124,0,0,0
8,targeted_heterosexual,0.5,867,133,0,0,0,877,123,0,0,0,878,122,0,0,0,874,126,0,0,0,877,123,0,0,0,877,123,0,0,0,873,127,0,0,0,880,120,0,0,0,874,126,0,0,0,862,138,0,0,0,879,121,0,0,0,873,127,0,0,0,875,125,0,0,0,873,127,0,0,0,877,123,0,0,0,871,129,0,0,0,874,126,0,0,0,878,122,0,0,0,869,131,0,0,0,870,130,0,0,0,875,125,0,0,0,871,129,0,0,0,872,128,0,0,0,873,127,0,0,0,875,125,0,0,0,869,131,0,0,0,875,125,0,0,0,874,126,0,0,0,874,126,0,0,0,874,126,0,0,0,881,119,0,0,0,870,130,0,0,0,874,126,0,0,0,877,123,0,0,0,871,129,0,0,0,878,122,0,0,0,877,123,0,0,0,879,121,0,0,0,875,125,0,0,0,876,124,0,0,0,871,129,0,0,0,878,122,0,0,0,871,129,0,0,0,870,130,0,0,0,880,120,0,0,0,875,125,0,0,0,876,124,0,0,0,865,135,0,0,0,875,125,0,0,0,876,124,0,0,0
9,targeted_heterosexual,0.5,866,134,0,0,0,875,125,0,0,0,875,125,0,0,0,873,127,0,0,0,876,124,0,0,0,875,125,0,0,0,870,130,0,0,0,880,120,0,0,0,871,129,0,0,0,859,141,0,0,0,876,124,0,0,0,872,128,0,0,0,875,125,0,0,0,872,128,0,0,0,875,125,0,0,0,870,130,0,0,0,873,127,0,0,0,877,123,0,0,0,867,133,0,0,0,868,132,0,0,0,875,125,0,0,0,871,129,0,0,0,871,129,0,0,0,873,127,0,0,0,875,125,0,0,0,868,132,0,0,0,872,128,0,0,0,871,129,0,0,0,873,127,0,0,0,874,126,0,0,0,879,121,0,0,0,869,131,0,0,0,871,129,0,0,0,876,124,0,0,0,871,129,0,0,0,878,122,0,0,0,874,126,0,0,0,879,121,0,0,0,874,126,0,0,0,876,124,0,0,0,870,130,0,0,0,878,122,0,0,0,868,132,0,0,0,870,130,0,0,0,880,120,0,0,0,871,129,0,0,0,876,124,0,0,0,860,140,0,0,0,875,125,0,0,0,872,128,0,0,0
10,targeted_heterosexual,0.5,866,134,0,0,0,873,127,0,0,0,871,129,0,0,0,872,128,0,0,0,875,125,0,0,0,874,126,0,0,0,869,131,0,0,0,877,123,0,0,0,870,130,0,0,0,858,142,0,0,0,876,124,0,0,0,872,128,0,0,0,874,126,0,0,0,869,131,0,0,0,875,125,0,0,0,867,133,0,0,0,872,128,0,0,0,876,124,0,0,0,867,133,0,0,0,867,133,0,0,0,872,128,0,0,0,871,129,0,0,0,871,129,0,0,0,873,127,0,0,0,875,125,0,0,0,867,133,0,0,0,868,132,0,0,0,870,130,0,0,0,871,129,0,0,0,872,128,0,0,0,878,122,0,0,0,868,132,0,0,0,871,129,0,0,0,874,126,0,0,0,871,129,0,0,0,878,122,0,0,0,874,126,0,0,0,877,123,0,0,0,873,127,0,0,0,876,124,0,0,0,869,131,0,0,0,877,123,0,0,0,868,132,0,0,0,870,130,0,0,0,878,122,0,0,0,869,131,0,0,0,876,124,0,0,0,859,141,0,0,0,873,127,0,0,0,871,129,0,0,0
11,targeted_heterosexual,0.5,865,135,0,0,0,872,128,0,0,0,871,129,0,0,0,870,130,0,0,0,873,127,0,0,0,872,128,0,0,0,868,132,0,0,0,877,123,0,0,0,869,131,0,0,0,858,142,0,0,0,873,127,0,0,0,871,129,0,0,0,874,126,0,0,0,867,133,0,0,0,873,127,0,0,0,865,135,0,0,0,872,128,0,0,0,875,125,0,0,0,867,133,0,0,0,866,134,0,0,0,871,129,0,0,0,871,129,0,0,0,870,130,0,0,0,870,130,0,0,0,874,126,0,0,0,864,136,0,0,0,868,132,0,0,0,869,131,0,0,0,870,130,0,0,0,871,129,0,0,0,877,123,0,0,0,866,134,0,0,0,870,130,0,0,0,873,127,0,0,0,871,129,0,0,0,877,123,0,0,0,873,127,0,0,0,877,123,0,0,0,871,129,0,0,0,875,125,0,0,0,868,132,0,0,0,876,124,0,0,0,866,134,0,0,0,869,131,0,0,0,877,123,0,0,0,867,133,0,0,0,875,125,0,0,0,859,141,0,0,0,872,128,0,0,0,870,130,0,0,0
12,targeted_heterosexual,0.5,865,135,0,0,0,867,133,0,0,0,869,131,0,0,0,868,132,0,0,0,873,127,0,0,0,870,130,0,0,0,865,135,0,0,0,876,124,0,0,0,867,133,0,0,0,857,143,0,0,0,872,128,0,0,0,868,132,0,0,0,873,127,0,0,0,864,136,0,0,0,872,128,0,0,0,863,137,0,0,0,872,128,0,0,0,873,127,0,0,0,866,134,0,0,0,866,134,0,0,0,869,131,0,0,0,870,130,0,0,0,870,130,0,0,0,868,132,0,0,0,874,126,0,0,0,863,137,0,0,0,868,132,0,0,0,867,133,0,0,0,868,132,0,0,0,869,131,0,0,0,875,125,0,0,0,865,135,0,0,0,866,134,0,0,0,872,128,0,0,0,869,131,0,0,0,876,124,0,0,0,871,129,0,0,0,875,125,0,0,0,869,131,0,0,0,874,126,0,0,0,868,132,0,0,0,876,124,0,0,0,866,134,0,0,0,869,131,0,0,0,877,123,0,0,0,866,134,0,0,0,875,125,0,0,0,858,142,0,0,0,871,129,0,0,0,868,132,0,0,0
13,targeted_heterosexual,0.5,865,25,110,0,0,866,24,110,0,0,869,21,110,0,0,867,23,110,0,0,872,18,110,0,0,869,21,110,0,0,865,25,110,0,0,876,14,110,0,0,866,24,110,0,0,856,34,110,0,0,871,19,110,0,0,868,22,110,0,0,873,17,110,0,0,864,26,110,0,0,872,18,110,0,0,863,27,110,0,0,872,18,110,0,0,873,17,110,0,0,866,24,110,0,0,866,24,110,0,0,869,21,110,0,0,870,20,110,0,0,870,20,110,0,0,868,22,110,0,0,874,16,110,0,0,863,27,110,0,0,868,22,110,0,0,867,23,110,0,0,868,22,110,0,0,869,21,110,0,0,875,15,110,0,0,865,25,110,0,0,865,25,110,0,0,872,18,110,0,0,869,21,110,0,0,876,14,110,0,0,871,19,110,0,0,874,16,110,0,0,868,22,110,0,0,874,16,110,0,0,867,23,110,0,0,875,15,110,0,0,866,24,110,0,0,868,22,110,0,0,876,14,110,0,0,866,24,110,0,0,875,15,110,0,0,858,32,110,0,0,871,19,110,0,0,868,22,110,0,0
14,targeted_heterosexual,0.5,865,24,111,0,0,866,22,112,0,0,869,20,111,0,0,867,19,114,0,0,871,19,110,0,0,869,20,111,0,0,865,22,113,0,0,876,12,112,0,0,866,23,111,0,0,855,30,115,0,0,871,15,114,0,0,868,18,114,0,0,873,15,112,0,0,864,22,114,0,0,872,16,112,0,0,863,25,112,0,0,872,15,113,0,0,873,16,111,0,0,866,21,113,0,0,866,19,115,0,0,869,21,110,0,0,870,15,115,0,0,870,16,114,0,0,868,19,113,0,0,873,16,111,0,0,863,24,113,0,0,868,17,115,0,0,867,20,113,0,0,868,15,117,0,0,868,17,115,0,0,874,13,113,0,0,865,23,112,0,0,865,24,111,0,0,872,15,113,0,0,869,20,111,0,0,876,13,111,0,0,871,17,112,0,0,873,13,114,0,0,868,22,110,0,0,874,13,113,0,0,866,22,112,0,0,875,11,114,0,0,866,19,115,0,0,868,17,115,0,0,876,14,110,0,0,866,23,111,0,0,875,13,112,0,0,858,31,111,0,0,871,19,110,0,0,868,20,112,0,0
15,targeted_heterosexual,0.5,865,18,117,0,0,866,20,114,0,0,868,19,113,0,0,867,18,115,0,0,871,17,112,0,0,869,17,114,0,0,865,20,115,0,0,875,11,114,0,0,864,21,115,0,0,855,29,116,0,0,871,12,117,0,0,868,17,115,0,0,873,13,114,0,0,864,20,116,0,0,872,12,116,0,0,863,23,114,0,0,872,12,116,0,0,873,11,116,0,0,866,18,116,0,0,866,15,119,0,0,868,17,115,0,0,870,11,119,0,0,870,13,117,0,0,868,18,114,0,0,873,16,111,0,0,863,21,116,0,0,868,15,117,0,0,867,18,115,0,0,868,14,118,0,0,867,16,117,0,0,874,11,115,0,0,864,22,114,0,0,865,22,113,0,0,872,11,117,0,0,869,19,112,0,0,876,11,113,0,0,871,12,117,0,0,873,12,115,0,0,868,21,111,0,0,874,10,116,0,0,866,19,115,0,0,873,12,115,0,0,866,15,119,0,0,868,9,123,0,0,875,15,110,0,0,866,20,114,0,0,875,10,115,0,0,858,28,114,0,0,871,15,114,0,0,868,18,114,0,0
16,targeted_heterosexual,0.5,864,17,119,0,0,866,18,116,0,0,868,18,114,0,0,867,16,117,0,0,870,16,114,0,0,868,16,116,0,0,865,18,117,0,0,874,12,114,0,0,864,19,117,0,0,855,25,120,0,0,870,12,118,0,0,868,13,119,0,0,873,10,117,0,0,864,18,118,0,0,872,12,116,0,0,863,21,116,0,0,872,10,118,0,0,872,11,117,0,0,866,15,119,0,0,866,14,120,0,0,868,15,117,0,0,870,9,121,0,0,870,12,118,0,0,867,19,114,0,0,872,15,113,0,0,863,20,117,0,0,867,14,119,0,0,867,14,119,0,0,868,13,119,0,0,867,14,119,0,0,874,11,115,0,0,864,18,118,0,0,865,18,117,0,0,872,11,117,0,0,869,17,114,0,0,876,7,117,0,0,871,10,119,0,0,873,11,116,0,0,868,18,114,0,0,874,10,116,0,0,866,17,117,0,0,873,10,117,0,0,865,13,122,0,0,868,7,125,0,0,875,11,114,0,0,866,18,116,0,0,874,8,118,0,0,858,26,116,0,0,869,15,116,0,0,868,16,116,0,0
17,targeted_heterosexual,0.5,864,14,122,0,0,866,18,116,0,0,868,17,115,0,0,867,15,118,0,0,869,16,115,0,0,868,16,116,0,0,865,15,120,0,0,874,10,116,0,0,864,16,120,0,0,855,21,124,0,0,870,11,119,0,0,868,11,121,0,0,872,9,119,0,0,864,15,121,0,0,872,11,117,0,0,863,17,120,0,0,872,9,119,0,0,872,10,118,0,0,866,13,121,0,0,866,12,122,0,0,868,14,118,0,0,870,5,125,0,0,870,10,120,0,0,867,15,118,0,0,872,12,116,0,0,863,15,122,0,0,867,13,120,0,0,867,14,119,0,0,868,10,122,0,0,867,13,120,0,0,873,12,115,0,0,864,13,123,0,0,865,14,121,0,0,872,11,117,0,0,869,14,117,0,0,876,6,118,0,0,871,9,120,0,0,873,11,116,0,0,868,14,118,0,0,874,8,118,0,0,865,14,121,0,0,873,10,117,0,0,865,9,126,0,0,868,6,126,0,0,875,10,115,0,0,866,16,118,0,0,874,6,120,0,0,858,21,121,0,0,869,12,119,0,0,868,15,117,0,0
18,targeted_heterosexual,0.5,864,9,127,0,0,866,16,118,0,0,868,16,116,0,0,867,13,120,0,0,869,16,115,0,0,868,12,120,0,0,865,14,121,0,0,874,8,118,0,0,864,14,122,0,0,855,13,132,0,0,870,10,120,0,0,868,10,122,0,0,872,8,120,0,0,864,12,124,0,0,872,11,117,0,0,862,15,123,0,0,872,5,123,0,0,872,8,120,0,0,866,10,124,0,0,866,10,124,0,0,867,14,119,0,0,870,4,126,0,0,870,6,124,0,0,867,13,120,0,0,872,7,121,0,0,863,13,124,0,0,867,12,121,0,0,867,10,123,0,0,868,10,122,0,0,867,12,121,0,0,873,12,115,0,0,864,11,125,0,0,865,13,122,0,0,872,11,117,0,0,869,10,121,0,0,876,5,119,0,0,871,9,120,0,0,873,7,120,0,0,868,11,121,0,0,874,6,120,0,0,865,12,123,0,0,873,9,118,0,0,865,7,128,0,0,868,4,128,0,0,875,10,115,0,0,866,16,118,0,0,873,7,120,0,0,857,18,125,0,0,869,8,123,0,0,868,13,119,0,0
19,targeted_heterosexual,0.5,864,7,129,0,0,866,15,119,0,0,867,15,118,0,0,867,13,120,0,0,869,12,119,0,0,868,11,121,0,0,865,14,121,0,0,874,8,118,0,0,864,14,122,0,0,855,13,132,0,0,870,10,120,0,0,868,6,126,0,0,872,7,121,0,0,864,12,124,0,0,872,9,119,0,0,862,12,126,0,0,872,4,124,0,0,872,7,121,0,0,866,8,126,0,0,865,10,125,0,0,867,11,122,0,0,870,3,127,0,0,870,5,125,0,0,867,9,124,0,0,872,5,123,0,0,863,11,126,0,0,867,11,122,0,0,867,9,124,0,0,868,10,122,0,0,866,11,123,0,0,873,11,116,0,0,864,11,125,0,0,865,11,124,0,0,872,8,120,0,0,869,6,125,0,0,876,4,120,0,0,871,8,121,0,0,873,6,121,0,0,867,10,123,0,0,873,6,121,0,0,865,8,127,0,0,873,9,118,0,0,865,6,129,0,0,868,4,128,0,0,875,8,117,0,0,866,14,120,0,0,872,7,121,0,0,857,16,127,0,0,869,7,124,0,0,868,10,122,0,0
20,targeted_heterosexual,0.5,864,6,130,0,0,866,14,120,0,0,867,13,120,0,0,867,10,123,0,0,869,11,120,0,0,868,10,122,0,0,865,12,123,0,0,874,8,118,0,0,862,13,125,0,0,855,9,136,0,0,870,9,121,0,0,868,5,127,0,0,872,5,123,0,0,864,10,126,0,0,872,7,121,0,0,862,11,127,0,0,872,3,125,0,0,872,6,122,0,0,866,6,128,0,0,865,7,128,0,0,867,9,124,0,0,870,2,128,0,0,870,5,125,0,0,867,8,125,0,0,872,3,125,0,0,863,7,130,0,0,867,10,123,0,0,867,9,124,0,0,868,8,124,0,0,866,9,125,0,0,873,11,116,0,0,864,8,128,0,0,865,11,124,0,0,872,6,122,0,0,869,3,128,0,0,876,4,120,0,0,871,7,122,0,0,873,6,121,0,0,867,8,125,0,0,873,4,123,0,0,865,6,129,0,0,872,7,121,0,0,865,6,129,0,0,868,2,130,0,0,874,7,119,0,0,866,10,124,0,0,872,4,124,0,0,857,11,132,0,0,868,7,125,0,0,868,8,124,0,0
21,targeted_heterosexual,0.5,864,3,133,0,0,866,11,123,0,0,867,11,122,0,0,867,7,126,0,0,869,8,123,0,0,867,10,123,0,0,865,8,127,0,0,874,6,120,0,0,862,12,126,0,0,855,7,138,0,0,869,10,121,0,0,868,5,127,0,0,872,3,125,0,0,864,9,127,0,0,872,5,123,0,0,861,10,129,0,0,872,2,126,0,0,872,6,122,0,0,866,3,131,0,0,865,5,130,0,0,867,8,125,0,0,870,1,129,0,0,870,2,128,0,0,867,6,127,0,0,872,3,125,0,0,863,6,131,0,0,867,8,125,0,0,867,7,126,0,0,868,6,126,0,0,866,8,126,0,0,871,10,119,0,0,864,6,130,0,0,865,9,126,0,0,872,5,123,0,0,869,2,129,0,0,876,2,122,0,0,871,6,123,0,0,873,6,121,0,0,867,8,125,0,0,873,3,124,0,0,865,6,129,0,0,872,6,122,0,0,865,6,129,0,0,868,2,130,0,0,874,6,120,0,0,865,10,125,0,0,872,4,124,0,0,857,8,135,0,0,867,8,125,0,0,868,8,124,0,0
22,targeted_heterosexual,0.5,864,2,134,0,0,866,9,125,0,0,867,8,125,0,0,867,6,127,0,0,869,7,124,0,0,867,8,125,0,0,865,5,130,0,0,874,6,120,0,0,862,9,129,0,0,855,4,141,0,0,869,7,124,0,0,868,4,128,0,0,872,3,125,0,0,864,8,128,0,0,872,3,125,0,0,860,10,130,0,0,872,1,127,0,0,872,5,123,0,0,866,1,133,0,0,864,4,132,0,0,867,8,125,0,0,870,1,129,0,0,870,1,129,0,0,867,6,127,0,0,871,4,125,0,0,863,5,132,0,0,867,5,128,0,0,866,5,129,0,0,868,5,127,0,0,866,8,126,0,0,870,9,121,0,0,864,5,131,0,0,865,6,129,0,0,871,5,124,0,0,869,2,129,0,0,876,2,122,0,0,871,3,126,0,0,872,7,121,0,0,867,7,126,0,0,873,3,124,0,0,865,5,130,0,0,872,6,122,0,0,865,3,132,0,0,868,2,130,0,0,874,6,120,0,0,864,7,129,0,0,871,5,124,0,0,857,3,140,0,0,867,8,125,0,0,867,5,128,0,0
23,targeted_heterosexual,0.5,864,2,134,0,0,866,7,127,0,0,867,4,129,0,0,867,5,128,0,0,869,6,125,0,0,866,8,126,0,0,865,4,131,0,0,874,3,123,0,0,862,8,130,0,0,855,3,142,0,0,869,7,124,0,0,867,5,128,0,0,872,2,126,0,0,864,5,131,0,0,872,3,125,0,0,860,7,133,0,0,872,0,128,0,0,872,4,124,0,0,866,1,133,0,0,864,3,133,0,0,867,5,128,0,0,870,1,129,0,0,870,1,129,0,0,867,6,127,0,0,871,4,125,0,0,863,4,133,0,0,867,1,132,0,0,866,4,130,0,0,868,3,129,0,0,866,6,128,0,0,870,8,122,0,0,864,4,132,0,0,865,6,129,0,0,871,3,126,0,0,869,2,129,0,0,876,2,122,0,0,871,3,126,0,0,872,5,123,0,0,867,6,127,0,0,873,3,124,0,0,865,4,131,0,0,872,5,123,0,0,865,3,132,0,0,868,2,130,0,0,874,4,122,0,0,862,7,131,0,0,871,5,124,0,0,857,2,141,0,0,867,6,127,0,0,867,4,129,0,0
24,targeted_heterosexual,0.5,863,2,135,0,0,866,6,128,0,0,867,4,129,0,0,867,3,130,0,0,869,4,127,0,0,866,6,128,0,0,865,3,132,0,0,874,3,123,0,0,862,7,131,0,0,855,3,142,0,0,869,4,127,0,0,867,4,129,0,0,872,2,126,0,0,864,3,133,0,0,872,1,127,0,0,860,5,135,0,0,872,0,128,0,0,872,3,125,0,0,866,1,133,0,0,864,2,134,0,0,867,4,129,0,0,870,1,129,0,0,870,0,130,0,0,867,3,130,0,0,871,3,126,0,0,863,1,136,0,0,867,1,132,0,0,866,3,131,0,0,868,2,130,0,0,866,5,129,0,0,870,7,123,0,0,864,2,134,0,0,865,5,130,0,0,871,2,127,0,0,869,2,129,0,0,876,1,123,0,0,871,2,127,0,0,872,5,123,0,0,867,4,129,0,0,873,2,125,0,0,865,3,132,0,0,872,4,124,0,0,865,1,134,0,0,868,1,131,0,0,874,3,123,0,0,862,5,133,0,0,871,4,125,0,0,857,2,141,0,0,867,5,128,0,0,867,3,130,0,0
25,targeted_heterosexual,0.5,863,2,135,0,0,866,1,133,0,0,867,2,131,0,0,867,1,132,0,0,869,4,127,0,0,866,4,130,0,0,865,0,135,0,0,874,2,124,0,0,862,5,133,0,0,855,2,143,0,0,869,3,128,0,0,867,1,132,0,0,872,1,127,0,0,864,0,136,0,0,872,0,128,0,0,860,3,137,0,0,872,0,128,0,0,872,1,127,0,0,866,0,134,0,0,864,2,134,0,0,867,2,131,0,0,870,0,130,0,0,870,0,130,0,0,866,2,132,0,0,871,3,126,0,0,863,0,137,0,0,867,1,132,0,0,865,2,133,0,0,868,0,132,0,0,866,3,131,0,0,870,5,125,0,0,864,1,135,0,0,865,1,134,0,0,871,1,128,0,0,869,0,131,0,0,876,0,124,0,0,871,0,129,0,0,872,3,125,0,0,867,2,131,0,0,872,2,126,0,0,865,3,132,0,0,872,4,124,0,0,865,1,134,0,0,868,1,131,0,0,874,3,123,0,0,862,4,134,0,0,871,4,125,0,0,857,1,142,0,0,867,4,129,0,0,867,1,132,0,0
26,targeted_heterosexual,0.5,863,2,135,0,0,866,0,134,0,0,867,2,131,0,0,867,0,133,0,0,869,3,128,0,0,866,3,131,0,0,865,0,135,0,0,874,2,124,0,0,862,4,134,0,0,855,1,144,0,0,869,2,129,0,0,867,1,132,0,0,872,1,127,0,0,863,1,136,0,0,872,0,128,0,0,860,3,137,0,0,872,0,128,0,0,872,1,127,0,0,866,0,134,0,0,864,2,134,0,0,867,2,131,0,0,870,0,130,0,0,870,0,130,0,0,866,2,132,0,0,871,3,126,0,0,863,0,137,0,0,867,1,132,0,0,865,2,133,0,0,868,0,132,0,0,866,3,131,0,0,870,5,125,0,0,864,1,135,0,0,865,0,135,0,0,871,1,128,0,0,869,0,131,0,0,876,0,124,0,0,871,0,129,0,0,872,2,126,0,0,867,1,132,0,0,872,2,126,0,0,865,2,133,0,0,872,3,125,0,0,865,1,134,0,0,868,0,132,0,0,874,2,124,0,0,862,4,134,0,0,871,4,125,0,0,857,1,142,0,0,867,4,129,0,0,867,1,132,0,0
27,targeted_heterosexual,0.5,863,2,135,0,0,866,0,134,0,0,867,2,131,0,0,867,0,133,0,0,869,2,129,0,0,866,3,131,0,0,865,0,135,0,0,874,2,124,0,0,862,4,134,0,0,855,0,145,0,0,869,2,129,0,0,867,1,132,0,0,872,1,127,0,0,863,1,136,0,0,872,0,128,0,0,859,4,137,0,0,872,0,128,0,0,872,1,127,0,0,866,0,134,0,0,864,2,134,0,0,867,2,131,0,0,870,0,130,0,0,870,0,130,0,0,866,2,132,0,0,871,2,127,0,0,863,0,137,0,0,867,1,132,0,0,865,2,133,0,0,868,0,132,0,0,866,2,132,0,0,870,4,126,0,0,864,1,135,0,0,865,0,135,0,0,871,1,128,0,0,869,0,131,0,0,876,0,124,0,0,871,0,129,0,0,872,1,127,0,0,867,1,132,0,0,872,2,126,0,0,865,1,134,0,0,872,3,125,0,0,865,1,134,0,0,868,0,132,0,0,874,2,124,0,0,862,4,134,0,0,871,4,125,0,0,857,1,142,0,0,867,4,129,0,0,867,1,132,0,0
28,targeted_heterosexual,0.5,863,2,135,0,0,866,0,134,0,0,867,1,132,0,0,867,0,133,0,0,869,2,129,0,0,866,3,131,0,0,865,0,135,0,0,874,1,125,0,0,862,2,136,0,0,855,0,145,0,0,869,2,129,0,0,867,1,132,0,0,872,1,127,0,0,863,1,136,0,0,872,0,128,0,0,859,4,137,0,0,872,0,128,0,0,872,1,127,0,0,866,0,134,0,0,864,2,134,0,0,867,1,132,0,0,870,0,130,0,0,870,0,130,0,0,866,2,132,0,0,871,2,127,0,0,863,0,137,0,0,867,1,132,0,0,865,2,133,0,0,868,0,132,0,0,866,1,133,0,0,870,4,126,0,0,864,0,136,0,0,865,0,135,0,0,871,1,128,0,0,869,0,131,0,0,876,0,124,0,0,871,0,129,0,0,871,2,127,0,0,867,1,132,0,0,872,2,126,0,0,865,1,134,0,0,872,1,127,0,0,865,1,134,0,0,868,0,132,0,0,874,1,125,0,0,862,4,134,0,0,871,4,125,0,0,857,1,142,0,0,867,4,129,0,0,867,1,132,0,0
29,targeted_heterosexual,0.5,863,1,136,0,0,866,0,134,0,0,867,1,132,0,0,867,0,133,0,0,869,1,130,0,0,866,2,132,0,0,865,0,135,0,0,874,0,126,0,0,862,2,136,0,0,855,0,145,0,0,868,2,130,0,0,867,1,132,0,0,872,1,127,0,0,863,1,136,0,0,872,0,128,0,0,859,4,137,0,0,872,0,128,0,0,872,0,128,0,0,866,0,134,0,0,864,2,134,0,0,867,1,132,0,0,870,0,130,0,0,870,0,130,0,0,866,1,133,0,0,871,1,128,0,0,863,0,137,0,0,867,0,133,0,0,865,2,133,0,0,868,0,132,0,0,866,1,133,0,0,870,4,126,0,0,864,0,136,0,0,865,0,135,0,0,871,1,128,0,0,869,0,131,0,0,876,0,124,0,0,871,0,129,0,0,871,2,127,0,0,867,1,132,0,0,872,2,126,0,0,865,1,134,0,0,872,1,127,0,0,865,0,135,0,0,868,0,132,0,0,874,1,125,0,0,862,4,134,0,0,871,3,126,0,0,857,1,142,0,0,867,2,131,0,0,867,1,132,0,0
30,targeted_heterosexual,0.5,863,1,136,0,0,866,0,134,0,0,867,1,132,0,0,867,0,133,0,0,869,0,131,0,0,866,2,132,0,0,865,0,135,0,0,874,0,126,0,0,862,2,136,0,0,855,0,145,0,0,868,2,130,0,0,867,1,132,0,0,872,0,128,0,0,863,1,136,0,0,872,0,128,0,0,859,4,137,0,0,872,0,128,0,0,872,0,128,0,0,866,0,134,0,0,864,2,134,0,0,867,1,132,0,0,870,0,130,0,0,870,0,130,0,0,866,1,133,0,0,871,1,128,0,0,863,0,137,0,0,867,0,133,0,0,865,2,133,0,0,868,0,132,0,0,866,1,133,0,0,870,3,127,0,0,864,0,136,0,0,865,0,135,0,0,871,1,128,0,0,869,0,131,0,0,876,0,124,0,0,871,0,129,0,0,871,2,127,0,0,867,1,132,0,0,872,2,126,0,0,865,0,135,0,0,872,1,127,0,0,865,0,135,0,0,868,0,132,0,0,874,1,125,0,0,862,4,134,0,0,871,3,126,0,0,857,1,142,0,0,867,2,131,0,0,867,1,132,0,0
31,targeted_heterosexual,0.5,863,1,136,0,0,866,0,134,0,0,867,1,132,0,0,867,0,133,0,0,869,0,131,0,0,866,2,132,0,0,865,0,135,0,0,874,0,126,0,0,861,3,136,0,0,855,0,145,0,0,868,2,130,0,0,866,2,132,0,0,871,1,128,0,0,863,1,136,0,0,872,0,128,0,0,859,3,138,0,0,872,0,128,0,0,872,0,128,0,0,866,0,134,0,0,864,2,134,0,0,867,0,133,0,0,870,0,130,0,0,870,0,130,0,0,866,1,133,0,0,871,1,128,0,0,863,0,137,0,0,867,0,133,0,0,865,2,133,0,0,868,0,132,0,0,865,2,133,0,0,869,4,127,0,0,864,0,136,0,0,865,0,135,0,0,871,1,128,0,0,869,0,131,0,0,876,0,124,0,0,871,0,129,0,0,871,2,127,0,0,867,1,132,0,0,872,2,126,0,0,865,0,135,0,0,872,1,127,0,0,865,0,135,0,0,868,0,132,0,0,874,1,125,0,0,862,4,134,0,0,871,2,127,0,0,857,0,143,0,0,867,2,131,0,0,867,1,132,0,0
32,targeted_heterosexual,0.5,863,1,136,0,0,866,0,134,0,0,867,0,133,0,0,867,0,133,0,0,869,0,131,0,0,866,2,132,0,0,865,0,135,0,0,874,0,126,0,0,861,3,136,0,0,855,0,145,0,0,868,2,130,0,0,866,2,132,0,0,871,1,128,0,0,863,1,136,0,0,872,0,128,0,0,859,3,138,0,0,872,0,128,0,0,872,0,128,0,0,866,0,134,0,0,864,1,135,0,0,867,0,133,0,0,870,0,130,0,0,870,0,130,0,0,866,1,133,0,0,871,1,128,0,0,863,0,137,0,0,867,0,133,0,0,865,2,133,0,0,868,0,132,0,0,865,1,134,0,0,869,4,127,0,0,864,0,136,0,0,865,0,135,0,0,871,1,128,0,0,869,0,131,0,0,876,0,124,0,0,871,0,129,0,0,871,2,127,0,0,867,0,133,0,0,872,1,127,0,0,865,0,135,0,0,872,1,127,0,0,865,0,135,0,0,868,0,132,0,0,874,1,125,0,0,862,4,134,0,0,871,1,128,0,0,857,0,143,0,0,867,2,131,0,0,867,1,132,0,0
33,targeted_heterosexual,0.5,863,1,136,0,0,866,0,134,0,0,867,0,133,0,0,867,0,133,0,0,869,0,131,0,0,866,2,132,0,0,865,0,135,0,0,874,0,126,0,0,861,1,138,0,0,855,0,145,0,0,868,2,130,0,0,866,2,132,0,0,871,1,128,0,0,863,1,136,0,0,872,0,128,0,0,859,3,138,0,0,872,0,128,0,0,872,0,128,0,0,866,0,134,0,0,864,1,135,0,0,867,0,133,0,0,870,0,130,0,0,870,0,130,0,0,866,1,133,0,0,871,1,128,0,0,863,0,137,0,0,867,0,133,0,0,865,2,133,0,0,868,0,132,0,0,865,1,134,0,0,869,4,127,0,0,864,0,136,0,0,865,0,135,0,0,871,1,128,0,0,869,0,131,0,0,876,0,124,0,0,871,0,129,0,0,871,2,127,0,0,867,0,133,0,0,872,1,127,0,0,865,0,135,0,0,872,0,128,0,0,865,0,135,0,0,868,0,132,0,0,874,0,126,0,0,862,4,134,0,0,871,1,128,0,0,857,0,143,0,0,867,1,132,0,0,867,1,132,0,0
34,targeted_heterosexual,0.5,863,1,136,0,0,866,0,134,0,0,867,0,133,0,0,867,0,133,0,0,869,0,131,0,0,866,1,133,0,0,865,0,135,0,0,874,0,126,0,0,861,1,138,0,0,855,0,145,0,0,868,1,131,0,0,866,2,132,0,0,871,1,128,0,0,863,1,136,0,0,872,0,128,0,0,859,2,139,0,0,872,0,128,0,0,872,0,128,0,0,866,0,134,0,0,864,1,135,0,0,867,0,133,0,0,870,0,130,0,0,870,0,130,0,0,866,1,133,0,0,871,1,128,0,0,863,0,137,0,0,867,0,133,0,0,865,2,133,0,0,868,0,132,0,0,865,1,134,0,0,869,2,129,0,0,864,0,136,0,0,865,0,135,0,0,870,2,128,0,0,869,0,131,0,0,876,0,124,0,0,871,0,129,0,0,871,2,127,0,0,867,0,133,0,0,871,2,127,0,0,865,0,135,0,0,872,0,128,0,0,865,0,135,0,0,868,0,132,0,0,874,0,126,0,0,862,3,135,0,0,871,1,128,0,0,857,0,143,0,0,867,0,133,0,0,867,1,132,0,0
35,targeted_heterosexual,0.5,863,1,136,0,0,866,0,134,0,0,867,0,133,0,0,867,0,133,0,0,869,0,131,0,0,866,1,133,0,0,865,0,135,0,0,874,0,126,0,0,861,1,138,0,0,855,0,145,0,0,868,1,131,0,0,866,2,132,0,0,871,1,128,0,0,863,1,136,0,0,872,0,128,0,0,859,1,140,0,0,872,0,128,0,0,872,0,128,0,0,866,0,134,0,0,864,0,136,0,0,867,0,133,0,0,870,0,130,0,0,870,0,130,0,0,866,1,133,0,0,871,0,129,0,0,863,0,137,0,0,867,0,133,0,0,865,1,134,0,0,868,0,132,0,0,865,1,134,0,0,869,1,130,0,0,864,0,136,0,0,865,0,135,0,0,870,1,129,0,0,869,0,131,0,0,876,0,124,0,0,871,0,129,0,0,871,1,128,0,0,867,0,133,0,0,871,2,127,0,0,865,0,135,0,0,872,0,128,0,0,865,0,135,0,0,868,0,132,0,0,874,0,126,0,0,862,2,136,0,0,871,0,129,0,0,857,0,143,0,0,867,0,133,0,0,867,0,133,0,0
36,targeted_heterosexual,0.5,863,1,136,0,0,866,0,134,0,0,867,0,133,0,0,867,0,133,0,0,869,0,131,0,0,866,0,134,0,0,865,0,135,0,0,874,0,126,0,0,861,1,138,0,0,855,0,145,0,0,868,1,131,0,0,866,1,133,0,0,871,1,128,0,0,863,1,136,0,0,872,0,128,0,0,859,1,140,0,0,872,0,128,0,0,872,0,128,0,0,866,0,134,0,0,864,0,136,0,0,867,0,133,0,0,869,1,130,0,0,870,0,130,0,0,866,1,133,0,0,871,0,129,0,0,863,0,137,0,0,867,0,133,0,0,865,1,134,0,0,868,0,132,0,0,865,1,134,0,0,869,1,130,0,0,864,0,136,0,0,865,0,135,0,0,870,1,129,0,0,869,0,131,0,0,876,0,124,0,0,871,0,129,0,0,871,1,128,0,0,867,0,133,0,0,871,2,127,0,0,865,0,135,0,0,872,0,128,0,0,865,0,135,0,0,868,0,132,0,0,874,0,126,0,0,862,0,138,0,0,871,0,129,0,0,857,0,143,0,0,867,0,133,0,0,867,0,133,0,0
37,targeted_heterosexual,0.5,863,0,137,0,0,866,0,134,0,0,867,0,133,0,0,867,0,133,0,0,869,0,131,0,0,866,0,134,0,0,865,0,135,0,0,874,0,126,0,0,861,1,138,0,0,855,0,145,0,0,868,1,131,0,0,866,1,133,0,0,871,1,128,0,0,863,1,136,0,0,872,0,128,0,0,859,1,140,0,0,872,0,128,0,0,872,0,128,0,0,866,0,134,0,0,864,0,136,0,0,867,0,133,0,0,869,1,130,0,0,870,0,130,0,0,866,1,133,0,0,871,0,129,0,0,863,0,137,0,0,867,0,133,0,0,865,1,134,0,0,868,0,132,0,0,864,2,134,0,0,869,1,130,0,0,864,0,136,0,0,865,0,135,0,0,870,1,129,0,0,869,0,131,0,0,876,0,124,0,0,871,0,129,0,0,871,1,128,0,0,867,0,133,0,0,871,2,127,0,0,865,0,135,0,0,872,0,128,0,0,865,0,135,0,0,868,0,132,0,0,874,0,126,0,0,862,0,138,0,0,871,0,129,0,0,857,0,143,0,0,867,0,133,0,0,867,0,133,0,0
38,targeted_heterosexual,0.5,863,0,137,0,0,866,0,134,0,0,867,0,133,0,0,867,0,133,0,0,869,0,131,0,0,866,0,134,0,0,865,0,135,0,0,874,0,126,0,0,861,1,138,0,0,855,0,145,0,0,868,1,131,0,0,866,1,133,0,0,871,1,128,0,0,863,1,136,0,0,872,0,128,0,0,859,1,140,0,0,872,0,128,0,0,872,0,128,0,0,866,0,134,0,0,864,0,136,0,0,867,0,133,0,0,869,1,130,0,0,870,0,130,0,0,866,0,134,0,0,871,0,129,0,0,862,1,137,0,0,867,0,133,0,0,865,0,135,0,0,868,0,132,0,0,864,2,134,0,0,869,1,130,0,0,864,0,136,0,0,865,0,135,0,0,870,1,129,0,0,869,0,131,0,0,876,0,124,0,0,871,0,129,0,0,871,1,128,0,0,867,0,133,0,0,871,1,128,0,0,865,0,135,0,0,872,0,128,0,0,864,1,135,0,0,868,0,132,0,0,874,0,126,0,0,862,0,138,0,0,871,0,129,0,0,857,0,143,0,0,867,0,133,0,0,867,0,133,0,0
39,targeted_heterosexual,0.5,863,0,137,0,0,866,0,134,0,0,867,0,133,0,0,867,0,133,0,0,869,0,131,0,0,866,0,134,0,0,865,0,135,0,0,874,0,126,0,0,861,1,138,0,0,855,0,145,0,0,868,1,131,0,0,866,1,133,0,0,871,1,128,0,0,863,0,137,0,0,872,0,128,0,0,859,1,140,0,0,872,0,128,0,0,872,0,128,0,0,866,0,134,0,0,864,0,136,0,0,867,0,133,0,0,869,1,130,0,0,870,0,130,0,0,866,0,134,0,0,871,0,129,0,0,862,1,137,0,0,867,0,133,0,0,865,0,135,0,0,868,0,132,0,0,864,2,134,0,0,869,1,130,0,0,864,0,136,0,0,865,0,135,0,0,870,1,129,0,0,869,0,131,0,0,876,0,124,0,0,871,0,129,0,0,870,2,128,0,0,867,0,133,0,0,871,1,128,0,0,865,0,135,0,0,872,0,128,0,0,864,1,135,0,0,868,0,132,0,0,874,0,126,0,0,862,0,138,0,0,870,1,129,0,0,857,0,143,0,0,867,0,133,0,0,867,0,133,0,0
40,targeted_heterosexual,0.5,863,0,137,0,0,866,0,134,0,0,867,0,133,0,0,867,0,133,0,0,869,0,131,0,0,866,0,134,0,0,865,0,135,0,0,874,0,126,0,0,861,1,138,0,0,855,0,145,0,0,868,1,131,0,0,866,1,133,0,0,871,1,128,0,0,863,0,137,0,0,872,0,128,0,0,859,0,141,0,0,872,0,128,0,0,872,0,128,0,0,866,0,134,0,0,864,0,136,0,0,867,0,133,0,0,869,1,130,0,0,870,0,130,0,0,866,0,134,0,0,871,0,129,0,0,862,1,137,0,0,867,0,133,0,0,865,0,135,0,0,868,0,132,0,0,864,2,134,0,0,869,1,130,0,0,864,0,136,0,0,865,0,135,0,0,870,1,129,0,0,869,0,131,0,0,876,0,124,0,0,871,0,129,0,0,870,2,128,0,0,867,0,133,0,0,871,1,128,0,0,865,0,135,0,0,872,0,128,0,0,863,2,135,0,0,868,0,132,0,0,874,0,126,0,0,862,0,138,0,0,870,1,129,0,0,857,0,143,0,0,867,0,133,0,0,867,0,133,0,0
41,targeted_heterosexual,0.5,863,0,137,0,0,866,0,134,0,0,867,0,133,0,0,867,0,133,0,0,869,0,131,0,0,866,0,134,0,0,865,0,135,0,0,874,0,126,0,0,861,1,138,0,0,855,0,145,0,0,868,1,131,0,0,866,1,133,0,0,871,1,128,0,0,862,1,137,0,0,872,0,128,0,0,859,0,141,0,0,872,0,128,0,0,872,0,128,0,0,866,0,134,0,0,864,0,136,0,0,867,0,133,0,0,869,1,130,0,0,870,0,130,0,0,866,0,134,0,0,871,0,129,0,0,862,1,137,0,0,867,0,133,0,0,865,0,135,0,0,868,0,132,0,0,864,2,134,0,0,869,1,130,0,0,864,0,136,0,0,865,0,135,0,0,870,1,129,0,0,869,0,131,0,0,876,0,124,0,0,871,0,129,0,0,870,1,129,0,0,867,0,133,0,0,871,1,128,0,0,865,0,135,0,0,872,0,128,0,0,863,2,135,0,0,868,0,132,0,0,874,0,126,0,0,862,0,138,0,0,870,1,129,0,0,857,0,143,0,0,867,0,133,0,0,867,0,133,0,0
42,targeted_heterosexual,0.5,863,0,137,0,0,866,0,134,0,0,867,0,133,0,0,867,0,133,0,0,869,0,131,0,0,866,0,134,0,0,865,0,135,0,0,874,0,126,0,0,861,1,138,0,0,855,0,145,0,0,868,0,132,0,0,866,1,133,0,0,871,1,128,0,0,862,1,137,0,0,872,0,128,0,0,859,0,141,0,0,872,0,128,0,0,872,0,128,0,0,866,0,134,0,0,864,0,136,0,0,867,0,133,0,0,869,1,130,0,0,870,0,130,0,0,866,0,134,0,0,871,0,129,0,0,862,1,137,0,0,867,0,133,0,0,865,0,135,0,0,868,0,132,0,0,864,2,134,0,0,869,1,130,0,0,864,0,136,0,0,865,0,135,0,0,870,1,129,0,0,869,0,131,0,0,876,0,124,0,0,871,0,129,0,0,870,1,129,0,0,867,0,133,0,0,871,1,128,0,0,865,0,135,0,0,872,0,128,0,0,863,2,135,0,0,868,0,132,0,0,874,0,126,0,0,862,0,138,0,0,870,1,129,0,0,857,0,143,0,0,867,0,133,0,0,867,0,133,0,0
43,targeted_heterosexual,0.5,863,0,137,0,0,866,0,134,0,0,867,0,133,0,0,867,0,133,0,0,869,0,131,0,0,866,0,134,0,0,865,0,135,0,0,874,0,126,0,0,861,1,138,0,0,854,1,145,0,0,868,0,132,0,0,866,1,133,0,0,871,1,128,0,0,862,1,137,0,0,872,0,128,0,0,859,0,141,0,0,872,0,128,0,0,872,0,128,0,0,866,0,134,0,0,864,0,136,0,0,867,0,133,0,0,869,1,130,0,0,870,0,130,0,0,866,0,134,0,0,871,0,129,0,0,862,1,137,0,0,867,0,133,0,0,865,0,135,0,0,868,0,132,0,0,864,2,134,0,0,869,1,130,0,0,864,0,136,0,0,865,0,135,0,0,870,1,129,0,0,869,0,131,0,0,876,0,124,0,0,871,0,129,0,0,870,1,129,0,0,867,0,133,0,0,871,1,128,0,0,865,0,135,0,0,872,0,128,0,0,863,2,135,0,0,868,0,132,0,0,874,0,126,0,0,862,0,138,0,0,870,1,129,0,0,857,0,143,0,0,867,0,133,0,0,867,0,133,0,0
44,targeted_heterosexual,0.5,863,0,137,0,0,866,0,134,0,0,867,0,133,0,0,867,0,133,0,0,869,0,131,0,0,866,0,134,0,0,865,0,135,0,0,874,0,126,0,0,860,1,139,0,0,854,1,145,0,0,868,0,132,0,0,866,0,134,0,0,871,0,129,0,0,862,1,137,0,0,872,0,128,0,0,859,0,141,0,0,872,0,128,0,0,872,0,128,0,0,866,0,134,0,0,864,0,136,0,0,867,0,133,0,0,869,1,130,0,0,870,0,130,0,0,866,0,134,0,0,871,0,129,0,0,862,1,137,0,0,867,0,133,0,0,864,1,135,0,0,868,0,132,0,0,864,1,135,0,0,869,0,131,0,0,864,0,136,0,0,865,0,135,0,0,870,1,129,0,0,869,0,131,0,0,876,0,124,0,0,871,0,129,0,0,870,1,129,0,0,866,1,133,0,0,871,1,128,0,0,865,0,135,0,0,872,0,128,0,0,863,2,135,0,0,868,0,132,0,0,874,0,126,0,0,862,0,138,0,0,870,1,129,0,0,857,0,143,0,0,867,0,133,0,0,867,0,133,0,0
45,targeted_heterosexual,0.5,863,0,137,0,0,866,0,134,0,0,867,0,133,0,0,867,0,133,0,0,869,0,131,0,0,866,0,134,0,0,865,0,135,0,0,874,0,126,0,0,860,1,139,0,0,854,1,145,0,0,868,0,132,0,0,866,0,134,0,0,871,0,129,0,0,862,1,137,0,0,872,0,128,0,0,859,0,141,0,0,872,0,128,0,0,872,0,128,0,0,866,0,134,0,0,864,0,136,0,0,867,0,133,0,0,869,1,130,0,0,870,0,130,0,0,866,0,134,0,0,871,0,129,0,0,862,1,137,0,0,867,0,133,0,0,864,1,135,0,0,867,1,132,0,0,864,1,135,0,0,869,0,131,0,0,864,0,136,0,0,865,0,135,0,0,870,1,129,0,0,869,0,131,0,0,876,0,124,0,0,871,0,129,0,0,870,1,129,0,0,866,1,133,0,0,871,1,128,0,0,865,0,135,0,0,872,0,128,0,0,863,2,135,0,0,868,0,132,0,0,874,0,126,0,0,862,0,138,0,0,870,1,129,0,0,857,0,143,0,0,867,0,133,0,0,866,1,133,0,0
46,targeted_heterosexual,0.5,863,0,137,0,0,866,0,134,0,0,867,0,133,0,0,867,0,133,0,0,869,0,131,0,0,866,0,134,0,0,865,0,135,0,0,874,0,126,0,0,860,1,139,0,0,854,1,145,0,0,868,0,132,0,0,866,0,134,0,0,871,0,129,0,0,862,1,137,0,0,872,0,128,0,0,858,1,141,0,0,872,0,128,0,0,872,0,128,0,0,866,0,134,0,0,864,0,136,0,0,867,0,133,0,0,869,1,130,0,0,870,0,130,0,0,866,0,134,0,0,871,0,129,0,0,862,1,137,0,0,867,0,133,0,0,864,1,135,0,0,867,1,132,0,0,864,1,135,0,0,869,0,131,0,0,864,0,136,0,0,865,0,135,0,0,870,1,129,0,0,869,0,131,0,0,876,0,124,0,0,871,0,129,0,0,870,1,129,0,0,866,1,133,0,0,871,1,128,0,0,865,0,135,0,0,872,0,128,0,0,863,2,135,0,0,868,0,132,0,0,874,0,126,0,0,862,0,138,0,0,870,1,129,0,0,857,0,143,0,0,867,0,133,0,0,866,1,133,0,0
47,targeted_heterosexual,0.5,863,0,137,0,0,866,0,134,0,0,867,0,133,0,0,867,0,133,0,0,869,0,131,0,0,866,0,134,0,0,865,0,135,0,0,874,0,126,0,0,860,1,139,0,0,854,1,145,0,0,868,0,132,0,0,866,0,134,0,0,871,0,129,0,0,862,1,137,0,0,872,0,128,0,0,858,1,141,0,0,872,0,128,0,0,872,0,128,0,0,866,0,134,0,0,864,0,136,0,0,867,0,133,0,0,869,1,130,0,0,870,0,130,0,0,866,0,134,0,0,871,0,129,0,0,862,1,137,0,0,867,0,133,0,0,864,1,135,0,0,867,1,132,0,0,864,1,135,0,0,869,0,131,0,0,864,0,136,0,0,865,0,135,0,0,870,0,130,0,0,869,0,131,0,0,876,0,124,0,0,871,0,129,0,0,870,1,129,0,0,866,1,133,0,0,871,0,129,0,0,865,0,135,0,0,871,1,128,0,0,863,2,135,0,0,868,0,132,0,0,874,0,126,0,0,862,0,138,0,0,870,1,129,0,0,857,0,143,0,0,867,0,133,0,0,866,1,133,0,0
48,targeted_heterosexual,0.5,862,1,137,0,0,866,0,134,0,0,867,0,133,0,0,867,0,133,0,0,869,0,131,0,0,866,0,134,0,0,865,0,135,0,0,874,0,126,0,0,860,1,139,0,0,854,1,145,0,0,868,0,132,0,0,866,0,134,0,0,871,0,129,0,0,862,1,137,0,0,872,0,128,0,0,858,1,141,0,0,872,0,128,0,0,872,0,128,0,0,866,0,134,0,0,864,0,136,0,0,867,0,133,0,0,869,1,130,0,0,870,0,130,0,0,866,0,134,0,0,871,0,129,0,0,862,1,137,0,0,867,0,133,0,0,864,1,135,0,0,867,1,132,0,0,864,1,135,0,0,869,0,131,0,0,864,0,136,0,0,865,0,135,0,0,870,0,130,0,0,869,0,131,0,0,876,0,124,0,0,871,0,129,0,0,870,1,129,0,0,866,1,133,0,0,871,0,129,0,0,865,0,135,0,0,871,1,128,0,0,863,2,135,0,0,868,0,132,0,0,874,0,126,0,0,862,0,138,0,0,870,1,129,0,0,857,0,143,0,0,867,0,133,0,0,866,1,133,0,0
49,targeted_heterosexual,0.5,862,1,137,0,0,866,0,134,0,0,867,0,133,0,0,867,0,133,0,0,869,0,131,0,0,866,0,134,0,0,865,0,135,0,0,874,0,126,0,0,860,1,139,0,0,854,1,145,0,0,868,0,132,0,0,866,0,134,0,0,871,0,129,0,0,862,1,137,0,0,872,0,128,0,0,858,1,141,0,0,872,0,128,0,0,872,0,128,0,0,866,0,134,0,0,864,0,136,0,0,867,0,133,0,0,869,0,131,0,0,870,0,130,0,0,866,0,134,0,0,871,0,129,0,0,862,1,137,0,0,867,0,133,0,0,864,1,135,0,0,867,1,132,0,0,864,1,135,0,0,869,0,131,0,0,864,0,136,0,0,865,0,135,0,0,870,0,130,0,0,869,0,131,0,0,876,0,124,0,0,871,0,129,0,0,870,1,129,0,0,866,1,133,0,0,871,0,129,0,0,865,0,135,0,0,871,1,128,0,0,863,2,135,0,0,868,0,132,0,0,874,0,126,0,0,862,0,138,0,0,870,1,129,0,0,857,0,143,0,0,867,0,133,0,0,866,1,133,0,0
50,targeted_heterosexual,0.5,862,1,137,0,0,866,0,134,0,0,867,0,133,0,0,867,0,133,0,0,869,0,131,0,0,866,0,134,0,0,865,0,135,0,0,874,0,126,0,0,860,1,139,0,0,854,1,145,0,0,868,0,132,0,0,866,0,134,0,0,871,0,129,0,0,862,1,137,0,0,872,0,128,0,0,858,1,141,0,0,872,0,128,0,0,872,0,128,0,0,866,0,134,0,0,864,0,136,0,0,867,0,133,0,0,869,0,131,0,0,870,0,130,0,0,866,0,134,0,0,871,0,129,0,0,862,1,137,0,0,867,0,133,0,0,864,1,135,0,0,867,1,132,0,0,864,0,136,0,0,869,0,131,0,0,864,0,136,0,0,865,0,135,0,0,870,0,130,0,0,869,0,131,0,0,875,1,124,0,0,871,0,129,0,0,870,1,129,0,0,866,1,133,0,0,871,0,129,0,0,865,0,135,0,0,871,1,128,0,0,863,2,135,0,0,868,0,132,0,0,874,0,126,0,0,862,0,138,0,0,870,1,129,0,0,857,0,143,0,0,867,0,133,0,0,866,1,133,0,0
51,targeted_heterosexual,0.5,862,1,137,0,0,866,0,134,0,0,867,0,133,0,0,867,0,133,0,0,869,0,131,0,0,866,0,134,0,0,865,0,135,0,0,874,0,126,0,0,860,1,139,0,0,854,1,145,0,0,868,0,132,0,0,866,0,134,0,0,871,0,129,0,0,862,1,137,0,0,872,0,128,0,0,858,1,141,0,0,872,0,128,0,0,872,0,128,0,0,866,0,134,0,0,864,0,136,0,0,867,0,133,0,0,869,0,131,0,0,870,0,130,0,0,866,0,134,0,0,871,0,129,0,0,862,0,138,0,0,867,0,133,0,0,864,1,135,0,0,867,1,132,0,0,864,0,136,0,0,869,0,131,0,0,864,0,136,0,0,865,0,135,0,0,870,0,130,0,0,869,0,131,0,0,875,1,124,0,0,871,0,129,0,0,870,1,129,0,0,866,1,133,0,0,871,0,129,0,0,865,0,135,0,0,871,1,128,0,0,863,1,136,0,0,868,0,132,0,0,874,0,126,0,0,862,0,138,0,0,870,1,129,0,0,857,0,143,0,0,867,0,133,0,0,866,1,133,0,0
52,targeted_heterosexual,0.5,862,1,137,0,0,866,0,134,0,0,867,0,133,0,0,867,0,133,0,0,869,0,131,0,0,866,0,134,0,0,865,0,135,0,0,874,0,126,0,0,860,1,139,0,0,854,1,145,0,0,868,0,132,0,0,866,0,134,0,0,871,0,129,0,0,862,1,137,0,0,872,0,128,0,0,858,1,141,0,0,872,0,128,0,0,872,0,128,0,0,866,0,134,0,0,864,0,136,0,0,867,0,133,0,0,868,1,131,0,0,870,0,130,0,0,865,1,134,0,0,871,0,129,0,0,862,0,138,0,0,867,0,133,0,0,864,1,135,0,0,867,1,132,0,0,864,0,136,0,0,869,0,131,0,0,864,0,136,0,0,865,0,135,0,0,870,0,130,0,0,869,0,131,0,0,875,1,124,0,0,871,0,129,0,0,870,0,130,0,0,866,1,133,0,0,871,0,129,0,0,865,0,135,0,0,871,1,128,0,0,863,1,136,0,0,868,0,132,0,0,874,0,126,0,0,862,0,138,0,0,870,0,130,0,0,857,0,143,0,0,867,0,133,0,0,866,1,133,0,0
53,targeted_heterosexual,0.5,862,1,137,0,0,866,0,134,0,0,867,0,133,0,0,867,0,133,0,0,869,0,131,0,0,866,0,134,0,0,865,0,135,0,0,874,0,126,0,0,860,1,139,0,0,854,1,145,0,0,868,0,132,0,0,866,0,134,0,0,871,0,129,0,0,862,1,137,0,0,872,0,128,0,0,858,1,141,0,0,872,0,128,0,0,872,0,128,0,0,866,0,134,0,0,864,0,136,0,0,867,0,133,0,0,868,1,131,0,0,870,0,130,0,0,865,1,134,0,0,871,0,129,0,0,862,0,138,0,0,867,0,133,0,0,864,1,135,0,0,867,1,132,0,0,864,0,136,0,0,869,0,131,0,0,864,0,136,0,0,865,0,135,0,0,870,0,130,0,0,869,0,131,0,0,875,1,124,0,0,871,0,129,0,0,870,0,130,0,0,866,1,133,0,0,870,1,129,0,0,864,1,135,0,0,871,1,128,0,0,863,0,137,0,0,868,0,132,0,0,874,0,126,0,0,862,0,138,0,0,870,0,130,0,0,857,0,143,0,0,867,0,133,0,0,866,1,133,0,0
54,targeted_heterosexual,0.5,862,1,137,0,0,866,0,134,0,0,867,0,133,0,0,867,0,133,0,0,869,0,131,0,0,866,0,134,0,0,865,0,135,0,0,874,0,126,0,0,860,1,139,0,0,854,1,145,0,0,868,0,132,0,0,866,0,134,0,0,871,0,129,0,0,862,0,138,0,0,872,0,128,0,0,858,1,141,0,0,872,0,128,0,0,872,0,128,0,0,865,1,134,0,0,864,0,136,0,0,867,0,133,0,0,868,1,131,0,0,870,0,130,0,0,865,1,134,0,0,871,0,129,0,0,862,0,138,0,0,867,0,133,0,0,864,1,135,0,0,867,1,132,0,0,864,0,136,0,0,869,0,131,0,0,864,0,136,0,0,865,0,135,0,0,870,0,130,0,0,869,0,131,0,0,875,1,124,0,0,871,0,129,0,0,870,0,130,0,0,866,1,133,0,0,870,1,129,0,0,864,1,135,0,0,871,1,128,0,0,863,0,137,0,0,868,0,132,0,0,874,0,126,0,0,861,1,138,0,0,870,0,130,0,0,857,0,143,0,0,867,0,133,0,0,866,1,133,0,0
55,targeted_heterosexual,0.5,862,1,137,0,0,865,1,134,0,0,867,0,133,0,0,867,0,133,0,0,869,0,131,0,0,866,0,134,0,0,865,0,135,0,0,874,0,126,0,0,860,1,139,0,0,854,1,145,0,0,868,0,132,0,0,866,0,134,0,0,871,0,129,0,0,862,0,138,0,0,872,0,128,0,0,858,1,141,0,0,872,0,128,0,0,872,0,128,0,0,865,1,134,0,0,864,0,136,0,0,867,0,133,0,0,868,1,131,0,0,870,0,130,0,0,865,1,134,0,0,871,0,129,0,0,862,0,138,0,0,867,0,133,0,0,864,1,135,0,0,867,1,132,0,0,864,0,136,0,0,869,0,131,0,0,864,0,136,0,0,865,0,135,0,0,870,0,130,0,0,869,0,131,0,0,875,1,124,0,0,871,0,129,0,0,870,0,130,0,0,866,1,133,0,0,870,1,129,0,0,864,1,135,0,0,870,2,128,0,0,863,0,137,0,0,868,0,132,0,0,873,1,126,0,0,861,1,138,0,0,870,0,130,0,0,857,0,143,0,0,867,0,133,0,0,866,1,133,0,0
56,targeted_heterosexual,0.5,862,1,137,0,0,865,1,134,0,0,866,1,133,0,0,867,0,133,0,0,869,0,131,0,0,866,0,134,0,0,865,0,135,0,0,874,0,126,0,0,860,1,139,0,0,854,0,146,0,0,868,0,132,0,0,866,0,134,0,0,871,0,129,0,0,862,0,138,0,0,872,0,128,0,0,858,1,141,0,0,872,0,128,0,0,872,0,128,0,0,865,1,134,0,0,864,0,136,0,0,867,0,133,0,0,868,1,131,0,0,869,1,130,0,0,865,1,134,0,0,871,0,129,0,0,862,0,138,0,0,867,0,133,0,0,864,1,135,0,0,867,1,132,0,0,864,0,136,0,0,869,0,131,0,0,864,0,136,0,0,865,0,135,0,0,870,0,130,0,0,869,0,131,0,0,875,1,124,0,0,871,0,129,0,0,870,0,130,0,0,866,1,133,0,0,870,1,129,0,0,864,1,135,0,0,870,2,128,0,0,863,0,137,0,0,868,0,132,0,0,873,1,126,0,0,861,1,138,0,0,870,0,130,0,0,857,0,143,0,0,867,0,133,0,0,866,1,133,0,0
57,targeted_heterosexual,0.5,862,1,137,0,0,865,1,134,0,0,866,1,133,0,0,867,0,133,0,0,869,0,131,0,0,866,0,134,0,0,865,0,135,0,0,874,0,126,0,0,860,0,140,0,0,854,0,146,0,0,868,0,132,0,0,866,0,134,0,0,871,0,129,0,0,862,0,138,0,0,872,0,128,0,0,858,1,141,0,0,872,0,128,0,0,872,0,128,0,0,865,1,134,0,0,864,0,136,0,0,867,0,133,0,0,868,1,131,0,0,869,1,130,0,0,865,1,134,0,0,871,0,129,0,0,862,0,138,0,0,867,0,133,0,0,864,0,136,0,0,867,1,132,0,0,863,1,136,0,0,869,0,131,0,0,864,0,136,0,0,865,0,135,0,0,870,0,130,0,0,869,0,131,0,0,875,1,124,0,0,871,0,129,0,0,870,0,130,0,0,866,0,134,0,0,870,1,129,0,0,864,1,135,0,0,870,2,128,0,0,863,0,137,0,0,867,1,132,0,0,873,1,126,0,0,861,1,138,0,0,870,0,130,0,0,857,0,143,0,0,867,0,133,0,0,866,1,133,0,0
58,targeted_heterosexual,0.5,862,1,137,0,0,865,1,134,0,0,866,1,133,0,0,867,0,133,0,0,869,0,131,0,0,866,0,134,0,0,865,0,135,0,0,874,0,126,0,0,859,1,140,0,0,854,0,146,0,0,868,0,132,0,0,866,0,134,0,0,871,0,129,0,0,861,1,138,0,0,872,0,128,0,0,858,1,141,0,0,872,0,128,0,0,872,0,128,0,0,865,1,134,0,0,864,0,136,0,0,867,0,133,0,0,868,1,131,0,0,869,1,130,0,0,865,1,134,0,0,871,0,129,0,0,861,1,138,0,0,867,0,133,0,0,864,0,136,0,0,867,0,133,0,0,863,1,136,0,0,869,0,131,0,0,864,0,136,0,0,865,0,135,0,0,870,0,130,0,0,869,0,131,0,0,875,1,124,0,0,871,0,129,0,0,870,0,130,0,0,866,0,134,0,0,870,1,129,0,0,864,1,135,0,0,870,2,128,0,0,863,0,137,0,0,867,1,132,0,0,873,1,126,0,0,861,1,138,0,0,870,0,130,0,0,857,0,143,0,0,867,0,133,0,0,866,0,134,0,0
59,targeted_heterosexual,0.5,862,1,137,0,0,865,1,134,0,0,866,1,133,0,0,867,0,133,0,0,869,0,131,0,0,866,0,134,0,0,865,0,135,0,0,874,0,126,0,0,859,1,140,0,0,854,0,146,0,0,868,0,132,0,0,866,0,134,0,0,871,0,129,0,0,861,1,138,0,0,872,0,128,0,0,858,0,142,0,0,872,0,128,0,0,871,1,128,0,0,865,1,134,0,0,864,0,136,0,0,867,0,133,0,0,868,1,131,0,0,869,1,130,0,0,865,1,134,0,0,871,0,129,0,0,861,1,138,0,0,867,0,133,0,0,864,0,136,0,0,867,0,133,0,0,863,1,136,0,0,869,0,131,0,0,864,0,136,0,0,865,0,135,0,0,870,0,130,0,0,869,0,131,0,0,875,1,124,0,0,870,1,129,0,0,870,0,130,0,0,866,0,134,0,0,870,1,129,0,0,864,1,135,0,0,870,2,128,0,0,863,0,137,0,0,867,1,132,0,0,873,1,126,0,0,861,1,138,0,0,870,0,130,0,0,857,0,143,0,0,867,0,133,0,0,866,0,134,0,0
60,targeted_heterosexual,0.5,862,1,137,0,0,865,1,134,0,0,866,1,133,0,0,867,0,133,0,0,869,0,131,0,0,866,0,134,0,0,865,0,135,0,0,874,0,126,0,0,859,1,140,0,0,854,0,146,0,0,868,0,132,0,0,866,0,134,0,0,871,0,129,0,0,861,1,138,0,0,872,0,128,0,0,858,0,142,0,0,872,0,128,0,0,871,1,128,0,0,865,1,134,0,0,864,0,136,0,0,867,0,133,0,0,868,1,131,0,0,869,1,130,0,0,865,1,134,0,0,871,0,129,0,0,861,1,138,0,0,867,0,133,0,0,864,0,136,0,0,867,0,133,0,0,863,1,136,0,0,869,0,131,0,0,864,0,136,0,0,865,0,135,0,0,870,0,130,0,0,869,0,131,0,0,875,1,124,0,0,870,1,129,0,0,870,0,130,0,0,866,0,134,0,0,870,1,129,0,0,864,1,135,0,0,870,1,129,0,0,863,0,137,0,0,867,1,132,0,0,873,1,126,0,0,861,1,138,0,0,870,0,130,0,0,857,0,143,0,0,867,0,133,0,0,866,0,134,0,0
61,targeted_heterosexual,0.5,862,0,138,0,0,865,1,134,0,0,866,1,133,0,0,867,0,133,0,0,869,0,131,0,0,866,0,134,0,0,865,0,135,0,0,874,0,126,0,0,859,1,140,0,0,854,0,146,0,0,868,0,132,0,0,866,0,134,0,0,871,0,129,0,0,861,1,138,0,0,872,0,128,0,0,858,0,142,0,0,872,0,128,0,0,870,2,128,0,0,865,1,134,0,0,864,0,136,0,0,867,0,133,0,0,868,1,131,0,0,869,1,130,0,0,865,1,134,0,0,871,0,129,0,0,861,1,138,0,0,867,0,133,0,0,864,0,136,0,0,867,0,133,0,0,863,1,136,0,0,869,0,131,0,0,864,0,136,0,0,865,0,135,0,0,870,0,130,0,0,869,0,131,0,0,875,1,124,0,0,870,1,129,0,0,869,1,130,0,0,866,0,134,0,0,870,1,129,0,0,864,1,135,0,0,870,1,129,0,0,863,0,137,0,0,866,2,132,0,0,873,1,126,0,0,861,1,138,0,0,870,0,130,0,0,857,0,143,0,0,867,0,133,0,0,866,0,134,0,0
62,targeted_heterosexual,0.5,862,0,138,0,0,865,1,134,0,0,866,1,133,0,0,867,0,133,0,0,869,0,131,0,0,866,0,134,0,0,865,0,135,0,0,874,0,126,0,0,859,1,140,0,0,854,0,146,0,0,868,0,132,0,0,866,0,134,0,0,871,0,129,0,0,861,1,138,0,0,872,0,128,0,0,858,0,142,0,0,872,0,128,0,0,870,2,128,0,0,865,1,134,0,0,864,0,136,0,0,867,0,133,0,0,868,1,131,0,0,869,1,130,0,0,865,1,134,0,0,871,0,129,0,0,861,1,138,0,0,867,0,133,0,0,864,0,136,0,0,867,0,133,0,0,863,1,136,0,0,869,0,131,0,0,864,0,136,0,0,865,0,135,0,0,870,0,130,0,0,869,0,131,0,0,875,1,124,0,0,870,1,129,0,0,869,1,130,0,0,866,0,134,0,0,870,1,129,0,0,864,1,135,0,0,870,1,129,0,0,862,1,137,0,0,866,2,132,0,0,873,1,126,0,0,861,1,138,0,0,870,0,130,0,0,857,0,143,0,0,867,0,133,0,0,866,0,134,0,0
63,targeted_heterosexual,0.5,862,0,138,0,0,865,1,134,0,0,866,1,133,0,0,867,0,133,0,0,869,0,131,0,0,866,0,134,0,0,865,0,135,0,0,874,0,126,0,0,859,1,140,0,0,853,1,146,0,0,868,0,132,0,0,866,0,134,0,0,871,0,129,0,0,861,1,138,0,0,872,0,128,0,0,858,0,142,0,0,872,0,128,0,0,870,2,128,0,0,865,1,134,0,0,864,0,136,0,0,867,0,133,0,0,868,1,131,0,0,869,1,130,0,0,865,1,134,0,0,871,0,129,0,0,861,1,138,0,0,867,0,133,0,0,864,0,136,0,0,867,0,133,0,0,863,1,136,0,0,868,1,131,0,0,864,0,136,0,0,865,0,135,0,0,870,0,130,0,0,869,0,131,0,0,875,0,125,0,0,870,1,129,0,0,869,1,130,0,0,866,0,134,0,0,870,1,129,0,0,864,1,135,0,0,870,1,129,0,0,862,1,137,0,0,866,2,132,0,0,873,1,126,0,0,861,1,138,0,0,870,0,130,0,0,857,0,143,0,0,867,0,133,0,0,866,0,134,0,0
64,targeted_heterosexual,0.5,862,0,138,0,0,865,1,134,0,0,866,1,133,0,0,867,0,133,0,0,869,0,131,0,0,866,0,134,0,0,865,0,135,0,0,874,0,126,0,0,859,1,140,0,0,853,1,146,0,0,868,0,132,0,0,866,0,134,0,0,871,0,129,0,0,861,1,138,0,0,872,0,128,0,0,858,0,142,0,0,872,0,128,0,0,870,2,128,0,0,865,1,134,0,0,864,0,136,0,0,867,0,133,0,0,868,1,131,0,0,869,1,130,0,0,865,1,134,0,0,871,0,129,0,0,860,2,138,0,0,867,0,133,0,0,864,0,136,0,0,867,0,133,0,0,863,1,136,0,0,868,1,131,0,0,864,0,136,0,0,865,0,135,0,0,870,0,130,0,0,869,0,131,0,0,875,0,125,0,0,870,1,129,0,0,869,1,130,0,0,866,0,134,0,0,870,1,129,0,0,864,1,135,0,0,870,1,129,0,0,862,1,137,0,0,866,2,132,0,0,873,1,126,0,0,861,1,138,0,0,870,0,130,0,0,857,0,143,0,0,867,0,133,0,0,866,0,134,0,0
65,targeted_heterosexual,0.5,862,0,138,0,0,865,1,134,0,0,866,1,133,0,0,867,0,133,0,0,869,0,131,0,0,866,0,134,0,0,865,0,135,0,0,874,0,126,0,0,859,1,140,0,0,853,1,146,0,0,868,0,132,0,0,866,0,134,0,0,871,0,129,0,0,861,1,138,0,0,871,1,128,0,0,858,0,142,0,0,872,0,128,0,0,870,2,128,0,0,865,1,134,0,0,864,0,136,0,0,867,0,133,0,0,868,0,132,0,0,869,1,130,0,0,865,0,135,0,0,871,0,129,0,0,860,2,138,0,0,867,0,133,0,0,864,0,136,0,0,867,0,133,0,0,863,1,136,0,0,868,1,131,0,0,864,0,136,0,0,865,0,135,0,0,870,0,130,0,0,869,0,131,0,0,875,0,125,0,0,870,1,129,0,0,869,1,130,0,0,866,0,134,0,0,870,1,129,0,0,864,1,135,0,0,870,1,129,0,0,862,1,137,0,0,866,2,132,0,0,873,1,126,0,0,861,1,138,0,0,870,0,130,0,0,857,0,143,0,0,867,0,133,0,0,866,0,134,0,0
66,targeted_heterosexual,0.5,862,0,138,0,0,865,1,134,0,0,866,1,133,0,0,867,0,133,0,0,869,0,131,0,0,866,0,134,0,0,865,0,135,0,0,874,0,126,0,0,859,1,140,0,0,853,1,146,0,0,868,0,132,0,0,866,0,134,0,0,871,0,129,0,0,861,1,138,0,0,871,1,128,0,0,858,0,142,0,0,872,0,128,0,0,870,2,128,0,0,865,1,134,0,0,864,0,136,0,0,867,0,133,0,0,868,0,132,0,0,869,1,130,0,0,865,0,135,0,0,871,0,129,0,0,860,2,138,0,0,867,0,133,0,0,864,0,136,0,0,867,0,133,0,0,863,1,136,0,0,868,1,131,0,0,864,0,136,0,0,865,0,135,0,0,870,0,130,0,0,869,0,131,0,0,875,0,125,0,0,870,1,129,0,0,869,1,130,0,0,866,0,134,0,0,870,0,130,0,0,864,0,136,0,0,870,1,129,0,0,862,1,137,0,0,866,2,132,0,0,873,1,126,0,0,861,1,138,0,0,870,0,130,0,0,857,0,143,0,0,867,0,133,0,0,866,0,134,0,0
67,targeted_heterosexual,0.5,862,0,138,0,0,865,1,134,0,0,866,1,133,0,0,867,0,133,0,0,869,0,131,0,0,866,0,134,0,0,865,0,135,0,0,874,0,126,0,0,859,1,140,0,0,853,1,146,0,0,868,0,132,0,0,866,0,134,0,0,871,0,129,0,0,861,1,138,0,0,871,1,128,0,0,858,0,142,0,0,872,0,128,0,0,870,2,128,0,0,865,0,135,0,0,864,0,136,0,0,867,0,133,0,0,868,0,132,0,0,869,1,130,0,0,865,0,135,0,0,871,0,129,0,0,860,2,138,0,0,867,0,133,0,0,864,0,136,0,0,867,0,133,0,0,863,1,136,0,0,868,1,131,0,0,863,1,136,0,0,865,0,135,0,0,870,0,130,0,0,869,0,131,0,0,875,0,125,0,0,870,1,129,0,0,869,1,130,0,0,866,0,134,0,0,870,0,130,0,0,864,0,136,0,0,870,1,129,0,0,862,1,137,0,0,866,2,132,0,0,873,1,126,0,0,861,0,139,0,0,870,0,130,0,0,857,0,143,0,0,867,0,133,0,0,866,0,134,0,0
68,targeted_heterosexual,0.5,862,0,138,0,0,865,0,135,0,0,866,1,133,0,0,867,0,133,0,0,869,0,131,0,0,866,0,134,0,0,865,0,135,0,0,874,0,126,0,0,859,1,140,0,0,853,1,146,0,0,868,0,132,0,0,866,0,134,0,0,871,0,129,0,0,861,1,138,0,0,871,1,128,0,0,858,0,142,0,0,872,0,128,0,0,870,2,128,0,0,865,0,135,0,0,864,0,136,0,0,867,0,133,0,0,868,0,132,0,0,869,1,130,0,0,865,0,135,0,0,871,0,129,0,0,860,2,138,0,0,867,0,133,0,0,864,0,136,0,0,867,0,133,0,0,863,1,136,0,0,868,1,131,0,0,863,1,136,0,0,865,0,135,0,0,870,0,130,0,0,869,0,131,0,0,875,0,125,0,0,870,1,129,0,0,869,1,130,0,0,866,0,134,0,0,870,0,130,0,0,864,0,136,0,0,870,0,130,0,0,862,1,137,0,0,866,2,132,0,0,873,0,127,0,0,861,0,139,0,0,870,0,130,0,0,857,0,143,0,0,867,0,133,0,0,866,0,134,0,0
69,targeted_heterosexual,0.5,862,0,138,0,0,865,0,135,0,0,866,0,134,0,0,867,0,133,0,0,869,0,131,0,0,866,0,134,0,0,865,0,135,0,0,874,0,126,0,0,859,1,140,0,0,853,1,146,0,0,868,0,132,0,0,866,0,134,0,0,871,0,129,0,0,861,1,138,0,0,871,1,128,0,0,858,0,142,0,0,872,0,128,0,0,870,2,128,0,0,865,0,135,0,0,864,0,136,0,0,867,0,133,0,0,868,0,132,0,0,869,0,131,0,0,865,0,135,0,0,871,0,129,0,0,860,2,138,0,0,867,0,133,0,0,864,0,136,0,0,867,0,133,0,0,863,1,136,0,0,868,1,131,0,0,863,1,136,0,0,865,0,135,0,0,870,0,130,0,0,869,0,131,0,0,875,0,125,0,0,870,1,129,0,0,869,1,130,0,0,866,0,134,0,0,870,0,130,0,0,864,0,136,0,0,870,0,130,0,0,862,1,137,0,0,866,2,132,0,0,873,0,127,0,0,861,0,139,0,0,870,0,130,0,0,857,0,143,0,0,867,0,133,0,0,866,0,134,0,0
70,targeted_heterosexual,0.5,862,0,138,0,0,865,0,135,0,0,866,0,134,0,0,867,0,133,0,0,869,0,131,0,0,866,0,134,0,0,865,0,135,0,0,874,0,126,0,0,859,1,140,0,0,853,1,146,0,0,868,0,132,0,0,866,0,134,0,0,871,0,129,0,0,861,1,138,0,0,871,1,128,0,0,858,0,142,0,0,872,0,128,0,0,870,2,128,0,0,865,0,135,0,0,864,0,136,0,0,867,0,133,0,0,868,0,132,0,0,869,0,131,0,0,865,0,135,0,0,871,0,129,0,0,860,2,138,0,0,867,0,133,0,0,864,0,136,0,0,867,0,133,0,0,863,0,137,0,0,868,1,131,0,0,862,2,136,0,0,865,0,135,0,0,870,0,130,0,0,869,0,131,0,0,875,0,125,0,0,870,1,129,0,0,869,1,130,0,0,866,0,134,0,0,870,0,130,0,0,864,0,136,0,0,870,0,130,0,0,862,1,137,0,0,866,1,133,0,0,873,0,127,0,0,861,0,139,0,0,870,0,130,0,0,857,0,143,0,0,867,0,133,0,0,866,0,134,0,0
71,targeted_heterosexual,0.5,862,0,138,0,0,865,0,135,0,0,866,0,134,0,0,867,0,133,0,0,869,0,131,0,0,866,0,134,0,0,865,0,135,0,0,874,0,126,0,0,859,0,141,0,0,853,1,146,0,0,868,0,132,0,0,866,0,134,0,0,871,0,129,0,0,861,0,139,0,0,871,1,128,0,0,858,0,142,0,0,872,0,128,0,0,870,2,128,0,0,865,0,135,0,0,864,0,136,0,0,867,0,133,0,0,868,0,132,0,0,869,0,131,0,0,865,0,135,0,0,871,0,129,0,0,860,1,139,0,0,867,0,133,0,0,864,0,136,0,0,867,0,133,0,0,863,0,137,0,0,868,1,131,0,0,862,2,136,0,0,865,0,135,0,0,870,0,130,0,0,869,0,131,0,0,875,0,125,0,0,870,1,129,0,0,869,1,130,0,0,866,0,134,0,0,870,0,130,0,0,864,0,136,0,0,870,0,130,0,0,862,1,137,0,0,866,1,133,0,0,873,0,127,0,0,861,0,139,0,0,870,0,130,0,0,857,0,143,0,0,867,0,133,0,0,866,0,134,0,0
72,targeted_heterosexual,0.5,862,0,138,0,0,865,0,135,0,0,866,0,134,0,0,867,0,133,0,0,869,0,131,0,0,866,0,134,0,0,865,0,135,0,0,874,0,126,0,0,859,0,141,0,0,853,1,146,0,0,868,0,132,0,0,866,0,134,0,0,871,0,129,0,0,861,0,139,0,0,871,1,128,0,0,858,0,142,0,0,872,0,128,0,0,870,1,129,0,0,865,0,135,0,0,864,0,136,0,0,867,0,133,0,0,868,0,132,0,0,869,0,131,0,0,865,0,135,0,0,871,0,129,0,0,860,1,139,0,0,867,0,133,0,0,864,0,136,0,0,867,0,133,0,0,863,0,137,0,0,868,1,131,0,0,862,2,136,0,0,865,0,135,0,0,869,1,130,0,0,869,0,131,0,0,875,0,125,0,0,870,0,130,0,0,869,1,130,0,0,866,0,134,0,0,870,0,130,0,0,864,0,136,0,0,870,0,130,0,0,862,1,137,0,0,866,1,133,0,0,873,0,127,0,0,861,0,139,0,0,870,0,130,0,0,857,0,143,0,0,867,0,133,0,0,866,0,134,0,0
73,targeted_heterosexual,0.5,862,0,138,0,0,865,0,135,0,0,866,0,134,0,0,867,0,133,0,0,869,0,131,0,0,866,0,134,0,0,864,1,135,0,0,874,0,126,0,0,858,1,141,0,0,853,1,146,0,0,868,0,132,0,0,866,0,134,0,0,871,0,129,0,0,861,0,139,0,0,871,1,128,0,0,858,0,142,0,0,872,0,128,0,0,870,1,129,0,0,865,0,135,0,0,864,0,136,0,0,867,0,133,0,0,868,0,132,0,0,869,0,131,0,0,865,0,135,0,0,871,0,129,0,0,860,1,139,0,0,867,0,133,0,0,864,0,136,0,0,867,0,133,0,0,863,0,137,0,0,868,1,131,0,0,862,2,136,0,0,865,0,135,0,0,869,1,130,0,0,869,0,131,0,0,875,0,125,0,0,870,0,130,0,0,869,1,130,0,0,866,0,134,0,0,870,0,130,0,0,864,0,136,0,0,870,0,130,0,0,862,1,137,0,0,866,1,133,0,0,873,0,127,0,0,861,0,139,0,0,870,0,130,0,0,857,0,143,0,0,867,0,133,0,0,866,0,134,0,0
74,targeted_heterosexual,0.5,862,0,138,0,0,865,0,135,0,0,866,0,134,0,0,867,0,133,0,0,869,0,131,0,0,866,0,134,0,0,864,1,135,0,0,874,0,126,0,0,858,1,141,0,0,853,1,146,0,0,867,1,132,0,0,866,0,134,0,0,871,0,129,0,0,861,0,139,0,0,871,1,128,0,0,858,0,142,0,0,872,0,128,0,0,870,0,130,0,0,865,0,135,0,0,864,0,136,0,0,867,0,133,0,0,868,0,132,0,0,869,0,131,0,0,865,0,135,0,0,871,0,129,0,0,860,1,139,0,0,867,0,133,0,0,864,0,136,0,0,867,0,133,0,0,863,0,137,0,0,868,1,131,0,0,862,2,136,0,0,865,0,135,0,0,869,1,130,0,0,869,0,131,0,0,875,0,125,0,0,870,0,130,0,0,869,0,131,0,0,866,0,134,0,0,870,0,130,0,0,864,0,136,0,0,870,0,130,0,0,862,1,137,0,0,866,0,134,0,0,873,0,127,0,0,861,0,139,0,0,870,0,130,0,0,857,0,143,0,0,867,0,133,0,0,866,0,134,0,0
75,targeted_heterosexual,0.5,862,0,138,0,0,865,0,135,0,0,866,0,134,0,0,867,0,133,0,0,869,0,131,0,0,866,0,134,0,0,864,1,135,0,0,874,0,126,0,0,858,1,141,0,0,853,1,146,0,0,867,1,132,0,0,866,0,134,0,0,871,0,129,0,0,861,0,139,0,0,871,1,128,0,0,857,1,142,0,0,872,0,128,0,0,870,0,130,0,0,865,0,135,0,0,864,0,136,0,0,867,0,133,0,0,868,0,132,0,0,869,0,131,0,0,865,0,135,0,0,871,0,129,0,0,860,1,139,0,0,867,0,133,0,0,864,0,136,0,0,867,0,133,0,0,863,0,137,0,0,868,1,131,0,0,862,2,136,0,0,865,0,135,0,0,869,1,130,0,0,869,0,131,0,0,875,0,125,0,0,870,0,130,0,0,869,0,131,0,0,866,0,134,0,0,870,0,130,0,0,864,0,136,0,0,870,0,130,0,0,862,0,138,0,0,866,0,134,0,0,873,0,127,0,0,861,0,139,0,0,870,0,130,0,0,857,0,143,0,0,867,0,133,0,0,866,0,134,0,0
76,targeted_heterosexual,0.5,862,0,138,0,0,865,0,135,0,0,866,0,134,0,0,867,0,133,0,0,869,0,131,0,0,866,0,134,0,0,864,1,135,0,0,874,0,126,0,0,858,1,141,0,0,853,0,147,0,0,867,1,132,0,0,866,0,134,0,0,871,0,129,0,0,861,0,139,0,0,871,1,128,0,0,857,1,142,0,0,872,0,128,0,0,869,1,130,0,0,865,0,135,0,0,864,0,136,0,0,867,0,133,0,0,868,0,132,0,0,869,0,131,0,0,865,0,135,0,0,871,0,129,0,0,860,1,139,0,0,867,0,133,0,0,864,0,136,0,0,867,0,133,0,0,863,0,137,0,0,868,0,132,0,0,862,2,136,0,0,864,1,135,0,0,869,1,130,0,0,869,0,131,0,0,875,0,125,0,0,870,0,130,0,0,869,0,131,0,0,866,0,134,0,0,870,0,130,0,0,864,0,136,0,0,870,0,130,0,0,862,0,138,0,0,866,0,134,0,0,873,0,127,0,0,861,0,139,0,0,870,0,130,0,0,857,0,143,0,0,867,0,133,0,0,866,0,134,0,0
77,targeted_heterosexual,0.5,862,0,138,0,0,865,0,135,0,0,866,0,134,0,0,867,0,133,0,0,869,0,131,0,0,866,0,134,0,0,864,1,135,0,0,874,0,126,0,0,858,1,141,0,0,853,0,147,0,0,867,1,132,0,0,866,0,134,0,0,871,0,129,0,0,861,0,139,0,0,871,1,128,0,0,857,1,142,0,0,872,0,128,0,0,869,1,130,0,0,865,0,135,0,0,864,0,136,0,0,866,1,133,0,0,868,0,132,0,0,869,0,131,0,0,865,0,135,0,0,871,0,129,0,0,860,0,140,0,0,867,0,133,0,0,864,0,136,0,0,867,0,133,0,0,863,0,137,0,0,868,0,132,0,0,862,2,136,0,0,864,1,135,0,0,869,1,130,0,0,869,0,131,0,0,875,0,125,0,0,870,0,130,0,0,869,0,131,0,0,866,0,134,0,0,870,0,130,0,0,864,0,136,0,0,870,0,130,0,0,862,0,138,0,0,866,0,134,0,0,873,0,127,0,0,861,0,139,0,0,870,0,130,0,0,857,0,143,0,0,867,0,133,0,0,866,0,134,0,0
78,targeted_heterosexual,0.5,862,0,138,0,0,864,1,135,0,0,866,0,134,0,0,867,0,133,0,0,869,0,131,0,0,866,0,134,0,0,864,1,135,0,0,874,0,126,0,0,858,1,141,0,0,853,0,147,0,0,867,1,132,0,0,866,0,134,0,0,871,0,129,0,0,861,0,139,0,0,871,0,129,0,0,857,1,142,0,0,872,0,128,0,0,869,1,130,0,0,865,0,135,0,0,864,0,136,0,0,866,1,133,0,0,868,0,132,0,0,869,0,131,0,0,865,0,135,0,0,871,0,129,0,0,860,0,140,0,0,867,0,133,0,0,864,0,136,0,0,867,0,133,0,0,863,0,137,0,0,868,0,132,0,0,862,2,136,0,0,864,1,135,0,0,869,1,130,0,0,869,0,131,0,0,875,0,125,0,0,870,0,130,0,0,869,0,131,0,0,866,0,134,0,0,870,0,130,0,0,864,0,136,0,0,870,0,130,0,0,862,0,138,0,0,866,0,134,0,0,873,0,127,0,0,861,0,139,0,0,870,0,130,0,0,857,0,143,0,0,867,0,133,0,0,866,0,134,0,0
79,targeted_heterosexual,0.5,862,0,138,0,0,864,1,135,0,0,866,0,134,0,0,867,0,133,0,0,869,0,131,0,0,866,0,134,0,0,864,1,135,0,0,874,0,126,0,0,858,1,141,0,0,853,0,147,0,0,867,1,132,0,0,866,0,134,0,0,871,0,129,0,0,861,0,139,0,0,871,0,129,0,0,857,1,142,0,0,872,0,128,0,0,869,1,130,0,0,865,0,135,0,0,864,0,136,0,0,866,1,133,0,0,868,0,132,0,0,869,0,131,0,0,865,0,135,0,0,871,0,129,0,0,860,0,140,0,0,867,0,133,0,0,864,0,136,0,0,867,0,133,0,0,863,0,137,0,0,868,0,132,0,0,861,3,136,0,0,864,1,135,0,0,869,1,130,0,0,869,0,131,0,0,875,0,125,0,0,870,0,130,0,0,869,0,131,0,0,866,0,134,0,0,870,0,130,0,0,864,0,136,0,0,870,0,130,0,0,862,0,138,0,0,866,0,134,0,0,873,0,127,0,0,861,0,139,0,0,870,0,130,0,0,857,0,143,0,0,867,0,133,0,0,866,0,134,0,0
80,targeted_heterosexual,0.5,862,0,138,0,0,864,1,135,0,0,866,0,134,0,0,867,0,133,0,0,869,0,131,0,0,866,0,134,0,0,864,1,135,0,0,873,1,126,0,0,858,1,141,0,0,853,0,147,0,0,867,1,132,0,0,866,0,134,0,0,871,0,129,0,0,861,0,139,0,0,871,0,129,0,0,857,1,142,0,0,872,0,128,0,0,869,1,130,0,0,865,0,135,0,0,864,0,136,0,0,865,2,133,0,0,868,0,132,0,0,869,0,131,0,0,865,0,135,0,0,871,0,129,0,0,860,0,140,0,0,867,0,133,0,0,864,0,136,0,0,867,0,133,0,0,863,0,137,0,0,868,0,132,0,0,860,3,137,0,0,864,1,135,0,0,869,1,130,0,0,869,0,131,0,0,875,0,125,0,0,870,0,130,0,0,869,0,131,0,0,866,0,134,0,0,870,0,130,0,0,864,0,136,0,0,870,0,130,0,0,862,0,138,0,0,866,0,134,0,0,873,0,127,0,0,861,0,139,0,0,870,0,130,0,0,857,0,143,0,0,867,0,133,0,0,866,0,134,0,0
81,targeted_heterosexual,0.5,862,0,138,0,0,864,1,135,0,0,866,0,134,0,0,867,0,133,0,0,869,0,131,0,0,866,0,134,0,0,864,1,135,0,0,873,1,126,0,0,858,1,141,0,0,853,0,147,0,0,867,1,132,0,0,866,0,134,0,0,871,0,129,0,0,861,0,139,0,0,871,0,129,0,0,857,1,142,0,0,872,0,128,0,0,869,1,130,0,0,865,0,135,0,0,864,0,136,0,0,865,2,133,0,0,868,0,132,0,0,869,0,131,0,0,865,0,135,0,0,871,0,129,0,0,860,0,140,0,0,867,0,133,0,0,864,0,136,0,0,867,0,133,0,0,863,0,137,0,0,868,0,132,0,0,859,4,137,0,0,864,1,135,0,0,869,1,130,0,0,869,0,131,0,0,875,0,125,0,0,870,0,130,0,0,869,0,131,0,0,866,0,134,0,0,870,0,130,0,0,864,0,136,0,0,870,0,130,0,0,862,0,138,0,0,866,0,134,0,0,873,0,127,0,0,861,0,139,0,0,870,0,130,0,0,857,0,143,0,0,867,0,133,0,0,866,0,134,0,0
82,targeted_heterosexual,0.5,862,0,138,0,0,864,1,135,0,0,866,0,134,0,0,867,0,133,0,0,869,0,131,0,0,866,0,134,0,0,864,1,135,0,0,873,1,126,0,0,858,1,141,0,0,853,0,147,0,0,867,1,132,0,0,866,0,134,0,0,871,0,129,0,0,861,0,139,0,0,871,0,129,0,0,857,1,142,0,0,872,0,128,0,0,869,1,130,0,0,865,0,135,0,0,864,0,136,0,0,865,2,133,0,0,868,0,132,0,0,869,0,131,0,0,865,0,135,0,0,871,0,129,0,0,860,0,140,0,0,867,0,133,0,0,864,0,136,0,0,867,0,133,0,0,863,0,137,0,0,868,0,132,0,0,859,4,137,0,0,864,1,135,0,0,869,1,130,0,0,869,0,131,0,0,875,0,125,0,0,870,0,130,0,0,869,0,131,0,0,866,0,134,0,0,870,0,130,0,0,864,0,136,0,0,870,0,130,0,0,862,0,138,0,0,866,0,134,0,0,873,0,127,0,0,861,0,139,0,0,870,0,130,0,0,857,0,143,0,0,867,0,133,0,0,866,0,134,0,0
83,targeted_heterosexual,0.5,862,0,138,0,0,864,1,135,0,0,866,0,134,0,0,867,0,133,0,0,869,0,131,0,0,866,0,134,0,0,864,1,135,0,0,873,1,126,0,0,858,1,141,0,0,853,0,147,0,0,867,1,132,0,0,866,0,134,0,0,871,0,129,0,0,861,0,139,0,0,871,0,129,0,0,857,1,142,0,0,872,0,128,0,0,869,1,130,0,0,865,0,135,0,0,864,0,136,0,0,865,2,133,0,0,868,0,132,0,0,869,0,131,0,0,865,0,135,0,0,871,0,129,0,0,860,0,140,0,0,867,0,133,0,0,864,0,136,0,0,867,0,133,0,0,863,0,137,0,0,868,0,132,0,0,859,3,138,0,0,864,1,135,0,0,869,1,130,0,0,869,0,131,0,0,875,0,125,0,0,870,0,130,0,0,869,0,131,0,0,866,0,134,0,0,870,0,130,0,0,864,0,136,0,0,870,0,130,0,0,862,0,138,0,0,866,0,134,0,0,873,0,127,0,0,861,0,139,0,0,870,0,130,0,0,857,0,143,0,0,867,0,133,0,0,866,0,134,0,0
84,targeted_heterosexual,0.5,862,0,138,0,0,864,1,135,0,0,866,0,134,0,0,867,0,133,0,0,869,0,131,0,0,866,0,134,0,0,864,1,135,0,0,873,1,126,0,0,858,1,141,0,0,853,0,147,0,0,867,1,132,0,0,866,0,134,0,0,871,0,129,0,0,861,0,139,0,0,871,0,129,0,0,857,1,142,0,0,872,0,128,0,0,869,1,130,0,0,865,0,135,0,0,864,0,136,0,0,865,2,133,0,0,868,0,132,0,0,869,0,131,0,0,865,0,135,0,0,871,0,129,0,0,860,0,140,0,0,867,0,133,0,0,864,0,136,0,0,867,0,133,0,0,863,0,137,0,0,868,0,132,0,0,859,3,138,0,0,864,1,135,0,0,869,1,130,0,0,869,0,131,0,0,875,0,125,0,0,870,0,130,0,0,869,0,131,0,0,866,0,134,0,0,870,0,130,0,0,864,0,136,0,0,870,0,130,0,0,862,0,138,0,0,866,0,134,0,0,873,0,127,0,0,861,0,139,0,0,870,0,130,0,0,857,0,143,0,0,867,0,133,0,0,866,0,134,0,0
85,targeted_heterosexual,0.5,862,0,138,0,0,864,1,135,0,0,866,0,134,0,0,867,0,133,0,0,869,0,131,0,0,866,0,134,0,0,864,1,135,0,0,873,1,126,0,0,858,1,141,0,0,853,0,147,0,0,867,1,132,0,0,866,0,134,0,0,871,0,129,0,0,861,0,139,0,0,871,0,129,0,0,857,1,142,0,0,872,0,128,0,0,869,1,130,0,0,865,0,135,0,0,864,0,136,0,0,865,2,133,0,0,868,0,132,0,0,869,0,131,0,0,865,0,135,0,0,871,0,129,0,0,860,0,140,0,0,867,0,133,0,0,864,0,136,0,0,867,0,133,0,0,863,0,137,0,0,868,0,132,0,0,859,3,138,0,0,864,1,135,0,0,869,0,131,0,0,869,0,131,0,0,875,0,125,0,0,870,0,130,0,0,869,0,131,0,0,866,0,134,0,0,870,0,130,0,0,864,0,136,0,0,870,0,130,0,0,862,0,138,0,0,866,0,134,0,0,873,0,127,0,0,861,0,139,0,0,870,0,130,0,0,857,0,143,0,0,867,0,133,0,0,866,0,134,0,0
86,targeted_heterosexual,0.5,862,0,138,0,0,864,1,135,0,0,866,0,134,0,0,867,0,133,0,0,869,0,131,0,0,866,0,134,0,0,864,0,136,0,0,873,1,126,0,0,858,0,142,0,0,853,0,147,0,0,867,1,132,0,0,866,0,134,0,0,871,0,129,0,0,861,0,139,0,0,871,0,129,0,0,857,1,142,0,0,872,0,128,0,0,869,1,130,0,0,865,0,135,0,0,864,0,136,0,0,865,2,133,0,0,868,0,132,0,0,869,0,131,0,0,865,0,135,0,0,871,0,129,0,0,860,0,140,0,0,867,0,133,0,0,864,0,136,0,0,867,0,133,0,0,863,0,137,0,0,868,0,132,0,0,859,3,138,0,0,864,1,135,0,0,869,0,131,0,0,869,0,131,0,0,875,0,125,0,0,870,0,130,0,0,869,0,131,0,0,866,0,134,0,0,870,0,130,0,0,864,0,136,0,0,870,0,130,0,0,862,0,138,0,0,866,0,134,0,0,873,0,127,0,0,861,0,139,0,0,870,0,130,0,0,857,0,143,0,0,867,0,133,0,0,866,0,134,0,0
87,targeted_heterosexual,0.5,861,1,138,0,0,864,1,135,0,0,865,1,134,0,0,867,0,133,0,0,869,0,131,0,0,866,0,134,0,0,864,0,136,0,0,873,1,126,0,0,858,0,142,0,0,853,0,147,0,0,867,0,133,0,0,866,0,134,0,0,871,0,129,0,0,861,0,139,0,0,871,0,129,0,0,857,1,142,0,0,872,0,128,0,0,869,1,130,0,0,865,0,135,0,0,864,0,136,0,0,865,2,133,0,0,868,0,132,0,0,869,0,131,0,0,865,0,135,0,0,871,0,129,0,0,860,0,140,0,0,867,0,133,0,0,864,0,136,0,0,867,0,133,0,0,863,0,137,0,0,868,0,132,0,0,859,3,138,0,0,864,1,135,0,0,869,0,131,0,0,869,0,131,0,0,875,0,125,0,0,870,0,130,0,0,869,0,131,0,0,866,0,134,0,0,870,0,130,0,0,864,0,136,0,0,870,0,130,0,0,862,0,138,0,0,866,0,134,0,0,873,0,127,0,0,861,0,139,0,0,870,0,130,0,0,857,0,143,0,0,867,0,133,0,0,866,0,134,0,0
88,targeted_heterosexual,0.5,861,1,138,0,0,864,1,135,0,0,865,1,134,0,0,867,0,133,0,0,869,0,131,0,0,866,0,134,0,0,864,0,136,0,0,873,1,126,0,0,858,0,142,0,0,853,0,147,0,0,867,0,133,0,0,866,0,134,0,0,871,0,129,0,0,861,0,139,0,0,871,0,129,0,0,857,0,143,0,0,872,0,128,0,0,869,1,130,0,0,865,0,135,0,0,864,0,136,0,0,865,2,133,0,0,868,0,132,0,0,869,0,131,0,0,865,0,135,0,0,871,0,129,0,0,860,0,140,0,0,867,0,133,0,0,864,0,136,0,0,867,0,133,0,0,863,0,137,0,0,868,0,132,0,0,859,3,138,0,0,864,1,135,0,0,869,0,131,0,0,869,0,131,0,0,875,0,125,0,0,870,0,130,0,0,868,1,131,0,0,866,0,134,0,0,870,0,130,0,0,864,0,136,0,0,870,0,130,0,0,862,0,138,0,0,866,0,134,0,0,873,0,127,0,0,861,0,139,0,0,870,0,130,0,0,857,0,143,0,0,867,0,133,0,0,866,0,134,0,0
89,targeted_heterosexual,0.5,861,1,138,0,0,864,1,135,0,0,865,1,134,0,0,867,0,133,0,0,869,0,131,0,0,866,0,134,0,0,864,0,136,0,0,873,1,126,0,0,858,0,142,0,0,853,0,147,0,0,867,0,133,0,0,866,0,134,0,0,871,0,129,0,0,861,0,139,0,0,871,0,129,0,0,857,0,143,0,0,872,0,128,0,0,869,0,131,0,0,865,0,135,0,0,864,0,136,0,0,865,2,133,0,0,868,0,132,0,0,869,0,131,0,0,865,0,135,0,0,871,0,129,0,0,860,0,140,0,0,867,0,133,0,0,863,1,136,0,0,867,0,133,0,0,863,0,137,0,0,868,0,132,0,0,859,3,138,0,0,864,0,136,0,0,869,0,131,0,0,869,0,131,0,0,875,0,125,0,0,870,0,130,0,0,868,1,131,0,0,866,0,134,0,0,870,0,130,0,0,864,0,136,0,0,870,0,130,0,0,862,0,138,0,0,866,0,134,0,0,873,0,127,0,0,861,0,139,0,0,870,0,130,0,0,857,0,143,0,0,867,0,133,0,0,865,1,134,0,0
90,targeted_heterosexual,0.5,861,1,138,0,0,864,1,135,0,0,865,1,134,0,0,867,0,133,0,0,869,0,131,0,0,866,0,134,0,0,864,0,136,0,0,873,1,126,0,0,858,0,142,0,0,853,0,147,0,0,867,0,133,0,0,866,0,134,0,0,871,0,129,0,0,861,0,139,0,0,871,0,129,0,0,857,0,143,0,0,872,0,128,0,0,869,0,131,0,0,865,0,135,0,0,864,0,136,0,0,865,1,134,0,0,868,0,132,0,0,869,0,131,0,0,864,1,135,0,0,871,0,129,0,0,860,0,140,0,0,867,0,133,0,0,863,1,136,0,0,867,0,133,0,0,863,0,137,0,0,868,0,132,0,0,859,3,138,0,0,864,0,136,0,0,869,0,131,0,0,869,0,131,0,0,875,0,125,0,0,870,0,130,0,0,868,1,131,0,0,866,0,134,0,0,870,0,130,0,0,864,0,136,0,0,870,0,130,0,0,862,0,138,0,0,866,0,134,0,0,873,0,127,0,0,861,0,139,0,0,870,0,130,0,0,857,0,143,0,0,867,0,133,0,0,865,1,134,0,0
91,targeted_heterosexual,0.5,861,1,138,0,0,864,0,136,0,0,865,1,134,0,0,867,0,133,0,0,869,0,131,0,0,866,0,134,0,0,864,0,136,0,0,873,1,126,0,0,858,0,142,0,0,853,0,147,0,0,867,0,133,0,0,866,0,134,0,0,871,0,129,0,0,861,0,139,0,0,871,0,129,0,0,857,0,143,0,0,872,0,128,0,0,869,0,131,0,0,865,0,135,0,0,864,0,136,0,0,864,2,134,0,0,868,0,132,0,0,869,0,131,0,0,864,1,135,0,0,871,0,129,0,0,860,0,140,0,0,867,0,133,0,0,863,1,136,0,0,867,0,133,0,0,863,0,137,0,0,868,0,132,0,0,859,3,138,0,0,864,0,136,0,0,869,0,131,0,0,869,0,131,0,0,875,0,125,0,0,870,0,130,0,0,868,1,131,0,0,866,0,134,0,0,870,0,130,0,0,864,0,136,0,0,870,0,130,0,0,862,0,138,0,0,866,0,134,0,0,873,0,127,0,0,861,0,139,0,0,870,0,130,0,0,857,0,143,0,0,867,0,133,0,0,865,1,134,0,0
92,targeted_heterosexual,0.5,861,1,138,0,0,864,0,136,0,0,865,1,134,0,0,867,0,133,0,0,869,0,131,0,0,866,0,134,0,0,864,0,136,0,0,873,1,126,0,0,858,0,142,0,0,853,0,147,0,0,867,0,133,0,0,866,0,134,0,0,871,0,129,0,0,861,0,139,0,0,871,0,129,0,0,857,0,143,0,0,872,0,128,0,0,869,0,131,0,0,865,0,135,0,0,864,0,136,0,0,864,2,134,0,0,868,0,132,0,0,869,0,131,0,0,864,1,135,0,0,871,0,129,0,0,860,0,140,0,0,867,0,133,0,0,863,1,136,0,0,867,0,133,0,0,863,0,137,0,0,868,0,132,0,0,859,2,139,0,0,864,0,136,0,0,869,0,131,0,0,869,0,131,0,0,875,0,125,0,0,870,0,130,0,0,868,1,131,0,0,866,0,134,0,0,870,0,130,0,0,864,0,136,0,0,870,0,130,0,0,862,0,138,0,0,866,0,134,0,0,873,0,127,0,0,861,0,139,0,0,870,0,130,0,0,857,0,143,0,0,867,0,133,0,0,865,1,134,0,0
93,targeted_heterosexual,0.5,861,1,138,0,0,864,0,136,0,0,865,1,134,0,0,867,0,133,0,0,869,0,131,0,0,866,0,134,0,0,864,0,136,0,0,873,0,127,0,0,858,0,142,0,0,853,0,147,0,0,867,0,133,0,0,866,0,134,0,0,871,0,129,0,0,861,0,139,0,0,871,0,129,0,0,857,0,143,0,0,872,0,128,0,0,869,0,131,0,0,865,0,135,0,0,864,0,136,0,0,864,1,135,0,0,868,0,132,0,0,869,0,131,0,0,864,1,135,0,0,871,0,129,0,0,860,0,140,0,0,867,0,133,0,0,863,1,136,0,0,867,0,133,0,0,863,0,137,0,0,868,0,132,0,0,859,1,140,0,0,864,0,136,0,0,869,0,131,0,0,869,0,131,0,0,875,0,125,0,0,870,0,130,0,0,868,1,131,0,0,866,0,134,0,0,870,0,130,0,0,864,0,136,0,0,870,0,130,0,0,862,0,138,0,0,866,0,134,0,0,873,0,127,0,0,861,0,139,0,0,870,0,130,0,0,857,0,143,0,0,867,0,133,0,0,865,1,134,0,0
94,targeted_heterosexual,0.5,861,1,138,0,0,864,0,136,0,0,865,1,134,0,0,867,0,133,0,0,869,0,131,0,0,866,0,134,0,0,864,0,136,0,0,873,0,127,0,0,858,0,142,0,0,853,0,147,0,0,867,0,133,0,0,866,0,134,0,0,871,0,129,0,0,861,0,139,0,0,871,0,129,0,0,857,0,143,0,0,872,0,128,0,0,869,0,131,0,0,865,0,135,0,0,864,0,136,0,0,864,1,135,0,0,868,0,132,0,0,869,0,131,0,0,864,1,135,0,0,871,0,129,0,0,860,0,140,0,0,867,0,133,0,0,863,1,136,0,0,867,0,133,0,0,863,0,137,0,0,868,0,132,0,0,859,0,141,0,0,864,0,136,0,0,869,0,131,0,0,869,0,131,0,0,875,0,125,0,0,870,0,130,0,0,868,1,131,0,0,866,0,134,0,0,870,0,130,0,0,864,0,136,0,0,870,0,130,0,0,862,0,138,0,0,866,0,134,0,0,873,0,127,0,0,861,0,139,0,0,870,0,130,0,0,857,0,143,0,0,867,0,133,0,0,865,1,134,0,0
95,targeted_heterosexual,0.5,861,1,138,0,0,864,0,136,0,0,865,1,134,0,0,866,1,133,0,0,869,0,131,0,0,866,0,134,0,0,864,0,136,0,0,873,0,127,0,0,858,0,142,0,0,853,0,147,0,0,867,0,133,0,0,866,0,134,0,0,871,0,129,0,0,861,0,139,0,0,871,0,129,0,0,857,0,143,0,0,872,0,128,0,0,869,0,131,0,0,865,0,135,0,0,864,0,136,0,0,864,1,135,0,0,868,0,132,0,0,869,0,131,0,0,864,1,135,0,0,871,0,129,0,0,860,0,140,0,0,867,0,133,0,0,863,1,136,0,0,867,0,133,0,0,863,0,137,0,0,868,0,132,0,0,859,0,141,0,0,864,0,136,0,0,869,0,131,0,0,869,0,131,0,0,875,0,125,0,0,870,0,130,0,0,868,1,131,0,0,866,0,134,0,0,870,0,130,0,0,864,0,136,0,0,870,0,130,0,0,862,0,138,0,0,866,0,134,0,0,873,0,127,0,0,861,0,139,0,0,870,0,130,0,0,857,0,143,0,0,867,0,133,0,0,865,1,134,0,0
96,targeted_heterosexual,0.5,861,1,138,0,0,864,0,136,0,0,865,1,134,0,0,866,1,133,0,0,869,0,131,0,0,866,0,134,0,0,864,0,136,0,0,873,0,127,0,0,858,0,142,0,0,853,0,147,0,0,867,0,133,0,0,866,0,134,0,0,871,0,129,0,0,861,0,139,0,0,871,0,129,0,0,857,0,143,0,0,872,0,128,0,0,869,0,131,0,0,865,0,135,0,0,864,0,136,0,0,864,1,135,0,0,868,0,132,0,0,869,0,131,0,0,864,1,135,0,0,871,0,129,0,0,860,0,140,0,0,867,0,133,0,0,863,1,136,0,0,867,0,133,0,0,863,0,137,0,0,868,0,132,0,0,859,0,141,0,0,864,0,136,0,0,869,0,131,0,0,869,0,131,0,0,875,0,125,0,0,870,0,130,0,0,868,1,131,0,0,865,1,134,0,0,870,0,130,0,0,864,0,136,0,0,870,0,130,0,0,862,0,138,0,0,866,0,134,0,0,873,0,127,0,0,861,0,139,0,0,870,0,130,0,0,857,0,143,0,0,867,0,133,0,0,865,1,134,0,0
97,targeted_heterosexual,0.5,861,1,138,0,0,864,0,136,0,0,865,1,134,0,0,866,1,133,0,0,869,0,131,0,0,866,0,134,0,0,864,0,136,0,0,873,0,127,0,0,858,0,142,0,0,853,0,147,0,0,867,0,133,0,0,866,0,134,0,0,871,0,129,0,0,861,0,139,0,0,871,0,129,0,0,857,0,143,0,0,872,0,128,0,0,869,0,131,0,0,865,0,135,0,0,864,0,136,0,0,864,1,135,0,0,868,0,132,0,0,869,0,131,0,0,864,1,135,0,0,871,0,129,0,0,859,1,140,0,0,867,0,133,0,0,863,1,136,0,0,867,0,133,0,0,863,0,137,0,0,868,0,132,0,0,859,0,141,0,0,864,0,136,0,0,869,0,131,0,0,869,0,131,0,0,875,0,125,0,0,870,0,130,0,0,868,1,131,0,0,865,1,134,0,0,870,0,130,0,0,864,0,136,0,0,870,0,130,0,0,862,0,138,0,0,866,0,134,0,0,873,0,127,0,0,861,0,139,0,0,870,0,130,0,0,857,0,143,0,0,867,0,133,0,0,865,1,134,0,0
98,targeted_heterosexual,0.5,861,1,138,0,0,864,0,136,0,0,865,1,134,0,0,866,1,133,0,0,869,0,131,0,0,866,0,134,0,0,864,0,136,0,0,873,0,127,0,0,858,0,142,0,0,853,0,147,0,0,867,0,133,0,0,866,0,134,0,0,871,0,129,0,0,861,0,139,0,0,871,0,129,0,0,857,0,143,0,0,872,0,128,0,0,869,0,131,0,0,865,0,135,0,0,864,0,136,0,0,864,1,135,0,0,868,0,132,0,0,869,0,131,0,0,864,1,135,0,0,871,0,129,0,0,859,1,140,0,0,867,0,133,0,0,863,1,136,0,0,867,0,133,0,0,863,0,137,0,0,868,0,132,0,0,859,0,141,0,0,864,0,136,0,0,869,0,131,0,0,869,0,131,0,0,875,0,125,0,0,870,0,130,0,0,868,1,131,0,0,865,1,134,0,0,870,0,130,0,0,864,0,136,0,0,870,0,130,0,0,862,0,138,0,0,866,0,134,0,0,873,0,127,0,0,861,0,139,0,0,870,0,130,0,0,857,0,143,0,0,867,0,133,0,0,865,1,134,0,0
99,targeted_heterosexual,0.5,861,1,138,0,0,864,0,136,0,0,865,1,134,0,0,866,1,133,0,0,869,0,131,0,0,866,0,134,0,0,864,0,136,0,0,873,0,127,0,0,858,0,142,0,0,853,0,147,0,0,867,0,133,0,0,866,0,134,0,0,871,0,129,0,0,860,1,139,0,0,871,0,129,0,0,857,0,143,0,0,872,0,128,0,0,869,0,131,0,0,865,0,135,0,0,864,0,136,0,0,864,1,135,0,0,868,0,132,0,0,869,0,131,0,0,864,1,135,0,0,871,0,129,0,0,859,1,140,0,0,867,0,133,0,0,863,1,136,0,0,867,0,133,0,0,863,0,137,0,0,868,0,132,0,0,859,0,141,0,0,864,0,136,0,0,869,0,131,0,0,869,0,131,0,0,875,0,125,0,0,870,0,130,0,0,868,1,131,0,0,865,1,134,0,0,870,0,130,0,0,864,0,136,0,0,870,0,130,0,0,862,0,138,0,0,866,0,134,0,0,873,0,127,0,0,861,0,139,0,0,870,0,130,0,0,857,0,143,0,0,867,0,133,0,0,865,1,134,0,0
100,targeted_heterosexual,0.5,861,0,139,0,0,864,0,136,0,0,865,0,135,0,0,866,1,133,0,0,869,0,131,0,0,866,0,134,0,0,864,0,136,0,0,873,0,127,0,0,858,0,142,0,0,853,0,147,0,0,867,0,133,0,0,866,0,134,0,0,871,0,129,0,0,860,1,139,0,0,871,0,129,0,0,857,0,143,0,0,872,0,128,0,0,869,0,131,0,0,865,0,135,0,0,864,0,136,0,0,864,1,135,0,0,868,0,132,0,0,869,0,131,0,0,864,1,135,0,0,871,0,129,0,0,859,1,140,0,0,867,0,133,0,0,863,1,136,0,0,867,0,133,0,0,863,0,137,0,0,868,0,132,0,0,859,0,141,0,0,864,0,136,0,0,869,0,131,0,0,869,0,131,0,0,875,0,125,0,0,870,0,130,0,0,868,1,131,0,0,865,1,134,0,0,870,0,130,0,0,864,0,136,0,0,870,0,130,0,0,862,0,138,0,0,866,0,134,0,0,872,1,127,0,0,861,0,139,0,0,870,0,130,0,0,857,0,143,0,0,867,0,133,0,0,865,1,134,0,0
101,targeted_heterosexual,0.5,861,0,139,0,0,864,0,136,0,0,865,0,135,0,0,866,1,133,0,0,869,0,131,0,0,866,0,134,0,0,864,0,136,0,0,873,0,127,0,0,858,0,142,0,0,853,0,147,0,0,867,0,133,0,0,866,0,134,0,0,871,0,129,0,0,860,1,139,0,0,871,0,129,0,0,857,0,143,0,0,872,0,128,0,0,869,0,131,0,0,865,0,135,0,0,864,0,136,0,0,864,1,135,0,0,868,0,132,0,0,869,0,131,0,0,864,1,135,0,0,871,0,129,0,0,859,1,140,0,0,867,0,133,0,0,863,1,136,0,0,867,0,133,0,0,863,0,137,0,0,868,0,132,0,0,859,0,141,0,0,864,0,136,0,0,869,0,131,0,0,869,0,131,0,0,875,0,125,0,0,870,0,130,0,0,868,0,132,0,0,865,1,134,0,0,870,0,130,0,0,864,0,136,0,0,870,0,130,0,0,862,0,138,0,0,866,0,134,0,0,872,1,127,0,0,861,0,139,0,0,870,0,130,0,0,857,0,143,0,0,867,0,133,0,0,865,1,134,0,0
102,targeted_heterosexual,0.5,861,0,139,0,0,864,0,136,0,0,865,0,135,0,0,866,1,133,0,0,869,0,131,0,0,866,0,134,0,0,864,0,136,0,0,873,0,127,0,0,858,0,142,0,0,853,0,147,0,0,867,0,133,0,0,866,0,134,0,0,871,0,129,0,0,860,1,139,0,0,871,0,129,0,0,857,0,143,0,0,872,0,128,0,0,869,0,131,0,0,865,0,135,0,0,864,0,136,0,0,864,1,135,0,0,868,0,132,0,0,869,0,131,0,0,864,1,135,0,0,871,0,129,0,0,859,1,140,0,0,867,0,133,0,0,863,0,137,0,0,867,0,133,0,0,863,0,137,0,0,868,0,132,0,0,859,0,141,0,0,864,0,136,0,0,869,0,131,0,0,869,0,131,0,0,875,0,125,0,0,870,0,130,0,0,868,0,132,0,0,865,1,134,0,0,870,0,130,0,0,864,0,136,0,0,870,0,130,0,0,862,0,138,0,0,866,0,134,0,0,872,1,127,0,0,861,0,139,0,0,870,0,130,0,0,857,0,143,0,0,867,0,133,0,0,865,0,135,0,0
103,targeted_heterosexual,0.5,861,0,139,0,0,864,0,136,0,0,865,0,135,0,0,866,1,133,0,0,869,0,131,0,0,866,0,134,0,0,864,0,136,0,0,873,0,127,0,0,858,0,142,0,0,853,0,147,0,0,867,0,133,0,0,866,0,134,0,0,871,0,129,0,0,859,2,139,0,0,870,1,129,0,0,857,0,143,0,0,871,1,128,0,0,869,0,131,0,0,865,0,135,0,0,864,0,136,0,0,864,1,135,0,0,868,0,132,0,0,869,0,131,0,0,864,0,136,0,0,871,0,129,0,0,859,1,140,0,0,867,0,133,0,0,863,0,137,0,0,867,0,133,0,0,863,0,137,0,0,868,0,132,0,0,859,0,141,0,0,864,0,136,0,0,869,0,131,0,0,869,0,131,0,0,875,0,125,0,0,870,0,130,0,0,868,0,132,0,0,865,1,134,0,0,870,0,130,0,0,864,0,136,0,0,870,0,130,0,0,862,0,138,0,0,866,0,134,0,0,872,1,127,0,0,861,0,139,0,0,870,0,130,0,0,857,0,143,0,0,867,0,133,0,0,865,0,135,0,0
104,targeted_heterosexual,0.5,861,0,139,0,0,864,0,136,0,0,865,0,135,0,0,866,1,133,0,0,869,0,131,0,0,866,0,134,0,0,864,0,136,0,0,873,0,127,0,0,858,0,142,0,0,853,0,147,0,0,867,0,133,0,0,866,0,134,0,0,871,0,129,0,0,859,2,139,0,0,869,2,129,0,0,857,0,143,0,0,870,2,128,0,0,869,0,131,0,0,865,0,135,0,0,864,0,136,0,0,864,0,136,0,0,868,0,132,0,0,869,0,131,0,0,864,0,136,0,0,871,0,129,0,0,859,1,140,0,0,867,0,133,0,0,863,0,137,0,0,867,0,133,0,0,863,0,137,0,0,868,0,132,0,0,858,1,141,0,0,864,0,136,0,0,869,0,131,0,0,869,0,131,0,0,875,0,125,0,0,870,0,130,0,0,868,0,132,0,0,865,1,134,0,0,870,0,130,0,0,864,0,136,0,0,870,0,130,0,0,862,0,138,0,0,866,0,134,0,0,872,1,127,0,0,861,0,139,0,0,870,0,130,0,0,857,0,143,0,0,867,0,133,0,0,865,0,135,0,0
105,targeted_heterosexual,0.5,861,0,139,0,0,864,0,136,0,0,865,0,135,0,0,866,1,133,0,0,869,0,131,0,0,865,1,134,0,0,864,0,136,0,0,873,0,127,0,0,858,0,142,0,0,853,0,147,0,0,867,0,133,0,0,866,0,134,0,0,871,0,129,0,0,859,2,139,0,0,869,2,129,0,0,857,0,143,0,0,870,2,128,0,0,869,0,131,0,0,865,0,135,0,0,864,0,136,0,0,864,0,136,0,0,868,0,132,0,0,869,0,131,0,0,864,0,136,0,0,871,0,129,0,0,859,1,140,0,0,867,0,133,0,0,863,0,137,0,0,867,0,133,0,0,863,0,137,0,0,868,0,132,0,0,858,1,141,0,0,864,0,136,0,0,869,0,131,0,0,869,0,131,0,0,875,0,125,0,0,870,0,130,0,0,868,0,132,0,0,865,1,134,0,0,870,0,130,0,0,864,0,136,0,0,870,0,130,0,0,862,0,138,0,0,866,0,134,0,0,872,1,127,0,0,861,0,139,0,0,870,0,130,0,0,857,0,143,0,0,867,0,133,0,0,865,0,135,0,0
106,targeted_heterosexual,0.5,861,0,139,0,0,864,0,136,0,0,865,0,135,0,0,866,1,133,0,0,869,0,131,0,0,865,1,134,0,0,864,0,136,0,0,873,0,127,0,0,858,0,142,0,0,853,0,147,0,0,867,0,133,0,0,866,0,134,0,0,871,0,129,0,0,859,2,139,0,0,869,2,129,0,0,857,0,143,0,0,870,2,128,0,0,869,0,131,0,0,865,0,135,0,0,864,0,136,0,0,864,0,136,0,0,868,0,132,0,0,869,0,131,0,0,864,0,136,0,0,871,0,129,0,0,858,2,140,0,0,867,0,133,0,0,863,0,137,0,0,867,0,133,0,0,863,0,137,0,0,868,0,132,0,0,858,1,141,0,0,864,0,136,0,0,869,0,131,0,0,869,0,131,0,0,875,0,125,0,0,870,0,130,0,0,868,0,132,0,0,865,1,134,0,0,870,0,130,0,0,864,0,136,0,0,870,0,130,0,0,862,0,138,0,0,866,0,134,0,0,872,1,127,0,0,861,0,139,0,0,870,0,130,0,0,857,0,143,0,0,867,0,133,0,0,865,0,135,0,0
107,targeted_heterosexual,0.5,861,0,139,0,0,864,0,136,0,0,865,0,135,0,0,866,1,133,0,0,869,0,131,0,0,865,1,134,0,0,864,0,136,0,0,873,0,127,0,0,858,0,142,0,0,853,0,147,0,0,867,0,133,0,0,866,0,134,0,0,871,0,129,0,0,859,2,139,0,0,869,2,129,0,0,857,0,143,0,0,870,2,128,0,0,869,0,131,0,0,865,0,135,0,0,864,0,136,0,0,864,0,136,0,0,868,0,132,0,0,869,0,131,0,0,864,0,136,0,0,871,0,129,0,0,858,2,140,0,0,867,0,133,0,0,863,0,137,0,0,867,0,133,0,0,863,0,137,0,0,868,0,132,0,0,857,2,141,0,0,864,0,136,0,0,869,0,131,0,0,869,0,131,0,0,875,0,125,0,0,870,0,130,0,0,868,0,132,0,0,865,1,134,0,0,870,0,130,0,0,864,0,136,0,0,870,0,130,0,0,862,0,138,0,0,866,0,134,0,0,872,1,127,0,0,861,0,139,0,0,870,0,130,0,0,857,0,143,0,0,867,0,133,0,0,865,0,135,0,0
108,targeted_heterosexual,0.5,861,0,139,0,0,864,0,136,0,0,865,0,135,0,0,866,0,134,0,0,869,0,131,0,0,865,1,134,0,0,864,0,136,0,0,873,0,127,0,0,858,0,142,0,0,853,0,147,0,0,867,0,133,0,0,866,0,134,0,0,871,0,129,0,0,859,2,139,0,0,868,3,129,0,0,857,0,143,0,0,870,2,128,0,0,869,0,131,0,0,865,0,135,0,0,864,0,136,0,0,864,0,136,0,0,868,0,132,0,0,869,0,131,0,0,864,0,136,0,0,871,0,129,0,0,858,2,140,0,0,867,0,133,0,0,863,0,137,0,0,867,0,133,0,0,863,0,137,0,0,868,0,132,0,0,857,2,141,0,0,864,0,136,0,0,869,0,131,0,0,869,0,131,0,0,875,0,125,0,0,870,0,130,0,0,868,0,132,0,0,865,1,134,0,0,870,0,130,0,0,864,0,136,0,0,870,0,130,0,0,862,0,138,0,0,866,0,134,0,0,872,1,127,0,0,861,0,139,0,0,870,0,130,0,0,857,0,143,0,0,867,0,133,0,0,865,0,135,0,0
109,targeted_heterosexual,0.5,861,0,139,0,0,864,0,136,0,0,865,0,135,0,0,866,0,134,0,0,869,0,131,0,0,865,1,134,0,0,863,1,136,0,0,873,0,127,0,0,858,0,142,0,0,853,0,147,0,0,867,0,133,0,0,866,0,134,0,0,871,0,129,0,0,859,2,139,0,0,868,3,129,0,0,857,0,143,0,0,870,2,128,0,0,869,0,131,0,0,865,0,135,0,0,864,0,136,0,0,864,0,136,0,0,868,0,132,0,0,869,0,131,0,0,864,0,136,0,0,871,0,129,0,0,858,2,140,0,0,867,0,133,0,0,863,0,137,0,0,867,0,133,0,0,863,0,137,0,0,868,0,132,0,0,857,2,141,0,0,864,0,136,0,0,869,0,131,0,0,869,0,131,0,0,875,0,125,0,0,870,0,130,0,0,868,0,132,0,0,865,0,135,0,0,870,0,130,0,0,863,1,136,0,0,870,0,130,0,0,862,0,138,0,0,866,0,134,0,0,872,1,127,0,0,861,0,139,0,0,870,0,130,0,0,857,0,143,0,0,867,0,133,0,0,865,0,135,0,0
110,targeted_heterosexual,0.5,861,0,139,0,0,864,0,136,0,0,865,0,135,0,0,866,0,134,0,0,869,0,131,0,0,865,1,134,0,0,863,1,136,0,0,873,0,127,0,0,858,0,142,0,0,853,0,147,0,0,867,0,133,0,0,866,0,134,0,0,871,0,129,0,0,859,2,139,0,0,867,4,129,0,0,857,0,143,0,0,870,2,128,0,0,869,0,131,0,0,865,0,135,0,0,864,0,136,0,0,864,0,136,0,0,868,0,132,0,0,869,0,131,0,0,864,0,136,0,0,871,0,129,0,0,858,1,141,0,0,867,0,133,0,0,863,0,137,0,0,867,0,133,0,0,863,0,137,0,0,868,0,132,0,0,857,2,141,0,0,864,0,136,0,0,869,0,131,0,0,869,0,131,0,0,875,0,125,0,0,870,0,130,0,0,868,0,132,0,0,865,0,135,0,0,870,0,130,0,0,863,1,136,0,0,870,0,130,0,0,862,0,138,0,0,866,0,134,0,0,872,1,127,0,0,861,0,139,0,0,870,0,130,0,0,857,0,143,0,0,867,0,133,0,0,865,0,135,0,0
111,targeted_heterosexual,0.5,861,0,139,0,0,864,0,136,0,0,865,0,135,0,0,866,0,134,0,0,869,0,131,0,0,865,1,134,0,0,863,1,136,0,0,873,0,127,0,0,858,0,142,0,0,853,0,147,0,0,867,0,133,0,0,866,0,134,0,0,871,0,129,0,0,859,2,139,0,0,867,4,129,0,0,857,0,143,0,0,869,3,128,0,0,869,0,131,0,0,865,0,135,0,0,864,0,136,0,0,864,0,136,0,0,868,0,132,0,0,869,0,131,0,0,864,0,136,0,0,871,0,129,0,0,858,1,141,0,0,867,0,133,0,0,863,0,137,0,0,867,0,133,0,0,863,0,137,0,0,868,0,132,0,0,857,2,141,0,0,864,0,136,0,0,869,0,131,0,0,869,0,131,0,0,875,0,125,0,0,870,0,130,0,0,868,0,132,0,0,865,0,135,0,0,870,0,130,0,0,863,1,136,0,0,870,0,130,0,0,862,0,138,0,0,866,0,134,0,0,872,1,127,0,0,861,0,139,0,0,870,0,130,0,0,857,0,143,0,0,867,0,133,0,0,865,0,135,0,0
112,targeted_heterosexual,0.5,861,0,139,0,0,864,0,136,0,0,865,0,135,0,0,866,0,134,0,0,869,0,131,0,0,865,1,134,0,0,863,1,136,0,0,873,0,127,0,0,858,0,142,0,0,853,0,147,0,0,867,0,133,0,0,866,0,134,0,0,871,0,129,0,0,859,1,140,0,0,867,4,129,0,0,857,0,143,0,0,869,3,128,0,0,869,0,131,0,0,865,0,135,0,0,864,0,136,0,0,864,0,136,0,0,868,0,132,0,0,869,0,131,0,0,864,0,136,0,0,871,0,129,0,0,858,1,141,0,0,867,0,133,0,0,863,0,137,0,0,867,0,133,0,0,863,0,137,0,0,868,0,132,0,0,857,2,141,0,0,863,1,136,0,0,869,0,131,0,0,869,0,131,0,0,875,0,125,0,0,870,0,130,0,0,868,0,132,0,0,865,0,135,0,0,870,0,130,0,0,863,1,136,0,0,870,0,130,0,0,862,0,138,0,0,866,0,134,0,0,872,1,127,0,0,861,0,139,0,0,870,0,130,0,0,857,0,143,0,0,867,0,133,0,0,865,0,135,0,0
113,targeted_heterosexual,0.5,861,0,139,0,0,864,0,136,0,0,865,0,135,0,0,866,0,134,0,0,869,0,131,0,0,865,1,134,0,0,863,1,136,0,0,873,0,127,0,0,858,0,142,0,0,853,0,147,0,0,867,0,133,0,0,866,0,134,0,0,871,0,129,0,0,859,1,140,0,0,867,4,129,0,0,857,0,143,0,0,869,3,128,0,0,869,0,131,0,0,865,0,135,0,0,864,0,136,0,0,864,0,136,0,0,868,0,132,0,0,869,0,131,0,0,864,0,136,0,0,871,0,129,0,0,858,1,141,0,0,867,0,133,0,0,863,0,137,0,0,867,0,133,0,0,863,0,137,0,0,868,0,132,0,0,857,2,141,0,0,863,1,136,0,0,869,0,131,0,0,869,0,131,0,0,875,0,125,0,0,870,0,130,0,0,868,0,132,0,0,865,0,135,0,0,870,0,130,0,0,863,1,136,0,0,870,0,130,0,0,862,0,138,0,0,866,0,134,0,0,872,0,128,0,0,861,0,139,0,0,870,0,130,0,0,857,0,143,0,0,867,0,133,0,0,865,0,135,0,0
114,targeted_heterosexual,0.5,861,0,139,0,0,864,0,136,0,0,865,0,135,0,0,866,0,134,0,0,869,0,131,0,0,865,1,134,0,0,863,1,136,0,0,873,0,127,0,0,858,0,142,0,0,853,0,147,0,0,867,0,133,0,0,866,0,134,0,0,871,0,129,0,0,859,1,140,0,0,867,4,129,0,0,857,0,143,0,0,869,3,128,0,0,869,0,131,0,0,865,0,135,0,0,864,0,136,0,0,864,0,136,0,0,868,0,132,0,0,869,0,131,0,0,864,0,136,0,0,871,0,129,0,0,858,1,141,0,0,867,0,133,0,0,863,0,137,0,0,867,0,133,0,0,863,0,137,0,0,868,0,132,0,0,857,2,141,0,0,863,1,136,0,0,869,0,131,0,0,869,0,131,0,0,875,0,125,0,0,870,0,130,0,0,868,0,132,0,0,865,0,135,0,0,870,0,130,0,0,863,1,136,0,0,870,0,130,0,0,862,0,138,0,0,866,0,134,0,0,872,0,128,0,0,861,0,139,0,0,870,0,130,0,0,857,0,143,0,0,867,0,133,0,0,865,0,135,0,0
115,targeted_heterosexual,0.5,861,0,139,0,0,864,0,136,0,0,865,0,135,0,0,866,0,134,0,0,869,0,131,0,0,865,1,134,0,0,863,1,136,0,0,873,0,127,0,0,858,0,142,0,0,853,0,147,0,0,867,0,133,0,0,866,0,134,0,0,871,0,129,0,0,859,1,140,0,0,867,4,129,0,0,857,0,143,0,0,869,3,128,0,0,868,1,131,0,0,865,0,135,0,0,864,0,136,0,0,864,0,136,0,0,868,0,132,0,0,869,0,131,0,0,864,0,136,0,0,871,0,129,0,0,858,1,141,0,0,867,0,133,0,0,863,0,137,0,0,867,0,133,0,0,863,0,137,0,0,868,0,132,0,0,857,2,141,0,0,863,1,136,0,0,869,0,131,0,0,869,0,131,0,0,875,0,125,0,0,870,0,130,0,0,868,0,132,0,0,865,0,135,0,0,870,0,130,0,0,863,1,136,0,0,870,0,130,0,0,862,0,138,0,0,866,0,134,0,0,872,0,128,0,0,861,0,139,0,0,870,0,130,0,0,857,0,143,0,0,867,0,133,0,0,865,0,135,0,0
116,targeted_heterosexual,0.5,861,0,139,0,0,864,0,136,0,0,865,0,135,0,0,866,0,134,0,0,869,0,131,0,0,865,1,134,0,0,863,1,136,0,0,873,0,127,0,0,858,0,142,0,0,853,0,147,0,0,867,0,133,0,0,866,0,134,0,0,871,0,129,0,0,859,0,141,0,0,867,3,130,0,0,857,0,143,0,0,869,2,129,0,0,868,1,131,0,0,865,0,135,0,0,864,0,136,0,0,864,0,136,0,0,868,0,132,0,0,869,0,131,0,0,864,0,136,0,0,871,0,129,0,0,857,2,141,0,0,867,0,133,0,0,863,0,137,0,0,867,0,133,0,0,863,0,137,0,0,868,0,132,0,0,857,2,141,0,0,863,1,136,0,0,869,0,131,0,0,869,0,131,0,0,875,0,125,0,0,870,0,130,0,0,868,0,132,0,0,865,0,135,0,0,870,0,130,0,0,863,1,136,0,0,870,0,130,0,0,862,0,138,0,0,866,0,134,0,0,872,0,128,0,0,861,0,139,0,0,870,0,130,0,0,857,0,143,0,0,867,0,133,0,0,865,0,135,0,0
117,targeted_heterosexual,0.5,861,0,139,0,0,864,0,136,0,0,865,0,135,0,0,866,0,134,0,0,869,0,131,0,0,865,1,134,0,0,863,1,136,0,0,873,0,127,0,0,858,0,142,0,0,853,0,147,0,0,867,0,133,0,0,866,0,134,0,0,871,0,129,0,0,859,0,141,0,0,867,2,131,0,0,857,0,143,0,0,869,1,130,0,0,868,1,131,0,0,865,0,135,0,0,864,0,136,0,0,864,0,136,0,0,868,0,132,0,0,869,0,131,0,0,864,0,136,0,0,871,0,129,0,0,857,2,141,0,0,867,0,133,0,0,863,0,137,0,0,867,0,133,0,0,863,0,137,0,0,868,0,132,0,0,857,1,142,0,0,863,1,136,0,0,869,0,131,0,0,869,0,131,0,0,875,0,125,0,0,870,0,130,0,0,868,0,132,0,0,865,0,135,0,0,870,0,130,0,0,863,1,136,0,0,870,0,130,0,0,862,0,138,0,0,866,0,134,0,0,872,0,128,0,0,861,0,139,0,0,870,0,130,0,0,857,0,143,0,0,867,0,133,0,0,865,0,135,0,0
118,targeted_heterosexual,0.5,861,0,139,0,0,863,1,136,0,0,865,0,135,0,0,866,0,134,0,0,869,0,131,0,0,865,0,135,0,0,863,1,136,0,0,873,0,127,0,0,858,0,142,0,0,853,0,147,0,0,867,0,133,0,0,866,0,134,0,0,871,0,129,0,0,859,0,141,0,0,867,2,131,0,0,857,0,143,0,0,869,1,130,0,0,868,1,131,0,0,865,0,135,0,0,864,0,136,0,0,864,0,136,0,0,868,0,132,0,0,869,0,131,0,0,864,0,136,0,0,871,0,129,0,0,857,2,141,0,0,867,0,133,0,0,863,0,137,0,0,867,0,133,0,0,863,0,137,0,0,868,0,132,0,0,857,1,142,0,0,863,1,136,0,0,869,0,131,0,0,869,0,131,0,0,875,0,125,0,0,870,0,130,0,0,868,0,132,0,0,865,0,135,0,0,870,0,130,0,0,863,1,136,0,0,870,0,130,0,0,862,0,138,0,0,866,0,134,0,0,872,0,128,0,0,861,0,139,0,0,870,0,130,0,0,857,0,143,0,0,867,0,133,0,0,865,0,135,0,0
119,targeted_heterosexual,0.5,861,0,139,0,0,863,1,136,0,0,865,0,135,0,0,866,0,134,0,0,869,0,131,0,0,865,0,135,0,0,863,1,136,0,0,873,0,127,0,0,858,0,142,0,0,853,0,147,0,0,867,0,133,0,0,866,0,134,0,0,871,0,129,0,0,859,0,141,0,0,867,2,131,0,0,857,0,143,0,0,869,1,130,0,0,868,1,131,0,0,865,0,135,0,0,864,0,136,0,0,864,0,136,0,0,868,0,132,0,0,869,0,131,0,0,864,0,136,0,0,871,0,129,0,0,857,1,142,0,0,867,0,133,0,0,863,0,137,0,0,867,0,133,0,0,863,0,137,0,0,868,0,132,0,0,857,1,142,0,0,863,1,136,0,0,869,0,131,0,0,869,0,131,0,0,875,0,125,0,0,870,0,130,0,0,868,0,132,0,0,865,0,135,0,0,870,0,130,0,0,863,1,136,0,0,870,0,130,0,0,862,0,138,0,0,866,0,134,0,0,872,0,128,0,0,861,0,139,0,0,870,0,130,0,0,857,0,143,0,0,867,0,133,0,0,865,0,135,0,0
120,targeted_heterosexual,0.5,861,0,139,0,0,863,1,136,0,0,865,0,135,0,0,866,0,134,0,0,869,0,131,0,0,865,0,135,0,0,863,1,136,0,0,873,0,127,0,0,858,0,142,0,0,853,0,147,0,0,867,0,133,0,0,866,0,134,0,0,871,0,129,0,0,859,0,141,0,0,867,2,131,0,0,857,0,143,0,0,869,1,130,0,0,868,1,131,0,0,865,0,135,0,0,864,0,136,0,0,864,0,136,0,0,868,0,132,0,0,869,0,131,0,0,864,0,136,0,0,871,0,129,0,0,857,1,142,0,0,867,0,133,0,0,863,0,137,0,0,867,0,133,0,0,863,0,137,0,0,868,0,132,0,0,857,0,143,0,0,863,1,136,0,0,869,0,131,0,0,869,0,131,0,0,875,0,125,0,0,870,0,130,0,0,868,0,132,0,0,865,0,135,0,0,870,0,130,0,0,863,1,136,0,0,870,0,130,0,0,862,0,138,0,0,866,0,134,0,0,872,0,128,0,0,861,0,139,0,0,870,0,130,0,0,857,0,143,0,0,867,0,133,0,0,865,0,135,0,0
121,targeted_heterosexual,0.5,861,0,139,0,0,863,1,136,0,0,865,0,135,0,0,866,0,134,0,0,869,0,131,0,0,865,0,135,0,0,863,1,136,0,0,873,0,127,0,0,858,0,142,0,0,853,0,147,0,0,867,0,133,0,0,866,0,134,0,0,871,0,129,0,0,858,1,141,0,0,867,1,132,0,0,857,0,143,0,0,869,1,130,0,0,868,1,131,0,0,865,0,135,0,0,864,0,136,0,0,864,0,136,0,0,868,0,132,0,0,869,0,131,0,0,864,0,136,0,0,871,0,129,0,0,857,1,142,0,0,867,0,133,0,0,863,0,137,0,0,867,0,133,0,0,863,0,137,0,0,868,0,132,0,0,857,0,143,0,0,863,1,136,0,0,869,0,131,0,0,869,0,131,0,0,875,0,125,0,0,870,0,130,0,0,868,0,132,0,0,865,0,135,0,0,870,0,130,0,0,863,1,136,0,0,870,0,130,0,0,862,0,138,0,0,866,0,134,0,0,872,0,128,0,0,861,0,139,0,0,870,0,130,0,0,857,0,143,0,0,867,0,133,0,0,865,0,135,0,0
122,targeted_heterosexual,0.5,861,0,139,0,0,863,1,136,0,0,865,0,135,0,0,866,0,134,0,0,869,0,131,0,0,865,0,135,0,0,863,0,137,0,0,873,0,127,0,0,858,0,142,0,0,853,0,147,0,0,867,0,133,0,0,866,0,134,0,0,871,0,129,0,0,858,1,141,0,0,867,1,132,0,0,857,0,143,0,0,869,1,130,0,0,868,1,131,0,0,865,0,135,0,0,864,0,136,0,0,864,0,136,0,0,868,0,132,0,0,869,0,131,0,0,864,0,136,0,0,871,0,129,0,0,857,1,142,0,0,867,0,133,0,0,863,0,137,0,0,867,0,133,0,0,863,0,137,0,0,868,0,132,0,0,857,0,143,0,0,863,1,136,0,0,869,0,131,0,0,869,0,131,0,0,875,0,125,0,0,870,0,130,0,0,868,0,132,0,0,865,0,135,0,0,870,0,130,0,0,863,0,137,0,0,870,0,130,0,0,862,0,138,0,0,866,0,134,0,0,872,0,128,0,0,861,0,139,0,0,870,0,130,0,0,857,0,143,0,0,867,0,133,0,0,865,0,135,0,0
123,targeted_heterosexual,0.5,861,0,139,0,0,863,1,136,0,0,865,0,135,0,0,866,0,134,0,0,869,0,131,0,0,865,0,135,0,0,863,0,137,0,0,873,0,127,0,0,858,0,142,0,0,853,0,147,0,0,867,0,133,0,0,866,0,134,0,0,871,0,129,0,0,858,1,141,0,0,867,0,133,0,0,857,0,143,0,0,869,1,130,0,0,868,1,131,0,0,865,0,135,0,0,864,0,136,0,0,864,0,136,0,0,868,0,132,0,0,869,0,131,0,0,864,0,136,0,0,871,0,129,0,0,857,1,142,0,0,867,0,133,0,0,863,0,137,0,0,867,0,133,0,0,863,0,137,0,0,868,0,132,0,0,857,0,143,0,0,863,1,136,0,0,869,0,131,0,0,869,0,131,0,0,875,0,125,0,0,870,0,130,0,0,868,0,132,0,0,865,0,135,0,0,870,0,130,0,0,863,0,137,0,0,870,0,130,0,0,862,0,138,0,0,866,0,134,0,0,872,0,128,0,0,861,0,139,0,0,870,0,130,0,0,857,0,143,0,0,867,0,133,0,0,865,0,135,0,0
124,targeted_heterosexual,0.5,861,0,139,0,0,863,1,136,0,0,865,0,135,0,0,866,0,134,0,0,869,0,131,0,0,865,0,135,0,0,863,0,137,0,0,873,0,127,0,0,858,0,142,0,0,853,0,147,0,0,867,0,133,0,0,866,0,134,0,0,871,0,129,0,0,858,1,141,0,0,867,0,133,0,0,857,0,143,0,0,869,0,131,0,0,868,1,131,0,0,865,0,135,0,0,864,0,136,0,0,864,0,136,0,0,868,0,132,0,0,869,0,131,0,0,864,0,136,0,0,871,0,129,0,0,857,1,142,0,0,867,0,133,0,0,863,0,137,0,0,867,0,133,0,0,863,0,137,0,0,868,0,132,0,0,857,0,143,0,0,863,1,136,0,0,869,0,131,0,0,869,0,131,0,0,875,0,125,0,0,870,0,130,0,0,868,0,132,0,0,864,1,135,0,0,870,0,130,0,0,863,0,137,0,0,870,0,130,0,0,862,0,138,0,0,866,0,134,0,0,872,0,128,0,0,861,0,139,0,0,870,0,130,0,0,857,0,143,0,0,867,0,133,0,0,865,0,135,0,0
125,targeted_heterosexual,0.5,861,0,139,0,0,863,1,136,0,0,865,0,135,0,0,866,0,134,0,0,869,0,131,0,0,865,0,135,0,0,863,0,137,0,0,873,0,127,0,0,858,0,142,0,0,853,0,147,0,0,867,0,133,0,0,866,0,134,0,0,871,0,129,0,0,858,1,141,0,0,867,0,133,0,0,857,0,143,0,0,869,0,131,0,0,868,1,131,0,0,865,0,135,0,0,864,0,136,0,0,864,0,136,0,0,868,0,132,0,0,869,0,131,0,0,864,0,136,0,0,871,0,129,0,0,857,1,142,0,0,867,0,133,0,0,863,0,137,0,0,867,0,133,0,0,863,0,137,0,0,868,0,132,0,0,857,0,143,0,0,863,0,137,0,0,869,0,131,0,0,869,0,131,0,0,875,0,125,0,0,870,0,130,0,0,868,0,132,0,0,864,1,135,0,0,870,0,130,0,0,863,0,137,0,0,870,0,130,0,0,862,0,138,0,0,865,1,134,0,0,872,0,128,0,0,861,0,139,0,0,870,0,130,0,0,857,0,143,0,0,867,0,133,0,0,865,0,135,0,0
126,targeted_heterosexual,0.5,861,0,139,0,0,863,1,136,0,0,865,0,135,0,0,866,0,134,0,0,869,0,131,0,0,865,0,135,0,0,863,0,137,0,0,873,0,127,0,0,858,0,142,0,0,853,0,147,0,0,867,0,133,0,0,866,0,134,0,0,871,0,129,0,0,858,1,141,0,0,867,0,133,0,0,857,0,143,0,0,869,0,131,0,0,868,1,131,0,0,865,0,135,0,0,864,0,136,0,0,864,0,136,0,0,868,0,132,0,0,869,0,131,0,0,864,0,136,0,0,871,0,129,0,0,857,1,142,0,0,867,0,133,0,0,863,0,137,0,0,867,0,133,0,0,863,0,137,0,0,868,0,132,0,0,857,0,143,0,0,863,0,137,0,0,869,0,131,0,0,869,0,131,0,0,875,0,125,0,0,870,0,130,0,0,868,0,132,0,0,864,1,135,0,0,870,0,130,0,0,863,0,137,0,0,870,0,130,0,0,862,0,138,0,0,865,1,134,0,0,872,0,128,0,0,861,0,139,0,0,870,0,130,0,0,857,0,143,0,0,867,0,133,0,0,865,0,135,0,0
127,targeted_heterosexual,0.5,861,0,139,0,0,863,1,136,0,0,865,0,135,0,0,866,0,134,0,0,869,0,131,0,0,865,0,135,0,0,863,0,137,0,0,873,0,127,0,0,858,0,142,0,0,853,0,147,0,0,867,0,133,0,0,866,0,134,0,0,871,0,129,0,0,858,1,141,0,0,867,0,133,0,0,857,0,143,0,0,869,0,131,0,0,868,1,131,0,0,865,0,135,0,0,864,0,136,0,0,864,0,136,0,0,868,0,132,0,0,869,0,131,0,0,864,0,136,0,0,871,0,129,0,0,857,1,142,0,0,867,0,133,0,0,863,0,137,0,0,867,0,133,0,0,863,0,137,0,0,868,0,132,0,0,857,0,143,0,0,863,0,137,0,0,869,0,131,0,0,869,0,131,0,0,875,0,125,0,0,870,0,130,0,0,868,0,132,0,0,864,1,135,0,0,869,1,130,0,0,863,0,137,0,0,870,0,130,0,0,862,0,138,0,0,865,1,134,0,0,872,0,128,0,0,861,0,139,0,0,870,0,130,0,0,857,0,143,0,0,867,0,133,0,0,865,0,135,0,0
128,targeted_heterosexual,0.5,861,0,139,0,0,863,1,136,0,0,865,0,135,0,0,866,0,134,0,0,869,0,131,0,0,865,0,135,0,0,863,0,137,0,0,873,0,127,0,0,858,0,142,0,0,853,0,147,0,0,867,0,133,0,0,866,0,134,0,0,871,0,129,0,0,858,1,141,0,0,867,0,133,0,0,857,0,143,0,0,869,0,131,0,0,868,0,132,0,0,865,0,135,0,0,864,0,136,0,0,864,0,136,0,0,868,0,132,0,0,869,0,131,0,0,864,0,136,0,0,871,0,129,0,0,857,1,142,0,0,867,0,133,0,0,862,1,137,0,0,867,0,133,0,0,863,0,137,0,0,868,0,132,0,0,857,0,143,0,0,863,0,137,0,0,869,0,131,0,0,869,0,131,0,0,875,0,125,0,0,870,0,130,0,0,868,0,132,0,0,864,1,135,0,0,869,1,130,0,0,863,0,137,0,0,870,0,130,0,0,862,0,138,0,0,865,1,134,0,0,872,0,128,0,0,861,0,139,0,0,870,0,130,0,0,857,0,143,0,0,867,0,133,0,0,865,0,135,0,0
129,targeted_heterosexual,0.5,861,0,139,0,0,863,1,136,0,0,865,0,135,0,0,866,0,134,0,0,869,0,131,0,0,865,0,135,0,0,863,0,137,0,0,873,0,127,0,0,857,1,142,0,0,853,0,147,0,0,867,0,133,0,0,866,0,134,0,0,871,0,129,0,0,858,1,141,0,0,867,0,133,0,0,857,0,143,0,0,869,0,131,0,0,868,0,132,0,0,865,0,135,0,0,864,0,136,0,0,864,0,136,0,0,868,0,132,0,0,869,0,131,0,0,864,0,136,0,0,871,0,129,0,0,857,0,143,0,0,867,0,133,0,0,862,1,137,0,0,867,0,133,0,0,863,0,137,0,0,868,0,132,0,0,857,0,143,0,0,863,0,137,0,0,869,0,131,0,0,869,0,131,0,0,875,0,125,0,0,870,0,130,0,0,868,0,132,0,0,864,1,135,0,0,869,1,130,0,0,863,0,137,0,0,870,0,130,0,0,862,0,138,0,0,865,1,134,0,0,872,0,128,0,0,861,0,139,0,0,870,0,130,0,0,857,0,143,0,0,867,0,133,0,0,865,0,135,0,0
130,targeted_heterosexual,0.5,861,0,139,0,0,863,1,136,0,0,865,0,135,0,0,866,0,134,0,0,869,0,131,0,0,865,0,135,0,0,863,0,137,0,0,873,0,127,0,0,857,1,142,0,0,853,0,147,0,0,867,0,133,0,0,866,0,134,0,0,871,0,129,0,0,858,1,141,0,0,867,0,133,0,0,857,0,143,0,0,869,0,131,0,0,868,0,132,0,0,865,0,135,0,0,864,0,136,0,0,864,0,136,0,0,868,0,132,0,0,869,0,131,0,0,864,0,136,0,0,871,0,129,0,0,857,0,143,0,0,867,0,133,0,0,862,1,137,0,0,867,0,133,0,0,863,0,137,0,0,868,0,132,0,0,857,0,143,0,0,863,0,137,0,0,869,0,131,0,0,869,0,131,0,0,875,0,125,0,0,870,0,130,0,0,868,0,132,0,0,864,1,135,0,0,869,1,130,0,0,863,0,137,0,0,870,0,130,0,0,862,0,138,0,0,865,1,134,0,0,872,0,128,0,0,860,1,139,0,0,870,0,130,0,0,857,0,143,0,0,867,0,133,0,0,865,0,135,0,0
131,targeted_heterosexual,0.5,861,0,139,0,0,863,0,137,0,0,865,0,135,0,0,866,0,134,0,0,869,0,131,0,0,865,0,135,0,0,863,0,137,0,0,873,0,127,0,0,857,1,142,0,0,853,0,147,0,0,867,0,133,0,0,866,0,134,0,0,871,0,129,0,0,858,1,141,0,0,867,0,133,0,0,857,0,143,0,0,869,0,131,0,0,868,0,132,0,0,865,0,135,0,0,864,0,136,0,0,864,0,136,0,0,868,0,132,0,0,869,0,131,0,0,864,0,136,0,0,871,0,129,0,0,857,0,143,0,0,867,0,133,0,0,862,1,137,0,0,867,0,133,0,0,862,1,137,0,0,868,0,132,0,0,857,0,143,0,0,863,0,137,0,0,869,0,131,0,0,869,0,131,0,0,875,0,125,0,0,870,0,130,0,0,868,0,132,0,0,864,1,135,0,0,869,1,130,0,0,863,0,137,0,0,870,0,130,0,0,862,0,138,0,0,865,1,134,0,0,872,0,128,0,0,860,1,139,0,0,870,0,130,0,0,857,0,143,0,0,867,0,133,0,0,865,0,135,0,0
132,targeted_heterosexual,0.5,861,0,139,0,0,863,0,137,0,0,865,0,135,0,0,866,0,134,0,0,869,0,131,0,0,865,0,135,0,0,863,0,137,0,0,873,0,127,0,0,857,1,142,0,0,853,0,147,0,0,867,0,133,0,0,866,0,134,0,0,870,1,129,0,0,858,1,141,0,0,867,0,133,0,0,857,0,143,0,0,869,0,131,0,0,868,0,132,0,0,865,0,135,0,0,864,0,136,0,0,864,0,136,0,0,868,0,132,0,0,869,0,131,0,0,864,0,136,0,0,871,0,129,0,0,857,0,143,0,0,867,0,133,0,0,862,1,137,0,0,867,0,133,0,0,862,1,137,0,0,868,0,132,0,0,857,0,143,0,0,863,0,137,0,0,869,0,131,0,0,869,0,131,0,0,875,0,125,0,0,870,0,130,0,0,868,0,132,0,0,864,1,135,0,0,869,1,130,0,0,863,0,137,0,0,870,0,130,0,0,862,0,138,0,0,865,1,134,0,0,872,0,128,0,0,860,1,139,0,0,870,0,130,0,0,857,0,143,0,0,867,0,133,0,0,865,0,135,0,0
133,targeted_heterosexual,0.5,861,0,139,0,0,863,0,137,0,0,865,0,135,0,0,866,0,134,0,0,869,0,131,0,0,865,0,135,0,0,863,0,137,0,0,873,0,127,0,0,857,1,142,0,0,853,0,147,0,0,867,0,133,0,0,866,0,134,0,0,870,1,129,0,0,858,1,141,0,0,867,0,133,0,0,857,0,143,0,0,869,0,131,0,0,868,0,132,0,0,865,0,135,0,0,864,0,136,0,0,864,0,136,0,0,868,0,132,0,0,869,0,131,0,0,864,0,136,0,0,871,0,129,0,0,857,0,143,0,0,867,0,133,0,0,862,1,137,0,0,867,0,133,0,0,862,1,137,0,0,868,0,132,0,0,857,0,143,0,0,863,0,137,0,0,869,0,131,0,0,869,0,131,0,0,875,0,125,0,0,870,0,130,0,0,868,0,132,0,0,864,1,135,0,0,869,1,130,0,0,863,0,137,0,0,870,0,130,0,0,862,0,138,0,0,865,1,134,0,0,872,0,128,0,0,860,1,139,0,0,870,0,130,0,0,857,0,143,0,0,867,0,133,0,0,865,0,135,0,0
134,targeted_heterosexual,0.5,861,0,139,0,0,863,0,137,0,0,865,0,135,0,0,866,0,134,0,0,869,0,131,0,0,865,0,135,0,0,863,0,137,0,0,873,0,127,0,0,857,1,142,0,0,853,0,147,0,0,867,0,133,0,0,866,0,134,0,0,870,1,129,0,0,858,0,142,0,0,867,0,133,0,0,857,0,143,0,0,869,0,131,0,0,868,0,132,0,0,865,0,135,0,0,864,0,136,0,0,864,0,136,0,0,868,0,132,0,0,869,0,131,0,0,864,0,136,0,0,871,0,129,0,0,857,0,143,0,0,867,0,133,0,0,862,1,137,0,0,867,0,133,0,0,862,1,137,0,0,868,0,132,0,0,857,0,143,0,0,863,0,137,0,0,869,0,131,0,0,869,0,131,0,0,875,0,125,0,0,870,0,130,0,0,868,0,132,0,0,864,1,135,0,0,869,1,130,0,0,863,0,137,0,0,870,0,130,0,0,862,0,138,0,0,865,1,134,0,0,872,0,128,0,0,860,1,139,0,0,870,0,130,0,0,857,0,143,0,0,867,0,133,0,0,865,0,135,0,0
135,targeted_heterosexual,0.5,861,0,139,0,0,863,0,137,0,0,865,0,135,0,0,866,0,134,0,0,869,0,131,0,0,865,0,135,0,0,863,0,137,0,0,873,0,127,0,0,857,1,142,0,0,853,0,147,0,0,867,0,133,0,0,866,0,134,0,0,870,1,129,0,0,858,0,142,0,0,867,0,133,0,0,857,0,143,0,0,869,0,131,0,0,868,0,132,0,0,864,1,135,0,0,864,0,136,0,0,864,0,136,0,0,868,0,132,0,0,869,0,131,0,0,864,0,136,0,0,871,0,129,0,0,857,0,143,0,0,867,0,133,0,0,862,1,137,0,0,867,0,133,0,0,862,1,137,0,0,868,0,132,0,0,857,0,143,0,0,863,0,137,0,0,869,0,131,0,0,869,0,131,0,0,875,0,125,0,0,870,0,130,0,0,868,0,132,0,0,864,1,135,0,0,869,1,130,0,0,863,0,137,0,0,870,0,130,0,0,862,0,138,0,0,865,1,134,0,0,872,0,128,0,0,860,1,139,0,0,870,0,130,0,0,857,0,143,0,0,867,0,133,0,0,865,0,135,0,0
136,targeted_heterosexual,0.5,861,0,139,0,0,863,0,137,0,0,865,0,135,0,0,866,0,134,0,0,869,0,131,0,0,865,0,135,0,0,863,0,137,0,0,873,0,127,0,0,857,1,142,0,0,853,0,147,0,0,867,0,133,0,0,866,0,134,0,0,870,1,129,0,0,858,0,142,0,0,867,0,133,0,0,857,0,143,0,0,869,0,131,0,0,868,0,132,0,0,864,1,135,0,0,864,0,136,0,0,864,0,136,0,0,868,0,132,0,0,869,0,131,0,0,864,0,136,0,0,871,0,129,0,0,857,0,143,0,0,867,0,133,0,0,862,1,137,0,0,867,0,133,0,0,862,1,137,0,0,868,0,132,0,0,857,0,143,0,0,863,0,137,0,0,869,0,131,0,0,869,0,131,0,0,875,0,125,0,0,870,0,130,0,0,868,0,132,0,0,864,1,135,0,0,869,1,130,0,0,863,0,137,0,0,870,0,130,0,0,862,0,138,0,0,865,1,134,0,0,872,0,128,0,0,860,1,139,0,0,870,0,130,0,0,857,0,143,0,0,867,0,133,0,0,865,0,135,0,0
137,targeted_heterosexual,0.5,861,0,139,0,0,863,0,137,0,0,865,0,135,0,0,866,0,134,0,0,869,0,131,0,0,865,0,135,0,0,863,0,137,0,0,873,0,127,0,0,857,1,142,0,0,853,0,147,0,0,867,0,133,0,0,866,0,134,0,0,870,1,129,0,0,858,0,142,0,0,866,1,133,0,0,857,0,143,0,0,869,0,131,0,0,868,0,132,0,0,864,1,135,0,0,864,0,136,0,0,864,0,136,0,0,868,0,132,0,0,869,0,131,0,0,864,0,136,0,0,871,0,129,0,0,857,0,143,0,0,867,0,133,0,0,862,1,137,0,0,867,0,133,0,0,862,1,137,0,0,868,0,132,0,0,857,0,143,0,0,863,0,137,0,0,869,0,131,0,0,869,0,131,0,0,875,0,125,0,0,870,0,130,0,0,868,0,132,0,0,864,0,136,0,0,869,1,130,0,0,863,0,137,0,0,870,0,130,0,0,862,0,138,0,0,865,1,134,0,0,872,0,128,0,0,860,1,139,0,0,870,0,130,0,0,857,0,143,0,0,867,0,133,0,0,865,0,135,0,0
138,targeted_heterosexual,0.5,861,0,139,0,0,863,0,137,0,0,865,0,135,0,0,866,0,134,0,0,869,0,131,0,0,865,0,135,0,0,863,0,137,0,0,873,0,127,0,0,857,1,142,0,0,853,0,147,0,0,867,0,133,0,0,866,0,134,0,0,870,1,129,0,0,858,0,142,0,0,866,1,133,0,0,857,0,143,0,0,869,0,131,0,0,868,0,132,0,0,864,1,135,0,0,864,0,136,0,0,864,0,136,0,0,868,0,132,0,0,869,0,131,0,0,864,0,136,0,0,871,0,129,0,0,857,0,143,0,0,867,0,133,0,0,862,1,137,0,0,867,0,133,0,0,862,1,137,0,0,868,0,132,0,0,857,0,143,0,0,863,0,137,0,0,869,0,131,0,0,869,0,131,0,0,875,0,125,0,0,870,0,130,0,0,868,0,132,0,0,864,0,136,0,0,869,1,130,0,0,863,0,137,0,0,870,0,130,0,0,862,0,138,0,0,865,0,135,0,0,872,0,128,0,0,860,1,139,0,0,870,0,130,0,0,857,0,143,0,0,867,0,133,0,0,865,0,135,0,0
139,targeted_heterosexual,0.5,861,0,139,0,0,863,0,137,0,0,865,0,135,0,0,866,0,134,0,0,869,0,131,0,0,865,0,135,0,0,863,0,137,0,0,873,0,127,0,0,857,1,142,0,0,853,0,147,0,0,867,0,133,0,0,866,0,134,0,0,870,1,129,0,0,858,0,142,0,0,866,1,133,0,0,857,0,143,0,0,869,0,131,0,0,868,0,132,0,0,864,1,135,0,0,864,0,136,0,0,864,0,136,0,0,868,0,132,0,0,869,0,131,0,0,864,0,136,0,0,871,0,129,0,0,857,0,143,0,0,867,0,133,0,0,862,1,137,0,0,867,0,133,0,0,862,1,137,0,0,868,0,132,0,0,857,0,143,0,0,863,0,137,0,0,869,0,131,0,0,869,0,131,0,0,875,0,125,0,0,870,0,130,0,0,868,0,132,0,0,864,0,136,0,0,869,1,130,0,0,863,0,137,0,0,870,0,130,0,0,862,0,138,0,0,865,0,135,0,0,872,0,128,0,0,860,1,139,0,0,870,0,130,0,0,857,0,143,0,0,867,0,133,0,0,865,0,135,0,0
140,targeted_heterosexual,0.5,861,0,139,0,0,863,0,137,0,0,865,0,135,0,0,866,0,134,0,0,869,0,131,0,0,865,0,135,0,0,863,0,137,0,0,873,0,127,0,0,857,1,142,0,0,853,0,147,0,0,867,0,133,0,0,866,0,134,0,0,870,1,129,0,0,858,0,142,0,0,866,1,133,0,0,857,0,143,0,0,869,0,131,0,0,868,0,132,0,0,864,1,135,0,0,864,0,136,0,0,864,0,136,0,0,868,0,132,0,0,869,0,131,0,0,864,0,136,0,0,871,0,129,0,0,857,0,143,0,0,867,0,133,0,0,862,1,137,0,0,867,0,133,0,0,862,1,137,0,0,868,0,132,0,0,857,0,143,0,0,863,0,137,0,0,869,0,131,0,0,869,0,131,0,0,875,0,125,0,0,870,0,130,0,0,868,0,132,0,0,864,0,136,0,0,869,0,131,0,0,863,0,137,0,0,870,0,130,0,0,862,0,138,0,0,865,0,135,0,0,872,0,128,0,0,860,1,139,0,0,870,0,130,0,0,857,0,143,0,0,867,0,133,0,0,865,0,135,0,0
141,targeted_heterosexual,0.5,861,0,139,0,0,863,0,137,0,0,865,0,135,0,0,866,0,134,0,0,869,0,131,0,0,865,0,135,0,0,863,0,137,0,0,873,0,127,0,0,857,1,142,0,0,853,0,147,0,0,867,0,133,0,0,866,0,134,0,0,870,1,129,0,0,858,0,142,0,0,866,1,133,0,0,857,0,143,0,0,869,0,131,0,0,868,0,132,0,0,864,1,135,0,0,864,0,136,0,0,864,0,136,0,0,868,0,132,0,0,869,0,131,0,0,864,0,136,0,0,871,0,129,0,0,857,0,143,0,0,867,0,133,0,0,862,0,138,0,0,867,0,133,0,0,862,1,137,0,0,868,0,132,0,0,857,0,143,0,0,863,0,137,0,0,869,0,131,0,0,869,0,131,0,0,875,0,125,0,0,870,0,130,0,0,868,0,132,0,0,864,0,136,0,0,869,0,131,0,0,863,0,137,0,0,870,0,130,0,0,862,0,138,0,0,865,0,135,0,0,872,0,128,0,0,860,1,139,0,0,870,0,130,0,0,857,0,143,0,0,867,0,133,0,0,865,0,135,0,0
142,targeted_heterosexual,0.5,861,0,139,0,0,863,0,137,0,0,865,0,135,0,0,866,0,134,0,0,869,0,131,0,0,865,0,135,0,0,863,0,137,0,0,873,0,127,0,0,857,0,143,0,0,853,0,147,0,0,867,0,133,0,0,866,0,134,0,0,870,1,129,0,0,858,0,142,0,0,866,1,133,0,0,857,0,143,0,0,869,0,131,0,0,868,0,132,0,0,864,1,135,0,0,864,0,136,0,0,864,0,136,0,0,868,0,132,0,0,869,0,131,0,0,864,0,136,0,0,871,0,129,0,0,857,0,143,0,0,867,0,133,0,0,862,0,138,0,0,867,0,133,0,0,862,1,137,0,0,868,0,132,0,0,857,0,143,0,0,863,0,137,0,0,869,0,131,0,0,869,0,131,0,0,875,0,125,0,0,870,0,130,0,0,868,0,132,0,0,864,0,136,0,0,869,0,131,0,0,863,0,137,0,0,870,0,130,0,0,862,0,138,0,0,865,0,135,0,0,872,0,128,0,0,860,1,139,0,0,870,0,130,0,0,857,0,143,0,0,867,0,133,0,0,865,0,135,0,0
143,targeted_heterosexual,0.5,861,0,139,0,0,863,0,137,0,0,865,0,135,0,0,866,0,134,0,0,869,0,131,0,0,865,0,135,0,0,863,0,137,0,0,873,0,127,0,0,857,0,143,0,0,853,0,147,0,0,867,0,133,0,0,866,0,134,0,0,870,1,129,0,0,858,0,142,0,0,866,1,133,0,0,857,0,143,0,0,869,0,131,0,0,868,0,132,0,0,864,1,135,0,0,864,0,136,0,0,864,0,136,0,0,868,0,132,0,0,869,0,131,0,0,864,0,136,0,0,871,0,129,0,0,857,0,143,0,0,867,0,133,0,0,862,0,138,0,0,867,0,133,0,0,862,1,137,0,0,868,0,132,0,0,857,0,143,0,0,863,0,137,0,0,869,0,131,0,0,869,0,131,0,0,875,0,125,0,0,870,0,130,0,0,868,0,132,0,0,864,0,136,0,0,869,0,131,0,0,863,0,137,0,0,870,0,130,0,0,862,0,138,0,0,865,0,135,0,0,872,0,128,0,0,860,0,140,0,0,870,0,130,0,0,857,0,143,0,0,867,0,133,0,0,865,0,135,0,0
144,targeted_heterosexual,0.5,861,0,139,0,0,863,0,137,0,0,865,0,135,0,0,866,0,134,0,0,869,0,131,0,0,865,0,135,0,0,863,0,137,0,0,873,0,127,0,0,857,0,143,0,0,853,0,147,0,0,867,0,133,0,0,866,0,134,0,0,870,1,129,0,0,858,0,142,0,0,866,1,133,0,0,857,0,143,0,0,869,0,131,0,0,868,0,132,0,0,864,1,135,0,0,864,0,136,0,0,864,0,136,0,0,868,0,132,0,0,869,0,131,0,0,864,0,136,0,0,871,0,129,0,0,857,0,143,0,0,866,1,133,0,0,862,0,138,0,0,867,0,133,0,0,861,1,138,0,0,868,0,132,0,0,857,0,143,0,0,863,0,137,0,0,869,0,131,0,0,869,0,131,0,0,875,0,125,0,0,870,0,130,0,0,867,1,132,0,0,864,0,136,0,0,869,0,131,0,0,863,0,137,0,0,870,0,130,0,0,862,0,138,0,0,865,0,135,0,0,872,0,128,0,0,860,0,140,0,0,870,0,130,0,0,857,0,143,0,0,867,0,133,0,0,865,0,135,0,0
145,targeted_heterosexual,0.5,861,0,139,0,0,863,0,137,0,0,865,0,135,0,0,866,0,134,0,0,869,0,131,0,0,865,0,135,0,0,863,0,137,0,0,873,0,127,0,0,857,0,143,0,0,853,0,147,0,0,867,0,133,0,0,866,0,134,0,0,870,0,130,0,0,858,0,142,0,0,866,1,133,0,0,857,0,143,0,0,869,0,131,0,0,868,0,132,0,0,864,1,135,0,0,864,0,136,0,0,864,0,136,0,0,868,0,132,0,0,869,0,131,0,0,864,0,136,0,0,871,0,129,0,0,857,0,143,0,0,866,1,133,0,0,862,0,138,0,0,867,0,133,0,0,861,1,138,0,0,868,0,132,0,0,857,0,143,0,0,863,0,137,0,0,869,0,131,0,0,869,0,131,0,0,875,0,125,0,0,870,0,130,0,0,867,1,132,0,0,864,0,136,0,0,869,0,131,0,0,863,0,137,0,0,870,0,130,0,0,862,0,138,0,0,865,0,135,0,0,872,0,128,0,0,860,0,140,0,0,870,0,130,0,0,857,0,143,0,0,867,0,133,0,0,865,0,135,0,0
146,targeted_heterosexual,0.5,861,0,139,0,0,863,0,137,0,0,865,0,135,0,0,866,0,134,0,0,869,0,131,0,0,865,0,135,0,0,863,0,137,0,0,873,0,127,0,0,857,0,143,0,0,853,0,147,0,0,867,0,133,0,0,866,0,134,0,0,870,0,130,0,0,858,0,142,0,0,866,1,133,0,0,857,0,143,0,0,869,0,131,0,0,868,0,132,0,0,864,1,135,0,0,864,0,136,0,0,864,0,136,0,0,868,0,132,0,0,869,0,131,0,0,864,0,136,0,0,871,0,129,0,0,857,0,143,0,0,866,1,133,0,0,862,0,138,0,0,867,0,133,0,0,861,1,138,0,0,868,0,132,0,0,857,0,143,0,0,863,0,137,0,0,869,0,131,0,0,869,0,131,0,0,875,0,125,0,0,870,0,130,0,0,867,1,132,0,0,863,1,136,0,0,869,0,131,0,0,863,0,137,0,0,870,0,130,0,0,862,0,138,0,0,865,0,135,0,0,872,0,128,0,0,860,0,140,0,0,870,0,130,0,0,857,0,143,0,0,867,0,133,0,0,865,0,135,0,0
147,targeted_heterosexual,0.5,861,0,139,0,0,863,0,137,0,0,865,0,135,0,0,866,0,134,0,0,869,0,131,0,0,865,0,135,0,0,863,0,137,0,0,873,0,127,0,0,857,0,143,0,0,853,0,147,0,0,867,0,133,0,0,866,0,134,0,0,870,0,130,0,0,858,0,142,0,0,866,1,133,0,0,857,0,143,0,0,869,0,131,0,0,868,0,132,0,0,864,1,135,0,0,864,0,136,0,0,864,0,136,0,0,868,0,132,0,0,869,0,131,0,0,864,0,136,0,0,871,0,129,0,0,857,0,143,0,0,866,1,133,0,0,862,0,138,0,0,867,0,133,0,0,861,1,138,0,0,868,0,132,0,0,857,0,143,0,0,863,0,137,0,0,869,0,131,0,0,869,0,131,0,0,875,0,125,0,0,870,0,130,0,0,867,1,132,0,0,863,1,136,0,0,869,0,131,0,0,863,0,137,0,0,870,0,130,0,0,862,0,138,0,0,865,0,135,0,0,872,0,128,0,0,860,0,140,0,0,870,0,130,0,0,857,0,143,0,0,867,0,133,0,0,865,0,135,0,0
148,targeted_heterosexual,0.5,861,0,139,0,0,863,0,137,0,0,865,0,135,0,0,866,0,134,0,0,869,0,131,0,0,865,0,135,0,0,863,0,137,0,0,873,0,127,0,0,857,0,143,0,0,853,0,147,0,0,867,0,133,0,0,866,0,134,0,0,870,0,130,0,0,858,0,142,0,0,866,1,133,0,0,857,0,143,0,0,869,0,131,0,0,868,0,132,0,0,864,0,136,0,0,863,1,136,0,0,864,0,136,0,0,868,0,132,0,0,869,0,131,0,0,864,0,136,0,0,871,0,129,0,0,857,0,143,0,0,866,1,133,0,0,861,1,138,0,0,866,1,133,0,0,861,1,138,0,0,868,0,132,0,0,857,0,143,0,0,863,0,137,0,0,869,0,131,0,0,869,0,131,0,0,875,0,125,0,0,870,0,130,0,0,867,1,132,0,0,863,1,136,0,0,869,0,131,0,0,863,0,137,0,0,870,0,130,0,0,862,0,138,0,0,865,0,135,0,0,872,0,128,0,0,860,0,140,0,0,870,0,130,0,0,857,0,143,0,0,867,0,133,0,0,865,0,135,0,0
149,targeted_heterosexual,0.5,861,0,139,0,0,863,0,137,0,0,865,0,135,0,0,866,0,134,0,0,869,0,131,0,0,865,0,135,0,0,863,0,137,0,0,873,0,127,0,0,857,0,143,0,0,853,0,147,0,0,867,0,133,0,0,866,0,134,0,0,870,0,130,0,0,858,0,142,0,0,866,1,133,0,0,857,0,143,0,0,869,0,131,0,0,868,0,132,0,0,864,0,136,0,0,863,1,136,0,0,864,0,136,0,0,868,0,132,0,0,869,0,131,0,0,864,0,136,0,0,871,0,129,0,0,857,0,143,0,0,866,1,133,0,0,861,1,138,0,0,866,1,133,0,0,861,1,138,0,0,868,0,132,0,0,857,0,143,0,0,863,0,137,0,0,869,0,131,0,0,868,1,131,0,0,875,0,125,0,0,870,0,130,0,0,867,1,132,0,0,863,1,136,0,0,869,0,131,0,0,863,0,137,0,0,870,0,130,0,0,862,0,138,0,0,865,0,135,0,0,872,0,128,0,0,860,0,140,0,0,870,0,130,0,0,857,0,143,0,0,867,0,133,0,0,865,0,135,0,0
150,targeted_heterosexual,0.5,861,0,139,0,0,863,0,137,0,0,865,0,135,0,0,866,0,134,0,0,869,0,131,0,0,865,0,135,0,0,863,0,137,0,0,873,0,127,0,0,857,0,143,0,0,853,0,147,0,0,867,0,133,0,0,866,0,134,0,0,870,0,130,0,0,858,0,142,0,0,866,0,134,0,0,857,0,143,0,0,869,0,131,0,0,868,0,132,0,0,864,0,136,0,0,863,1,136,0,0,864,0,136,0,0,868,0,132,0,0,869,0,131,0,0,864,0,136,0,0,871,0,129,0,0,857,0,143,0,0,866,1,133,0,0,861,1,138,0,0,866,1,133,0,0,861,1,138,0,0,868,0,132,0,0,857,0,143,0,0,863,0,137,0,0,869,0,131,0,0,868,1,131,0,0,875,0,125,0,0,870,0,130,0,0,867,1,132,0,0,863,1,136,0,0,869,0,131,0,0,863,0,137,0,0,870,0,130,0,0,862,0,138,0,0,865,0,135,0,0,872,0,128,0,0,860,0,140,0,0,870,0,130,0,0,857,0,143,0,0,867,0,133,0,0,865,0,135,0,0
151,targeted_heterosexual,0.5,861,0,139,0,0,863,0,137,0,0,865,0,135,0,0,866,0,134,0,0,869,0,131,0,0,865,0,135,0,0,863,0,137,0,0,873,0,127,0,0,857,0,143,0,0,853,0,147,0,0,867,0,133,0,0,866,0,134,0,0,870,0,130,0,0,858,0,142,0,0,866,0,134,0,0,857,0,143,0,0,869,0,131,0,0,868,0,132,0,0,864,0,136,0,0,863,1,136,0,0,864,0,136,0,0,868,0,132,0,0,869,0,131,0,0,864,0,136,0,0,871,0,129,0,0,857,0,143,0,0,866,1,133,0,0,861,1,138,0,0,866,1,133,0,0,861,1,138,0,0,868,0,132,0,0,857,0,143,0,0,863,0,137,0,0,869,0,131,0,0,868,1,131,0,0,875,0,125,0,0,870,0,130,0,0,867,1,132,0,0,863,1,136,0,0,869,0,131,0,0,863,0,137,0,0,870,0,130,0,0,862,0,138,0,0,865,0,135,0,0,872,0,128,0,0,860,0,140,0,0,870,0,130,0,0,857,0,143,0,0,867,0,133,0,0,865,0,135,0,0
152,targeted_heterosexual,0.5,861,0,139,0,0,863,0,137,0,0,865,0,135,0,0,866,0,134,0,0,869,0,131,0,0,865,0,135,0,0,863,0,137,0,0,873,0,127,0,0,857,0,143,0,0,853,0,147,0,0,867,0,133,0,0,866,0,134,0,0,870,0,130,0,0,858,0,142,0,0,866,0,134,0,0,857,0,143,0,0,869,0,131,0,0,868,0,132,0,0,864,0,136,0,0,863,1,136,0,0,864,0,136,0,0,868,0,132,0,0,869,0,131,0,0,864,0,136,0,0,871,0,129,0,0,857,0,143,0,0,866,1,133,0,0,861,1,138,0,0,866,1,133,0,0,861,1,138,0,0,868,0,132,0,0,857,0,143,0,0,862,1,137,0,0,869,0,131,0,0,868,1,131,0,0,875,0,125,0,0,870,0,130,0,0,867,1,132,0,0,863,1,136,0,0,869,0,131,0,0,863,0,137,0,0,870,0,130,0,0,862,0,138,0,0,865,0,135,0,0,872,0,128,0,0,860,0,140,0,0,870,0,130,0,0,857,0,143,0,0,867,0,133,0,0,865,0,135,0,0
153,targeted_heterosexual,0.5,861,0,139,0,0,863,0,137,0,0,865,0,135,0,0,866,0,134,0,0,869,0,131,0,0,865,0,135,0,0,863,0,137,0,0,873,0,127,0,0,857,0,143,0,0,853,0,147,0,0,867,0,133,0,0,866,0,134,0,0,870,0,130,0,0,858,0,142,0,0,866,0,134,0,0,857,0,143,0,0,869,0,131,0,0,868,0,132,0,0,864,0,136,0,0,863,1,136,0,0,864,0,136,0,0,868,0,132,0,0,869,0,131,0,0,864,0,136,0,0,871,0,129,0,0,857,0,143,0,0,866,1,133,0,0,861,1,138,0,0,866,1,133,0,0,861,1,138,0,0,868,0,132,0,0,857,0,143,0,0,862,1,137,0,0,869,0,131,0,0,868,1,131,0,0,875,0,125,0,0,870,0,130,0,0,867,1,132,0,0,863,1,136,0,0,869,0,131,0,0,863,0,137,0,0,870,0,130,0,0,862,0,138,0,0,865,0,135,0,0,872,0,128,0,0,860,0,140,0,0,870,0,130,0,0,857,0,143,0,0,867,0,133,0,0,865,0,135,0,0
154,targeted_heterosexual,0.5,861,0,139,0,0,863,0,137,0,0,865,0,135,0,0,866,0,134,0,0,869,0,131,0,0,865,0,135,0,0,863,0,137,0,0,873,0,127,0,0,857,0,143,0,0,853,0,147,0,0,867,0,133,0,0,866,0,134,0,0,870,0,130,0,0,858,0,142,0,0,866,0,134,0,0,857,0,143,0,0,869,0,131,0,0,868,0,132,0,0,864,0,136,0,0,863,1,136,0,0,864,0,136,0,0,868,0,132,0,0,869,0,131,0,0,864,0,136,0,0,871,0,129,0,0,856,1,143,0,0,866,1,133,0,0,861,1,138,0,0,866,1,133,0,0,861,1,138,0,0,868,0,132,0,0,857,0,143,0,0,862,1,137,0,0,869,0,131,0,0,868,1,131,0,0,875,0,125,0,0,870,0,130,0,0,867,1,132,0,0,863,1,136,0,0,869,0,131,0,0,863,0,137,0,0,870,0,130,0,0,862,0,138,0,0,865,0,135,0,0,872,0,128,0,0,860,0,140,0,0,870,0,130,0,0,857,0,143,0,0,867,0,133,0,0,865,0,135,0,0
155,targeted_heterosexual,0.5,861,0,139,0,0,863,0,137,0,0,865,0,135,0,0,866,0,134,0,0,869,0,131,0,0,865,0,135,0,0,863,0,137,0,0,873,0,127,0,0,857,0,143,0,0,853,0,147,0,0,867,0,133,0,0,866,0,134,0,0,870,0,130,0,0,858,0,142,0,0,866,0,134,0,0,857,0,143,0,0,869,0,131,0,0,868,0,132,0,0,864,0,136,0,0,863,1,136,0,0,864,0,136,0,0,868,0,132,0,0,869,0,131,0,0,864,0,136,0,0,871,0,129,0,0,856,1,143,0,0,866,1,133,0,0,861,1,138,0,0,866,1,133,0,0,861,1,138,0,0,868,0,132,0,0,857,0,143,0,0,862,1,137,0,0,869,0,131,0,0,868,1,131,0,0,875,0,125,0,0,870,0,130,0,0,867,1,132,0,0,863,1,136,0,0,869,0,131,0,0,863,0,137,0,0,870,0,130,0,0,862,0,138,0,0,865,0,135,0,0,872,0,128,0,0,860,0,140,0,0,870,0,130,0,0,857,0,143,0,0,867,0,133,0,0,865,0,135,0,0
156,targeted_heterosexual,0.5,861,0,139,0,0,863,0,137,0,0,865,0,135,0,0,866,0,134,0,0,869,0,131,0,0,865,0,135,0,0,863,0,137,0,0,873,0,127,0,0,857,0,143,0,0,853,0,147,0,0,867,0,133,0,0,866,0,134,0,0,870,0,130,0,0,858,0,142,0,0,866,0,134,0,0,857,0,143,0,0,869,0,131,0,0,868,0,132,0,0,864,0,136,0,0,863,1,136,0,0,864,0,136,0,0,868,0,132,0,0,869,0,131,0,0,864,0,136,0,0,871,0,129,0,0,856,1,143,0,0,866,1,133,0,0,861,1,138,0,0,866,1,133,0,0,861,1,138,0,0,868,0,132,0,0,857,0,143,0,0,862,1,137,0,0,869,0,131,0,0,868,1,131,0,0,875,0,125,0,0,870,0,130,0,0,867,1,132,0,0,863,1,136,0,0,869,0,131,0,0,863,0,137,0,0,870,0,130,0,0,862,0,138,0,0,865,0,135,0,0,872,0,128,0,0,860,0,140,0,0,870,0,130,0,0,857,0,143,0,0,867,0,133,0,0,865,0,135,0,0
157,targeted_heterosexual,0.5,861,0,139,0,0,863,0,137,0,0,865,0,135,0,0,866,0,134,0,0,869,0,131,0,0,865,0,135,0,0,863,0,137,0,0,873,0,127,0,0,857,0,143,0,0,853,0,147,0,0,867,0,133,0,0,866,0,134,0,0,870,0,130,0,0,858,0,142,0,0,866,0,134,0,0,857,0,143,0,0,869,0,131,0,0,868,0,132,0,0,864,0,136,0,0,863,1,136,0,0,864,0,136,0,0,868,0,132,0,0,869,0,131,0,0,864,0,136,0,0,871,0,129,0,0,856,1,143,0,0,866,0,134,0,0,861,1,138,0,0,866,1,133,0,0,861,0,139,0,0,868,0,132,0,0,857,0,143,0,0,862,1,137,0,0,869,0,131,0,0,868,1,131,0,0,875,0,125,0,0,870,0,130,0,0,867,0,133,0,0,863,1,136,0,0,869,0,131,0,0,863,0,137,0,0,870,0,130,0,0,862,0,138,0,0,865,0,135,0,0,872,0,128,0,0,860,0,140,0,0,870,0,130,0,0,857,0,143,0,0,867,0,133,0,0,865,0,135,0,0
158,targeted_heterosexual,0.5,861,0,139,0,0,863,0,137,0,0,865,0,135,0,0,866,0,134,0,0,869,0,131,0,0,865,0,135,0,0,863,0,137,0,0,873,0,127,0,0,857,0,143,0,0,853,0,147,0,0,867,0,133,0,0,866,0,134,0,0,870,0,130,0,0,858,0,142,0,0,866,0,134,0,0,857,0,143,0,0,869,0,131,0,0,868,0,132,0,0,864,0,136,0,0,863,1,136,0,0,864,0,136,0,0,868,0,132,0,0,869,0,131,0,0,864,0,136,0,0,871,0,129,0,0,856,1,143,0,0,866,0,134,0,0,861,1,138,0,0,866,1,133,0,0,861,0,139,0,0,868,0,132,0,0,857,0,143,0,0,862,1,137,0,0,869,0,131,0,0,868,1,131,0,0,875,0,125,0,0,870,0,130,0,0,867,0,133,0,0,863,1,136,0,0,869,0,131,0,0,863,0,137,0,0,870,0,130,0,0,862,0,138,0,0,865,0,135,0,0,872,0,128,0,0,860,0,140,0,0,870,0,130,0,0,857,0,143,0,0,867,0,133,0,0,865,0,135,0,0
159,targeted_heterosexual,0.5,861,0,139,0,0,863,0,137,0,0,865,0,135,0,0,866,0,134,0,0,869,0,131,0,0,865,0,135,0,0,863,0,137,0,0,873,0,127,0,0,857,0,143,0,0,853,0,147,0,0,867,0,133,0,0,866,0,134,0,0,870,0,130,0,0,858,0,142,0,0,866,0,134,0,0,857,0,143,0,0,869,0,131,0,0,868,0,132,0,0,864,0,136,0,0,863,1,136,0,0,864,0,136,0,0,868,0,132,0,0,869,0,131,0,0,864,0,136,0,0,871,0,129,0,0,856,1,143,0,0,866,0,134,0,0,861,1,138,0,0,866,1,133,0,0,861,0,139,0,0,868,0,132,0,0,857,0,143,0,0,862,1,137,0,0,869,0,131,0,0,868,1,131,0,0,875,0,125,0,0,870,0,130,0,0,867,0,133,0,0,863,0,137,0,0,869,0,131,0,0,863,0,137,0,0,870,0,130,0,0,862,0,138,0,0,865,0,135,0,0,872,0,128,0,0,860,0,140,0,0,870,0,130,0,0,857,0,143,0,0,867,0,133,0,0,865,0,135,0,0
160,targeted_heterosexual,0.5,861,0,139,0,0,863,0,137,0,0,865,0,135,0,0,866,0,134,0,0,869,0,131,0,0,865,0,135,0,0,863,0,137,0,0,873,0,127,0,0,857,0,143,0,0,853,0,147,0,0,867,0,133,0,0,866,0,134,0,0,870,0,130,0,0,858,0,142,0,0,866,0,134,0,0,857,0,143,0,0,869,0,131,0,0,868,0,132,0,0,864,0,136,0,0,863,1,136,0,0,864,0,136,0,0,868,0,132,0,0,869,0,131,0,0,864,0,136,0,0,871,0,129,0,0,856,1,143,0,0,865,1,134,0,0,861,1,138,0,0,866,1,133,0,0,861,0,139,0,0,868,0,132,0,0,857,0,143,0,0,862,1,137,0,0,869,0,131,0,0,868,1,131,0,0,875,0,125,0,0,870,0,130,0,0,867,0,133,0,0,863,0,137,0,0,869,0,131,0,0,863,0,137,0,0,870,0,130,0,0,862,0,138,0,0,865,0,135,0,0,872,0,128,0,0,860,0,140,0,0,870,0,130,0,0,857,0,143,0,0,867,0,133,0,0,865,0,135,0,0
161,targeted_heterosexual,0.5,861,0,139,0,0,863,0,137,0,0,865,0,135,0,0,866,0,134,0,0,869,0,131,0,0,865,0,135,0,0,863,0,137,0,0,873,0,127,0,0,857,0,143,0,0,853,0,147,0,0,867,0,133,0,0,866,0,134,0,0,870,0,130,0,0,858,0,142,0,0,866,0,134,0,0,857,0,143,0,0,869,0,131,0,0,868,0,132,0,0,864,0,136,0,0,863,0,137,0,0,864,0,136,0,0,868,0,132,0,0,869,0,131,0,0,864,0,136,0,0,871,0,129,0,0,856,1,143,0,0,865,1,134,0,0,861,0,139,0,0,866,0,134,0,0,861,0,139,0,0,868,0,132,0,0,857,0,143,0,0,862,1,137,0,0,869,0,131,0,0,868,1,131,0,0,875,0,125,0,0,870,0,130,0,0,867,0,133,0,0,863,0,137,0,0,869,0,131,0,0,863,0,137,0,0,870,0,130,0,0,862,0,138,0,0,865,0,135,0,0,872,0,128,0,0,860,0,140,0,0,870,0,130,0,0,857,0,143,0,0,867,0,133,0,0,865,0,135,0,0
162,targeted_heterosexual,0.5,861,0,139,0,0,863,0,137,0,0,865,0,135,0,0,866,0,134,0,0,869,0,131,0,0,865,0,135,0,0,863,0,137,0,0,873,0,127,0,0,857,0,143,0,0,853,0,147,0,0,867,0,133,0,0,866,0,134,0,0,870,0,130,0,0,858,0,142,0,0,866,0,134,0,0,857,0,143,0,0,869,0,131,0,0,868,0,132,0,0,864,0,136,0,0,863,0,137,0,0,864,0,136,0,0,868,0,132,0,0,869,0,131,0,0,864,0,136,0,0,871,0,129,0,0,856,1,143,0,0,865,1,134,0,0,861,0,139,0,0,865,1,134,0,0,861,0,139,0,0,868,0,132,0,0,857,0,143,0,0,862,1,137,0,0,869,0,131,0,0,868,0,132,0,0,875,0,125,0,0,870,0,130,0,0,867,0,133,0,0,863,0,137,0,0,869,0,131,0,0,863,0,137,0,0,870,0,130,0,0,862,0,138,0,0,865,0,135,0,0,872,0,128,0,0,860,0,140,0,0,870,0,130,0,0,857,0,143,0,0,867,0,133,0,0,865,0,135,0,0
163,targeted_heterosexual,0.5,861,0,139,0,0,863,0,137,0,0,865,0,135,0,0,866,0,134,0,0,869,0,131,0,0,865,0,135,0,0,863,0,137,0,0,873,0,127,0,0,857,0,143,0,0,853,0,147,0,0,867,0,133,0,0,866,0,134,0,0,870,0,130,0,0,858,0,142,0,0,866,0,134,0,0,857,0,143,0,0,869,0,131,0,0,868,0,132,0,0,864,0,136,0,0,863,0,137,0,0,864,0,136,0,0,868,0,132,0,0,869,0,131,0,0,864,0,136,0,0,871,0,129,0,0,856,1,143,0,0,865,1,134,0,0,861,0,139,0,0,865,1,134,0,0,861,0,139,0,0,868,0,132,0,0,857,0,143,0,0,862,1,137,0,0,869,0,131,0,0,868,0,132,0,0,875,0,125,0,0,870,0,130,0,0,867,0,133,0,0,863,0,137,0,0,869,0,131,0,0,863,0,137,0,0,870,0,130,0,0,862,0,138,0,0,865,0,135,0,0,872,0,128,0,0,860,0,140,0,0,870,0,130,0,0,857,0,143,0,0,867,0,133,0,0,865,0,135,0,0
164,targeted_heterosexual,0.5,861,0,139,0,0,863,0,137,0,0,865,0,135,0,0,866,0,134,0,0,869,0,131,0,0,865,0,135,0,0,863,0,137,0,0,873,0,127,0,0,857,0,143,0,0,853,0,147,0,0,867,0,133,0,0,866,0,134,0,0,870,0,130,0,0,858,0,142,0,0,866,0,134,0,0,857,0,143,0,0,869,0,131,0,0,868,0,132,0,0,864,0,136,0,0,863,0,137,0,0,864,0,136,0,0,868,0,132,0,0,869,0,131,0,0,864,0,136,0,0,871,0,129,0,0,856,1,143,0,0,865,1,134,0,0,861,0,139,0,0,865,1,134,0,0,861,0,139,0,0,868,0,132,0,0,857,0,143,0,0,862,1,137,0,0,869,0,131,0,0,868,0,132,0,0,875,0,125,0,0,870,0,130,0,0,867,0,133,0,0,863,0,137,0,0,869,0,131,0,0,863,0,137,0,0,870,0,130,0,0,862,0,138,0,0,865,0,135,0,0,872,0,128,0,0,860,0,140,0,0,870,0,130,0,0,857,0,143,0,0,867,0,133,0,0,865,0,135,0,0
165,targeted_heterosexual,0.5,861,0,139,0,0,863,0,137,0,0,865,0,135,0,0,866,0,134,0,0,869,0,131,0,0,865,0,135,0,0,863,0,137,0,0,873,0,127,0,0,857,0,143,0,0,853,0,147,0,0,867,0,133,0,0,866,0,134,0,0,870,0,130,0,0,858,0,142,0,0,866,0,134,0,0,857,0,143,0,0,869,0,131,0,0,868,0,132,0,0,864,0,136,0,0,863,0,137,0,0,864,0,136,0,0,868,0,132,0,0,869,0,131,0,0,864,0,136,0,0,871,0,129,0,0,856,1,143,0,0,865,1,134,0,0,861,0,139,0,0,865,1,134,0,0,861,0,139,0,0,868,0,132,0,0,857,0,143,0,0,862,0,138,0,0,869,0,131,0,0,868,0,132,0,0,875,0,125,0,0,870,0,130,0,0,867,0,133,0,0,863,0,137,0,0,869,0,131,0,0,863,0,137,0,0,870,0,130,0,0,862,0,138,0,0,865,0,135,0,0,872,0,128,0,0,860,0,140,0,0,870,0,130,0,0,857,0,143,0,0,867,0,133,0,0,865,0,135,0,0
166,targeted_heterosexual,0.5,861,0,139,0,0,863,0,137,0,0,865,0,135,0,0,866,0,134,0,0,869,0,131,0,0,865,0,135,0,0,863,0,137,0,0,873,0,127,0,0,857,0,143,0,0,853,0,147,0,0,867,0,133,0,0,866,0,134,0,0,870,0,130,0,0,858,0,142,0,0,866,0,134,0,0,857,0,143,0,0,869,0,131,0,0,868,0,132,0,0,864,0,136,0,0,863,0,137,0,0,864,0,136,0,0,868,0,132,0,0,869,0,131,0,0,864,0,136,0,0,871,0,129,0,0,856,1,143,0,0,865,1,134,0,0,861,0,139,0,0,865,1,134,0,0,861,0,139,0,0,868,0,132,0,0,857,0,143,0,0,862,0,138,0,0,869,0,131,0,0,868,0,132,0,0,875,0,125,0,0,870,0,130,0,0,867,0,133,0,0,863,0,137,0,0,869,0,131,0,0,863,0,137,0,0,870,0,130,0,0,862,0,138,0,0,865,0,135,0,0,872,0,128,0,0,860,0,140,0,0,870,0,130,0,0,857,0,143,0,0,867,0,133,0,0,865,0,135,0,0
167,targeted_heterosexual,0.5,861,0,139,0,0,863,0,137,0,0,865,0,135,0,0,866,0,134,0,0,869,0,131,0,0,865,0,135,0,0,863,0,137,0,0,873,0,127,0,0,857,0,143,0,0,853,0,147,0,0,867,0,133,0,0,866,0,134,0,0,870,0,130,0,0,858,0,142,0,0,866,0,134,0,0,857,0,143,0,0,869,0,131,0,0,868,0,132,0,0,864,0,136,0,0,863,0,137,0,0,864,0,136,0,0,868,0,132,0,0,869,0,131,0,0,864,0,136,0,0,871,0,129,0,0,856,0,144,0,0,865,1,134,0,0,861,0,139,0,0,865,1,134,0,0,861,0,139,0,0,868,0,132,0,0,857,0,143,0,0,862,0,138,0,0,869,0,131,0,0,868,0,132,0,0,875,0,125,0,0,870,0,130,0,0,867,0,133,0,0,863,0,137,0,0,869,0,131,0,0,863,0,137,0,0,870,0,130,0,0,862,0,138,0,0,865,0,135,0,0,872,0,128,0,0,860,0,140,0,0,870,0,130,0,0,857,0,143,0,0,867,0,133,0,0,865,0,135,0,0
168,targeted_heterosexual,0.5,861,0,139,0,0,863,0,137,0,0,865,0,135,0,0,866,0,134,0,0,869,0,131,0,0,865,0,135,0,0,863,0,137,0,0,873,0,127,0,0,857,0,143,0,0,853,0,147,0,0,867,0,133,0,0,866,0,134,0,0,870,0,130,0,0,858,0,142,0,0,866,0,134,0,0,857,0,143,0,0,869,0,131,0,0,868,0,132,0,0,864,0,136,0,0,863,0,137,0,0,864,0,136,0,0,868,0,132,0,0,869,0,131,0,0,864,0,136,0,0,871,0,129,0,0,856,0,144,0,0,865,1,134,0,0,861,0,139,0,0,865,1,134,0,0,861,0,139,0,0,868,0,132,0,0,856,1,143,0,0,862,0,138,0,0,869,0,131,0,0,868,0,132,0,0,875,0,125,0,0,870,0,130,0,0,867,0,133,0,0,863,0,137,0,0,869,0,131,0,0,863,0,137,0,0,870,0,130,0,0,862,0,138,0,0,865,0,135,0,0,872,0,128,0,0,860,0,140,0,0,870,0,130,0,0,857,0,143,0,0,867,0,133,0,0,865,0,135,0,0
169,targeted_heterosexual,0.5,861,0,139,0,0,863,0,137,0,0,864,1,135,0,0,866,0,134,0,0,869,0,131,0,0,865,0,135,0,0,863,0,137,0,0,873,0,127,0,0,857,0,143,0,0,853,0,147,0,0,867,0,133,0,0,866,0,134,0,0,870,0,130,0,0,858,0,142,0,0,866,0,134,0,0,857,0,143,0,0,869,0,131,0,0,868,0,132,0,0,864,0,136,0,0,863,0,137,0,0,864,0,136,0,0,868,0,132,0,0,869,0,131,0,0,864,0,136,0,0,871,0,129,0,0,856,0,144,0,0,865,1,134,0,0,861,0,139,0,0,865,1,134,0,0,861,0,139,0,0,868,0,132,0,0,856,1,143,0,0,862,0,138,0,0,869,0,131,0,0,868,0,132,0,0,875,0,125,0,0,870,0,130,0,0,867,0,133,0,0,863,0,137,0,0,869,0,131,0,0,863,0,137,0,0,870,0,130,0,0,862,0,138,0,0,865,0,135,0,0,872,0,128,0,0,860,0,140,0,0,870,0,130,0,0,857,0,143,0,0,867,0,133,0,0,865,0,135,0,0
170,targeted_heterosexual,0.5,861,0,139,0,0,863,0,137,0,0,864,1,135,0,0,866,0,134,0,0,869,0,131,0,0,865,0,135,0,0,863,0,137,0,0,873,0,127,0,0,857,0,143,0,0,853,0,147,0,0,867,0,133,0,0,866,0,134,0,0,870,0,130,0,0,858,0,142,0,0,866,0,134,0,0,857,0,143,0,0,869,0,131,0,0,868,0,132,0,0,864,0,136,0,0,863,0,137,0,0,864,0,136,0,0,868,0,132,0,0,869,0,131,0,0,864,0,136,0,0,871,0,129,0,0,856,0,144,0,0,865,1,134,0,0,861,0,139,0,0,865,1,134,0,0,861,0,139,0,0,868,0,132,0,0,856,1,143,0,0,862,0,138,0,0,869,0,131,0,0,868,0,132,0,0,875,0,125,0,0,870,0,130,0,0,867,0,133,0,0,863,0,137,0,0,869,0,131,0,0,863,0,137,0,0,870,0,130,0,0,862,0,138,0,0,865,0,135,0,0,872,0,128,0,0,860,0,140,0,0,870,0,130,0,0,857,0,143,0,0,867,0,133,0,0,865,0,135,0,0
171,targeted_heterosexual,0.5,861,0,139,0,0,863,0,137,0,0,864,1,135,0,0,866,0,134,0,0,869,0,131,0,0,865,0,135,0,0,863,0,137,0,0,873,0,127,0,0,857,0,143,0,0,853,0,147,0,0,867,0,133,0,0,866,0,134,0,0,870,0,130,0,0,858,0,142,0,0,866,0,134,0,0,857,0,143,0,0,869,0,131,0,0,868,0,132,0,0,864,0,136,0,0,863,0,137,0,0,864,0,136,0,0,868,0,132,0,0,869,0,131,0,0,864,0,136,0,0,871,0,129,0,0,856,0,144,0,0,865,1,134,0,0,861,0,139,0,0,865,1,134,0,0,861,0,139,0,0,868,0,132,0,0,856,1,143,0,0,862,0,138,0,0,869,0,131,0,0,868,0,132,0,0,875,0,125,0,0,870,0,130,0,0,867,0,133,0,0,863,0,137,0,0,869,0,131,0,0,863,0,137,0,0,870,0,130,0,0,860,2,138,0,0,865,0,135,0,0,872,0,128,0,0,860,0,140,0,0,870,0,130,0,0,857,0,143,0,0,867,0,133,0,0,865,0,135,0,0
172,targeted_heterosexual,0.5,861,0,139,0,0,863,0,137,0,0,864,1,135,0,0,866,0,134,0,0,869,0,131,0,0,865,0,135,0,0,863,0,137,0,0,873,0,127,0,0,857,0,143,0,0,853,0,147,0,0,867,0,133,0,0,866,0,134,0,0,870,0,130,0,0,858,0,142,0,0,866,0,134,0,0,857,0,143,0,0,869,0,131,0,0,868,0,132,0,0,864,0,136,0,0,863,0,137,0,0,864,0,136,0,0,868,0,132,0,0,869,0,131,0,0,864,0,136,0,0,871,0,129,0,0,856,0,144,0,0,865,1,134,0,0,861,0,139,0,0,865,1,134,0,0,861,0,139,0,0,868,0,132,0,0,856,1,143,0,0,862,0,138,0,0,869,0,131,0,0,868,0,132,0,0,875,0,125,0,0,870,0,130,0,0,867,0,133,0,0,863,0,137,0,0,869,0,131,0,0,863,0,137,0,0,870,0,130,0,0,860,2,138,0,0,865,0,135,0,0,872,0,128,0,0,860,0,140,0,0,870,0,130,0,0,857,0,143,0,0,867,0,133,0,0,865,0,135,0,0
173,targeted_heterosexual,0.5,861,0,139,0,0,863,0,137,0,0,864,1,135,0,0,866,0,134,0,0,869,0,131,0,0,865,0,135,0,0,863,0,137,0,0,873,0,127,0,0,857,0,143,0,0,853,0,147,0,0,867,0,133,0,0,866,0,134,0,0,870,0,130,0,0,858,0,142,0,0,866,0,134,0,0,857,0,143,0,0,869,0,131,0,0,868,0,132,0,0,864,0,136,0,0,863,0,137,0,0,864,0,136,0,0,868,0,132,0,0,869,0,131,0,0,864,0,136,0,0,871,0,129,0,0,856,0,144,0,0,865,0,135,0,0,861,0,139,0,0,865,1,134,0,0,861,0,139,0,0,868,0,132,0,0,856,1,143,0,0,862,0,138,0,0,869,0,131,0,0,868,0,132,0,0,875,0,125,0,0,870,0,130,0,0,867,0,133,0,0,863,0,137,0,0,869,0,131,0,0,863,0,137,0,0,870,0,130,0,0,860,2,138,0,0,865,0,135,0,0,872,0,128,0,0,860,0,140,0,0,870,0,130,0,0,857,0,143,0,0,867,0,133,0,0,865,0,135,0,0
174,targeted_heterosexual,0.5,861,0,139,0,0,863,0,137,0,0,864,1,135,0,0,866,0,134,0,0,869,0,131,0,0,865,0,135,0,0,863,0,137,0,0,873,0,127,0,0,857,0,143,0,0,853,0,147,0,0,867,0,133,0,0,866,0,134,0,0,870,0,130,0,0,858,0,142,0,0,866,0,134,0,0,857,0,143,0,0,869,0,131,0,0,868,0,132,0,0,864,0,136,0,0,863,0,137,0,0,864,0,136,0,0,868,0,132,0,0,869,0,131,0,0,864,0,136,0,0,871,0,129,0,0,856,0,144,0,0,865,0,135,0,0,860,1,139,0,0,865,1,134,0,0,861,0,139,0,0,868,0,132,0,0,856,1,143,0,0,862,0,138,0,0,869,0,131,0,0,868,0,132,0,0,875,0,125,0,0,870,0,130,0,0,867,0,133,0,0,863,0,137,0,0,869,0,131,0,0,863,0,137,0,0,870,0,130,0,0,860,2,138,0,0,865,0,135,0,0,872,0,128,0,0,860,0,140,0,0,870,0,130,0,0,857,0,143,0,0,867,0,133,0,0,865,0,135,0,0
175,targeted_heterosexual,0.5,861,0,139,0,0,863,0,137,0,0,864,1,135,0,0,866,0,134,0,0,869,0,131,0,0,865,0,135,0,0,863,0,137,0,0,873,0,127,0,0,857,0,143,0,0,852,1,147,0,0,867,0,133,0,0,866,0,134,0,0,870,0,130,0,0,858,0,142,0,0,866,0,134,0,0,857,0,143,0,0,869,0,131,0,0,868,0,132,0,0,864,0,136,0,0,863,0,137,0,0,864,0,136,0,0,868,0,132,0,0,869,0,131,0,0,864,0,136,0,0,871,0,129,0,0,856,0,144,0,0,865,0,135,0,0,860,1,139,0,0,865,0,135,0,0,861,0,139,0,0,868,0,132,0,0,856,1,143,0,0,862,0,138,0,0,869,0,131,0,0,868,0,132,0,0,875,0,125,0,0,870,0,130,0,0,867,0,133,0,0,863,0,137,0,0,869,0,131,0,0,863,0,137,0,0,870,0,130,0,0,860,2,138,0,0,865,0,135,0,0,872,0,128,0,0,860,0,140,0,0,870,0,130,0,0,856,1,143,0,0,867,0,133,0,0,865,0,135,0,0
176,targeted_heterosexual,0.5,861,0,139,0,0,863,0,137,0,0,863,2,135,0,0,866,0,134,0,0,869,0,131,0,0,865,0,135,0,0,863,0,137,0,0,873,0,127,0,0,857,0,143,0,0,852,1,147,0,0,867,0,133,0,0,866,0,134,0,0,870,0,130,0,0,858,0,142,0,0,866,0,134,0,0,857,0,143,0,0,869,0,131,0,0,868,0,132,0,0,864,0,136,0,0,863,0,137,0,0,864,0,136,0,0,868,0,132,0,0,869,0,131,0,0,864,0,136,0,0,871,0,129,0,0,856,0,144,0,0,865,0,135,0,0,860,1,139,0,0,865,0,135,0,0,861,0,139,0,0,868,0,132,0,0,856,1,143,0,0,862,0,138,0,0,869,0,131,0,0,868,0,132,0,0,875,0,125,0,0,869,1,130,0,0,867,0,133,0,0,863,0,137,0,0,869,0,131,0,0,863,0,137,0,0,870,0,130,0,0,860,2,138,0,0,865,0,135,0,0,872,0,128,0,0,860,0,140,0,0,870,0,130,0,0,856,1,143,0,0,867,0,133,0,0,865,0,135,0,0
177,targeted_heterosexual,0.5,861,0,139,0,0,863,0,137,0,0,863,2,135,0,0,866,0,134,0,0,869,0,131,0,0,865,0,135,0,0,863,0,137,0,0,873,0,127,0,0,857,0,143,0,0,852,1,147,0,0,867,0,133,0,0,866,0,134,0,0,870,0,130,0,0,858,0,142,0,0,866,0,134,0,0,857,0,143,0,0,869,0,131,0,0,868,0,132,0,0,864,0,136,0,0,863,0,137,0,0,864,0,136,0,0,868,0,132,0,0,869,0,131,0,0,864,0,136,0,0,871,0,129,0,0,856,0,144,0,0,865,0,135,0,0,860,1,139,0,0,865,0,135,0,0,861,0,139,0,0,868,0,132,0,0,856,1,143,0,0,862,0,138,0,0,869,0,131,0,0,868,0,132,0,0,875,0,125,0,0,869,1,130,0,0,867,0,133,0,0,863,0,137,0,0,869,0,131,0,0,863,0,137,0,0,870,0,130,0,0,860,2,138,0,0,865,0,135,0,0,872,0,128,0,0,860,0,140,0,0,870,0,130,0,0,856,1,143,0,0,867,0,133,0,0,865,0,135,0,0
178,targeted_heterosexual,0.5,861,0,139,0,0,863,0,137,0,0,863,2,135,0,0,866,0,134,0,0,869,0,131,0,0,865,0,135,0,0,863,0,137,0,0,873,0,127,0,0,857,0,143,0,0,852,1,147,0,0,867,0,133,0,0,866,0,134,0,0,870,0,130,0,0,858,0,142,0,0,866,0,134,0,0,857,0,143,0,0,869,0,131,0,0,868,0,132,0,0,864,0,136,0,0,863,0,137,0,0,864,0,136,0,0,868,0,132,0,0,869,0,131,0,0,864,0,136,0,0,871,0,129,0,0,856,0,144,0,0,865,0,135,0,0,860,1,139,0,0,865,0,135,0,0,861,0,139,0,0,868,0,132,0,0,856,1,143,0,0,862,0,138,0,0,869,0,131,0,0,868,0,132,0,0,875,0,125,0,0,869,1,130,0,0,867,0,133,0,0,863,0,137,0,0,869,0,131,0,0,863,0,137,0,0,870,0,130,0,0,860,2,138,0,0,865,0,135,0,0,872,0,128,0,0,860,0,140,0,0,870,0,130,0,0,856,1,143,0,0,867,0,133,0,0,865,0,135,0,0
179,targeted_heterosexual,0.5,861,0,139,0,0,863,0,137,0,0,863,2,135,0,0,866,0,134,0,0,869,0,131,0,0,865,0,135,0,0,863,0,137,0,0,873,0,127,0,0,857,0,143,0,0,852,1,147,0,0,867,0,133,0,0,866,0,134,0,0,870,0,130,0,0,858,0,142,0,0,866,0,134,0,0,857,0,143,0,0,869,0,131,0,0,868,0,132,0,0,864,0,136,0,0,863,0,137,0,0,864,0,136,0,0,868,0,132,0,0,869,0,131,0,0,864,0,136,0,0,871,0,129,0,0,856,0,144,0,0,865,0,135,0,0,860,1,139,0,0,865,0,135,0,0,861,0,139,0,0,868,0,132,0,0,856,1,143,0,0,862,0,138,0,0,869,0,131,0,0,868,0,132,0,0,875,0,125,0,0,869,1,130,0,0,867,0,133,0,0,863,0,137,0,0,869,0,131,0,0,863,0,137,0,0,870,0,130,0,0,860,2,138,0,0,865,0,135,0,0,872,0,128,0,0,860,0,140,0,0,870,0,130,0,0,856,1,143,0,0,867,0,133,0,0,865,0,135,0,0
180,targeted_heterosexual,0.5,861,0,139,0,0,863,0,137,0,0,863,2,135,0,0,866,0,134,0,0,869,0,131,0,0,865,0,135,0,0,863,0,137,0,0,873,0,127,0,0,857,0,143,0,0,852,1,147,0,0,867,0,133,0,0,866,0,134,0,0,870,0,130,0,0,858,0,142,0,0,866,0,134,0,0,857,0,143,0,0,869,0,131,0,0,868,0,132,0,0,864,0,136,0,0,863,0,137,0,0,864,0,136,0,0,868,0,132,0,0,869,0,131,0,0,864,0,136,0,0,871,0,129,0,0,856,0,144,0,0,865,0,135,0,0,860,1,139,0,0,865,0,135,0,0,861,0,139,0,0,868,0,132,0,0,856,1,143,0,0,862,0,138,0,0,869,0,131,0,0,868,0,132,0,0,875,0,125,0,0,869,1,130,0,0,867,0,133,0,0,863,0,137,0,0,869,0,131,0,0,863,0,137,0,0,870,0,130,0,0,860,2,138,0,0,865,0,135,0,0,872,0,128,0,0,860,0,140,0,0,870,0,130,0,0,856,1,143,0,0,867,0,133,0,0,865,0,135,0,0
181,targeted_heterosexual,0.5,861,0,139,0,0,863,0,137,0,0,863,2,135,0,0,866,0,134,0,0,869,0,131,0,0,865,0,135,0,0,863,0,137,0,0,873,0,127,0,0,857,0,143,0,0,852,1,147,0,0,867,0,133,0,0,866,0,134,0,0,870,0,130,0,0,858,0,142,0,0,866,0,134,0,0,857,0,143,0,0,869,0,131,0,0,868,0,132,0,0,864,0,136,0,0,863,0,137,0,0,864,0,136,0,0,868,0,132,0,0,869,0,131,0,0,864,0,136,0,0,871,0,129,0,0,856,0,144,0,0,865,0,135,0,0,860,1,139,0,0,865,0,135,0,0,861,0,139,0,0,868,0,132,0,0,856,0,144,0,0,862,0,138,0,0,869,0,131,0,0,868,0,132,0,0,875,0,125,0,0,869,1,130,0,0,867,0,133,0,0,863,0,137,0,0,869,0,131,0,0,863,0,137,0,0,870,0,130,0,0,860,2,138,0,0,865,0,135,0,0,872,0,128,0,0,860,0,140,0,0,870,0,130,0,0,856,1,143,0,0,867,0,133,0,0,865,0,135,0,0
182,targeted_heterosexual,0.5,861,0,139,0,0,863,0,137,0,0,863,1,136,0,0,866,0,134,0,0,869,0,131,0,0,865,0,135,0,0,863,0,137,0,0,873,0,127,0,0,857,0,143,0,0,852,1,147,0,0,867,0,133,0,0,866,0,134,0,0,870,0,130,0,0,858,0,142,0,0,866,0,134,0,0,857,0,143,0,0,869,0,131,0,0,868,0,132,0,0,864,0,136,0,0,863,0,137,0,0,864,0,136,0,0,868,0,132,0,0,869,0,131,0,0,864,0,136,0,0,871,0,129,0,0,856,0,144,0,0,865,0,135,0,0,860,1,139,0,0,865,0,135,0,0,861,0,139,0,0,868,0,132,0,0,856,0,144,0,0,862,0,138,0,0,869,0,131,0,0,868,0,132,0,0,875,0,125,0,0,869,1,130,0,0,867,0,133,0,0,863,0,137,0,0,869,0,131,0,0,863,0,137,0,0,870,0,130,0,0,860,2,138,0,0,865,0,135,0,0,872,0,128,0,0,860,0,140,0,0,869,1,130,0,0,856,1,143,0,0,867,0,133,0,0,865,0,135,0,0
183,targeted_heterosexual,0.5,861,0,139,0,0,863,0,137,0,0,863,1,136,0,0,866,0,134,0,0,869,0,131,0,0,865,0,135,0,0,863,0,137,0,0,873,0,127,0,0,857,0,143,0,0,852,1,147,0,0,867,0,133,0,0,866,0,134,0,0,870,0,130,0,0,858,0,142,0,0,866,0,134,0,0,857,0,143,0,0,869,0,131,0,0,868,0,132,0,0,864,0,136,0,0,863,0,137,0,0,864,0,136,0,0,868,0,132,0,0,869,0,131,0,0,864,0,136,0,0,871,0,129,0,0,856,0,144,0,0,865,0,135,0,0,860,1,139,0,0,865,0,135,0,0,861,0,139,0,0,868,0,132,0,0,856,0,144,0,0,862,0,138,0,0,869,0,131,0,0,868,0,132,0,0,875,0,125,0,0,869,1,130,0,0,867,0,133,0,0,863,0,137,0,0,869,0,131,0,0,863,0,137,0,0,870,0,130,0,0,860,2,138,0,0,865,0,135,0,0,872,0,128,0,0,860,0,140,0,0,869,1,130,0,0,856,1,143,0,0,867,0,133,0,0,865,0,135,0,0
184,targeted_heterosexual,0.5,860,1,139,0,0,863,0,137,0,0,863,1,136,0,0,866,0,134,0,0,869,0,131,0,0,865,0,135,0,0,863,0,137,0,0,873,0,127,0,0,857,0,143,0,0,852,1,147,0,0,867,0,133,0,0,866,0,134,0,0,870,0,130,0,0,858,0,142,0,0,866,0,134,0,0,857,0,143,0,0,869,0,131,0,0,868,0,132,0,0,864,0,136,0,0,863,0,137,0,0,864,0,136,0,0,868,0,132,0,0,869,0,131,0,0,864,0,136,0,0,871,0,129,0,0,856,0,144,0,0,865,0,135,0,0,860,1,139,0,0,865,0,135,0,0,861,0,139,0,0,868,0,132,0,0,856,0,144,0,0,862,0,138,0,0,869,0,131,0,0,868,0,132,0,0,875,0,125,0,0,869,1,130,0,0,867,0,133,0,0,863,0,137,0,0,869,0,131,0,0,863,0,137,0,0,870,0,130,0,0,860,0,140,0,0,865,0,135,0,0,872,0,128,0,0,860,0,140,0,0,869,1,130,0,0,856,1,143,0,0,867,0,133,0,0,865,0,135,0,0
185,targeted_heterosexual,0.5,860,1,139,0,0,863,0,137,0,0,863,1,136,0,0,866,0,134,0,0,869,0,131,0,0,865,0,135,0,0,863,0,137,0,0,873,0,127,0,0,857,0,143,0,0,852,1,147,0,0,867,0,133,0,0,866,0,134,0,0,870,0,130,0,0,858,0,142,0,0,866,0,134,0,0,857,0,143,0,0,869,0,131,0,0,868,0,132,0,0,864,0,136,0,0,863,0,137,0,0,863,1,136,0,0,868,0,132,0,0,869,0,131,0,0,864,0,136,0,0,871,0,129,0,0,856,0,144,0,0,865,0,135,0,0,860,1,139,0,0,865,0,135,0,0,861,0,139,0,0,868,0,132,0,0,856,0,144,0,0,862,0,138,0,0,869,0,131,0,0,868,0,132,0,0,875,0,125,0,0,869,1,130,0,0,867,0,133,0,0,863,0,137,0,0,869,0,131,0,0,863,0,137,0,0,870,0,130,0,0,860,0,140,0,0,865,0,135,0,0,872,0,128,0,0,860,0,140,0,0,869,1,130,0,0,856,1,143,0,0,867,0,133,0,0,865,0,135,0,0
186,targeted_heterosexual,0.5,860,1,139,0,0,863,0,137,0,0,863,1,136,0,0,866,0,134,0,0,869,0,131,0,0,865,0,135,0,0,863,0,137,0,0,873,0,127,0,0,857,0,143,0,0,852,1,147,0,0,867,0,133,0,0,866,0,134,0,0,870,0,130,0,0,858,0,142,0,0,866,0,134,0,0,857,0,143,0,0,869,0,131,0,0,868,0,132,0,0,864,0,136,0,0,863,0,137,0,0,863,1,136,0,0,868,0,132,0,0,869,0,131,0,0,864,0,136,0,0,871,0,129,0,0,856,0,144,0,0,865,0,135,0,0,860,1,139,0,0,865,0,135,0,0,861,0,139,0,0,868,0,132,0,0,856,0,144,0,0,862,0,138,0,0,869,0,131,0,0,868,0,132,0,0,875,0,125,0,0,869,1,130,0,0,867,0,133,0,0,863,0,137,0,0,869,0,131,0,0,863,0,137,0,0,870,0,130,0,0,860,0,140,0,0,865,0,135,0,0,872,0,128,0,0,860,0,140,0,0,869,1,130,0,0,856,1,143,0,0,867,0,133,0,0,865,0,135,0,0
187,targeted_heterosexual,0.5,860,1,139,0,0,863,0,137,0,0,863,1,136,0,0,866,0,134,0,0,869,0,131,0,0,865,0,135,0,0,863,0,137,0,0,873,0,127,0,0,857,0,143,0,0,852,1,147,0,0,867,0,133,0,0,866,0,134,0,0,870,0,130,0,0,858,0,142,0,0,866,0,134,0,0,857,0,143,0,0,869,0,131,0,0,868,0,132,0,0,864,0,136,0,0,863,0,137,0,0,863,1,136,0,0,868,0,132,0,0,869,0,131,0,0,864,0,136,0,0,871,0,129,0,0,856,0,144,0,0,865,0,135,0,0,860,0,140,0,0,865,0,135,0,0,861,0,139,0,0,868,0,132,0,0,856,0,144,0,0,862,0,138,0,0,869,0,131,0,0,868,0,132,0,0,875,0,125,0,0,869,1,130,0,0,867,0,133,0,0,863,0,137,0,0,869,0,131,0,0,863,0,137,0,0,870,0,130,0,0,860,0,140,0,0,865,0,135,0,0,872,0,128,0,0,860,0,140,0,0,868,2,130,0,0,856,1,143,0,0,867,0,133,0,0,865,0,135,0,0
188,targeted_heterosexual,0.5,860,1,139,0,0,863,0,137,0,0,863,1,136,0,0,866,0,134,0,0,869,0,131,0,0,865,0,135,0,0,863,0,137,0,0,873,0,127,0,0,857,0,143,0,0,852,0,148,0,0,867,0,133,0,0,866,0,134,0,0,870,0,130,0,0,858,0,142,0,0,866,0,134,0,0,857,0,143,0,0,869,0,131,0,0,868,0,132,0,0,864,0,136,0,0,863,0,137,0,0,863,1,136,0,0,868,0,132,0,0,869,0,131,0,0,864,0,136,0,0,871,0,129,0,0,856,0,144,0,0,865,0,135,0,0,860,0,140,0,0,865,0,135,0,0,861,0,139,0,0,868,0,132,0,0,856,0,144,0,0,862,0,138,0,0,869,0,131,0,0,868,0,132,0,0,875,0,125,0,0,869,1,130,0,0,867,0,133,0,0,863,0,137,0,0,869,0,131,0,0,863,0,137,0,0,870,0,130,0,0,860,0,140,0,0,865,0,135,0,0,872,0,128,0,0,860,0,140,0,0,868,2,130,0,0,856,0,144,0,0,867,0,133,0,0,865,0,135,0,0
189,targeted_heterosexual,0.5,860,1,139,0,0,863,0,137,0,0,863,0,137,0,0,866,0,134,0,0,869,0,131,0,0,865,0,135,0,0,863,0,137,0,0,873,0,127,0,0,857,0,143,0,0,852,0,148,0,0,867,0,133,0,0,866,0,134,0,0,870,0,130,0,0,858,0,142,0,0,866,0,134,0,0,857,0,143,0,0,869,0,131,0,0,868,0,132,0,0,864,0,136,0,0,863,0,137,0,0,863,1,136,0,0,868,0,132,0,0,869,0,131,0,0,864,0,136,0,0,871,0,129,0,0,856,0,144,0,0,865,0,135,0,0,860,0,140,0,0,865,0,135,0,0,861,0,139,0,0,868,0,132,0,0,856,0,144,0,0,862,0,138,0,0,869,0,131,0,0,868,0,132,0,0,875,0,125,0,0,869,0,131,0,0,867,0,133,0,0,863,0,137,0,0,869,0,131,0,0,863,0,137,0,0,870,0,130,0,0,860,0,140,0,0,865,0,135,0,0,872,0,128,0,0,860,0,140,0,0,868,2,130,0,0,856,0,144,0,0,867,0,133,0,0,865,0,135,0,0
190,targeted_heterosexual,0.5,860,1,139,0,0,863,0,137,0,0,863,0,137,0,0,866,0,134,0,0,869,0,131,0,0,865,0,135,0,0,863,0,137,0,0,873,0,127,0,0,857,0,143,0,0,852,0,148,0,0,867,0,133,0,0,866,0,134,0,0,870,0,130,0,0,858,0,142,0,0,866,0,134,0,0,857,0,143,0,0,869,0,131,0,0,868,0,132,0,0,864,0,136,0,0,863,0,137,0,0,863,1,136,0,0,868,0,132,0,0,869,0,131,0,0,864,0,136,0,0,871,0,129,0,0,856,0,144,0,0,865,0,135,0,0,860,0,140,0,0,865,0,135,0,0,861,0,139,0,0,868,0,132,0,0,856,0,144,0,0,862,0,138,0,0,869,0,131,0,0,868,0,132,0,0,875,0,125,0,0,869,0,131,0,0,866,1,133,0,0,863,0,137,0,0,869,0,131,0,0,863,0,137,0,0,870,0,130,0,0,860,0,140,0,0,865,0,135,0,0,872,0,128,0,0,860,0,140,0,0,868,2,130,0,0,856,0,144,0,0,867,0,133,0,0,865,0,135,0,0
191,targeted_heterosexual,0.5,860,1,139,0,0,863,0,137,0,0,863,0,137,0,0,866,0,134,0,0,869,0,131,0,0,865,0,135,0,0,863,0,137,0,0,873,0,127,0,0,857,0,143,0,0,852,0,148,0,0,867,0,133,0,0,866,0,134,0,0,870,0,130,0,0,858,0,142,0,0,866,0,134,0,0,857,0,143,0,0,869,0,131,0,0,868,0,132,0,0,864,0,136,0,0,863,0,137,0,0,863,1,136,0,0,868,0,132,0,0,869,0,131,0,0,864,0,136,0,0,871,0,129,0,0,856,0,144,0,0,865,0,135,0,0,860,0,140,0,0,865,0,135,0,0,861,0,139,0,0,868,0,132,0,0,856,0,144,0,0,862,0,138,0,0,869,0,131,0,0,868,0,132,0,0,875,0,125,0,0,869,0,131,0,0,866,1,133,0,0,863,0,137,0,0,869,0,131,0,0,863,0,137,0,0,870,0,130,0,0,860,0,140,0,0,865,0,135,0,0,872,0,128,0,0,860,0,140,0,0,868,2,130,0,0,856,0,144,0,0,867,0,133,0,0,865,0,135,0,0
192,targeted_heterosexual,0.5,860,1,139,0,0,863,0,137,0,0,863,0,137,0,0,866,0,134,0,0,869,0,131,0,0,865,0,135,0,0,863,0,137,0,0,873,0,127,0,0,857,0,143,0,0,852,0,148,0,0,867,0,133,0,0,866,0,134,0,0,870,0,130,0,0,858,0,142,0,0,866,0,134,0,0,857,0,143,0,0,869,0,131,0,0,868,0,132,0,0,864,0,136,0,0,863,0,137,0,0,863,1,136,0,0,868,0,132,0,0,869,0,131,0,0,864,0,136,0,0,871,0,129,0,0,856,0,144,0,0,865,0,135,0,0,860,0,140,0,0,865,0,135,0,0,861,0,139,0,0,868,0,132,0,0,856,0,144,0,0,862,0,138,0,0,869,0,131,0,0,868,0,132,0,0,875,0,125,0,0,869,0,131,0,0,866,1,133,0,0,863,0,137,0,0,869,0,131,0,0,863,0,137,0,0,870,0,130,0,0,860,0,140,0,0,865,0,135,0,0,872,0,128,0,0,860,0,140,0,0,868,2,130,0,0,856,0,144,0,0,867,0,133,0,0,865,0,135,0,0
193,targeted_heterosexual,0.5,860,1,139,0,0,863,0,137,0,0,863,0,137,0,0,866,0,134,0,0,869,0,131,0,0,865,0,135,0,0,863,0,137,0,0,873,0,127,0,0,857,0,143,0,0,852,0,148,0,0,867,0,133,0,0,866,0,134,0,0,870,0,130,0,0,858,0,142,0,0,866,0,134,0,0,857,0,143,0,0,869,0,131,0,0,868,0,132,0,0,864,0,136,0,0,863,0,137,0,0,863,1,136,0,0,868,0,132,0,0,869,0,131,0,0,864,0,136,0,0,871,0,129,0,0,856,0,144,0,0,865,0,135,0,0,860,0,140,0,0,865,0,135,0,0,861,0,139,0,0,868,0,132,0,0,856,0,144,0,0,862,0,138,0,0,869,0,131,0,0,868,0,132,0,0,875,0,125,0,0,869,0,131,0,0,866,1,133,0,0,863,0,137,0,0,869,0,131,0,0,863,0,137,0,0,870,0,130,0,0,860,0,140,0,0,865,0,135,0,0,872,0,128,0,0,860,0,140,0,0,866,4,130,0,0,856,0,144,0,0,867,0,133,0,0,865,0,135,0,0
194,targeted_heterosexual,0.5,860,1,139,0,0,863,0,137,0,0,863,0,137,0,0,866,0,134,0,0,869,0,131,0,0,865,0,135,0,0,862,1,137,0,0,873,0,127,0,0,857,0,143,0,0,852,0,148,0,0,867,0,133,0,0,866,0,134,0,0,870,0,130,0,0,858,0,142,0,0,866,0,134,0,0,857,0,143,0,0,869,0,131,0,0,868,0,132,0,0,864,0,136,0,0,863,0,137,0,0,863,1,136,0,0,868,0,132,0,0,869,0,131,0,0,864,0,136,0,0,871,0,129,0,0,856,0,144,0,0,865,0,135,0,0,860,0,140,0,0,865,0,135,0,0,861,0,139,0,0,868,0,132,0,0,856,0,144,0,0,862,0,138,0,0,869,0,131,0,0,868,0,132,0,0,875,0,125,0,0,869,0,131,0,0,866,1,133,0,0,863,0,137,0,0,869,0,131,0,0,863,0,137,0,0,870,0,130,0,0,860,0,140,0,0,865,0,135,0,0,872,0,128,0,0,860,0,140,0,0,866,4,130,0,0,856,0,144,0,0,867,0,133,0,0,865,0,135,0,0
195,targeted_heterosexual,0.5,860,1,139,0,0,863,0,137,0,0,863,0,137,0,0,866,0,134,0,0,869,0,131,0,0,865,0,135,0,0,862,1,137,0,0,873,0,127,0,0,857,0,143,0,0,852,0,148,0,0,867,0,133,0,0,866,0,134,0,0,870,0,130,0,0,858,0,142,0,0,866,0,134,0,0,857,0,143,0,0,869,0,131,0,0,868,0,132,0,0,864,0,136,0,0,863,0,137,0,0,863,1,136,0,0,868,0,132,0,0,869,0,131,0,0,864,0,136,0,0,871,0,129,0,0,856,0,144,0,0,865,0,135,0,0,860,0,140,0,0,865,0,135,0,0,861,0,139,0,0,868,0,132,0,0,856,0,144,0,0,862,0,138,0,0,869,0,131,0,0,868,0,132,0,0,875,0,125,0,0,869,0,131,0,0,866,1,133,0,0,863,0,137,0,0,869,0,131,0,0,863,0,137,0,0,870,0,130,0,0,860,0,140,0,0,865,0,135,0,0,872,0,128,0,0,860,0,140,0,0,866,3,131,0,0,856,0,144,0,0,867,0,133,0,0,865,0,135,0,0
196,targeted_heterosexual,0.5,860,1,139,0,0,863,0,137,0,0,863,0,137,0,0,866,0,134,0,0,869,0,131,0,0,865,0,135,0,0,862,1,137,0,0,873,0,127,0,0,857,0,143,0,0,852,0,148,0,0,867,0,133,0,0,866,0,134,0,0,870,0,130,0,0,858,0,142,0,0,866,0,134,0,0,857,0,143,0,0,869,0,131,0,0,868,0,132,0,0,864,0,136,0,0,863,0,137,0,0,863,1,136,0,0,868,0,132,0,0,869,0,131,0,0,864,0,136,0,0,871,0,129,0,0,856,0,144,0,0,865,0,135,0,0,860,0,140,0,0,865,0,135,0,0,861,0,139,0,0,868,0,132,0,0,856,0,144,0,0,862,0,138,0,0,869,0,131,0,0,868,0,132,0,0,875,0,125,0,0,869,0,131,0,0,866,1,133,0,0,863,0,137,0,0,869,0,131,0,0,863,0,137,0,0,870,0,130,0,0,860,0,140,0,0,865,0,135,0,0,872,0,128,0,0,860,0,140,0,0,866,3,131,0,0,856,0,144,0,0,867,0,133,0,0,865,0,135,0,0
197,targeted_heterosexual,0.5,860,0,140,0,0,863,0,137,0,0,863,0,137,0,0,866,0,134,0,0,869,0,131,0,0,865,0,135,0,0,862,1,137,0,0,873,0,127,0,0,857,0,143,0,0,852,0,148,0,0,867,0,133,0,0,866,0,134,0,0,870,0,130,0,0,858,0,142,0,0,866,0,134,0,0,857,0,143,0,0,869,0,131,0,0,868,0,132,0,0,864,0,136,0,0,863,0,137,0,0,863,1,136,0,0,868,0,132,0,0,869,0,131,0,0,864,0,136,0,0,871,0,129,0,0,856,0,144,0,0,865,0,135,0,0,860,0,140,0,0,865,0,135,0,0,861,0,139,0,0,868,0,132,0,0,856,0,144,0,0,862,0,138,0,0,869,0,131,0,0,868,0,132,0,0,875,0,125,0,0,869,0,131,0,0,866,1,133,0,0,863,0,137,0,0,869,0,131,0,0,863,0,137,0,0,870,0,130,0,0,860,0,140,0,0,865,0,135,0,0,872,0,128,0,0,860,0,140,0,0,866,3,131,0,0,856,0,144,0,0,867,0,133,0,0,865,0,135,0,0
198,targeted_heterosexual,0.5,860,0,140,0,0,863,0,137,0,0,863,0,137,0,0,866,0,134,0,0,869,0,131,0,0,865,0,135,0,0,862,1,137,0,0,873,0,127,0,0,857,0,143,0,0,852,0,148,0,0,867,0,133,0,0,866,0,134,0,0,870,0,130,0,0,858,0,142,0,0,866,0,134,0,0,857,0,143,0,0,869,0,131,0,0,868,0,132,0,0,864,0,136,0,0,863,0,137,0,0,863,0,137,0,0,868,0,132,0,0,869,0,131,0,0,864,0,136,0,0,871,0,129,0,0,856,0,144,0,0,865,0,135,0,0,860,0,140,0,0,865,0,135,0,0,861,0,139,0,0,868,0,132,0,0,856,0,144,0,0,862,0,138,0,0,869,0,131,0,0,868,0,132,0,0,875,0,125,0,0,869,0,131,0,0,866,1,133,0,0,863,0,137,0,0,869,0,131,0,0,863,0,137,0,0,870,0,130,0,0,860,0,140,0,0,865,0,135,0,0,872,0,128,0,0,860,0,140,0,0,866,3,131,0,0,856,0,144,0,0,867,0,133,0,0,865,0,135,0,0
199,targeted_heterosexual,0.5,860,0,140,0,0,863,0,137,0,0,863,0,137,0,0,866,0,134,0,0,869,0,131,0,0,864,1,135,0,0,862,1,137,0,0,873,0,127,0,0,857,0,143,0,0,852,0,148,0,0,867,0,133,0,0,866,0,134,0,0,870,0,130,0,0,858,0,142,0,0,866,0,134,0,0,857,0,143,0,0,869,0,131,0,0,868,0,132,0,0,864,0,136,0,0,863,0,137,0,0,863,0,137,0,0,868,0,132,0,0,869,0,131,0,0,864,0,136,0,0,871,0,129,0,0,856,0,144,0,0,865,0,135,0,0,860,0,140,0,0,865,0,135,0,0,861,0,139,0,0,868,0,132,0,0,856,0,144,0,0,862,0,138,0,0,869,0,131,0,0,868,0,132,0,0,875,0,125,0,0,869,0,131,0,0,866,1,133,0,0,863,0,137,0,0,869,0,131,0,0,863,0,137,0,0,870,0,130,0,0,860,0,140,0,0,865,0,135,0,0,872,0,128,0,0,860,0,140,0,0,866,3,131,0,0,856,0,144,0,0,867,0,133,0,0,865,0,135,0,0
200,targeted_heterosexual,0.5,860,0,140,0,0,863,0,137,0,0,863,0,137,0,0,866,0,134,0,0,869,0,131,0,0,864,1,135,0,0,862,1,137,0,0,873,0,127,0,0,857,0,143,0,0,852,0,148,0,0,867,0,133,0,0,866,0,134,0,0,870,0,130,0,0,858,0,142,0,0,866,0,134,0,0,857,0,143,0,0,869,0,131,0,0,868,0,132,0,0,864,0,136,0,0,863,0,137,0,0,863,0,137,0,0,868,0,132,0,0,869,0,131,0,0,864,0,136,0,0,871,0,129,0,0,856,0,144,0,0,865,0,135,0,0,860,0,140,0,0,865,0,135,0,0,861,0,139,0,0,868,0,132,0,0,856,0,144,0,0,862,0,138,0,0,869,0,131,0,0,868,0,132,0,0,875,0,125,0,0,869,0,131,0,0,866,1,133,0,0,863,0,137,0,0,869,0,131,0,0,863,0,137,0,0,870,0,130,0,0,860,0,140,0,0,865,0,135,0,0,872,0,128,0,0,860,0,140,0,0,866,2,132,0,0,856,0,144,0,0,867,0,133,0,0,865,0,135,0,0
201,targeted_heterosexual,0.5,860,0,140,0,0,863,0,137,0,0,863,0,137,0,0,866,0,134,0,0,869,0,131,0,0,864,1,135,0,0,862,1,137,0,0,873,0,127,0,0,857,0,143,0,0,852,0,148,0,0,867,0,133,0,0,866,0,134,0,0,870,0,130,0,0,858,0,142,0,0,866,0,134,0,0,857,0,143,0,0,869,0,131,0,0,868,0,132,0,0,864,0,136,0,0,863,0,137,0,0,863,0,137,0,0,868,0,132,0,0,869,0,131,0,0,864,0,136,0,0,871,0,129,0,0,856,0,144,0,0,865,0,135,0,0,860,0,140,0,0,865,0,135,0,0,861,0,139,0,0,868,0,132,0,0,855,1,144,0,0,862,0,138,0,0,869,0,131,0,0,868,0,132,0,0,875,0,125,0,0,869,0,131,0,0,866,1,133,0,0,863,0,137,0,0,869,0,131,0,0,863,0,137,0,0,870,0,130,0,0,860,0,140,0,0,865,0,135,0,0,872,0,128,0,0,860,0,140,0,0,866,2,132,0,0,856,0,144,0,0,867,0,133,0,0,865,0,135,0,0
202,targeted_heterosexual,0.5,860,0,140,0,0,863,0,137,0,0,863,0,137,0,0,866,0,134,0,0,869,0,131,0,0,864,1,135,0,0,862,1,137,0,0,873,0,127,0,0,857,0,143,0,0,852,0,148,0,0,867,0,133,0,0,866,0,134,0,0,870,0,130,0,0,858,0,142,0,0,866,0,134,0,0,857,0,143,0,0,869,0,131,0,0,868,0,132,0,0,864,0,136,0,0,863,0,137,0,0,863,0,137,0,0,868,0,132,0,0,869,0,131,0,0,864,0,136,0,0,871,0,129,0,0,856,0,144,0,0,865,0,135,0,0,860,0,140,0,0,865,0,135,0,0,861,0,139,0,0,868,0,132,0,0,855,1,144,0,0,862,0,138,0,0,869,0,131,0,0,868,0,132,0,0,875,0,125,0,0,869,0,131,0,0,866,1,133,0,0,863,0,137,0,0,869,0,131,0,0,863,0,137,0,0,870,0,130,0,0,860,0,140,0,0,865,0,135,0,0,872,0,128,0,0,860,0,140,0,0,866,2,132,0,0,856,0,144,0,0,867,0,133,0,0,865,0,135,0,0
203,targeted_heterosexual,0.5,860,0,140,0,0,863,0,137,0,0,863,0,137,0,0,866,0,134,0,0,869,0,131,0,0,864,1,135,0,0,862,1,137,0,0,873,0,127,0,0,857,0,143,0,0,852,0,148,0,0,867,0,133,0,0,866,0,134,0,0,870,0,130,0,0,858,0,142,0,0,866,0,134,0,0,857,0,143,0,0,869,0,131,0,0,868,0,132,0,0,864,0,136,0,0,863,0,137,0,0,863,0,137,0,0,868,0,132,0,0,869,0,131,0,0,864,0,136,0,0,871,0,129,0,0,856,0,144,0,0,865,0,135,0,0,860,0,140,0,0,865,0,135,0,0,861,0,139,0,0,868,0,132,0,0,855,1,144,0,0,862,0,138,0,0,869,0,131,0,0,868,0,132,0,0,875,0,125,0,0,869,0,131,0,0,866,0,134,0,0,863,0,137,0,0,869,0,131,0,0,863,0,137,0,0,870,0,130,0,0,860,0,140,0,0,865,0,135,0,0,872,0,128,0,0,860,0,140,0,0,866,2,132,0,0,856,0,144,0,0,867,0,133,0,0,865,0,135,0,0
204,targeted_heterosexual,0.5,860,0,140,0,0,863,0,137,0,0,863,0,137,0,0,866,0,134,0,0,869,0,131,0,0,864,1,135,0,0,862,1,137,0,0,873,0,127,0,0,857,0,143,0,0,852,0,148,0,0,867,0,133,0,0,866,0,134,0,0,870,0,130,0,0,858,0,142,0,0,866,0,134,0,0,857,0,143,0,0,869,0,131,0,0,868,0,132,0,0,864,0,136,0,0,863,0,137,0,0,863,0,137,0,0,868,0,132,0,0,869,0,131,0,0,864,0,136,0,0,871,0,129,0,0,856,0,144,0,0,865,0,135,0,0,860,0,140,0,0,865,0,135,0,0,861,0,139,0,0,868,0,132,0,0,855,1,144,0,0,862,0,138,0,0,869,0,131,0,0,868,0,132,0,0,875,0,125,0,0,869,0,131,0,0,866,0,134,0,0,863,0,137,0,0,869,0,131,0,0,863,0,137,0,0,870,0,130,0,0,860,0,140,0,0,865,0,135,0,0,872,0,128,0,0,860,0,140,0,0,866,2,132,0,0,856,0,144,0,0,867,0,133,0,0,865,0,135,0,0
205,targeted_heterosexual,0.5,860,0,140,0,0,863,0,137,0,0,863,0,137,0,0,866,0,134,0,0,869,0,131,0,0,864,1,135,0,0,862,1,137,0,0,873,0,127,0,0,857,0,143,0,0,852,0,148,0,0,867,0,133,0,0,866,0,134,0,0,870,0,130,0,0,858,0,142,0,0,866,0,134,0,0,857,0,143,0,0,869,0,131,0,0,868,0,132,0,0,864,0,136,0,0,863,0,137,0,0,863,0,137,0,0,868,0,132,0,0,869,0,131,0,0,863,1,136,0,0,871,0,129,0,0,856,0,144,0,0,865,0,135,0,0,860,0,140,0,0,865,0,135,0,0,861,0,139,0,0,868,0,132,0,0,855,1,144,0,0,862,0,138,0,0,869,0,131,0,0,868,0,132,0,0,875,0,125,0,0,869,0,131,0,0,866,0,134,0,0,863,0,137,0,0,869,0,131,0,0,863,0,137,0,0,870,0,130,0,0,860,0,140,0,0,865,0,135,0,0,872,0,128,0,0,860,0,140,0,0,866,2,132,0,0,856,0,144,0,0,867,0,133,0,0,865,0,135,0,0
206,targeted_heterosexual,0.5,860,0,140,0,0,863,0,137,0,0,863,0,137,0,0,866,0,134,0,0,869,0,131,0,0,864,1,135,0,0,862,1,137,0,0,873,0,127,0,0,857,0,143,0,0,852,0,148,0,0,867,0,133,0,0,866,0,134,0,0,870,0,130,0,0,858,0,142,0,0,866,0,134,0,0,857,0,143,0,0,869,0,131,0,0,868,0,132,0,0,864,0,136,0,0,863,0,137,0,0,863,0,137,0,0,868,0,132,0,0,869,0,131,0,0,863,1,136,0,0,871,0,129,0,0,856,0,144,0,0,865,0,135,0,0,860,0,140,0,0,865,0,135,0,0,861,0,139,0,0,868,0,132,0,0,855,1,144,0,0,862,0,138,0,0,869,0,131,0,0,868,0,132,0,0,875,0,125,0,0,869,0,131,0,0,866,0,134,0,0,863,0,137,0,0,869,0,131,0,0,863,0,137,0,0,870,0,130,0,0,859,1,140,0,0,865,0,135,0,0,872,0,128,0,0,860,0,140,0,0,866,0,134,0,0,856,0,144,0,0,867,0,133,0,0,865,0,135,0,0
207,targeted_heterosexual,0.5,860,0,140,0,0,863,0,137,0,0,863,0,137,0,0,866,0,134,0,0,869,0,131,0,0,864,1,135,0,0,862,0,138,0,0,873,0,127,0,0,857,0,143,0,0,852,0,148,0,0,867,0,133,0,0,866,0,134,0,0,870,0,130,0,0,858,0,142,0,0,866,0,134,0,0,857,0,143,0,0,869,0,131,0,0,868,0,132,0,0,864,0,136,0,0,863,0,137,0,0,863,0,137,0,0,868,0,132,0,0,869,0,131,0,0,863,1,136,0,0,871,0,129,0,0,856,0,144,0,0,865,0,135,0,0,860,0,140,0,0,865,0,135,0,0,861,0,139,0,0,868,0,132,0,0,855,1,144,0,0,862,0,138,0,0,869,0,131,0,0,868,0,132,0,0,875,0,125,0,0,869,0,131,0,0,866,0,134,0,0,863,0,137,0,0,869,0,131,0,0,863,0,137,0,0,870,0,130,0,0,859,1,140,0,0,865,0,135,0,0,872,0,128,0,0,860,0,140,0,0,866,0,134,0,0,856,0,144,0,0,867,0,133,0,0,865,0,135,0,0
208,targeted_heterosexual,0.5,860,0,140,0,0,863,0,137,0,0,863,0,137,0,0,866,0,134,0,0,869,0,131,0,0,864,1,135,0,0,862,0,138,0,0,873,0,127,0,0,857,0,143,0,0,852,0,148,0,0,867,0,133,0,0,866,0,134,0,0,870,0,130,0,0,858,0,142,0,0,866,0,134,0,0,857,0,143,0,0,869,0,131,0,0,868,0,132,0,0,864,0,136,0,0,863,0,137,0,0,863,0,137,0,0,868,0,132,0,0,869,0,131,0,0,863,1,136,0,0,871,0,129,0,0,856,0,144,0,0,865,0,135,0,0,860,0,140,0,0,865,0,135,0,0,861,0,139,0,0,868,0,132,0,0,855,1,144,0,0,862,0,138,0,0,869,0,131,0,0,868,0,132,0,0,875,0,125,0,0,869,0,131,0,0,866,0,134,0,0,863,0,137,0,0,869,0,131,0,0,863,0,137,0,0,870,0,130,0,0,859,1,140,0,0,865,0,135,0,0,872,0,128,0,0,860,0,140,0,0,866,0,134,0,0,856,0,144,0,0,867,0,133,0,0,865,0,135,0,0
209,targeted_heterosexual,0.5,860,0,140,0,0,863,0,137,0,0,863,0,137,0,0,866,0,134,0,0,869,0,131,0,0,864,1,135,0,0,862,0,138,0,0,873,0,127,0,0,857,0,143,0,0,852,0,148,0,0,867,0,133,0,0,866,0,134,0,0,870,0,130,0,0,858,0,142,0,0,866,0,134,0,0,857,0,143,0,0,869,0,131,0,0,868,0,132,0,0,864,0,136,0,0,863,0,137,0,0,863,0,137,0,0,868,0,132,0,0,869,0,131,0,0,863,1,136,0,0,871,0,129,0,0,856,0,144,0,0,865,0,135,0,0,860,0,140,0,0,865,0,135,0,0,861,0,139,0,0,868,0,132,0,0,855,1,144,0,0,862,0,138,0,0,869,0,131,0,0,868,0,132,0,0,875,0,125,0,0,869,0,131,0,0,866,0,134,0,0,863,0,137,0,0,869,0,131,0,0,863,0,137,0,0,870,0,130,0,0,859,1,140,0,0,865,0,135,0,0,872,0,128,0,0,860,0,140,0,0,866,0,134,0,0,856,0,144,0,0,867,0,133,0,0,865,0,135,0,0
210,targeted_heterosexual,0.5,860,0,140,0,0,863,0,137,0,0,863,0,137,0,0,866,0,134,0,0,869,0,131,0,0,864,1,135,0,0,862,0,138,0,0,873,0,127,0,0,857,0,143,0,0,852,0,148,0,0,867,0,133,0,0,866,0,134,0,0,870,0,130,0,0,858,0,142,0,0,866,0,134,0,0,857,0,143,0,0,869,0,131,0,0,868,0,132,0,0,864,0,136,0,0,863,0,137,0,0,863,0,137,0,0,868,0,132,0,0,869,0,131,0,0,863,1,136,0,0,871,0,129,0,0,856,0,144,0,0,865,0,135,0,0,860,0,140,0,0,865,0,135,0,0,861,0,139,0,0,868,0,132,0,0,855,1,144,0,0,862,0,138,0,0,869,0,131,0,0,868,0,132,0,0,875,0,125,0,0,869,0,131,0,0,866,0,134,0,0,863,0,137,0,0,869,0,131,0,0,863,0,137,0,0,870,0,130,0,0,859,1,140,0,0,865,0,135,0,0,872,0,128,0,0,860,0,140,0,0,866,0,134,0,0,856,0,144,0,0,867,0,133,0,0,865,0,135,0,0
211,targeted_heterosexual,0.5,860,0,140,0,0,863,0,137,0,0,863,0,137,0,0,866,0,134,0,0,869,0,131,0,0,864,1,135,0,0,862,0,138,0,0,873,0,127,0,0,857,0,143,0,0,852,0,148,0,0,867,0,133,0,0,866,0,134,0,0,870,0,130,0,0,858,0,142,0,0,866,0,134,0,0,857,0,143,0,0,869,0,131,0,0,868,0,132,0,0,864,0,136,0,0,863,0,137,0,0,863,0,137,0,0,868,0,132,0,0,869,0,131,0,0,863,1,136,0,0,871,0,129,0,0,856,0,144,0,0,865,0,135,0,0,860,0,140,0,0,865,0,135,0,0,861,0,139,0,0,868,0,132,0,0,855,1,144,0,0,862,0,138,0,0,869,0,131,0,0,868,0,132,0,0,875,0,125,0,0,869,0,131,0,0,866,0,134,0,0,863,0,137,0,0,869,0,131,0,0,863,0,137,0,0,870,0,130,0,0,859,1,140,0,0,865,0,135,0,0,872,0,128,0,0,860,0,140,0,0,866,0,134,0,0,856,0,144,0,0,867,0,133,0,0,865,0,135,0,0
212,targeted_heterosexual,0.5,860,0,140,0,0,863,0,137,0,0,863,0,137,0,0,866,0,134,0,0,869,0,131,0,0,864,0,136,0,0,862,0,138,0,0,873,0,127,0,0,857,0,143,0,0,852,0,148,0,0,867,0,133,0,0,866,0,134,0,0,870,0,130,0,0,858,0,142,0,0,866,0,134,0,0,857,0,143,0,0,869,0,131,0,0,868,0,132,0,0,864,0,136,0,0,863,0,137,0,0,863,0,137,0,0,868,0,132,0,0,869,0,131,0,0,863,1,136,0,0,871,0,129,0,0,856,0,144,0,0,865,0,135,0,0,860,0,140,0,0,865,0,135,0,0,861,0,139,0,0,868,0,132,0,0,855,1,144,0,0,862,0,138,0,0,869,0,131,0,0,868,0,132,0,0,875,0,125,0,0,869,0,131,0,0,866,0,134,0,0,863,0,137,0,0,869,0,131,0,0,863,0,137,0,0,870,0,130,0,0,859,1,140,0,0,865,0,135,0,0,872,0,128,0,0,860,0,140,0,0,866,0,134,0,0,856,0,144,0,0,867,0,133,0,0,865,0,135,0,0
213,targeted_heterosexual,0.5,860,0,140,0,0,863,0,137,0,0,863,0,137,0,0,866,0,134,0,0,869,0,131,0,0,864,0,136,0,0,862,0,138,0,0,873,0,127,0,0,857,0,143,0,0,852,0,148,0,0,867,0,133,0,0,866,0,134,0,0,870,0,130,0,0,858,0,142,0,0,866,0,134,0,0,856,1,143,0,0,869,0,131,0,0,868,0,132,0,0,864,0,136,0,0,863,0,137,0,0,863,0,137,0,0,868,0,132,0,0,869,0,131,0,0,863,1,136,0,0,871,0,129,0,0,856,0,144,0,0,865,0,135,0,0,860,0,140,0,0,865,0,135,0,0,861,0,139,0,0,868,0,132,0,0,855,1,144,0,0,862,0,138,0,0,869,0,131,0,0,868,0,132,0,0,875,0,125,0,0,869,0,131,0,0,866,0,134,0,0,863,0,137,0,0,869,0,131,0,0,863,0,137,0,0,870,0,130,0,0,859,1,140,0,0,865,0,135,0,0,872,0,128,0,0,860,0,140,0,0,866,0,134,0,0,856,0,144,0,0,867,0,133,0,0,865,0,135,0,0
214,targeted_heterosexual,0.5,860,0,140,0,0,863,0,137,0,0,863,0,137,0,0,866,0,134,0,0,869,0,131,0,0,864,0,136,0,0,862,0,138,0,0,873,0,127,0,0,857,0,143,0,0,852,0,148,0,0,867,0,133,0,0,866,0,134,0,0,870,0,130,0,0,858,0,142,0,0,866,0,134,0,0,856,1,143,0,0,869,0,131,0,0,868,0,132,0,0,864,0,136,0,0,863,0,137,0,0,863,0,137,0,0,868,0,132,0,0,869,0,131,0,0,863,1,136,0,0,871,0,129,0,0,856,0,144,0,0,865,0,135,0,0,860,0,140,0,0,865,0,135,0,0,861,0,139,0,0,868,0,132,0,0,855,0,145,0,0,862,0,138,0,0,869,0,131,0,0,868,0,132,0,0,875,0,125,0,0,868,1,131,0,0,866,0,134,0,0,863,0,137,0,0,869,0,131,0,0,863,0,137,0,0,870,0,130,0,0,859,1,140,0,0,865,0,135,0,0,872,0,128,0,0,860,0,140,0,0,866,0,134,0,0,856,0,144,0,0,867,0,133,0,0,865,0,135,0,0
215,targeted_heterosexual,0.5,860,0,140,0,0,863,0,137,0,0,863,0,137,0,0,866,0,134,0,0,869,0,131,0,0,864,0,136,0,0,862,0,138,0,0,873,0,127,0,0,857,0,143,0,0,852,0,148,0,0,867,0,133,0,0,866,0,134,0,0,870,0,130,0,0,858,0,142,0,0,866,0,134,0,0,856,1,143,0,0,869,0,131,0,0,868,0,132,0,0,864,0,136,0,0,863,0,137,0,0,863,0,137,0,0,868,0,132,0,0,869,0,131,0,0,863,1,136,0,0,871,0,129,0,0,856,0,144,0,0,865,0,135,0,0,860,0,140,0,0,865,0,135,0,0,861,0,139,0,0,868,0,132,0,0,855,0,145,0,0,862,0,138,0,0,869,0,131,0,0,868,0,132,0,0,875,0,125,0,0,868,1,131,0,0,866,0,134,0,0,863,0,137,0,0,869,0,131,0,0,863,0,137,0,0,870,0,130,0,0,859,1,140,0,0,865,0,135,0,0,872,0,128,0,0,860,0,140,0,0,866,0,134,0,0,856,0,144,0,0,867,0,133,0,0,865,0,135,0,0
216,targeted_heterosexual,0.5,860,0,140,0,0,863,0,137,0,0,863,0,137,0,0,866,0,134,0,0,869,0,131,0,0,864,0,136,0,0,862,0,138,0,0,873,0,127,0,0,857,0,143,0,0,852,0,148,0,0,867,0,133,0,0,866,0,134,0,0,870,0,130,0,0,858,0,142,0,0,866,0,134,0,0,856,1,143,0,0,869,0,131,0,0,868,0,132,0,0,864,0,136,0,0,863,0,137,0,0,863,0,137,0,0,868,0,132,0,0,869,0,131,0,0,863,1,136,0,0,871,0,129,0,0,856,0,144,0,0,865,0,135,0,0,860,0,140,0,0,865,0,135,0,0,861,0,139,0,0,868,0,132,0,0,855,0,145,0,0,862,0,138,0,0,869,0,131,0,0,868,0,132,0,0,875,0,125,0,0,868,1,131,0,0,866,0,134,0,0,863,0,137,0,0,869,0,131,0,0,863,0,137,0,0,870,0,130,0,0,859,1,140,0,0,865,0,135,0,0,872,0,128,0,0,860,0,140,0,0,866,0,134,0,0,856,0,144,0,0,867,0,133,0,0,865,0,135,0,0
217,targeted_heterosexual,0.5,860,0,140,0,0,863,0,137,0,0,863,0,137,0,0,866,0,134,0,0,869,0,131,0,0,864,0,136,0,0,862,0,138,0,0,873,0,127,0,0,857,0,143,0,0,852,0,148,0,0,867,0,133,0,0,866,0,134,0,0,870,0,130,0,0,857,1,142,0,0,866,0,134,0,0,856,1,143,0,0,869,0,131,0,0,868,0,132,0,0,864,0,136,0,0,863,0,137,0,0,863,0,137,0,0,868,0,132,0,0,869,0,131,0,0,863,1,136,0,0,871,0,129,0,0,856,0,144,0,0,865,0,135,0,0,860,0,140,0,0,865,0,135,0,0,861,0,139,0,0,868,0,132,0,0,855,0,145,0,0,862,0,138,0,0,869,0,131,0,0,868,0,132,0,0,875,0,125,0,0,868,1,131,0,0,866,0,134,0,0,863,0,137,0,0,869,0,131,0,0,863,0,137,0,0,870,0,130,0,0,858,2,140,0,0,865,0,135,0,0,872,0,128,0,0,860,0,140,0,0,866,0,134,0,0,856,0,144,0,0,867,0,133,0,0,865,0,135,0,0
218,targeted_heterosexual,0.5,860,0,140,0,0,863,0,137,0,0,863,0,137,0,0,866,0,134,0,0,869,0,131,0,0,864,0,136,0,0,862,0,138,0,0,873,0,127,0,0,857,0,143,0,0,852,0,148,0,0,867,0,133,0,0,866,0,134,0,0,870,0,130,0,0,857,1,142,0,0,866,0,134,0,0,856,1,143,0,0,869,0,131,0,0,868,0,132,0,0,864,0,136,0,0,863,0,137,0,0,863,0,137,0,0,868,0,132,0,0,869,0,131,0,0,863,0,137,0,0,871,0,129,0,0,856,0,144,0,0,865,0,135,0,0,860,0,140,0,0,865,0,135,0,0,861,0,139,0,0,868,0,132,0,0,855,0,145,0,0,862,0,138,0,0,869,0,131,0,0,868,0,132,0,0,875,0,125,0,0,867,2,131,0,0,866,0,134,0,0,863,0,137,0,0,869,0,131,0,0,863,0,137,0,0,870,0,130,0,0,858,2,140,0,0,865,0,135,0,0,872,0,128,0,0,860,0,140,0,0,866,0,134,0,0,856,0,144,0,0,867,0,133,0,0,865,0,135,0,0
219,targeted_heterosexual,0.5,860,0,140,0,0,863,0,137,0,0,863,0,137,0,0,866,0,134,0,0,869,0,131,0,0,864,0,136,0,0,862,0,138,0,0,873,0,127,0,0,857,0,143,0,0,852,0,148,0,0,867,0,133,0,0,866,0,134,0,0,870,0,130,0,0,857,1,142,0,0,866,0,134,0,0,856,1,143,0,0,869,0,131,0,0,868,0,132,0,0,864,0,136,0,0,863,0,137,0,0,863,0,137,0,0,868,0,132,0,0,869,0,131,0,0,863,0,137,0,0,871,0,129,0,0,856,0,144,0,0,865,0,135,0,0,860,0,140,0,0,865,0,135,0,0,861,0,139,0,0,868,0,132,0,0,855,0,145,0,0,862,0,138,0,0,869,0,131,0,0,868,0,132,0,0,875,0,125,0,0,867,2,131,0,0,866,0,134,0,0,863,0,137,0,0,869,0,131,0,0,863,0,137,0,0,870,0,130,0,0,858,1,141,0,0,865,0,135,0,0,872,0,128,0,0,860,0,140,0,0,866,0,134,0,0,856,0,144,0,0,867,0,133,0,0,865,0,135,0,0
220,targeted_heterosexual,0.5,860,0,140,0,0,863,0,137,0,0,863,0,137,0,0,866,0,134,0,0,869,0,131,0,0,864,0,136,0,0,862,0,138,0,0,873,0,127,0,0,857,0,143,0,0,852,0,148,0,0,867,0,133,0,0,866,0,134,0,0,870,0,130,0,0,857,1,142,0,0,866,0,134,0,0,856,1,143,0,0,869,0,131,0,0,868,0,132,0,0,864,0,136,0,0,863,0,137,0,0,863,0,137,0,0,868,0,132,0,0,869,0,131,0,0,863,0,137,0,0,871,0,129,0,0,856,0,144,0,0,865,0,135,0,0,860,0,140,0,0,865,0,135,0,0,861,0,139,0,0,868,0,132,0,0,855,0,145,0,0,862,0,138,0,0,869,0,131,0,0,868,0,132,0,0,875,0,125,0,0,867,2,131,0,0,866,0,134,0,0,863,0,137,0,0,869,0,131,0,0,863,0,137,0,0,870,0,130,0,0,858,1,141,0,0,865,0,135,0,0,872,0,128,0,0,860,0,140,0,0,866,0,134,0,0,856,0,144,0,0,867,0,133,0,0,865,0,135,0,0
221,targeted_heterosexual,0.5,860,0,140,0,0,863,0,137,0,0,863,0,137,0,0,866,0,134,0,0,869,0,131,0,0,864,0,136,0,0,862,0,138,0,0,873,0,127,0,0,857,0,143,0,0,852,0,148,0,0,867,0,133,0,0,866,0,134,0,0,870,0,130,0,0,857,1,142,0,0,866,0,134,0,0,856,1,143,0,0,869,0,131,0,0,868,0,132,0,0,864,0,136,0,0,863,0,137,0,0,863,0,137,0,0,868,0,132,0,0,869,0,131,0,0,863,0,137,0,0,871,0,129,0,0,856,0,144,0,0,865,0,135,0,0,860,0,140,0,0,865,0,135,0,0,861,0,139,0,0,868,0,132,0,0,855,0,145,0,0,862,0,138,0,0,869,0,131,0,0,868,0,132,0,0,875,0,125,0,0,867,2,131,0,0,866,0,134,0,0,863,0,137,0,0,869,0,131,0,0,863,0,137,0,0,870,0,130,0,0,858,1,141,0,0,865,0,135,0,0,872,0,128,0,0,860,0,140,0,0,866,0,134,0,0,856,0,144,0,0,867,0,133,0,0,865,0,135,0,0
222,targeted_heterosexual,0.5,860,0,140,0,0,863,0,137,0,0,863,0,137,0,0,866,0,134,0,0,869,0,131,0,0,864,0,136,0,0,862,0,138,0,0,873,0,127,0,0,857,0,143,0,0,852,0,148,0,0,867,0,133,0,0,866,0,134,0,0,870,0,130,0,0,857,1,142,0,0,866,0,134,0,0,856,1,143,0,0,869,0,131,0,0,868,0,132,0,0,864,0,136,0,0,863,0,137,0,0,863,0,137,0,0,868,0,132,0,0,869,0,131,0,0,863,0,137,0,0,871,0,129,0,0,856,0,144,0,0,865,0,135,0,0,860,0,140,0,0,865,0,135,0,0,861,0,139,0,0,868,0,132,0,0,855,0,145,0,0,862,0,138,0,0,869,0,131,0,0,868,0,132,0,0,875,0,125,0,0,867,2,131,0,0,866,0,134,0,0,863,0,137,0,0,869,0,131,0,0,863,0,137,0,0,870,0,130,0,0,858,1,141,0,0,865,0,135,0,0,872,0,128,0,0,860,0,140,0,0,866,0,134,0,0,856,0,144,0,0,867,0,133,0,0,865,0,135,0,0
223,targeted_heterosexual,0.5,860,0,140,0,0,863,0,137,0,0,863,0,137,0,0,866,0,134,0,0,869,0,131,0,0,864,0,136,0,0,862,0,138,0,0,873,0,127,0,0,857,0,143,0,0,852,0,148,0,0,867,0,133,0,0,866,0,134,0,0,870,0,130,0,0,857,1,142,0,0,866,0,134,0,0,856,1,143,0,0,869,0,131,0,0,868,0,132,0,0,864,0,136,0,0,863,0,137,0,0,863,0,137,0,0,868,0,132,0,0,869,0,131,0,0,863,0,137,0,0,871,0,129,0,0,856,0,144,0,0,865,0,135,0,0,860,0,140,0,0,865,0,135,0,0,861,0,139,0,0,868,0,132,0,0,855,0,145,0,0,862,0,138,0,0,869,0,131,0,0,868,0,132,0,0,875,0,125,0,0,867,2,131,0,0,866,0,134,0,0,863,0,137,0,0,869,0,131,0,0,863,0,137,0,0,870,0,130,0,0,858,1,141,0,0,865,0,135,0,0,872,0,128,0,0,860,0,140,0,0,866,0,134,0,0,856,0,144,0,0,867,0,133,0,0,865,0,135,0,0
224,targeted_heterosexual,0.5,860,0,140,0,0,863,0,137,0,0,863,0,137,0,0,866,0,134,0,0,869,0,131,0,0,864,0,136,0,0,862,0,138,0,0,873,0,127,0,0,857,0,143,0,0,852,0,148,0,0,867,0,133,0,0,866,0,134,0,0,870,0,130,0,0,856,2,142,0,0,866,0,134,0,0,856,1,143,0,0,869,0,131,0,0,868,0,132,0,0,864,0,136,0,0,863,0,137,0,0,863,0,137,0,0,868,0,132,0,0,869,0,131,0,0,863,0,137,0,0,871,0,129,0,0,856,0,144,0,0,865,0,135,0,0,860,0,140,0,0,865,0,135,0,0,861,0,139,0,0,868,0,132,0,0,855,0,145,0,0,862,0,138,0,0,869,0,131,0,0,868,0,132,0,0,875,0,125,0,0,867,2,131,0,0,866,0,134,0,0,863,0,137,0,0,869,0,131,0,0,863,0,137,0,0,870,0,130,0,0,858,1,141,0,0,865,0,135,0,0,872,0,128,0,0,860,0,140,0,0,866,0,134,0,0,856,0,144,0,0,867,0,133,0,0,865,0,135,0,0
225,targeted_heterosexual,0.5,860,0,140,0,0,863,0,137,0,0,863,0,137,0,0,866,0,134,0,0,869,0,131,0,0,864,0,136,0,0,862,0,138,0,0,873,0,127,0,0,857,0,143,0,0,852,0,148,0,0,867,0,133,0,0,866,0,134,0,0,870,0,130,0,0,856,2,142,0,0,866,0,134,0,0,856,1,143,0,0,869,0,131,0,0,868,0,132,0,0,864,0,136,0,0,863,0,137,0,0,863,0,137,0,0,868,0,132,0,0,869,0,131,0,0,863,0,137,0,0,871,0,129,0,0,856,0,144,0,0,865,0,135,0,0,860,0,140,0,0,865,0,135,0,0,861,0,139,0,0,868,0,132,0,0,855,0,145,0,0,862,0,138,0,0,869,0,131,0,0,868,0,132,0,0,875,0,125,0,0,867,2,131,0,0,866,0,134,0,0,863,0,137,0,0,869,0,131,0,0,863,0,137,0,0,870,0,130,0,0,858,1,141,0,0,865,0,135,0,0,872,0,128,0,0,860,0,140,0,0,866,0,134,0,0,856,0,144,0,0,867,0,133,0,0,865,0,135,0,0
226,targeted_heterosexual,0.5,860,0,140,0,0,863,0,137,0,0,863,0,137,0,0,866,0,134,0,0,869,0,131,0,0,864,0,136,0,0,862,0,138,0,0,873,0,127,0,0,857,0,143,0,0,852,0,148,0,0,867,0,133,0,0,866,0,134,0,0,870,0,130,0,0,854,4,142,0,0,866,0,134,0,0,856,0,144,0,0,869,0,131,0,0,868,0,132,0,0,864,0,136,0,0,863,0,137,0,0,863,0,137,0,0,868,0,132,0,0,869,0,131,0,0,863,0,137,0,0,871,0,129,0,0,856,0,144,0,0,865,0,135,0,0,860,0,140,0,0,865,0,135,0,0,861,0,139,0,0,868,0,132,0,0,855,0,145,0,0,862,0,138,0,0,869,0,131,0,0,868,0,132,0,0,875,0,125,0,0,867,2,131,0,0,866,0,134,0,0,863,0,137,0,0,869,0,131,0,0,863,0,137,0,0,870,0,130,0,0,858,1,141,0,0,865,0,135,0,0,872,0,128,0,0,860,0,140,0,0,866,0,134,0,0,856,0,144,0,0,867,0,133,0,0,865,0,135,0,0
227,targeted_heterosexual,0.5,860,0,140,0,0,863,0,137,0,0,863,0,137,0,0,866,0,134,0,0,869,0,131,0,0,864,0,136,0,0,862,0,138,0,0,873,0,127,0,0,857,0,143,0,0,852,0,148,0,0,867,0,133,0,0,866,0,134,0,0,870,0,130,0,0,854,4,142,0,0,866,0,134,0,0,856,0,144,0,0,869,0,131,0,0,868,0,132,0,0,864,0,136,0,0,863,0,137,0,0,863,0,137,0,0,868,0,132,0,0,869,0,131,0,0,863,0,137,0,0,871,0,129,0,0,856,0,144,0,0,865,0,135,0,0,860,0,140,0,0,865,0,135,0,0,861,0,139,0,0,868,0,132,0,0,855,0,145,0,0,862,0,138,0,0,869,0,131,0,0,868,0,132,0,0,875,0,125,0,0,867,1,132,0,0,866,0,134,0,0,863,0,137,0,0,869,0,131,0,0,863,0,137,0,0,870,0,130,0,0,858,1,141,0,0,865,0,135,0,0,872,0,128,0,0,860,0,140,0,0,866,0,134,0,0,856,0,144,0,0,867,0,133,0,0,865,0,135,0,0
228,targeted_heterosexual,0.5,860,0,140,0,0,863,0,137,0,0,863,0,137,0,0,866,0,134,0,0,869,0,131,0,0,864,0,136,0,0,862,0,138,0,0,873,0,127,0,0,857,0,143,0,0,852,0,148,0,0,867,0,133,0,0,866,0,134,0,0,869,1,130,0,0,854,4,142,0,0,866,0,134,0,0,856,0,144,0,0,869,0,131,0,0,868,0,132,0,0,864,0,136,0,0,863,0,137,0,0,863,0,137,0,0,868,0,132,0,0,869,0,131,0,0,863,0,137,0,0,871,0,129,0,0,856,0,144,0,0,865,0,135,0,0,860,0,140,0,0,865,0,135,0,0,861,0,139,0,0,868,0,132,0,0,855,0,145,0,0,862,0,138,0,0,869,0,131,0,0,868,0,132,0,0,875,0,125,0,0,867,1,132,0,0,866,0,134,0,0,863,0,137,0,0,869,0,131,0,0,863,0,137,0,0,870,0,130,0,0,858,1,141,0,0,865,0,135,0,0,872,0,128,0,0,860,0,140,0,0,866,0,134,0,0,856,0,144,0,0,867,0,133,0,0,865,0,135,0,0
229,targeted_heterosexual,0.5,860,0,140,0,0,863,0,137,0,0,863,0,137,0,0,866,0,134,0,0,869,0,131,0,0,864,0,136,0,0,862,0,138,0,0,873,0,127,0,0,857,0,143,0,0,852,0,148,0,0,867,0,133,0,0,866,0,134,0,0,869,1,130,0,0,854,4,142,0,0,866,0,134,0,0,856,0,144,0,0,869,0,131,0,0,868,0,132,0,0,864,0,136,0,0,863,0,137,0,0,863,0,137,0,0,868,0,132,0,0,869,0,131,0,0,863,0,137,0,0,871,0,129,0,0,856,0,144,0,0,865,0,135,0,0,860,0,140,0,0,865,0,135,0,0,861,0,139,0,0,868,0,132,0,0,855,0,145,0,0,862,0,138,0,0,869,0,131,0,0,868,0,132,0,0,875,0,125,0,0,867,1,132,0,0,866,0,134,0,0,863,0,137,0,0,869,0,131,0,0,863,0,137,0,0,870,0,130,0,0,858,1,141,0,0,865,0,135,0,0,872,0,128,0,0,860,0,140,0,0,866,0,134,0,0,856,0,144,0,0,867,0,133,0,0,865,0,135,0,0
230,targeted_heterosexual,0.5,860,0,140,0,0,863,0,137,0,0,863,0,137,0,0,866,0,134,0,0,869,0,131,0,0,864,0,136,0,0,862,0,138,0,0,873,0,127,0,0,857,0,143,0,0,852,0,148,0,0,867,0,133,0,0,866,0,134,0,0,869,1,130,0,0,854,3,143,0,0,866,0,134,0,0,856,0,144,0,0,869,0,131,0,0,868,0,132,0,0,864,0,136,0,0,863,0,137,0,0,863,0,137,0,0,868,0,132,0,0,869,0,131,0,0,863,0,137,0,0,871,0,129,0,0,856,0,144,0,0,865,0,135,0,0,860,0,140,0,0,865,0,135,0,0,861,0,139,0,0,868,0,132,0,0,855,0,145,0,0,862,0,138,0,0,869,0,131,0,0,868,0,132,0,0,875,0,125,0,0,867,1,132,0,0,866,0,134,0,0,863,0,137,0,0,869,0,131,0,0,863,0,137,0,0,870,0,130,0,0,858,0,142,0,0,865,0,135,0,0,872,0,128,0,0,860,0,140,0,0,866,0,134,0,0,856,0,144,0,0,867,0,133,0,0,865,0,135,0,0
231,targeted_heterosexual,0.5,859,1,140,0,0,863,0,137,0,0,863,0,137,0,0,866,0,134,0,0,869,0,131,0,0,864,0,136,0,0,862,0,138,0,0,873,0,127,0,0,857,0,143,0,0,852,0,148,0,0,867,0,133,0,0,866,0,134,0,0,868,2,130,0,0,854,3,143,0,0,866,0,134,0,0,856,0,144,0,0,869,0,131,0,0,868,0,132,0,0,864,0,136,0,0,863,0,137,0,0,863,0,137,0,0,868,0,132,0,0,869,0,131,0,0,863,0,137,0,0,871,0,129,0,0,856,0,144,0,0,865,0,135,0,0,860,0,140,0,0,865,0,135,0,0,861,0,139,0,0,868,0,132,0,0,855,0,145,0,0,862,0,138,0,0,869,0,131,0,0,868,0,132,0,0,875,0,125,0,0,867,0,133,0,0,866,0,134,0,0,863,0,137,0,0,869,0,131,0,0,863,0,137,0,0,870,0,130,0,0,858,0,142,0,0,865,0,135,0,0,872,0,128,0,0,860,0,140,0,0,866,0,134,0,0,856,0,144,0,0,867,0,133,0,0,865,0,135,0,0
232,targeted_heterosexual,0.5,859,1,140,0,0,863,0,137,0,0,863,0,137,0,0,866,0,134,0,0,869,0,131,0,0,864,0,136,0,0,862,0,138,0,0,873,0,127,0,0,857,0,143,0,0,852,0,148,0,0,867,0,133,0,0,866,0,134,0,0,868,2,130,0,0,854,3,143,0,0,866,0,134,0,0,856,0,144,0,0,869,0,131,0,0,868,0,132,0,0,864,0,136,0,0,862,1,137,0,0,863,0,137,0,0,868,0,132,0,0,869,0,131,0,0,863,0,137,0,0,871,0,129,0,0,856,0,144,0,0,865,0,135,0,0,860,0,140,0,0,865,0,135,0,0,861,0,139,0,0,868,0,132,0,0,855,0,145,0,0,862,0,138,0,0,869,0,131,0,0,868,0,132,0,0,875,0,125,0,0,867,0,133,0,0,866,0,134,0,0,863,0,137,0,0,869,0,131,0,0,863,0,137,0,0,870,0,130,0,0,858,0,142,0,0,865,0,135,0,0,872,0,128,0,0,860,0,140,0,0,866,0,134,0,0,856,0,144,0,0,867,0,133,0,0,865,0,135,0,0
233,targeted_heterosexual,0.5,859,1,140,0,0,863,0,137,0,0,863,0,137,0,0,866,0,134,0,0,869,0,131,0,0,864,0,136,0,0,862,0,138,0,0,873,0,127,0,0,857,0,143,0,0,852,0,148,0,0,867,0,133,0,0,866,0,134,0,0,868,2,130,0,0,854,3,143,0,0,866,0,134,0,0,856,0,144,0,0,869,0,131,0,0,868,0,132,0,0,864,0,136,0,0,862,1,137,0,0,863,0,137,0,0,868,0,132,0,0,869,0,131,0,0,863,0,137,0,0,871,0,129,0,0,856,0,144,0,0,865,0,135,0,0,860,0,140,0,0,865,0,135,0,0,861,0,139,0,0,868,0,132,0,0,855,0,145,0,0,862,0,138,0,0,869,0,131,0,0,868,0,132,0,0,875,0,125,0,0,867,0,133,0,0,866,0,134,0,0,863,0,137,0,0,869,0,131,0,0,863,0,137,0,0,870,0,130,0,0,858,0,142,0,0,865,0,135,0,0,872,0,128,0,0,860,0,140,0,0,866,0,134,0,0,856,0,144,0,0,867,0,133,0,0,865,0,135,0,0
234,targeted_heterosexual,0.5,859,1,140,0,0,863,0,137,0,0,863,0,137,0,0,866,0,134,0,0,869,0,131,0,0,864,0,136,0,0,862,0,138,0,0,873,0,127,0,0,857,0,143,0,0,852,0,148,0,0,867,0,133,0,0,866,0,134,0,0,868,2,130,0,0,854,3,143,0,0,866,0,134,0,0,856,0,144,0,0,869,0,131,0,0,868,0,132,0,0,864,0,136,0,0,862,1,137,0,0,863,0,137,0,0,868,0,132,0,0,869,0,131,0,0,863,0,137,0,0,871,0,129,0,0,856,0,144,0,0,865,0,135,0,0,860,0,140,0,0,865,0,135,0,0,861,0,139,0,0,868,0,132,0,0,855,0,145,0,0,862,0,138,0,0,869,0,131,0,0,868,0,132,0,0,875,0,125,0,0,867,0,133,0,0,866,0,134,0,0,863,0,137,0,0,869,0,131,0,0,863,0,137,0,0,870,0,130,0,0,858,0,142,0,0,865,0,135,0,0,872,0,128,0,0,860,0,140,0,0,866,0,134,0,0,856,0,144,0,0,867,0,133,0,0,865,0,135,0,0
235,targeted_heterosexual,0.5,859,1,140,0,0,863,0,137,0,0,863,0,137,0,0,866,0,134,0,0,869,0,131,0,0,864,0,136,0,0,862,0,138,0,0,873,0,127,0,0,857,0,143,0,0,852,0,148,0,0,867,0,133,0,0,866,0,134,0,0,868,2,130,0,0,854,3,143,0,0,866,0,134,0,0,856,0,144,0,0,869,0,131,0,0,868,0,132,0,0,864,0,136,0,0,862,1,137,0,0,863,0,137,0,0,868,0,132,0,0,869,0,131,0,0,863,0,137,0,0,871,0,129,0,0,856,0,144,0,0,865,0,135,0,0,860,0,140,0,0,865,0,135,0,0,861,0,139,0,0,868,0,132,0,0,855,0,145,0,0,862,0,138,0,0,869,0,131,0,0,868,0,132,0,0,875,0,125,0,0,867,0,133,0,0,866,0,134,0,0,863,0,137,0,0,869,0,131,0,0,863,0,137,0,0,870,0,130,0,0,858,0,142,0,0,865,0,135,0,0,872,0,128,0,0,860,0,140,0,0,866,0,134,0,0,856,0,144,0,0,867,0,133,0,0,865,0,135,0,0
236,targeted_heterosexual,0.5,859,1,140,0,0,863,0,137,0,0,863,0,137,0,0,866,0,134,0,0,869,0,131,0,0,864,0,136,0,0,862,0,138,0,0,873,0,127,0,0,857,0,143,0,0,852,0,148,0,0,867,0,133,0,0,866,0,134,0,0,868,2,130,0,0,854,3,143,0,0,866,0,134,0,0,856,0,144,0,0,869,0,131,0,0,868,0,132,0,0,864,0,136,0,0,862,1,137,0,0,863,0,137,0,0,868,0,132,0,0,869,0,131,0,0,863,0,137,0,0,871,0,129,0,0,856,0,144,0,0,865,0,135,0,0,860,0,140,0,0,865,0,135,0,0,861,0,139,0,0,868,0,132,0,0,855,0,145,0,0,862,0,138,0,0,869,0,131,0,0,868,0,132,0,0,875,0,125,0,0,867,0,133,0,0,866,0,134,0,0,863,0,137,0,0,869,0,131,0,0,863,0,137,0,0,870,0,130,0,0,858,0,142,0,0,865,0,135,0,0,872,0,128,0,0,860,0,140,0,0,866,0,134,0,0,856,0,144,0,0,867,0,133,0,0,865,0,135,0,0
237,targeted_heterosexual,0.5,859,1,140,0,0,863,0,137,0,0,863,0,137,0,0,866,0,134,0,0,869,0,131,0,0,864,0,136,0,0,862,0,138,0,0,873,0,127,0,0,857,0,143,0,0,852,0,148,0,0,867,0,133,0,0,866,0,134,0,0,868,2,130,0,0,854,2,144,0,0,866,0,134,0,0,856,0,144,0,0,869,0,131,0,0,868,0,132,0,0,864,0,136,0,0,862,1,137,0,0,863,0,137,0,0,868,0,132,0,0,869,0,131,0,0,863,0,137,0,0,871,0,129,0,0,856,0,144,0,0,865,0,135,0,0,860,0,140,0,0,865,0,135,0,0,861,0,139,0,0,868,0,132,0,0,855,0,145,0,0,862,0,138,0,0,869,0,131,0,0,868,0,132,0,0,875,0,125,0,0,867,0,133,0,0,866,0,134,0,0,863,0,137,0,0,869,0,131,0,0,863,0,137,0,0,870,0,130,0,0,858,0,142,0,0,865,0,135,0,0,872,0,128,0,0,860,0,140,0,0,866,0,134,0,0,856,0,144,0,0,867,0,133,0,0,865,0,135,0,0
238,targeted_heterosexual,0.5,859,1,140,0,0,863,0,137,0,0,863,0,137,0,0,866,0,134,0,0,869,0,131,0,0,864,0,136,0,0,862,0,138,0,0,873,0,127,0,0,857,0,143,0,0,852,0,148,0,0,867,0,133,0,0,866,0,134,0,0,868,2,130,0,0,854,2,144,0,0,866,0,134,0,0,856,0,144,0,0,869,0,131,0,0,868,0,132,0,0,864,0,136,0,0,862,1,137,0,0,863,0,137,0,0,868,0,132,0,0,869,0,131,0,0,863,0,137,0,0,871,0,129,0,0,856,0,144,0,0,865,0,135,0,0,860,0,140,0,0,865,0,135,0,0,861,0,139,0,0,868,0,132,0,0,855,0,145,0,0,862,0,138,0,0,869,0,131,0,0,868,0,132,0,0,875,0,125,0,0,867,0,133,0,0,866,0,134,0,0,863,0,137,0,0,869,0,131,0,0,863,0,137,0,0,870,0,130,0,0,858,0,142,0,0,865,0,135,0,0,872,0,128,0,0,860,0,140,0,0,866,0,134,0,0,856,0,144,0,0,867,0,133,0,0,865,0,135,0,0
239,targeted_heterosexual,0.5,859,1,140,0,0,863,0,137,0,0,863,0,137,0,0,866,0,134,0,0,869,0,131,0,0,864,0,136,0,0,862,0,138,0,0,873,0,127,0,0,857,0,143,0,0,852,0,148,0,0,867,0,133,0,0,866,0,134,0,0,868,2,130,0,0,854,0,146,0,0,866,0,134,0,0,856,0,144,0,0,869,0,131,0,0,868,0,132,0,0,864,0,136,0,0,862,1,137,0,0,863,0,137,0,0,868,0,132,0,0,869,0,131,0,0,863,0,137,0,0,871,0,129,0,0,856,0,144,0,0,865,0,135,0,0,860,0,140,0,0,865,0,135,0,0,861,0,139,0,0,868,0,132,0,0,855,0,145,0,0,862,0,138,0,0,869,0,131,0,0,868,0,132,0,0,875,0,125,0,0,867,0,133,0,0,866,0,134,0,0,863,0,137,0,0,869,0,131,0,0,863,0,137,0,0,870,0,130,0,0,858,0,142,0,0,865,0,135,0,0,872,0,128,0,0,860,0,140,0,0,866,0,134,0,0,856,0,144,0,0,867,0,133,0,0,865,0,135,0,0
240,targeted_heterosexual,0.5,859,1,140,0,0,863,0,137,0,0,863,0,137,0,0,866,0,134,0,0,869,0,131,0,0,864,0,136,0,0,862,0,138,0,0,873,0,127,0,0,857,0,143,0,0,852,0,148,0,0,867,0,133,0,0,866,0,134,0,0,868,2,130,0,0,854,0,146,0,0,866,0,134,0,0,856,0,144,0,0,869,0,131,0,0,868,0,132,0,0,864,0,136,0,0,862,1,137,0,0,863,0,137,0,0,868,0,132,0,0,869,0,131,0,0,863,0,137,0,0,871,0,129,0,0,856,0,144,0,0,865,0,135,0,0,860,0,140,0,0,865,0,135,0,0,861,0,139,0,0,868,0,132,0,0,855,0,145,0,0,862,0,138,0,0,869,0,131,0,0,868,0,132,0,0,875,0,125,0,0,867,0,133,0,0,866,0,134,0,0,863,0,137,0,0,869,0,131,0,0,863,0,137,0,0,870,0,130,0,0,858,0,142,0,0,865,0,135,0,0,872,0,128,0,0,860,0,140,0,0,866,0,134,0,0,856,0,144,0,0,867,0,133,0,0,865,0,135,0,0
241,targeted_heterosexual,0.5,859,1,140,0,0,863,0,137,0,0,863,0,137,0,0,866,0,134,0,0,869,0,131,0,0,864,0,136,0,0,862,0,138,0,0,873,0,127,0,0,857,0,143,0,0,852,0,148,0,0,867,0,133,0,0,866,0,134,0,0,868,1,131,0,0,854,0,146,0,0,866,0,134,0,0,856,0,144,0,0,869,0,131,0,0,868,0,132,0,0,864,0,136,0,0,862,1,137,0,0,863,0,137,0,0,868,0,132,0,0,869,0,131,0,0,863,0,137,0,0,871,0,129,0,0,856,0,144,0,0,865,0,135,0,0,860,0,140,0,0,865,0,135,0,0,861,0,139,0,0,868,0,132,0,0,855,0,145,0,0,862,0,138,0,0,869,0,131,0,0,868,0,132,0,0,875,0,125,0,0,867,0,133,0,0,866,0,134,0,0,863,0,137,0,0,869,0,131,0,0,863,0,137,0,0,870,0,130,0,0,858,0,142,0,0,865,0,135,0,0,872,0,128,0,0,860,0,140,0,0,866,0,134,0,0,856,0,144,0,0,867,0,133,0,0,865,0,135,0,0
242,targeted_heterosexual,0.5,859,1,140,0,0,863,0,137,0,0,863,0,137,0,0,866,0,134,0,0,869,0,131,0,0,864,0,136,0,0,862,0,138,0,0,873,0,127,0,0,857,0,143,0,0,852,0,148,0,0,867,0,133,0,0,866,0,134,0,0,868,1,131,0,0,854,0,146,0,0,866,0,134,0,0,856,0,144,0,0,869,0,131,0,0,868,0,132,0,0,864,0,136,0,0,862,1,137,0,0,863,0,137,0,0,868,0,132,0,0,869,0,131,0,0,863,0,137,0,0,871,0,129,0,0,856,0,144,0,0,865,0,135,0,0,860,0,140,0,0,865,0,135,0,0,861,0,139,0,0,868,0,132,0,0,855,0,145,0,0,862,0,138,0,0,869,0,131,0,0,868,0,132,0,0,875,0,125,0,0,867,0,133,0,0,866,0,134,0,0,863,0,137,0,0,869,0,131,0,0,863,0,137,0,0,870,0,130,0,0,858,0,142,0,0,865,0,135,0,0,872,0,128,0,0,860,0,140,0,0,866,0,134,0,0,856,0,144,0,0,867,0,133,0,0,865,0,135,0,0
243,targeted_heterosexual,0.5,859,1,140,0,0,863,0,137,0,0,863,0,137,0,0,866,0,134,0,0,869,0,131,0,0,864,0,136,0,0,862,0,138,0,0,873,0,127,0,0,857,0,143,0,0,852,0,148,0,0,867,0,133,0,0,866,0,134,0,0,868,1,131,0,0,854,0,146,0,0,866,0,134,0,0,856,0,144,0,0,869,0,131,0,0,868,0,132,0,0,864,0,136,0,0,862,1,137,0,0,863,0,137,0,0,868,0,132,0,0,869,0,131,0,0,863,0,137,0,0,871,0,129,0,0,856,0,144,0,0,865,0,135,0,0,860,0,140,0,0,865,0,135,0,0,861,0,139,0,0,868,0,132,0,0,855,0,145,0,0,862,0,138,0,0,869,0,131,0,0,868,0,132,0,0,875,0,125,0,0,867,0,133,0,0,866,0,134,0,0,863,0,137,0,0,869,0,131,0,0,863,0,137,0,0,870,0,130,0,0,858,0,142,0,0,865,0,135,0,0,872,0,128,0,0,860,0,140,0,0,866,0,134,0,0,856,0,144,0,0,867,0,133,0,0,865,0,135,0,0
244,targeted_heterosexual,0.5,859,0,141,0,0,863,0,137,0,0,863,0,137,0,0,866,0,134,0,0,869,0,131,0,0,864,0,136,0,0,862,0,138,0,0,873,0,127,0,0,857,0,143,0,0,852,0,148,0,0,867,0,133,0,0,866,0,134,0,0,868,0,132,0,0,854,0,146,0,0,866,0,134,0,0,856,0,144,0,0,869,0,131,0,0,868,0,132,0,0,864,0,136,0,0,862,1,137,0,0,863,0,137,0,0,868,0,132,0,0,869,0,131,0,0,863,0,137,0,0,871,0,129,0,0,856,0,144,0,0,865,0,135,0,0,860,0,140,0,0,865,0,135,0,0,861,0,139,0,0,868,0,132,0,0,855,0,145,0,0,862,0,138,0,0,869,0,131,0,0,868,0,132,0,0,875,0,125,0,0,867,0,133,0,0,866,0,134,0,0,863,0,137,0,0,869,0,131,0,0,863,0,137,0,0,870,0,130,0,0,858,0,142,0,0,865,0,135,0,0,872,0,128,0,0,860,0,140,0,0,866,0,134,0,0,856,0,144,0,0,867,0,133,0,0,865,0,135,0,0
245,targeted_heterosexual,0.5,859,0,141,0,0,863,0,137,0,0,863,0,137,0,0,866,0,134,0,0,869,0,131,0,0,864,0,136,0,0,862,0,138,0,0,873,0,127,0,0,857,0,143,0,0,852,0,148,0,0,867,0,133,0,0,866,0,134,0,0,868,0,132,0,0,854,0,146,0,0,866,0,134,0,0,856,0,144,0,0,869,0,131,0,0,868,0,132,0,0,864,0,136,0,0,862,0,138,0,0,863,0,137,0,0,868,0,132,0,0,869,0,131,0,0,863,0,137,0,0,871,0,129,0,0,856,0,144,0,0,865,0,135,0,0,860,0,140,0,0,865,0,135,0,0,861,0,139,0,0,868,0,132,0,0,855,0,145,0,0,862,0,138,0,0,869,0,131,0,0,868,0,132,0,0,875,0,125,0,0,867,0,133,0,0,866,0,134,0,0,863,0,137,0,0,869,0,131,0,0,863,0,137,0,0,870,0,130,0,0,858,0,142,0,0,865,0,135,0,0,872,0,128,0,0,860,0,140,0,0,866,0,134,0,0,856,0,144,0,0,867,0,133,0,0,865,0,135,0,0
246,targeted_heterosexual,0.5,859,0,141,0,0,863,0,137,0,0,863,0,137,0,0,866,0,134,0,0,869,0,131,0,0,864,0,136,0,0,862,0,138,0,0,873,0,127,0,0,857,0,143,0,0,852,0,148,0,0,867,0,133,0,0,866,0,134,0,0,868,0,132,0,0,854,0,146,0,0,866,0,134,0,0,856,0,144,0,0,869,0,131,0,0,868,0,132,0,0,864,0,136,0,0,862,0,138,0,0,863,0,137,0,0,868,0,132,0,0,869,0,131,0,0,863,0,137,0,0,871,0,129,0,0,856,0,144,0,0,865,0,135,0,0,860,0,140,0,0,865,0,135,0,0,861,0,139,0,0,868,0,132,0,0,855,0,145,0,0,862,0,138,0,0,869,0,131,0,0,868,0,132,0,0,875,0,125,0,0,867,0,133,0,0,866,0,134,0,0,863,0,137,0,0,869,0,131,0,0,863,0,137,0,0,870,0,130,0,0,858,0,142,0,0,865,0,135,0,0,872,0,128,0,0,860,0,140,0,0,866,0,134,0,0,856,0,144,0,0,867,0,133,0,0,865,0,135,0,0
247,targeted_heterosexual,0.5,859,0,141,0,0,863,0,137,0,0,863,0,137,0,0,866,0,134,0,0,869,0,131,0,0,864,0,136,0,0,862,0,138,0,0,873,0,127,0,0,857,0,143,0,0,852,0,148,0,0,867,0,133,0,0,866,0,134,0,0,868,0,132,0,0,854,0,146,0,0,866,0,134,0,0,856,0,144,0,0,869,0,131,0,0,868,0,132,0,0,864,0,136,0,0,862,0,138,0,0,863,0,137,0,0,868,0,132,0,0,869,0,131,0,0,863,0,137,0,0,871,0,129,0,0,856,0,144,0,0,865,0,135,0,0,860,0,140,0,0,865,0,135,0,0,861,0,139,0,0,868,0,132,0,0,855,0,145,0,0,862,0,138,0,0,869,0,131,0,0,868,0,132,0,0,875,0,125,0,0,867,0,133,0,0,866,0,134,0,0,863,0,137,0,0,869,0,131,0,0,863,0,137,0,0,870,0,130,0,0,858,0,142,0,0,865,0,135,0,0,872,0,128,0,0,860,0,140,0,0,866,0,134,0,0,856,0,144,0,0,867,0,133,0,0,865,0,135,0,0
248,targeted_heterosexual,0.5,859,0,141,0,0,863,0,137,0,0,863,0,137,0,0,866,0,134,0,0,869,0,131,0,0,864,0,136,0,0,862,0,138,0,0,872,1,127,0,0,857,0,143,0,0,852,0,148,0,0,867,0,133,0,0,866,0,134,0,0,868,0,132,0,0,854,0,146,0,0,866,0,134,0,0,856,0,144,0,0,869,0,131,0,0,868,0,132,0,0,864,0,136,0,0,862,0,138,0,0,863,0,137,0,0,868,0,132,0,0,869,0,131,0,0,863,0,137,0,0,871,0,129,0,0,856,0,144,0,0,865,0,135,0,0,860,0,140,0,0,865,0,135,0,0,861,0,139,0,0,868,0,132,0,0,855,0,145,0,0,862,0,138,0,0,869,0,131,0,0,868,0,132,0,0,875,0,125,0,0,867,0,133,0,0,866,0,134,0,0,863,0,137,0,0,869,0,131,0,0,863,0,137,0,0,870,0,130,0,0,858,0,142,0,0,865,0,135,0,0,872,0,128,0,0,860,0,140,0,0,866,0,134,0,0,856,0,144,0,0,867,0,133,0,0,865,0,135,0,0
249,targeted_heterosexual,0.5,859,0,141,0,0,863,0,137,0,0,863,0,137,0,0,866,0,134,0,0,869,0,131,0,0,864,0,136,0,0,862,0,138,0,0,872,1,127,0,0,857,0,143,0,0,852,0,148,0,0,867,0,133,0,0,866,0,134,0,0,868,0,132,0,0,854,0,146,0,0,866,0,134,0,0,856,0,144,0,0,869,0,131,0,0,868,0,132,0,0,864,0,136,0,0,862,0,138,0,0,863,0,137,0,0,868,0,132,0,0,869,0,131,0,0,863,0,137,0,0,871,0,129,0,0,856,0,144,0,0,865,0,135,0,0,860,0,140,0,0,865,0,135,0,0,861,0,139,0,0,868,0,132,0,0,855,0,145,0,0,862,0,138,0,0,869,0,131,0,0,868,0,132,0,0,875,0,125,0,0,867,0,133,0,0,866,0,134,0,0,863,0,137,0,0,869,0,131,0,0,863,0,137,0,0,870,0,130,0,0,858,0,142,0,0,865,0,135,0,0,872,0,128,0,0,860,0,140,0,0,866,0,134,0,0,856,0,144,0,0,867,0,133,0,0,865,0,135,0,0
250,targeted_heterosexual,0.5,859,0,141,0,0,863,0,137,0,0,863,0,137,0,0,866,0,134,0,0,869,0,131,0,0,864,0,136,0,0,862,0,138,0,0,872,1,127,0,0,857,0,143,0,0,852,0,148,0,0,867,0,133,0,0,866,0,134,0,0,868,0,132,0,0,854,0,146,0,0,866,0,134,0,0,856,0,144,0,0,869,0,131,0,0,868,0,132,0,0,864,0,136,0,0,862,0,138,0,0,863,0,137,0,0,868,0,132,0,0,869,0,131,0,0,863,0,137,0,0,871,0,129,0,0,856,0,144,0,0,865,0,135,0,0,860,0,140,0,0,865,0,135,0,0,861,0,139,0,0,868,0,132,0,0,855,0,145,0,0,862,0,138,0,0,869,0,131,0,0,868,0,132,0,0,875,0,125,0,0,867,0,133,0,0,866,0,134,0,0,863,0,137,0,0,869,0,131,0,0,863,0,137,0,0,870,0,130,0,0,858,0,142,0,0,865,0,135,0,0,872,0,128,0,0,860,0,140,0,0,865,1,134,0,0,856,0,144,0,0,867,0,133,0,0,865,0,135,0,0
251,targeted_heterosexual,0.5,859,0,141,0,0,863,0,137,0,0,863,0,137,0,0,866,0,134,0,0,869,0,131,0,0,864,0,136,0,0,862,0,138,0,0,872,1,127,0,0,857,0,143,0,0,852,0,148,0,0,867,0,133,0,0,866,0,134,0,0,868,0,132,0,0,854,0,146,0,0,866,0,134,0,0,856,0,144,0,0,869,0,131,0,0,868,0,132,0,0,864,0,136,0,0,862,0,138,0,0,863,0,137,0,0,868,0,132,0,0,869,0,131,0,0,863,0,137,0,0,871,0,129,0,0,856,0,144,0,0,865,0,135,0,0,860,0,140,0,0,865,0,135,0,0,861,0,139,0,0,868,0,132,0,0,855,0,145,0,0,862,0,138,0,0,869,0,131,0,0,868,0,132,0,0,875,0,125,0,0,867,0,133,0,0,866,0,134,0,0,863,0,137,0,0,869,0,131,0,0,863,0,137,0,0,870,0,130,0,0,858,0,142,0,0,865,0,135,0,0,872,0,128,0,0,860,0,140,0,0,865,1,134,0,0,856,0,144,0,0,867,0,133,0,0,865,0,135,0,0
252,targeted_heterosexual,0.5,859,0,141,0,0,863,0,137,0,0,863,0,137,0,0,866,0,134,0,0,869,0,131,0,0,864,0,136,0,0,862,0,138,0,0,872,1,127,0,0,857,0,143,0,0,852,0,148,0,0,867,0,133,0,0,866,0,134,0,0,868,0,132,0,0,854,0,146,0,0,866,0,134,0,0,856,0,144,0,0,869,0,131,0,0,868,0,132,0,0,864,0,136,0,0,862,0,138,0,0,863,0,137,0,0,867,1,132,0,0,869,0,131,0,0,863,0,137,0,0,871,0,129,0,0,856,0,144,0,0,865,0,135,0,0,860,0,140,0,0,865,0,135,0,0,861,0,139,0,0,868,0,132,0,0,855,0,145,0,0,862,0,138,0,0,869,0,131,0,0,868,0,132,0,0,875,0,125,0,0,867,0,133,0,0,866,0,134,0,0,863,0,137,0,0,869,0,131,0,0,863,0,137,0,0,870,0,130,0,0,858,0,142,0,0,865,0,135,0,0,872,0,128,0,0,860,0,140,0,0,865,1,134,0,0,856,0,144,0,0,867,0,133,0,0,865,0,135,0,0
253,targeted_heterosexual,0.5,859,0,141,0,0,863,0,137,0,0,863,0,137,0,0,866,0,134,0,0,869,0,131,0,0,864,0,136,0,0,862,0,138,0,0,872,1,127,0,0,857,0,143,0,0,852,0,148,0,0,867,0,133,0,0,866,0,134,0,0,868,0,132,0,0,854,0,146,0,0,866,0,134,0,0,856,0,144,0,0,869,0,131,0,0,868,0,132,0,0,864,0,136,0,0,862,0,138,0,0,863,0,137,0,0,867,1,132,0,0,869,0,131,0,0,863,0,137,0,0,871,0,129,0,0,855,1,144,0,0,865,0,135,0,0,860,0,140,0,0,865,0,135,0,0,861,0,139,0,0,868,0,132,0,0,855,0,145,0,0,862,0,138,0,0,869,0,131,0,0,868,0,132,0,0,875,0,125,0,0,867,0,133,0,0,866,0,134,0,0,863,0,137,0,0,869,0,131,0,0,863,0,137,0,0,870,0,130,0,0,858,0,142,0,0,865,0,135,0,0,872,0,128,0,0,860,0,140,0,0,865,1,134,0,0,856,0,144,0,0,867,0,133,0,0,865,0,135,0,0
254,targeted_heterosexual,0.5,859,0,141,0,0,863,0,137,0,0,863,0,137,0,0,866,0,134,0,0,869,0,131,0,0,864,0,136,0,0,862,0,138,0,0,872,1,127,0,0,857,0,143,0,0,852,0,148,0,0,867,0,133,0,0,866,0,134,0,0,868,0,132,0,0,854,0,146,0,0,866,0,134,0,0,856,0,144,0,0,869,0,131,0,0,868,0,132,0,0,864,0,136,0,0,862,0,138,0,0,863,0,137,0,0,867,1,132,0,0,869,0,131,0,0,863,0,137,0,0,871,0,129,0,0,855,1,144,0,0,865,0,135,0,0,860,0,140,0,0,865,0,135,0,0,861,0,139,0,0,868,0,132,0,0,855,0,145,0,0,862,0,138,0,0,869,0,131,0,0,868,0,132,0,0,875,0,125,0,0,867,0,133,0,0,866,0,134,0,0,863,0,137,0,0,869,0,131,0,0,863,0,137,0,0,870,0,130,0,0,858,0,142,0,0,865,0,135,0,0,872,0,128,0,0,860,0,140,0,0,865,1,134,0,0,856,0,144,0,0,867,0,133,0,0,865,0,135,0,0
255,targeted_heterosexual,0.5,859,0,141,0,0,863,0,137,0,0,863,0,137,0,0,866,0,134,0,0,869,0,131,0,0,864,0,136,0,0,862,0,138,0,0,872,1,127,0,0,857,0,143,0,0,852,0,148,0,0,867,0,133,0,0,866,0,134,0,0,868,0,132,0,0,854,0,146,0,0,866,0,134,0,0,856,0,144,0,0,869,0,131,0,0,868,0,132,0,0,864,0,136,0,0,862,0,138,0,0,863,0,137,0,0,867,1,132,0,0,869,0,131,0,0,863,0,137,0,0,871,0,129,0,0,855,1,144,0,0,865,0,135,0,0,860,0,140,0,0,865,0,135,0,0,861,0,139,0,0,868,0,132,0,0,855,0,145,0,0,862,0,138,0,0,869,0,131,0,0,868,0,132,0,0,875,0,125,0,0,867,0,133,0,0,866,0,134,0,0,863,0,137,0,0,869,0,131,0,0,863,0,137,0,0,870,0,130,0,0,858,0,142,0,0,865,0,135,0,0,872,0,128,0,0,860,0,140,0,0,865,1,134,0,0,856,0,144,0,0,867,0,133,0,0,865,0,135,0,0
256,targeted_heterosexual,0.5,859,0,141,0,0,863,0,137,0,0,863,0,137,0,0,866,0,134,0,0,869,0,131,0,0,864,0,136,0,0,862,0,138,0,0,872,1,127,0,0,857,0,143,0,0,852,0,148,0,0,867,0,133,0,0,866,0,134,0,0,868,0,132,0,0,854,0,146,0,0,866,0,134,0,0,856,0,144,0,0,869,0,131,0,0,868,0,132,0,0,864,0,136,0,0,862,0,138,0,0,863,0,137,0,0,867,1,132,0,0,869,0,131,0,0,863,0,137,0,0,871,0,129,0,0,855,1,144,0,0,865,0,135,0,0,860,0,140,0,0,865,0,135,0,0,861,0,139,0,0,868,0,132,0,0,855,0,145,0,0,862,0,138,0,0,869,0,131,0,0,868,0,132,0,0,875,0,125,0,0,867,0,133,0,0,866,0,134,0,0,863,0,137,0,0,869,0,131,0,0,863,0,137,0,0,870,0,130,0,0,858,0,142,0,0,865,0,135,0,0,872,0,128,0,0,860,0,140,0,0,865,1,134,0,0,856,0,144,0,0,867,0,133,0,0,865,0,135,0,0
257,targeted_heterosexual,0.5,859,0,141,0,0,863,0,137,0,0,863,0,137,0,0,866,0,134,0,0,869,0,131,0,0,864,0,136,0,0,862,0,138,0,0,872,1,127,0,0,857,0,143,0,0,852,0,148,0,0,867,0,133,0,0,866,0,134,0,0,868,0,132,0,0,854,0,146,0,0,866,0,134,0,0,856,0,144,0,0,869,0,131,0,0,868,0,132,0,0,864,0,136,0,0,862,0,138,0,0,863,0,137,0,0,867,1,132,0,0,869,0,131,0,0,863,0,137,0,0,871,0,129,0,0,855,1,144,0,0,865,0,135,0,0,859,1,140,0,0,865,0,135,0,0,861,0,139,0,0,868,0,132,0,0,855,0,145,0,0,862,0,138,0,0,869,0,131,0,0,868,0,132,0,0,875,0,125,0,0,867,0,133,0,0,866,0,134,0,0,863,0,137,0,0,869,0,131,0,0,863,0,137,0,0,870,0,130,0,0,858,0,142,0,0,865,0,135,0,0,872,0,128,0,0,860,0,140,0,0,865,1,134,0,0,856,0,144,0,0,867,0,133,0,0,865,0,135,0,0
258,targeted_heterosexual,0.5,859,0,141,0,0,863,0,137,0,0,863,0,137,0,0,866,0,134,0,0,869,0,131,0,0,863,1,136,0,0,862,0,138,0,0,872,1,127,0,0,857,0,143,0,0,852,0,148,0,0,867,0,133,0,0,866,0,134,0,0,868,0,132,0,0,854,0,146,0,0,866,0,134,0,0,856,0,144,0,0,869,0,131,0,0,868,0,132,0,0,864,0,136,0,0,862,0,138,0,0,863,0,137,0,0,867,1,132,0,0,869,0,131,0,0,863,0,137,0,0,871,0,129,0,0,855,1,144,0,0,865,0,135,0,0,859,1,140,0,0,865,0,135,0,0,861,0,139,0,0,868,0,132,0,0,855,0,145,0,0,862,0,138,0,0,869,0,131,0,0,868,0,132,0,0,875,0,125,0,0,867,0,133,0,0,866,0,134,0,0,863,0,137,0,0,869,0,131,0,0,863,0,137,0,0,870,0,130,0,0,858,0,142,0,0,865,0,135,0,0,872,0,128,0,0,860,0,140,0,0,865,1,134,0,0,856,0,144,0,0,867,0,133,0,0,865,0,135,0,0
259,targeted_heterosexual,0.5,859,0,141,0,0,863,0,137,0,0,863,0,137,0,0,866,0,134,0,0,869,0,131,0,0,863,1,136,0,0,862,0,138,0,0,872,1,127,0,0,857,0,143,0,0,852,0,148,0,0,867,0,133,0,0,866,0,134,0,0,868,0,132,0,0,854,0,146,0,0,866,0,134,0,0,856,0,144,0,0,869,0,131,0,0,868,0,132,0,0,864,0,136,0,0,862,0,138,0,0,863,0,137,0,0,867,1,132,0,0,869,0,131,0,0,863,0,137,0,0,871,0,129,0,0,855,1,144,0,0,865,0,135,0,0,859,1,140,0,0,865,0,135,0,0,861,0,139,0,0,868,0,132,0,0,855,0,145,0,0,862,0,138,0,0,869,0,131,0,0,868,0,132,0,0,875,0,125,0,0,867,0,133,0,0,866,0,134,0,0,863,0,137,0,0,869,0,131,0,0,863,0,137,0,0,870,0,130,0,0,858,0,142,0,0,865,0,135,0,0,872,0,128,0,0,860,0,140,0,0,865,1,134,0,0,856,0,144,0,0,867,0,133,0,0,865,0,135,0,0
260,targeted_heterosexual,0.5,859,0,141,0,0,863,0,137,0,0,863,0,137,0,0,866,0,134,0,0,869,0,131,0,0,863,1,136,0,0,862,0,138,0,0,872,1,127,0,0,857,0,143,0,0,852,0,148,0,0,867,0,133,0,0,866,0,134,0,0,868,0,132,0,0,854,0,146,0,0,866,0,134,0,0,856,0,144,0,0,869,0,131,0,0,868,0,132,0,0,864,0,136,0,0,862,0,138,0,0,863,0,137,0,0,867,1,132,0,0,869,0,131,0,0,863,0,137,0,0,871,0,129,0,0,854,2,144,0,0,865,0,135,0,0,859,1,140,0,0,865,0,135,0,0,861,0,139,0,0,868,0,132,0,0,855,0,145,0,0,862,0,138,0,0,869,0,131,0,0,868,0,132,0,0,875,0,125,0,0,867,0,133,0,0,866,0,134,0,0,863,0,137,0,0,869,0,131,0,0,863,0,137,0,0,870,0,130,0,0,858,0,142,0,0,865,0,135,0,0,872,0,128,0,0,860,0,140,0,0,865,1,134,0,0,856,0,144,0,0,867,0,133,0,0,865,0,135,0,0
261,targeted_heterosexual,0.5,859,0,141,0,0,863,0,137,0,0,863,0,137,0,0,866,0,134,0,0,869,0,131,0,0,863,1,136,0,0,862,0,138,0,0,872,0,128,0,0,857,0,143,0,0,852,0,148,0,0,867,0,133,0,0,866,0,134,0,0,868,0,132,0,0,854,0,146,0,0,866,0,134,0,0,856,0,144,0,0,869,0,131,0,0,868,0,132,0,0,864,0,136,0,0,862,0,138,0,0,863,0,137,0,0,867,1,132,0,0,869,0,131,0,0,863,0,137,0,0,871,0,129,0,0,854,2,144,0,0,865,0,135,0,0,859,1,140,0,0,865,0,135,0,0,861,0,139,0,0,868,0,132,0,0,855,0,145,0,0,862,0,138,0,0,869,0,131,0,0,868,0,132,0,0,875,0,125,0,0,867,0,133,0,0,866,0,134,0,0,863,0,137,0,0,869,0,131,0,0,863,0,137,0,0,870,0,130,0,0,858,0,142,0,0,865,0,135,0,0,872,0,128,0,0,860,0,140,0,0,865,1,134,0,0,856,0,144,0,0,867,0,133,0,0,865,0,135,0,0
262,targeted_heterosexual,0.5,859,0,141,0,0,863,0,137,0,0,862,1,137,0,0,866,0,134,0,0,869,0,131,0,0,863,1,136,0,0,862,0,138,0,0,872,0,128,0,0,857,0,143,0,0,852,0,148,0,0,867,0,133,0,0,866,0,134,0,0,868,0,132,0,0,854,0,146,0,0,866,0,134,0,0,856,0,144,0,0,869,0,131,0,0,868,0,132,0,0,864,0,136,0,0,862,0,138,0,0,863,0,137,0,0,867,1,132,0,0,869,0,131,0,0,863,0,137,0,0,871,0,129,0,0,854,2,144,0,0,865,0,135,0,0,859,1,140,0,0,865,0,135,0,0,861,0,139,0,0,868,0,132,0,0,855,0,145,0,0,862,0,138,0,0,869,0,131,0,0,868,0,132,0,0,875,0,125,0,0,867,0,133,0,0,866,0,134,0,0,863,0,137,0,0,869,0,131,0,0,863,0,137,0,0,870,0,130,0,0,858,0,142,0,0,865,0,135,0,0,872,0,128,0,0,860,0,140,0,0,865,1,134,0,0,856,0,144,0,0,867,0,133,0,0,865,0,135,0,0
263,targeted_heterosexual,0.5,859,0,141,0,0,863,0,137,0,0,862,1,137,0,0,866,0,134,0,0,869,0,131,0,0,863,1,136,0,0,862,0,138,0,0,872,0,128,0,0,857,0,143,0,0,852,0,148,0,0,867,0,133,0,0,866,0,134,0,0,868,0,132,0,0,854,0,146,0,0,866,0,134,0,0,856,0,144,0,0,869,0,131,0,0,868,0,132,0,0,864,0,136,0,0,862,0,138,0,0,863,0,137,0,0,867,1,132,0,0,869,0,131,0,0,863,0,137,0,0,871,0,129,0,0,854,2,144,0,0,865,0,135,0,0,859,1,140,0,0,865,0,135,0,0,861,0,139,0,0,868,0,132,0,0,855,0,145,0,0,862,0,138,0,0,869,0,131,0,0,868,0,132,0,0,875,0,125,0,0,867,0,133,0,0,866,0,134,0,0,863,0,137,0,0,869,0,131,0,0,863,0,137,0,0,870,0,130,0,0,858,0,142,0,0,865,0,135,0,0,872,0,128,0,0,860,0,140,0,0,865,0,135,0,0,856,0,144,0,0,867,0,133,0,0,865,0,135,0,0
264,targeted_heterosexual,0.5,859,0,141,0,0,863,0,137,0,0,862,1,137,0,0,866,0,134,0,0,869,0,131,0,0,863,1,136,0,0,862,0,138,0,0,872,0,128,0,0,857,0,143,0,0,852,0,148,0,0,867,0,133,0,0,866,0,134,0,0,868,0,132,0,0,854,0,146,0,0,866,0,134,0,0,856,0,144,0,0,869,0,131,0,0,868,0,132,0,0,864,0,136,0,0,862,0,138,0,0,863,0,137,0,0,867,1,132,0,0,869,0,131,0,0,863,0,137,0,0,871,0,129,0,0,854,2,144,0,0,865,0,135,0,0,859,1,140,0,0,865,0,135,0,0,861,0,139,0,0,868,0,132,0,0,855,0,145,0,0,862,0,138,0,0,869,0,131,0,0,868,0,132,0,0,875,0,125,0,0,867,0,133,0,0,866,0,134,0,0,863,0,137,0,0,869,0,131,0,0,863,0,137,0,0,870,0,130,0,0,858,0,142,0,0,865,0,135,0,0,872,0,128,0,0,860,0,140,0,0,865,0,135,0,0,856,0,144,0,0,867,0,133,0,0,865,0,135,0,0
265,targeted_heterosexual,0.5,859,0,141,0,0,863,0,137,0,0,862,1,137,0,0,866,0,134,0,0,869,0,131,0,0,863,1,136,0,0,862,0,138,0,0,872,0,128,0,0,857,0,143,0,0,852,0,148,0,0,867,0,133,0,0,866,0,134,0,0,868,0,132,0,0,854,0,146,0,0,866,0,134,0,0,856,0,144,0,0,869,0,131,0,0,868,0,132,0,0,864,0,136,0,0,862,0,138,0,0,863,0,137,0,0,867,0,133,0,0,869,0,131,0,0,863,0,137,0,0,871,0,129,0,0,853,3,144,0,0,865,0,135,0,0,859,1,140,0,0,865,0,135,0,0,861,0,139,0,0,868,0,132,0,0,855,0,145,0,0,862,0,138,0,0,869,0,131,0,0,868,0,132,0,0,875,0,125,0,0,867,0,133,0,0,866,0,134,0,0,863,0,137,0,0,869,0,131,0,0,863,0,137,0,0,870,0,130,0,0,858,0,142,0,0,865,0,135,0,0,872,0,128,0,0,860,0,140,0,0,865,0,135,0,0,856,0,144,0,0,867,0,133,0,0,865,0,135,0,0
266,targeted_heterosexual,0.5,859,0,141,0,0,863,0,137,0,0,862,1,137,0,0,866,0,134,0,0,869,0,131,0,0,863,1,136,0,0,862,0,138,0,0,872,0,128,0,0,857,0,143,0,0,852,0,148,0,0,867,0,133,0,0,866,0,134,0,0,868,0,132,0,0,854,0,146,0,0,866,0,134,0,0,856,0,144,0,0,869,0,131,0,0,868,0,132,0,0,864,0,136,0,0,862,0,138,0,0,863,0,137,0,0,867,0,133,0,0,869,0,131,0,0,863,0,137,0,0,871,0,129,0,0,853,2,145,0,0,865,0,135,0,0,859,1,140,0,0,865,0,135,0,0,861,0,139,0,0,868,0,132,0,0,855,0,145,0,0,862,0,138,0,0,869,0,131,0,0,868,0,132,0,0,875,0,125,0,0,867,0,133,0,0,866,0,134,0,0,863,0,137,0,0,869,0,131,0,0,863,0,137,0,0,870,0,130,0,0,858,0,142,0,0,865,0,135,0,0,872,0,128,0,0,860,0,140,0,0,865,0,135,0,0,856,0,144,0,0,867,0,133,0,0,865,0,135,0,0
267,targeted_heterosexual,0.5,859,0,141,0,0,863,0,137,0,0,862,1,137,0,0,866,0,134,0,0,869,0,131,0,0,863,1,136,0,0,862,0,138,0,0,872,0,128,0,0,857,0,143,0,0,852,0,148,0,0,867,0,133,0,0,866,0,134,0,0,868,0,132,0,0,854,0,146,0,0,866,0,134,0,0,856,0,144,0,0,869,0,131,0,0,868,0,132,0,0,864,0,136,0,0,862,0,138,0,0,863,0,137,0,0,867,0,133,0,0,869,0,131,0,0,863,0,137,0,0,871,0,129,0,0,853,2,145,0,0,865,0,135,0,0,859,1,140,0,0,865,0,135,0,0,861,0,139,0,0,868,0,132,0,0,855,0,145,0,0,862,0,138,0,0,869,0,131,0,0,868,0,132,0,0,875,0,125,0,0,867,0,133,0,0,866,0,134,0,0,863,0,137,0,0,869,0,131,0,0,863,0,137,0,0,870,0,130,0,0,858,0,142,0,0,865,0,135,0,0,872,0,128,0,0,860,0,140,0,0,865,0,135,0,0,856,0,144,0,0,867,0,133,0,0,865,0,135,0,0
268,targeted_heterosexual,0.5,859,0,141,0,0,863,0,137,0,0,862,1,137,0,0,866,0,134,0,0,869,0,131,0,0,863,1,136,0,0,862,0,138,0,0,872,0,128,0,0,857,0,143,0,0,852,0,148,0,0,867,0,133,0,0,866,0,134,0,0,868,0,132,0,0,854,0,146,0,0,866,0,134,0,0,856,0,144,0,0,869,0,131,0,0,868,0,132,0,0,864,0,136,0,0,862,0,138,0,0,863,0,137,0,0,867,0,133,0,0,869,0,131,0,0,863,0,137,0,0,871,0,129,0,0,853,2,145,0,0,865,0,135,0,0,859,1,140,0,0,865,0,135,0,0,861,0,139,0,0,868,0,132,0,0,855,0,145,0,0,862,0,138,0,0,869,0,131,0,0,868,0,132,0,0,875,0,125,0,0,867,0,133,0,0,866,0,134,0,0,863,0,137,0,0,869,0,131,0,0,863,0,137,0,0,870,0,130,0,0,858,0,142,0,0,865,0,135,0,0,872,0,128,0,0,860,0,140,0,0,865,0,135,0,0,856,0,144,0,0,867,0,133,0,0,865,0,135,0,0
269,targeted_heterosexual,0.5,859,0,141,0,0,863,0,137,0,0,862,1,137,0,0,866,0,134,0,0,869,0,131,0,0,863,1,136,0,0,862,0,138,0,0,872,0,128,0,0,857,0,143,0,0,852,0,148,0,0,867,0,133,0,0,866,0,134,0,0,868,0,132,0,0,854,0,146,0,0,866,0,134,0,0,856,0,144,0,0,869,0,131,0,0,868,0,132,0,0,864,0,136,0,0,862,0,138,0,0,863,0,137,0,0,867,0,133,0,0,869,0,131,0,0,863,0,137,0,0,871,0,129,0,0,853,2,145,0,0,864,1,135,0,0,859,1,140,0,0,865,0,135,0,0,861,0,139,0,0,868,0,132,0,0,855,0,145,0,0,862,0,138,0,0,869,0,131,0,0,868,0,132,0,0,875,0,125,0,0,867,0,133,0,0,866,0,134,0,0,863,0,137,0,0,869,0,131,0,0,863,0,137,0,0,870,0,130,0,0,858,0,142,0,0,865,0,135,0,0,872,0,128,0,0,860,0,140,0,0,865,0,135,0,0,856,0,144,0,0,867,0,133,0,0,865,0,135,0,0
270,targeted_heterosexual,0.5,859,0,141,0,0,863,0,137,0,0,862,1,137,0,0,866,0,134,0,0,869,0,131,0,0,863,1,136,0,0,862,0,138,0,0,872,0,128,0,0,857,0,143,0,0,852,0,148,0,0,867,0,133,0,0,866,0,134,0,0,867,1,132,0,0,854,0,146,0,0,866,0,134,0,0,856,0,144,0,0,869,0,131,0,0,868,0,132,0,0,864,0,136,0,0,862,0,138,0,0,863,0,137,0,0,867,0,133,0,0,869,0,131,0,0,863,0,137,0,0,871,0,129,0,0,853,2,145,0,0,864,1,135,0,0,859,0,141,0,0,865,0,135,0,0,861,0,139,0,0,868,0,132,0,0,855,0,145,0,0,862,0,138,0,0,869,0,131,0,0,868,0,132,0,0,875,0,125,0,0,867,0,133,0,0,866,0,134,0,0,863,0,137,0,0,869,0,131,0,0,863,0,137,0,0,870,0,130,0,0,858,0,142,0,0,865,0,135,0,0,872,0,128,0,0,860,0,140,0,0,865,0,135,0,0,856,0,144,0,0,867,0,133,0,0,865,0,135,0,0
271,targeted_heterosexual,0.5,859,0,141,0,0,863,0,137,0,0,862,1,137,0,0,866,0,134,0,0,869,0,131,0,0,863,0,137,0,0,862,0,138,0,0,872,0,128,0,0,857,0,143,0,0,852,0,148,0,0,867,0,133,0,0,866,0,134,0,0,867,1,132,0,0,854,0,146,0,0,866,0,134,0,0,856,0,144,0,0,869,0,131,0,0,868,0,132,0,0,864,0,136,0,0,862,0,138,0,0,863,0,137,0,0,867,0,133,0,0,869,0,131,0,0,863,0,137,0,0,871,0,129,0,0,853,2,145,0,0,864,1,135,0,0,859,0,141,0,0,865,0,135,0,0,861,0,139,0,0,868,0,132,0,0,855,0,145,0,0,862,0,138,0,0,869,0,131,0,0,868,0,132,0,0,875,0,125,0,0,867,0,133,0,0,866,0,134,0,0,863,0,137,0,0,869,0,131,0,0,863,0,137,0,0,870,0,130,0,0,858,0,142,0,0,865,0,135,0,0,872,0,128,0,0,860,0,140,0,0,865,0,135,0,0,856,0,144,0,0,867,0,133,0,0,865,0,135,0,0
272,targeted_heterosexual,0.5,859,0,141,0,0,863,0,137,0,0,862,1,137,0,0,866,0,134,0,0,869,0,131,0,0,863,0,137,0,0,862,0,138,0,0,872,0,128,0,0,857,0,143,0,0,852,0,148,0,0,867,0,133,0,0,866,0,134,0,0,867,1,132,0,0,854,0,146,0,0,866,0,134,0,0,856,0,144,0,0,869,0,131,0,0,868,0,132,0,0,864,0,136,0,0,862,0,138,0,0,863,0,137,0,0,867,0,133,0,0,869,0,131,0,0,863,0,137,0,0,871,0,129,0,0,853,2,145,0,0,864,1,135,0,0,859,0,141,0,0,865,0,135,0,0,861,0,139,0,0,868,0,132,0,0,855,0,145,0,0,862,0,138,0,0,869,0,131,0,0,868,0,132,0,0,875,0,125,0,0,867,0,133,0,0,866,0,134,0,0,863,0,137,0,0,869,0,131,0,0,863,0,137,0,0,869,1,130,0,0,858,0,142,0,0,865,0,135,0,0,872,0,128,0,0,860,0,140,0,0,865,0,135,0,0,856,0,144,0,0,867,0,133,0,0,865,0,135,0,0
273,targeted_heterosexual,0.5,859,0,141,0,0,863,0,137,0,0,862,1,137,0,0,866,0,134,0,0,869,0,131,0,0,863,0,137,0,0,862,0,138,0,0,872,0,128,0,0,857,0,143,0,0,852,0,148,0,0,867,0,133,0,0,866,0,134,0,0,867,1,132,0,0,854,0,146,0,0,866,0,134,0,0,856,0,144,0,0,869,0,131,0,0,868,0,132,0,0,864,0,136,0,0,862,0,138,0,0,863,0,137,0,0,867,0,133,0,0,869,0,131,0,0,863,0,137,0,0,871,0,129,0,0,853,1,146,0,0,864,1,135,0,0,859,0,141,0,0,865,0,135,0,0,861,0,139,0,0,868,0,132,0,0,855,0,145,0,0,862,0,138,0,0,869,0,131,0,0,868,0,132,0,0,875,0,125,0,0,867,0,133,0,0,866,0,134,0,0,863,0,137,0,0,869,0,131,0,0,863,0,137,0,0,869,1,130,0,0,858,0,142,0,0,865,0,135,0,0,872,0,128,0,0,860,0,140,0,0,865,0,135,0,0,856,0,144,0,0,867,0,133,0,0,865,0,135,0,0
274,targeted_heterosexual,0.5,859,0,141,0,0,863,0,137,0,0,862,1,137,0,0,866,0,134,0,0,869,0,131,0,0,863,0,137,0,0,862,0,138,0,0,872,0,128,0,0,857,0,143,0,0,852,0,148,0,0,867,0,133,0,0,866,0,134,0,0,867,1,132,0,0,854,0,146,0,0,866,0,134,0,0,856,0,144,0,0,869,0,131,0,0,868,0,132,0,0,864,0,136,0,0,862,0,138,0,0,863,0,137,0,0,867,0,133,0,0,869,0,131,0,0,863,0,137,0,0,871,0,129,0,0,853,1,146,0,0,864,1,135,0,0,859,0,141,0,0,865,0,135,0,0,861,0,139,0,0,868,0,132,0,0,855,0,145,0,0,862,0,138,0,0,869,0,131,0,0,868,0,132,0,0,875,0,125,0,0,867,0,133,0,0,866,0,134,0,0,863,0,137,0,0,869,0,131,0,0,863,0,137,0,0,869,1,130,0,0,858,0,142,0,0,865,0,135,0,0,872,0,128,0,0,860,0,140,0,0,865,0,135,0,0,856,0,144,0,0,867,0,133,0,0,865,0,135,0,0
275,targeted_heterosexual,0.5,859,0,141,0,0,863,0,137,0,0,862,0,138,0,0,866,0,134,0,0,869,0,131,0,0,863,0,137,0,0,862,0,138,0,0,872,0,128,0,0,857,0,143,0,0,852,0,148,0,0,867,0,133,0,0,866,0,134,0,0,867,1,132,0,0,854,0,146,0,0,866,0,134,0,0,856,0,144,0,0,869,0,131,0,0,868,0,132,0,0,864,0,136,0,0,862,0,138,0,0,863,0,137,0,0,867,0,133,0,0,869,0,131,0,0,863,0,137,0,0,871,0,129,0,0,853,1,146,0,0,864,1,135,0,0,859,0,141,0,0,865,0,135,0,0,861,0,139,0,0,868,0,132,0,0,855,0,145,0,0,862,0,138,0,0,869,0,131,0,0,868,0,132,0,0,875,0,125,0,0,867,0,133,0,0,866,0,134,0,0,863,0,137,0,0,869,0,131,0,0,863,0,137,0,0,869,1,130,0,0,858,0,142,0,0,865,0,135,0,0,872,0,128,0,0,860,0,140,0,0,865,0,135,0,0,856,0,144,0,0,867,0,133,0,0,865,0,135,0,0
276,targeted_heterosexual,0.5,859,0,141,0,0,863,0,137,0,0,862,0,138,0,0,866,0,134,0,0,869,0,131,0,0,863,0,137,0,0,862,0,138,0,0,872,0,128,0,0,857,0,143,0,0,852,0,148,0,0,867,0,133,0,0,866,0,134,0,0,867,1,132,0,0,854,0,146,0,0,866,0,134,0,0,856,0,144,0,0,869,0,131,0,0,868,0,132,0,0,864,0,136,0,0,862,0,138,0,0,863,0,137,0,0,867,0,133,0,0,869,0,131,0,0,863,0,137,0,0,871,0,129,0,0,853,1,146,0,0,864,1,135,0,0,859,0,141,0,0,865,0,135,0,0,861,0,139,0,0,868,0,132,0,0,855,0,145,0,0,862,0,138,0,0,869,0,131,0,0,868,0,132,0,0,875,0,125,0,0,867,0,133,0,0,866,0,134,0,0,863,0,137,0,0,869,0,131,0,0,863,0,137,0,0,869,1,130,0,0,858,0,142,0,0,865,0,135,0,0,872,0,128,0,0,860,0,140,0,0,865,0,135,0,0,856,0,144,0,0,867,0,133,0,0,865,0,135,0,0
277,targeted_heterosexual,0.5,859,0,141,0,0,863,0,137,0,0,862,0,138,0,0,866,0,134,0,0,869,0,131,0,0,863,0,137,0,0,862,0,138,0,0,872,0,128,0,0,857,0,143,0,0,852,0,148,0,0,867,0,133,0,0,866,0,134,0,0,867,1,132,0,0,854,0,146,0,0,866,0,134,0,0,856,0,144,0,0,869,0,131,0,0,868,0,132,0,0,864,0,136,0,0,862,0,138,0,0,863,0,137,0,0,867,0,133,0,0,869,0,131,0,0,863,0,137,0,0,871,0,129,0,0,853,1,146,0,0,864,1,135,0,0,859,0,141,0,0,865,0,135,0,0,861,0,139,0,0,868,0,132,0,0,855,0,145,0,0,862,0,138,0,0,869,0,131,0,0,868,0,132,0,0,875,0,125,0,0,867,0,133,0,0,866,0,134,0,0,863,0,137,0,0,869,0,131,0,0,863,0,137,0,0,869,1,130,0,0,858,0,142,0,0,865,0,135,0,0,872,0,128,0,0,860,0,140,0,0,865,0,135,0,0,856,0,144,0,0,867,0,133,0,0,865,0,135,0,0
278,targeted_heterosexual,0.5,859,0,141,0,0,863,0,137,0,0,862,0,138,0,0,866,0,134,0,0,869,0,131,0,0,863,0,137,0,0,862,0,138,0,0,872,0,128,0,0,857,0,143,0,0,852,0,148,0,0,867,0,133,0,0,866,0,134,0,0,867,1,132,0,0,854,0,146,0,0,866,0,134,0,0,856,0,144,0,0,869,0,131,0,0,868,0,132,0,0,864,0,136,0,0,862,0,138,0,0,863,0,137,0,0,867,0,133,0,0,869,0,131,0,0,863,0,137,0,0,871,0,129,0,0,853,0,147,0,0,864,1,135,0,0,859,0,141,0,0,865,0,135,0,0,861,0,139,0,0,868,0,132,0,0,855,0,145,0,0,862,0,138,0,0,869,0,131,0,0,868,0,132,0,0,875,0,125,0,0,867,0,133,0,0,866,0,134,0,0,863,0,137,0,0,869,0,131,0,0,863,0,137,0,0,869,1,130,0,0,858,0,142,0,0,865,0,135,0,0,872,0,128,0,0,860,0,140,0,0,865,0,135,0,0,856,0,144,0,0,867,0,133,0,0,865,0,135,0,0
279,targeted_heterosexual,0.5,859,0,141,0,0,863,0,137,0,0,862,0,138,0,0,866,0,134,0,0,869,0,131,0,0,863,0,137,0,0,862,0,138,0,0,872,0,128,0,0,857,0,143,0,0,852,0,148,0,0,867,0,133,0,0,866,0,134,0,0,867,1,132,0,0,854,0,146,0,0,866,0,134,0,0,856,0,144,0,0,869,0,131,0,0,868,0,132,0,0,864,0,136,0,0,862,0,138,0,0,863,0,137,0,0,867,0,133,0,0,869,0,131,0,0,863,0,137,0,0,871,0,129,0,0,853,0,147,0,0,864,1,135,0,0,859,0,141,0,0,865,0,135,0,0,861,0,139,0,0,868,0,132,0,0,855,0,145,0,0,862,0,138,0,0,869,0,131,0,0,868,0,132,0,0,875,0,125,0,0,867,0,133,0,0,866,0,134,0,0,863,0,137,0,0,869,0,131,0,0,863,0,137,0,0,869,1,130,0,0,858,0,142,0,0,865,0,135,0,0,872,0,128,0,0,860,0,140,0,0,865,0,135,0,0,856,0,144,0,0,867,0,133,0,0,865,0,135,0,0
280,targeted_heterosexual,0.5,859,0,141,0,0,863,0,137,0,0,862,0,138,0,0,866,0,134,0,0,869,0,131,0,0,863,0,137,0,0,862,0,138,0,0,872,0,128,0,0,857,0,143,0,0,852,0,148,0,0,867,0,133,0,0,866,0,134,0,0,867,1,132,0,0,854,0,146,0,0,866,0,134,0,0,856,0,144,0,0,869,0,131,0,0,868,0,132,0,0,864,0,136,0,0,862,0,138,0,0,863,0,137,0,0,867,0,133,0,0,869,0,131,0,0,863,0,137,0,0,871,0,129,0,0,853,0,147,0,0,864,1,135,0,0,859,0,141,0,0,865,0,135,0,0,861,0,139,0,0,868,0,132,0,0,855,0,145,0,0,862,0,138,0,0,869,0,131,0,0,868,0,132,0,0,875,0,125,0,0,867,0,133,0,0,866,0,134,0,0,863,0,137,0,0,869,0,131,0,0,863,0,137,0,0,869,1,130,0,0,858,0,142,0,0,865,0,135,0,0,872,0,128,0,0,860,0,140,0,0,865,0,135,0,0,856,0,144,0,0,866,1,133,0,0,865,0,135,0,0
281,targeted_heterosexual,0.5,859,0,141,0,0,863,0,137,0,0,862,0,138,0,0,866,0,134,0,0,869,0,131,0,0,863,0,137,0,0,862,0,138,0,0,872,0,128,0,0,857,0,143,0,0,852,0,148,0,0,867,0,133,0,0,866,0,134,0,0,867,1,132,0,0,854,0,146,0,0,866,0,134,0,0,856,0,144,0,0,869,0,131,0,0,868,0,132,0,0,864,0,136,0,0,862,0,138,0,0,863,0,137,0,0,867,0,133,0,0,869,0,131,0,0,863,0,137,0,0,871,0,129,0,0,853,0,147,0,0,864,1,135,0,0,859,0,141,0,0,865,0,135,0,0,861,0,139,0,0,868,0,132,0,0,855,0,145,0,0,862,0,138,0,0,869,0,131,0,0,868,0,132,0,0,875,0,125,0,0,867,0,133,0,0,866,0,134,0,0,863,0,137,0,0,869,0,131,0,0,863,0,137,0,0,869,1,130,0,0,858,0,142,0,0,865,0,135,0,0,872,0,128,0,0,860,0,140,0,0,865,0,135,0,0,856,0,144,0,0,866,1,133,0,0,865,0,135,0,0
282,targeted_heterosexual,0.5,859,0,141,0,0,863,0,137,0,0,862,0,138,0,0,866,0,134,0,0,869,0,131,0,0,863,0,137,0,0,862,0,138,0,0,872,0,128,0,0,857,0,143,0,0,852,0,148,0,0,867,0,133,0,0,866,0,134,0,0,867,1,132,0,0,854,0,146,0,0,866,0,134,0,0,856,0,144,0,0,869,0,131,0,0,868,0,132,0,0,864,0,136,0,0,862,0,138,0,0,863,0,137,0,0,867,0,133,0,0,869,0,131,0,0,863,0,137,0,0,871,0,129,0,0,853,0,147,0,0,864,0,136,0,0,859,0,141,0,0,865,0,135,0,0,861,0,139,0,0,868,0,132,0,0,855,0,145,0,0,862,0,138,0,0,869,0,131,0,0,868,0,132,0,0,875,0,125,0,0,867,0,133,0,0,866,0,134,0,0,863,0,137,0,0,869,0,131,0,0,863,0,137,0,0,869,1,130,0,0,858,0,142,0,0,865,0,135,0,0,872,0,128,0,0,860,0,140,0,0,865,0,135,0,0,856,0,144,0,0,866,1,133,0,0,865,0,135,0,0
283,targeted_heterosexual,0.5,859,0,141,0,0,863,0,137,0,0,861,1,138,0,0,866,0,134,0,0,869,0,131,0,0,863,0,137,0,0,862,0,138,0,0,872,0,128,0,0,857,0,143,0,0,852,0,148,0,0,867,0,133,0,0,866,0,134,0,0,867,0,133,0,0,854,0,146,0,0,866,0,134,0,0,856,0,144,0,0,869,0,131,0,0,868,0,132,0,0,864,0,136,0,0,862,0,138,0,0,863,0,137,0,0,867,0,133,0,0,869,0,131,0,0,863,0,137,0,0,871,0,129,0,0,853,0,147,0,0,864,0,136,0,0,859,0,141,0,0,865,0,135,0,0,861,0,139,0,0,868,0,132,0,0,855,0,145,0,0,862,0,138,0,0,869,0,131,0,0,868,0,132,0,0,875,0,125,0,0,867,0,133,0,0,866,0,134,0,0,863,0,137,0,0,869,0,131,0,0,863,0,137,0,0,869,1,130,0,0,858,0,142,0,0,865,0,135,0,0,872,0,128,0,0,860,0,140,0,0,865,0,135,0,0,856,0,144,0,0,866,1,133,0,0,865,0,135,0,0
284,targeted_heterosexual,0.5,859,0,141,0,0,863,0,137,0,0,861,1,138,0,0,866,0,134,0,0,869,0,131,0,0,863,0,137,0,0,862,0,138,0,0,872,0,128,0,0,857,0,143,0,0,852,0,148,0,0,867,0,133,0,0,866,0,134,0,0,867,0,133,0,0,854,0,146,0,0,866,0,134,0,0,856,0,144,0,0,869,0,131,0,0,868,0,132,0,0,864,0,136,0,0,862,0,138,0,0,863,0,137,0,0,867,0,133,0,0,869,0,131,0,0,863,0,137,0,0,871,0,129,0,0,853,0,147,0,0,864,0,136,0,0,859,0,141,0,0,865,0,135,0,0,861,0,139,0,0,868,0,132,0,0,855,0,145,0,0,862,0,138,0,0,869,0,131,0,0,868,0,132,0,0,875,0,125,0,0,867,0,133,0,0,866,0,134,0,0,863,0,137,0,0,869,0,131,0,0,863,0,137,0,0,869,1,130,0,0,858,0,142,0,0,865,0,135,0,0,872,0,128,0,0,860,0,140,0,0,865,0,135,0,0,856,0,144,0,0,866,1,133,0,0,865,0,135,0,0
285,targeted_heterosexual,0.5,859,0,141,0,0,863,0,137,0,0,861,1,138,0,0,866,0,134,0,0,869,0,131,0,0,863,0,137,0,0,862,0,138,0,0,872,0,128,0,0,857,0,143,0,0,852,0,148,0,0,867,0,133,0,0,866,0,134,0,0,867,0,133,0,0,854,0,146,0,0,866,0,134,0,0,856,0,144,0,0,869,0,131,0,0,868,0,132,0,0,864,0,136,0,0,862,0,138,0,0,863,0,137,0,0,867,0,133,0,0,869,0,131,0,0,863,0,137,0,0,871,0,129,0,0,853,0,147,0,0,864,0,136,0,0,859,0,141,0,0,865,0,135,0,0,861,0,139,0,0,868,0,132,0,0,855,0,145,0,0,862,0,138,0,0,869,0,131,0,0,868,0,132,0,0,875,0,125,0,0,867,0,133,0,0,866,0,134,0,0,863,0,137,0,0,869,0,131,0,0,863,0,137,0,0,869,0,131,0,0,858,0,142,0,0,865,0,135,0,0,872,0,128,0,0,860,0,140,0,0,865,0,135,0,0,856,0,144,0,0,866,1,133,0,0,865,0,135,0,0
286,targeted_heterosexual,0.5,859,0,141,0,0,863,0,137,0,0,861,1,138,0,0,866,0,134,0,0,869,0,131,0,0,863,0,137,0,0,862,0,138,0,0,872,0,128,0,0,857,0,143,0,0,852,0,148,0,0,867,0,133,0,0,866,0,134,0,0,867,0,133,0,0,854,0,146,0,0,866,0,134,0,0,856,0,144,0,0,869,0,131,0,0,868,0,132,0,0,864,0,136,0,0,862,0,138,0,0,863,0,137,0,0,867,0,133,0,0,869,0,131,0,0,863,0,137,0,0,871,0,129,0,0,853,0,147,0,0,864,0,136,0,0,859,0,141,0,0,865,0,135,0,0,861,0,139,0,0,868,0,132,0,0,855,0,145,0,0,862,0,138,0,0,869,0,131,0,0,868,0,132,0,0,875,0,125,0,0,867,0,133,0,0,866,0,134,0,0,863,0,137,0,0,869,0,131,0,0,863,0,137,0,0,869,0,131,0,0,858,0,142,0,0,865,0,135,0,0,872,0,128,0,0,860,0,140,0,0,865,0,135,0,0,856,0,144,0,0,866,1,133,0,0,865,0,135,0,0
287,targeted_heterosexual,0.5,859,0,141,0,0,863,0,137,0,0,861,1,138,0,0,866,0,134,0,0,869,0,131,0,0,863,0,137,0,0,862,0,138,0,0,872,0,128,0,0,857,0,143,0,0,852,0,148,0,0,867,0,133,0,0,866,0,134,0,0,867,0,133,0,0,854,0,146,0,0,866,0,134,0,0,856,0,144,0,0,869,0,131,0,0,868,0,132,0,0,864,0,136,0,0,862,0,138,0,0,863,0,137,0,0,867,0,133,0,0,869,0,131,0,0,863,0,137,0,0,871,0,129,0,0,853,0,147,0,0,864,0,136,0,0,859,0,141,0,0,865,0,135,0,0,861,0,139,0,0,868,0,132,0,0,855,0,145,0,0,862,0,138,0,0,869,0,131,0,0,868,0,132,0,0,875,0,125,0,0,867,0,133,0,0,866,0,134,0,0,863,0,137,0,0,869,0,131,0,0,863,0,137,0,0,869,0,131,0,0,858,0,142,0,0,865,0,135,0,0,872,0,128,0,0,860,0,140,0,0,865,0,135,0,0,856,0,144,0,0,866,1,133,0,0,865,0,135,0,0
288,targeted_heterosexual,0.5,859,0,141,0,0,863,0,137,0,0,861,1,138,0,0,866,0,134,0,0,869,0,131,0,0,863,0,137,0,0,862,0,138,0,0,872,0,128,0,0,857,0,143,0,0,852,0,148,0,0,867,0,133,0,0,866,0,134,0,0,867,0,133,0,0,854,0,146,0,0,866,0,134,0,0,856,0,144,0,0,869,0,131,0,0,868,0,132,0,0,864,0,136,0,0,862,0,138,0,0,863,0,137,0,0,867,0,133,0,0,869,0,131,0,0,863,0,137,0,0,871,0,129,0,0,853,0,147,0,0,864,0,136,0,0,859,0,141,0,0,865,0,135,0,0,861,0,139,0,0,868,0,132,0,0,855,0,145,0,0,862,0,138,0,0,869,0,131,0,0,868,0,132,0,0,875,0,125,0,0,867,0,133,0,0,866,0,134,0,0,863,0,137,0,0,869,0,131,0,0,863,0,137,0,0,868,1,131,0,0,858,0,142,0,0,865,0,135,0,0,872,0,128,0,0,860,0,140,0,0,865,0,135,0,0,856,0,144,0,0,866,1,133,0,0,865,0,135,0,0
289,targeted_heterosexual,0.5,859,0,141,0,0,863,0,137,0,0,861,1,138,0,0,866,0,134,0,0,869,0,131,0,0,863,0,137,0,0,862,0,138,0,0,872,0,128,0,0,857,0,143,0,0,852,0,148,0,0,867,0,133,0,0,866,0,134,0,0,867,0,133,0,0,854,0,146,0,0,866,0,134,0,0,856,0,144,0,0,869,0,131,0,0,868,0,132,0,0,864,0,136,0,0,862,0,138,0,0,863,0,137,0,0,867,0,133,0,0,869,0,131,0,0,863,0,137,0,0,871,0,129,0,0,853,0,147,0,0,864,0,136,0,0,859,0,141,0,0,865,0,135,0,0,861,0,139,0,0,868,0,132,0,0,855,0,145,0,0,862,0,138,0,0,869,0,131,0,0,868,0,132,0,0,875,0,125,0,0,867,0,133,0,0,866,0,134,0,0,863,0,137,0,0,869,0,131,0,0,863,0,137,0,0,868,1,131,0,0,858,0,142,0,0,865,0,135,0,0,872,0,128,0,0,860,0,140,0,0,865,0,135,0,0,856,0,144,0,0,866,1,133,0,0,865,0,135,0,0
290,targeted_heterosexual,0.5,859,0,141,0,0,863,0,137,0,0,861,1,138,0,0,866,0,134,0,0,869,0,131,0,0,863,0,137,0,0,862,0,138,0,0,872,0,128,0,0,857,0,143,0,0,852,0,148,0,0,867,0,133,0,0,866,0,134,0,0,867,0,133,0,0,854,0,146,0,0,866,0,134,0,0,856,0,144,0,0,869,0,131,0,0,868,0,132,0,0,864,0,136,0,0,862,0,138,0,0,863,0,137,0,0,867,0,133,0,0,869,0,131,0,0,863,0,137,0,0,871,0,129,0,0,853,0,147,0,0,864,0,136,0,0,859,0,141,0,0,865,0,135,0,0,861,0,139,0,0,868,0,132,0,0,855,0,145,0,0,862,0,138,0,0,869,0,131,0,0,868,0,132,0,0,875,0,125,0,0,867,0,133,0,0,866,0,134,0,0,863,0,137,0,0,869,0,131,0,0,863,0,137,0,0,868,1,131,0,0,858,0,142,0,0,865,0,135,0,0,872,0,128,0,0,860,0,140,0,0,865,0,135,0,0,856,0,144,0,0,866,1,133,0,0,865,0,135,0,0
291,targeted_heterosexual,0.5,859,0,141,0,0,863,0,137,0,0,861,1,138,0,0,866,0,134,0,0,869,0,131,0,0,863,0,137,0,0,862,0,138,0,0,872,0,128,0,0,857,0,143,0,0,852,0,148,0,0,867,0,133,0,0,866,0,134,0,0,867,0,133,0,0,854,0,146,0,0,866,0,134,0,0,856,0,144,0,0,869,0,131,0,0,868,0,132,0,0,864,0,136,0,0,862,0,138,0,0,863,0,137,0,0,867,0,133,0,0,869,0,131,0,0,863,0,137,0,0,871,0,129,0,0,853,0,147,0,0,864,0,136,0,0,859,0,141,0,0,865,0,135,0,0,861,0,139,0,0,868,0,132,0,0,855,0,145,0,0,862,0,138,0,0,869,0,131,0,0,868,0,132,0,0,875,0,125,0,0,867,0,133,0,0,866,0,134,0,0,863,0,137,0,0,869,0,131,0,0,863,0,137,0,0,868,1,131,0,0,858,0,142,0,0,865,0,135,0,0,872,0,128,0,0,860,0,140,0,0,865,0,135,0,0,856,0,144,0,0,866,1,133,0,0,865,0,135,0,0
292,targeted_heterosexual,0.5,859,0,141,0,0,863,0,137,0,0,861,1,138,0,0,866,0,134,0,0,869,0,131,0,0,863,0,137,0,0,862,0,138,0,0,872,0,128,0,0,857,0,143,0,0,852,0,148,0,0,867,0,133,0,0,866,0,134,0,0,867,0,133,0,0,854,0,146,0,0,866,0,134,0,0,856,0,144,0,0,869,0,131,0,0,868,0,132,0,0,864,0,136,0,0,862,0,138,0,0,863,0,137,0,0,867,0,133,0,0,869,0,131,0,0,863,0,137,0,0,871,0,129,0,0,853,0,147,0,0,864,0,136,0,0,859,0,141,0,0,865,0,135,0,0,861,0,139,0,0,868,0,132,0,0,855,0,145,0,0,862,0,138,0,0,869,0,131,0,0,868,0,132,0,0,875,0,125,0,0,867,0,133,0,0,866,0,134,0,0,863,0,137,0,0,869,0,131,0,0,863,0,137,0,0,868,1,131,0,0,858,0,142,0,0,865,0,135,0,0,872,0,128,0,0,860,0,140,0,0,865,0,135,0,0,856,0,144,0,0,866,1,133,0,0,865,0,135,0,0
293,targeted_heterosexual,0.5,859,0,141,0,0,863,0,137,0,0,861,1,138,0,0,866,0,134,0,0,869,0,131,0,0,863,0,137,0,0,862,0,138,0,0,872,0,128,0,0,857,0,143,0,0,852,0,148,0,0,867,0,133,0,0,866,0,134,0,0,867,0,133,0,0,854,0,146,0,0,866,0,134,0,0,856,0,144,0,0,869,0,131,0,0,868,0,132,0,0,864,0,136,0,0,862,0,138,0,0,863,0,137,0,0,867,0,133,0,0,869,0,131,0,0,863,0,137,0,0,871,0,129,0,0,853,0,147,0,0,864,0,136,0,0,859,0,141,0,0,865,0,135,0,0,860,1,139,0,0,868,0,132,0,0,855,0,145,0,0,862,0,138,0,0,869,0,131,0,0,868,0,132,0,0,875,0,125,0,0,867,0,133,0,0,866,0,134,0,0,863,0,137,0,0,869,0,131,0,0,863,0,137,0,0,868,1,131,0,0,858,0,142,0,0,865,0,135,0,0,872,0,128,0,0,860,0,140,0,0,865,0,135,0,0,856,0,144,0,0,866,0,134,0,0,865,0,135,0,0
294,targeted_heterosexual,0.5,859,0,141,0,0,863,0,137,0,0,861,1,138,0,0,866,0,134,0,0,869,0,131,0,0,863,0,137,0,0,862,0,138,0,0,872,0,128,0,0,857,0,143,0,0,852,0,148,0,0,867,0,133,0,0,866,0,134,0,0,867,0,133,0,0,854,0,146,0,0,866,0,134,0,0,856,0,144,0,0,869,0,131,0,0,868,0,132,0,0,864,0,136,0,0,862,0,138,0,0,863,0,137,0,0,867,0,133,0,0,869,0,131,0,0,863,0,137,0,0,871,0,129,0,0,853,0,147,0,0,864,0,136,0,0,859,0,141,0,0,865,0,135,0,0,860,1,139,0,0,868,0,132,0,0,855,0,145,0,0,862,0,138,0,0,869,0,131,0,0,868,0,132,0,0,875,0,125,0,0,867,0,133,0,0,866,0,134,0,0,863,0,137,0,0,869,0,131,0,0,863,0,137,0,0,868,1,131,0,0,858,0,142,0,0,865,0,135,0,0,872,0,128,0,0,860,0,140,0,0,865,0,135,0,0,856,0,144,0,0,866,0,134,0,0,865,0,135,0,0
295,targeted_heterosexual,0.5,859,0,141,0,0,863,0,137,0,0,861,1,138,0,0,866,0,134,0,0,869,0,131,0,0,863,0,137,0,0,862,0,138,0,0,872,0,128,0,0,857,0,143,0,0,852,0,148,0,0,867,0,133,0,0,866,0,134,0,0,867,0,133,0,0,854,0,146,0,0,866,0,134,0,0,856,0,144,0,0,869,0,131,0,0,868,0,132,0,0,864,0,136,0,0,862,0,138,0,0,863,0,137,0,0,867,0,133,0,0,869,0,131,0,0,863,0,137,0,0,871,0,129,0,0,853,0,147,0,0,864,0,136,0,0,859,0,141,0,0,865,0,135,0,0,859,2,139,0,0,868,0,132,0,0,855,0,145,0,0,862,0,138,0,0,869,0,131,0,0,868,0,132,0,0,875,0,125,0,0,867,0,133,0,0,866,0,134,0,0,863,0,137,0,0,869,0,131,0,0,863,0,137,0,0,868,1,131,0,0,858,0,142,0,0,865,0,135,0,0,872,0,128,0,0,860,0,140,0,0,865,0,135,0,0,856,0,144,0,0,866,0,134,0,0,865,0,135,0,0
296,targeted_heterosexual,0.5,859,0,141,0,0,863,0,137,0,0,861,0,139,0,0,866,0,134,0,0,869,0,131,0,0,863,0,137,0,0,862,0,138,0,0,872,0,128,0,0,857,0,143,0,0,852,0,148,0,0,867,0,133,0,0,866,0,134,0,0,867,0,133,0,0,854,0,146,0,0,866,0,134,0,0,856,0,144,0,0,869,0,131,0,0,868,0,132,0,0,864,0,136,0,0,862,0,138,0,0,863,0,137,0,0,867,0,133,0,0,869,0,131,0,0,863,0,137,0,0,871,0,129,0,0,853,0,147,0,0,864,0,136,0,0,859,0,141,0,0,865,0,135,0,0,859,2,139,0,0,868,0,132,0,0,855,0,145,0,0,862,0,138,0,0,869,0,131,0,0,868,0,132,0,0,875,0,125,0,0,867,0,133,0,0,866,0,134,0,0,863,0,137,0,0,869,0,131,0,0,863,0,137,0,0,868,1,131,0,0,858,0,142,0,0,865,0,135,0,0,872,0,128,0,0,860,0,140,0,0,865,0,135,0,0,856,0,144,0,0,866,0,134,0,0,865,0,135,0,0
297,targeted_heterosexual,0.5,859,0,141,0,0,863,0,137,0,0,861,0,139,0,0,866,0,134,0,0,869,0,131,0,0,863,0,137,0,0,862,0,138,0,0,872,0,128,0,0,857,0,143,0,0,852,0,148,0,0,867,0,133,0,0,866,0,134,0,0,867,0,133,0,0,854,0,146,0,0,866,0,134,0,0,856,0,144,0,0,869,0,131,0,0,868,0,132,0,0,864,0,136,0,0,862,0,138,0,0,863,0,137,0,0,867,0,133,0,0,869,0,131,0,0,863,0,137,0,0,871,0,129,0,0,853,0,147,0,0,864,0,136,0,0,859,0,141,0,0,865,0,135,0,0,859,2,139,0,0,868,0,132,0,0,855,0,145,0,0,862,0,138,0,0,869,0,131,0,0,868,0,132,0,0,875,0,125,0,0,867,0,133,0,0,866,0,134,0,0,863,0,137,0,0,869,0,131,0,0,863,0,137,0,0,868,1,131,0,0,858,0,142,0,0,865,0,135,0,0,872,0,128,0,0,860,0,140,0,0,865,0,135,0,0,856,0,144,0,0,866,0,134,0,0,865,0,135,0,0
298,targeted_heterosexual,0.5,859,0,141,0,0,863,0,137,0,0,861,0,139,0,0,866,0,134,0,0,869,0,131,0,0,863,0,137,0,0,862,0,138,0,0,872,0,128,0,0,857,0,143,0,0,852,0,148,0,0,867,0,133,0,0,866,0,134,0,0,867,0,133,0,0,854,0,146,0,0,866,0,134,0,0,856,0,144,0,0,869,0,131,0,0,868,0,132,0,0,864,0,136,0,0,862,0,138,0,0,863,0,137,0,0,867,0,133,0,0,869,0,131,0,0,863,0,137,0,0,871,0,129,0,0,853,0,147,0,0,864,0,136,0,0,859,0,141,0,0,865,0,135,0,0,859,2,139,0,0,868,0,132,0,0,855,0,145,0,0,862,0,138,0,0,869,0,131,0,0,868,0,132,0,0,875,0,125,0,0,867,0,133,0,0,866,0,134,0,0,863,0,137,0,0,869,0,131,0,0,863,0,137,0,0,868,1,131,0,0,858,0,142,0,0,865,0,135,0,0,872,0,128,0,0,860,0,140,0,0,865,0,135,0,0,856,0,144,0,0,866,0,134,0,0,865,0,135,0,0
299,targeted_heterosexual,0.5,859,0,141,0,0,863,0,137,0,0,860,1,139,0,0,866,0,134,0,0,869,0,131,0,0,863,0,137,0,0,862,0,138,0,0,872,0,128,0,0,857,0,143,0,0,852,0,148,0,0,867,0,133,0,0,866,0,134,0,0,867,0,133,0,0,854,0,146,0,0,866,0,134,0,0,856,0,144,0,0,869,0,131,0,0,868,0,132,0,0,864,0,136,0,0,862,0,138,0,0,863,0,137,0,0,867,0,133,0,0,869,0,131,0,0,863,0,137,0,0,871,0,129,0,0,853,0,147,0,0,864,0,136,0,0,859,0,141,0,0,865,0,135,0,0,859,2,139,0,0,868,0,132,0,0,855,0,145,0,0,862,0,138,0,0,869,0,131,0,0,868,0,132,0,0,875,0,125,0,0,867,0,133,0,0,866,0,134,0,0,863,0,137,0,0,869,0,131,0,0,863,0,137,0,0,868,1,131,0,0,858,0,142,0,0,865,0,135,0,0,872,0,128,0,0,860,0,140,0,0,865,0,135,0,0,856,0,144,0,0,866,0,134,0,0,865,0,135,0,0
300,targeted_heterosexual,0.5,859,0,141,0,0,863,0,137,0,0,860,1,139,0,0,866,0,134,0,0,869,0,131,0,0,863,0,137,0,0,862,0,138,0,0,872,0,128,0,0,857,0,143,0,0,852,0,148,0,0,867,0,133,0,0,866,0,134,0,0,867,0,133,0,0,854,0,146,0,0,866,0,134,0,0,856,0,144,0,0,869,0,131,0,0,868,0,132,0,0,864,0,136,0,0,862,0,138,0,0,863,0,137,0,0,867,0,133,0,0,869,0,131,0,0,863,0,137,0,0,871,0,129,0,0,853,0,147,0,0,864,0,136,0,0,859,0,141,0,0,865,0,135,0,0,859,2,139,0,0,868,0,132,0,0,855,0,145,0,0,862,0,138,0,0,869,0,131,0,0,868,0,132,0,0,875,0,125,0,0,867,0,133,0,0,866,0,134,0,0,863,0,137,0,0,869,0,131,0,0,863,0,137,0,0,868,1,131,0,0,858,0,142,0,0,865,0,135,0,0,872,0,128,0,0,860,0,140,0,0,865,0,135,0,0,856,0,144,0,0,866,0,134,0,0,864,1,135,0,0
301,targeted_heterosexual,0.5,859,0,141,0,0,863,0,137,0,0,860,1,139,0,0,866,0,134,0,0,869,0,131,0,0,863,0,137,0,0,862,0,138,0,0,872,0,128,0,0,857,0,143,0,0,852,0,148,0,0,867,0,133,0,0,866,0,134,0,0,867,0,133,0,0,854,0,146,0,0,866,0,134,0,0,856,0,144,0,0,869,0,131,0,0,868,0,132,0,0,864,0,136,0,0,862,0,138,0,0,863,0,137,0,0,867,0,133,0,0,869,0,131,0,0,863,0,137,0,0,871,0,129,0,0,853,0,147,0,0,864,0,136,0,0,859,0,141,0,0,865,0,135,0,0,859,2,139,0,0,868,0,132,0,0,855,0,145,0,0,862,0,138,0,0,869,0,131,0,0,868,0,132,0,0,875,0,125,0,0,867,0,133,0,0,866,0,134,0,0,863,0,137,0,0,869,0,131,0,0,863,0,137,0,0,868,0,132,0,0,858,0,142,0,0,865,0,135,0,0,872,0,128,0,0,860,0,140,0,0,865,0,135,0,0,856,0,144,0,0,866,0,134,0,0,864,1,135,0,0
302,targeted_heterosexual,0.5,859,0,141,0,0,863,0,137,0,0,860,1,139,0,0,866,0,134,0,0,869,0,131,0,0,863,0,137,0,0,862,0,138,0,0,872,0,128,0,0,857,0,143,0,0,852,0,148,0,0,867,0,133,0,0,866,0,134,0,0,867,0,133,0,0,854,0,146,0,0,866,0,134,0,0,856,0,144,0,0,869,0,131,0,0,868,0,132,0,0,864,0,136,0,0,862,0,138,0,0,863,0,137,0,0,867,0,133,0,0,869,0,131,0,0,863,0,137,0,0,871,0,129,0,0,853,0,147,0,0,864,0,136,0,0,859,0,141,0,0,865,0,135,0,0,859,2,139,0,0,868,0,132,0,0,855,0,145,0,0,862,0,138,0,0,869,0,131,0,0,868,0,132,0,0,875,0,125,0,0,867,0,133,0,0,866,0,134,0,0,863,0,137,0,0,869,0,131,0,0,863,0,137,0,0,868,0,132,0,0,858,0,142,0,0,865,0,135,0,0,872,0,128,0,0,860,0,140,0,0,865,0,135,0,0,856,0,144,0,0,866,0,134,0,0,864,1,135,0,0
303,targeted_heterosexual,0.5,859,0,141,0,0,863,0,137,0,0,860,1,139,0,0,866,0,134,0,0,869,0,131,0,0,863,0,137,0,0,862,0,138,0,0,872,0,128,0,0,857,0,143,0,0,852,0,148,0,0,866,1,133,0,0,866,0,134,0,0,867,0,133,0,0,854,0,146,0,0,866,0,134,0,0,856,0,144,0,0,869,0,131,0,0,868,0,132,0,0,864,0,136,0,0,862,0,138,0,0,863,0,137,0,0,867,0,133,0,0,869,0,131,0,0,863,0,137,0,0,871,0,129,0,0,853,0,147,0,0,864,0,136,0,0,859,0,141,0,0,865,0,135,0,0,859,2,139,0,0,868,0,132,0,0,855,0,145,0,0,862,0,138,0,0,869,0,131,0,0,868,0,132,0,0,875,0,125,0,0,867,0,133,0,0,866,0,134,0,0,863,0,137,0,0,869,0,131,0,0,863,0,137,0,0,868,0,132,0,0,858,0,142,0,0,865,0,135,0,0,872,0,128,0,0,860,0,140,0,0,865,0,135,0,0,856,0,144,0,0,866,0,134,0,0,864,1,135,0,0
304,targeted_heterosexual,0.5,859,0,141,0,0,863,0,137,0,0,860,1,139,0,0,866,0,134,0,0,869,0,131,0,0,863,0,137,0,0,862,0,138,0,0,872,0,128,0,0,857,0,143,0,0,852,0,148,0,0,866,1,133,0,0,866,0,134,0,0,867,0,133,0,0,854,0,146,0,0,866,0,134,0,0,856,0,144,0,0,869,0,131,0,0,868,0,132,0,0,864,0,136,0,0,862,0,138,0,0,863,0,137,0,0,867,0,133,0,0,869,0,131,0,0,863,0,137,0,0,871,0,129,0,0,853,0,147,0,0,864,0,136,0,0,859,0,141,0,0,865,0,135,0,0,858,3,139,0,0,868,0,132,0,0,855,0,145,0,0,862,0,138,0,0,869,0,131,0,0,868,0,132,0,0,875,0,125,0,0,867,0,133,0,0,866,0,134,0,0,863,0,137,0,0,869,0,131,0,0,863,0,137,0,0,868,0,132,0,0,858,0,142,0,0,865,0,135,0,0,872,0,128,0,0,860,0,140,0,0,865,0,135,0,0,856,0,144,0,0,866,0,134,0,0,864,1,135,0,0
305,targeted_heterosexual,0.5,859,0,141,0,0,863,0,137,0,0,860,1,139,0,0,866,0,134,0,0,869,0,131,0,0,863,0,137,0,0,862,0,138,0,0,872,0,128,0,0,857,0,143,0,0,852,0,148,0,0,866,1,133,0,0,866,0,134,0,0,867,0,133,0,0,854,0,146,0,0,866,0,134,0,0,856,0,144,0,0,869,0,131,0,0,868,0,132,0,0,864,0,136,0,0,862,0,138,0,0,863,0,137,0,0,867,0,133,0,0,869,0,131,0,0,863,0,137,0,0,871,0,129,0,0,853,0,147,0,0,864,0,136,0,0,859,0,141,0,0,865,0,135,0,0,857,4,139,0,0,868,0,132,0,0,855,0,145,0,0,862,0,138,0,0,869,0,131,0,0,868,0,132,0,0,875,0,125,0,0,867,0,133,0,0,866,0,134,0,0,863,0,137,0,0,869,0,131,0,0,863,0,137,0,0,868,0,132,0,0,858,0,142,0,0,865,0,135,0,0,872,0,128,0,0,860,0,140,0,0,865,0,135,0,0,856,0,144,0,0,866,0,134,0,0,864,1,135,0,0
306,targeted_heterosexual,0.5,859,0,141,0,0,863,0,137,0,0,860,1,139,0,0,866,0,134,0,0,869,0,131,0,0,863,0,137,0,0,862,0,138,0,0,872,0,128,0,0,857,0,143,0,0,852,0,148,0,0,866,1,133,0,0,866,0,134,0,0,867,0,133,0,0,854,0,146,0,0,866,0,134,0,0,856,0,144,0,0,869,0,131,0,0,868,0,132,0,0,864,0,136,0,0,862,0,138,0,0,863,0,137,0,0,867,0,133,0,0,869,0,131,0,0,863,0,137,0,0,871,0,129,0,0,853,0,147,0,0,864,0,136,0,0,859,0,141,0,0,865,0,135,0,0,857,3,140,0,0,868,0,132,0,0,855,0,145,0,0,862,0,138,0,0,869,0,131,0,0,868,0,132,0,0,875,0,125,0,0,867,0,133,0,0,866,0,134,0,0,863,0,137,0,0,869,0,131,0,0,863,0,137,0,0,868,0,132,0,0,858,0,142,0,0,865,0,135,0,0,872,0,128,0,0,860,0,140,0,0,865,0,135,0,0,856,0,144,0,0,866,0,134,0,0,864,1,135,0,0
307,targeted_heterosexual,0.5,859,0,141,0,0,863,0,137,0,0,860,1,139,0,0,866,0,134,0,0,869,0,131,0,0,863,0,137,0,0,862,0,138,0,0,872,0,128,0,0,857,0,143,0,0,852,0,148,0,0,866,1,133,0,0,866,0,134,0,0,867,0,133,0,0,854,0,146,0,0,866,0,134,0,0,856,0,144,0,0,869,0,131,0,0,868,0,132,0,0,864,0,136,0,0,862,0,138,0,0,863,0,137,0,0,867,0,133,0,0,869,0,131,0,0,863,0,137,0,0,871,0,129,0,0,853,0,147,0,0,864,0,136,0,0,859,0,141,0,0,865,0,135,0,0,857,3,140,0,0,868,0,132,0,0,855,0,145,0,0,862,0,138,0,0,869,0,131,0,0,868,0,132,0,0,875,0,125,0,0,867,0,133,0,0,866,0,134,0,0,863,0,137,0,0,869,0,131,0,0,863,0,137,0,0,868,0,132,0,0,858,0,142,0,0,865,0,135,0,0,872,0,128,0,0,860,0,140,0,0,865,0,135,0,0,856,0,144,0,0,866,0,134,0,0,864,1,135,0,0
308,targeted_heterosexual,0.5,859,0,141,0,0,863,0,137,0,0,860,1,139,0,0,866,0,134,0,0,869,0,131,0,0,863,0,137,0,0,862,0,138,0,0,872,0,128,0,0,857,0,143,0,0,852,0,148,0,0,866,1,133,0,0,866,0,134,0,0,867,0,133,0,0,854,0,146,0,0,866,0,134,0,0,856,0,144,0,0,869,0,131,0,0,868,0,132,0,0,863,1,136,0,0,862,0,138,0,0,863,0,137,0,0,867,0,133,0,0,869,0,131,0,0,863,0,137,0,0,871,0,129,0,0,853,0,147,0,0,864,0,136,0,0,859,0,141,0,0,865,0,135,0,0,856,3,141,0,0,868,0,132,0,0,855,0,145,0,0,862,0,138,0,0,869,0,131,0,0,868,0,132,0,0,875,0,125,0,0,867,0,133,0,0,866,0,134,0,0,863,0,137,0,0,869,0,131,0,0,863,0,137,0,0,868,0,132,0,0,858,0,142,0,0,865,0,135,0,0,872,0,128,0,0,860,0,140,0,0,865,0,135,0,0,856,0,144,0,0,866,0,134,0,0,864,1,135,0,0
309,targeted_heterosexual,0.5,859,0,141,0,0,863,0,137,0,0,860,1,139,0,0,866,0,134,0,0,869,0,131,0,0,863,0,137,0,0,862,0,138,0,0,872,0,128,0,0,857,0,143,0,0,852,0,148,0,0,866,1,133,0,0,866,0,134,0,0,867,0,133,0,0,854,0,146,0,0,866,0,134,0,0,856,0,144,0,0,869,0,131,0,0,868,0,132,0,0,863,1,136,0,0,862,0,138,0,0,863,0,137,0,0,867,0,133,0,0,869,0,131,0,0,863,0,137,0,0,871,0,129,0,0,853,0,147,0,0,864,0,136,0,0,859,0,141,0,0,865,0,135,0,0,856,3,141,0,0,868,0,132,0,0,855,0,145,0,0,861,1,138,0,0,869,0,131,0,0,868,0,132,0,0,875,0,125,0,0,867,0,133,0,0,866,0,134,0,0,863,0,137,0,0,869,0,131,0,0,863,0,137,0,0,868,0,132,0,0,858,0,142,0,0,865,0,135,0,0,872,0,128,0,0,860,0,140,0,0,865,0,135,0,0,856,0,144,0,0,866,0,134,0,0,864,1,135,0,0
310,targeted_heterosexual,0.5,859,0,141,0,0,863,0,137,0,0,860,1,139,0,0,866,0,134,0,0,869,0,131,0,0,863,0,137,0,0,862,0,138,0,0,872,0,128,0,0,857,0,143,0,0,852,0,148,0,0,866,1,133,0,0,866,0,134,0,0,867,0,133,0,0,854,0,146,0,0,866,0,134,0,0,856,0,144,0,0,869,0,131,0,0,868,0,132,0,0,863,1,136,0,0,862,0,138,0,0,863,0,137,0,0,867,0,133,0,0,869,0,131,0,0,863,0,137,0,0,871,0,129,0,0,853,0,147,0,0,864,0,136,0,0,859,0,141,0,0,865,0,135,0,0,856,3,141,0,0,868,0,132,0,0,855,0,145,0,0,861,1,138,0,0,869,0,131,0,0,868,0,132,0,0,875,0,125,0,0,867,0,133,0,0,866,0,134,0,0,863,0,137,0,0,869,0,131,0,0,863,0,137,0,0,868,0,132,0,0,858,0,142,0,0,865,0,135,0,0,872,0,128,0,0,860,0,140,0,0,865,0,135,0,0,856,0,144,0,0,866,0,134,0,0,864,1,135,0,0
311,targeted_heterosexual,0.5,859,0,141,0,0,863,0,137,0,0,860,1,139,0,0,866,0,134,0,0,869,0,131,0,0,863,0,137,0,0,862,0,138,0,0,872,0,128,0,0,857,0,143,0,0,852,0,148,0,0,866,1,133,0,0,866,0,134,0,0,867,0,133,0,0,854,0,146,0,0,866,0,134,0,0,856,0,144,0,0,869,0,131,0,0,868,0,132,0,0,863,1,136,0,0,862,0,138,0,0,863,0,137,0,0,867,0,133,0,0,869,0,131,0,0,863,0,137,0,0,871,0,129,0,0,853,0,147,0,0,864,0,136,0,0,859,0,141,0,0,865,0,135,0,0,856,3,141,0,0,868,0,132,0,0,855,0,145,0,0,861,1,138,0,0,869,0,131,0,0,868,0,132,0,0,875,0,125,0,0,867,0,133,0,0,866,0,134,0,0,863,0,137,0,0,869,0,131,0,0,863,0,137,0,0,868,0,132,0,0,858,0,142,0,0,865,0,135,0,0,872,0,128,0,0,860,0,140,0,0,865,0,135,0,0,856,0,144,0,0,866,0,134,0,0,864,1,135,0,0
312,targeted_heterosexual,0.5,859,0,141,0,0,863,0,137,0,0,860,0,140,0,0,866,0,134,0,0,869,0,131,0,0,863,0,137,0,0,862,0,138,0,0,872,0,128,0,0,857,0,143,0,0,852,0,148,0,0,866,1,133,0,0,866,0,134,0,0,867,0,133,0,0,854,0,146,0,0,866,0,134,0,0,856,0,144,0,0,869,0,131,0,0,868,0,132,0,0,863,1,136,0,0,862,0,138,0,0,863,0,137,0,0,867,0,133,0,0,869,0,131,0,0,863,0,137,0,0,871,0,129,0,0,853,0,147,0,0,864,0,136,0,0,859,0,141,0,0,865,0,135,0,0,856,3,141,0,0,868,0,132,0,0,855,0,145,0,0,861,1,138,0,0,869,0,131,0,0,868,0,132,0,0,875,0,125,0,0,867,0,133,0,0,866,0,134,0,0,863,0,137,0,0,869,0,131,0,0,863,0,137,0,0,868,0,132,0,0,858,0,142,0,0,865,0,135,0,0,872,0,128,0,0,860,0,140,0,0,865,0,135,0,0,856,0,144,0,0,866,0,134,0,0,864,1,135,0,0
313,targeted_heterosexual,0.5,859,0,141,0,0,863,0,137,0,0,860,0,140,0,0,866,0,134,0,0,869,0,131,0,0,863,0,137,0,0,862,0,138,0,0,872,0,128,0,0,857,0,143,0,0,852,0,148,0,0,866,1,133,0,0,866,0,134,0,0,867,0,133,0,0,854,0,146,0,0,866,0,134,0,0,856,0,144,0,0,869,0,131,0,0,868,0,132,0,0,863,1,136,0,0,862,0,138,0,0,863,0,137,0,0,867,0,133,0,0,869,0,131,0,0,863,0,137,0,0,871,0,129,0,0,853,0,147,0,0,864,0,136,0,0,859,0,141,0,0,865,0,135,0,0,856,3,141,0,0,868,0,132,0,0,855,0,145,0,0,861,1,138,0,0,869,0,131,0,0,868,0,132,0,0,875,0,125,0,0,867,0,133,0,0,866,0,134,0,0,863,0,137,0,0,869,0,131,0,0,863,0,137,0,0,868,0,132,0,0,858,0,142,0,0,865,0,135,0,0,872,0,128,0,0,860,0,140,0,0,865,0,135,0,0,856,0,144,0,0,866,0,134,0,0,864,0,136,0,0
314,targeted_heterosexual,0.5,859,0,141,0,0,863,0,137,0,0,860,0,140,0,0,866,0,134,0,0,869,0,131,0,0,863,0,137,0,0,862,0,138,0,0,872,0,128,0,0,857,0,143,0,0,852,0,148,0,0,866,1,133,0,0,866,0,134,0,0,867,0,133,0,0,854,0,146,0,0,866,0,134,0,0,856,0,144,0,0,869,0,131,0,0,868,0,132,0,0,863,1,136,0,0,862,0,138,0,0,863,0,137,0,0,867,0,133,0,0,869,0,131,0,0,863,0,137,0,0,871,0,129,0,0,853,0,147,0,0,864,0,136,0,0,859,0,141,0,0,865,0,135,0,0,856,3,141,0,0,868,0,132,0,0,855,0,145,0,0,861,1,138,0,0,869,0,131,0,0,868,0,132,0,0,875,0,125,0,0,867,0,133,0,0,866,0,134,0,0,863,0,137,0,0,869,0,131,0,0,863,0,137,0,0,868,0,132,0,0,858,0,142,0,0,865,0,135,0,0,872,0,128,0,0,860,0,140,0,0,865,0,135,0,0,856,0,144,0,0,866,0,134,0,0,864,0,136,0,0
315,targeted_heterosexual,0.5,859,0,141,0,0,863,0,137,0,0,860,0,140,0,0,866,0,134,0,0,869,0,131,0,0,863,0,137,0,0,862,0,138,0,0,872,0,128,0,0,857,0,143,0,0,852,0,148,0,0,866,1,133,0,0,866,0,134,0,0,867,0,133,0,0,854,0,146,0,0,866,0,134,0,0,856,0,144,0,0,869,0,131,0,0,868,0,132,0,0,863,1,136,0,0,862,0,138,0,0,863,0,137,0,0,867,0,133,0,0,868,1,131,0,0,863,0,137,0,0,871,0,129,0,0,853,0,147,0,0,864,0,136,0,0,859,0,141,0,0,865,0,135,0,0,856,3,141,0,0,868,0,132,0,0,855,0,145,0,0,861,1,138,0,0,869,0,131,0,0,868,0,132,0,0,875,0,125,0,0,867,0,133,0,0,866,0,134,0,0,863,0,137,0,0,869,0,131,0,0,863,0,137,0,0,868,0,132,0,0,858,0,142,0,0,865,0,135,0,0,872,0,128,0,0,860,0,140,0,0,865,0,135,0,0,856,0,144,0,0,866,0,134,0,0,864,0,136,0,0
316,targeted_heterosexual,0.5,859,0,141,0,0,863,0,137,0,0,860,0,140,0,0,866,0,134,0,0,869,0,131,0,0,863,0,137,0,0,862,0,138,0,0,872,0,128,0,0,857,0,143,0,0,852,0,148,0,0,866,0,134,0,0,866,0,134,0,0,867,0,133,0,0,854,0,146,0,0,866,0,134,0,0,856,0,144,0,0,869,0,131,0,0,868,0,132,0,0,863,1,136,0,0,862,0,138,0,0,863,0,137,0,0,867,0,133,0,0,868,1,131,0,0,863,0,137,0,0,871,0,129,0,0,853,0,147,0,0,864,0,136,0,0,859,0,141,0,0,865,0,135,0,0,856,3,141,0,0,868,0,132,0,0,855,0,145,0,0,861,1,138,0,0,869,0,131,0,0,868,0,132,0,0,875,0,125,0,0,867,0,133,0,0,866,0,134,0,0,863,0,137,0,0,869,0,131,0,0,863,0,137,0,0,868,0,132,0,0,858,0,142,0,0,865,0,135,0,0,872,0,128,0,0,860,0,140,0,0,865,0,135,0,0,856,0,144,0,0,866,0,134,0,0,864,0,136,0,0
317,targeted_heterosexual,0.5,859,0,141,0,0,863,0,137,0,0,860,0,140,0,0,866,0,134,0,0,869,0,131,0,0,863,0,137,0,0,862,0,138,0,0,872,0,128,0,0,857,0,143,0,0,852,0,148,0,0,866,0,134,0,0,866,0,134,0,0,867,0,133,0,0,854,0,146,0,0,866,0,134,0,0,856,0,144,0,0,869,0,131,0,0,868,0,132,0,0,863,1,136,0,0,862,0,138,0,0,863,0,137,0,0,867,0,133,0,0,868,1,131,0,0,863,0,137,0,0,871,0,129,0,0,853,0,147,0,0,864,0,136,0,0,859,0,141,0,0,865,0,135,0,0,856,2,142,0,0,868,0,132,0,0,855,0,145,0,0,861,1,138,0,0,869,0,131,0,0,868,0,132,0,0,875,0,125,0,0,867,0,133,0,0,866,0,134,0,0,863,0,137,0,0,869,0,131,0,0,863,0,137,0,0,868,0,132,0,0,858,0,142,0,0,865,0,135,0,0,872,0,128,0,0,860,0,140,0,0,865,0,135,0,0,856,0,144,0,0,866,0,134,0,0,864,0,136,0,0
318,targeted_heterosexual,0.5,859,0,141,0,0,863,0,137,0,0,860,0,140,0,0,866,0,134,0,0,869,0,131,0,0,863,0,137,0,0,862,0,138,0,0,872,0,128,0,0,857,0,143,0,0,852,0,148,0,0,866,0,134,0,0,866,0,134,0,0,867,0,133,0,0,854,0,146,0,0,866,0,134,0,0,856,0,144,0,0,869,0,131,0,0,868,0,132,0,0,863,1,136,0,0,862,0,138,0,0,863,0,137,0,0,867,0,133,0,0,868,1,131,0,0,863,0,137,0,0,871,0,129,0,0,853,0,147,0,0,864,0,136,0,0,859,0,141,0,0,865,0,135,0,0,856,1,143,0,0,868,0,132,0,0,855,0,145,0,0,861,1,138,0,0,869,0,131,0,0,868,0,132,0,0,875,0,125,0,0,867,0,133,0,0,866,0,134,0,0,863,0,137,0,0,868,1,131,0,0,863,0,137,0,0,868,0,132,0,0,858,0,142,0,0,865,0,135,0,0,872,0,128,0,0,860,0,140,0,0,865,0,135,0,0,856,0,144,0,0,866,0,134,0,0,864,0,136,0,0
319,targeted_heterosexual,0.5,859,0,141,0,0,862,1,137,0,0,860,0,140,0,0,866,0,134,0,0,869,0,131,0,0,863,0,137,0,0,862,0,138,0,0,872,0,128,0,0,857,0,143,0,0,852,0,148,0,0,866,0,134,0,0,866,0,134,0,0,867,0,133,0,0,854,0,146,0,0,866,0,134,0,0,856,0,144,0,0,869,0,131,0,0,868,0,132,0,0,863,1,136,0,0,862,0,138,0,0,863,0,137,0,0,867,0,133,0,0,868,1,131,0,0,863,0,137,0,0,871,0,129,0,0,853,0,147,0,0,864,0,136,0,0,859,0,141,0,0,865,0,135,0,0,856,1,143,0,0,868,0,132,0,0,855,0,145,0,0,861,1,138,0,0,869,0,131,0,0,868,0,132,0,0,875,0,125,0,0,867,0,133,0,0,866,0,134,0,0,863,0,137,0,0,868,1,131,0,0,863,0,137,0,0,868,0,132,0,0,858,0,142,0,0,865,0,135,0,0,872,0,128,0,0,860,0,140,0,0,865,0,135,0,0,856,0,144,0,0,866,0,134,0,0,864,0,136,0,0
320,targeted_heterosexual,0.5,859,0,141,0,0,862,1,137,0,0,860,0,140,0,0,866,0,134,0,0,869,0,131,0,0,863,0,137,0,0,862,0,138,0,0,872,0,128,0,0,857,0,143,0,0,852,0,148,0,0,866,0,134,0,0,866,0,134,0,0,867,0,133,0,0,854,0,146,0,0,866,0,134,0,0,856,0,144,0,0,869,0,131,0,0,868,0,132,0,0,863,1,136,0,0,862,0,138,0,0,863,0,137,0,0,867,0,133,0,0,868,1,131,0,0,863,0,137,0,0,871,0,129,0,0,853,0,147,0,0,864,0,136,0,0,859,0,141,0,0,865,0,135,0,0,856,1,143,0,0,868,0,132,0,0,855,0,145,0,0,861,1,138,0,0,869,0,131,0,0,868,0,132,0,0,875,0,125,0,0,867,0,133,0,0,866,0,134,0,0,863,0,137,0,0,868,1,131,0,0,863,0,137,0,0,868,0,132,0,0,858,0,142,0,0,865,0,135,0,0,872,0,128,0,0,860,0,140,0,0,865,0,135,0,0,856,0,144,0,0,866,0,134,0,0,864,0,136,0,0
321,targeted_heterosexual,0.5,859,0,141,0,0,862,1,137,0,0,860,0,140,0,0,866,0,134,0,0,869,0,131,0,0,863,0,137,0,0,862,0,138,0,0,872,0,128,0,0,857,0,143,0,0,852,0,148,0,0,866,0,134,0,0,866,0,134,0,0,867,0,133,0,0,854,0,146,0,0,866,0,134,0,0,856,0,144,0,0,869,0,131,0,0,868,0,132,0,0,863,0,137,0,0,862,0,138,0,0,863,0,137,0,0,867,0,133,0,0,868,1,131,0,0,863,0,137,0,0,871,0,129,0,0,853,0,147,0,0,864,0,136,0,0,859,0,141,0,0,865,0,135,0,0,856,0,144,0,0,868,0,132,0,0,855,0,145,0,0,861,1,138,0,0,869,0,131,0,0,868,0,132,0,0,875,0,125,0,0,867,0,133,0,0,866,0,134,0,0,863,0,137,0,0,868,1,131,0,0,863,0,137,0,0,868,0,132,0,0,858,0,142,0,0,865,0,135,0,0,872,0,128,0,0,860,0,140,0,0,865,0,135,0,0,856,0,144,0,0,866,0,134,0,0,864,0,136,0,0
322,targeted_heterosexual,0.5,859,0,141,0,0,862,1,137,0,0,860,0,140,0,0,866,0,134,0,0,869,0,131,0,0,863,0,137,0,0,862,0,138,0,0,872,0,128,0,0,857,0,143,0,0,852,0,148,0,0,866,0,134,0,0,866,0,134,0,0,867,0,133,0,0,854,0,146,0,0,866,0,134,0,0,856,0,144,0,0,869,0,131,0,0,868,0,132,0,0,863,0,137,0,0,862,0,138,0,0,863,0,137,0,0,867,0,133,0,0,868,1,131,0,0,863,0,137,0,0,871,0,129,0,0,853,0,147,0,0,864,0,136,0,0,859,0,141,0,0,865,0,135,0,0,856,0,144,0,0,868,0,132,0,0,855,0,145,0,0,861,0,139,0,0,869,0,131,0,0,868,0,132,0,0,875,0,125,0,0,867,0,133,0,0,866,0,134,0,0,863,0,137,0,0,868,1,131,0,0,863,0,137,0,0,868,0,132,0,0,858,0,142,0,0,865,0,135,0,0,872,0,128,0,0,860,0,140,0,0,865,0,135,0,0,856,0,144,0,0,866,0,134,0,0,864,0,136,0,0
323,targeted_heterosexual,0.5,859,0,141,0,0,862,1,137,0,0,860,0,140,0,0,866,0,134,0,0,869,0,131,0,0,863,0,137,0,0,862,0,138,0,0,872,0,128,0,0,857,0,143,0,0,852,0,148,0,0,866,0,134,0,0,866,0,134,0,0,867,0,133,0,0,854,0,146,0,0,866,0,134,0,0,856,0,144,0,0,869,0,131,0,0,868,0,132,0,0,863,0,137,0,0,862,0,138,0,0,863,0,137,0,0,867,0,133,0,0,868,1,131,0,0,863,0,137,0,0,871,0,129,0,0,853,0,147,0,0,864,0,136,0,0,859,0,141,0,0,865,0,135,0,0,856,0,144,0,0,868,0,132,0,0,855,0,145,0,0,861,0,139,0,0,869,0,131,0,0,868,0,132,0,0,875,0,125,0,0,867,0,133,0,0,866,0,134,0,0,863,0,137,0,0,868,1,131,0,0,863,0,137,0,0,868,0,132,0,0,858,0,142,0,0,865,0,135,0,0,872,0,128,0,0,860,0,140,0,0,865,0,135,0,0,856,0,144,0,0,866,0,134,0,0,864,0,136,0,0
324,targeted_heterosexual,0.5,859,0,141,0,0,862,1,137,0,0,860,0,140,0,0,866,0,134,0,0,869,0,131,0,0,863,0,137,0,0,862,0,138,0,0,872,0,128,0,0,857,0,143,0,0,852,0,148,0,0,866,0,134,0,0,866,0,134,0,0,867,0,133,0,0,854,0,146,0,0,866,0,134,0,0,856,0,144,0,0,869,0,131,0,0,868,0,132,0,0,863,0,137,0,0,862,0,138,0,0,863,0,137,0,0,867,0,133,0,0,868,1,131,0,0,863,0,137,0,0,871,0,129,0,0,853,0,147,0,0,864,0,136,0,0,859,0,141,0,0,865,0,135,0,0,856,0,144,0,0,868,0,132,0,0,855,0,145,0,0,861,0,139,0,0,869,0,131,0,0,868,0,132,0,0,875,0,125,0,0,867,0,133,0,0,866,0,134,0,0,863,0,137,0,0,868,1,131,0,0,863,0,137,0,0,868,0,132,0,0,858,0,142,0,0,865,0,135,0,0,872,0,128,0,0,860,0,140,0,0,865,0,135,0,0,856,0,144,0,0,866,0,134,0,0,864,0,136,0,0
325,targeted_heterosexual,0.5,859,0,141,0,0,862,1,137,0,0,860,0,140,0,0,866,0,134,0,0,869,0,131,0,0,863,0,137,0,0,862,0,138,0,0,872,0,128,0,0,857,0,143,0,0,852,0,148,0,0,866,0,134,0,0,866,0,134,0,0,867,0,133,0,0,854,0,146,0,0,866,0,134,0,0,856,0,144,0,0,869,0,131,0,0,868,0,132,0,0,863,0,137,0,0,862,0,138,0,0,863,0,137,0,0,867,0,133,0,0,868,1,131,0,0,863,0,137,0,0,871,0,129,0,0,853,0,147,0,0,864,0,136,0,0,859,0,141,0,0,865,0,135,0,0,856,0,144,0,0,868,0,132,0,0,855,0,145,0,0,861,0,139,0,0,869,0,131,0,0,868,0,132,0,0,875,0,125,0,0,867,0,133,0,0,866,0,134,0,0,863,0,137,0,0,868,1,131,0,0,863,0,137,0,0,868,0,132,0,0,858,0,142,0,0,865,0,135,0,0,872,0,128,0,0,860,0,140,0,0,865,0,135,0,0,856,0,144,0,0,866,0,134,0,0,864,0,136,0,0
326,targeted_heterosexual,0.5,859,0,141,0,0,862,1,137,0,0,860,0,140,0,0,866,0,134,0,0,869,0,131,0,0,863,0,137,0,0,862,0,138,0,0,872,0,128,0,0,857,0,143,0,0,852,0,148,0,0,866,0,134,0,0,866,0,134,0,0,867,0,133,0,0,854,0,146,0,0,866,0,134,0,0,856,0,144,0,0,869,0,131,0,0,868,0,132,0,0,863,0,137,0,0,862,0,138,0,0,863,0,137,0,0,867,0,133,0,0,868,1,131,0,0,863,0,137,0,0,871,0,129,0,0,853,0,147,0,0,864,0,136,0,0,859,0,141,0,0,865,0,135,0,0,856,0,144,0,0,868,0,132,0,0,855,0,145,0,0,861,0,139,0,0,869,0,131,0,0,868,0,132,0,0,875,0,125,0,0,867,0,133,0,0,866,0,134,0,0,863,0,137,0,0,868,1,131,0,0,863,0,137,0,0,868,0,132,0,0,858,0,142,0,0,865,0,135,0,0,872,0,128,0,0,860,0,140,0,0,865,0,135,0,0,856,0,144,0,0,866,0,134,0,0,864,0,136,0,0
327,targeted_heterosexual,0.5,859,0,141,0,0,862,1,137,0,0,860,0,140,0,0,866,0,134,0,0,869,0,131,0,0,863,0,137,0,0,862,0,138,0,0,872,0,128,0,0,857,0,143,0,0,852,0,148,0,0,866,0,134,0,0,866,0,134,0,0,867,0,133,0,0,854,0,146,0,0,866,0,134,0,0,856,0,144,0,0,869,0,131,0,0,868,0,132,0,0,863,0,137,0,0,862,0,138,0,0,863,0,137,0,0,867,0,133,0,0,868,1,131,0,0,863,0,137,0,0,871,0,129,0,0,853,0,147,0,0,864,0,136,0,0,859,0,141,0,0,865,0,135,0,0,856,0,144,0,0,868,0,132,0,0,855,0,145,0,0,861,0,139,0,0,869,0,131,0,0,868,0,132,0,0,875,0,125,0,0,867,0,133,0,0,866,0,134,0,0,863,0,137,0,0,868,1,131,0,0,863,0,137,0,0,868,0,132,0,0,858,0,142,0,0,865,0,135,0,0,872,0,128,0,0,860,0,140,0,0,865,0,135,0,0,856,0,144,0,0,866,0,134,0,0,864,0,136,0,0
328,targeted_heterosexual,0.5,859,0,141,0,0,862,1,137,0,0,860,0,140,0,0,866,0,134,0,0,869,0,131,0,0,863,0,137,0,0,862,0,138,0,0,872,0,128,0,0,857,0,143,0,0,852,0,148,0,0,866,0,134,0,0,866,0,134,0,0,867,0,133,0,0,854,0,146,0,0,866,0,134,0,0,856,0,144,0,0,869,0,131,0,0,868,0,132,0,0,863,0,137,0,0,862,0,138,0,0,863,0,137,0,0,867,0,133,0,0,868,0,132,0,0,863,0,137,0,0,871,0,129,0,0,853,0,147,0,0,864,0,136,0,0,859,0,141,0,0,865,0,135,0,0,856,0,144,0,0,868,0,132,0,0,855,0,145,0,0,861,0,139,0,0,869,0,131,0,0,868,0,132,0,0,875,0,125,0,0,867,0,133,0,0,866,0,134,0,0,863,0,137,0,0,868,1,131,0,0,863,0,137,0,0,868,0,132,0,0,858,0,142,0,0,865,0,135,0,0,872,0,128,0,0,860,0,140,0,0,865,0,135,0,0,856,0,144,0,0,866,0,134,0,0,864,0,136,0,0
329,targeted_heterosexual,0.5,859,0,141,0,0,862,1,137,0,0,860,0,140,0,0,866,0,134,0,0,869,0,131,0,0,863,0,137,0,0,862,0,138,0,0,872,0,128,0,0,857,0,143,0,0,852,0,148,0,0,866,0,134,0,0,866,0,134,0,0,867,0,133,0,0,854,0,146,0,0,866,0,134,0,0,856,0,144,0,0,869,0,131,0,0,868,0,132,0,0,863,0,137,0,0,862,0,138,0,0,863,0,137,0,0,867,0,133,0,0,868,0,132,0,0,863,0,137,0,0,871,0,129,0,0,853,0,147,0,0,864,0,136,0,0,859,0,141,0,0,865,0,135,0,0,856,0,144,0,0,868,0,132,0,0,855,0,145,0,0,861,0,139,0,0,869,0,131,0,0,868,0,132,0,0,875,0,125,0,0,867,0,133,0,0,866,0,134,0,0,863,0,137,0,0,868,1,131,0,0,863,0,137,0,0,868,0,132,0,0,858,0,142,0,0,865,0,135,0,0,872,0,128,0,0,860,0,140,0,0,865,0,135,0,0,856,0,144,0,0,866,0,134,0,0,864,0,136,0,0
330,targeted_heterosexual,0.5,859,0,141,0,0,862,1,137,0,0,860,0,140,0,0,866,0,134,0,0,869,0,131,0,0,863,0,137,0,0,862,0,138,0,0,872,0,128,0,0,857,0,143,0,0,852,0,148,0,0,866,0,134,0,0,866,0,134,0,0,867,0,133,0,0,854,0,146,0,0,866,0,134,0,0,856,0,144,0,0,869,0,131,0,0,868,0,132,0,0,863,0,137,0,0,862,0,138,0,0,863,0,137,0,0,867,0,133,0,0,868,0,132,0,0,863,0,137,0,0,871,0,129,0,0,853,0,147,0,0,864,0,136,0,0,859,0,141,0,0,865,0,135,0,0,856,0,144,0,0,868,0,132,0,0,855,0,145,0,0,861,0,139,0,0,869,0,131,0,0,868,0,132,0,0,875,0,125,0,0,867,0,133,0,0,866,0,134,0,0,863,0,137,0,0,868,1,131,0,0,863,0,137,0,0,868,0,132,0,0,858,0,142,0,0,865,0,135,0,0,872,0,128,0,0,860,0,140,0,0,865,0,135,0,0,856,0,144,0,0,866,0,134,0,0,864,0,136,0,0
331,targeted_heterosexual,0.5,859,0,141,0,0,862,1,137,0,0,860,0,140,0,0,866,0,134,0,0,869,0,131,0,0,863,0,137,0,0,862,0,138,0,0,872,0,128,0,0,857,0,143,0,0,852,0,148,0,0,866,0,134,0,0,866,0,134,0,0,867,0,133,0,0,854,0,146,0,0,866,0,134,0,0,856,0,144,0,0,868,1,131,0,0,868,0,132,0,0,863,0,137,0,0,862,0,138,0,0,863,0,137,0,0,867,0,133,0,0,868,0,132,0,0,863,0,137,0,0,871,0,129,0,0,853,0,147,0,0,864,0,136,0,0,859,0,141,0,0,865,0,135,0,0,856,0,144,0,0,868,0,132,0,0,855,0,145,0,0,861,0,139,0,0,869,0,131,0,0,868,0,132,0,0,875,0,125,0,0,867,0,133,0,0,866,0,134,0,0,863,0,137,0,0,868,0,132,0,0,863,0,137,0,0,868,0,132,0,0,858,0,142,0,0,865,0,135,0,0,872,0,128,0,0,860,0,140,0,0,865,0,135,0,0,856,0,144,0,0,866,0,134,0,0,864,0,136,0,0
332,targeted_heterosexual,0.5,859,0,141,0,0,862,0,138,0,0,860,0,140,0,0,866,0,134,0,0,869,0,131,0,0,863,0,137,0,0,862,0,138,0,0,872,0,128,0,0,857,0,143,0,0,852,0,148,0,0,866,0,134,0,0,866,0,134,0,0,867,0,133,0,0,854,0,146,0,0,866,0,134,0,0,856,0,144,0,0,868,1,131,0,0,868,0,132,0,0,863,0,137,0,0,862,0,138,0,0,863,0,137,0,0,867,0,133,0,0,868,0,132,0,0,863,0,137,0,0,871,0,129,0,0,853,0,147,0,0,864,0,136,0,0,859,0,141,0,0,865,0,135,0,0,856,0,144,0,0,868,0,132,0,0,855,0,145,0,0,861,0,139,0,0,869,0,131,0,0,868,0,132,0,0,875,0,125,0,0,867,0,133,0,0,866,0,134,0,0,863,0,137,0,0,868,0,132,0,0,863,0,137,0,0,868,0,132,0,0,858,0,142,0,0,865,0,135,0,0,872,0,128,0,0,860,0,140,0,0,865,0,135,0,0,856,0,144,0,0,866,0,134,0,0,864,0,136,0,0
333,targeted_heterosexual,0.5,859,0,141,0,0,862,0,138,0,0,860,0,140,0,0,866,0,134,0,0,869,0,131,0,0,863,0,137,0,0,862,0,138,0,0,872,0,128,0,0,857,0,143,0,0,852,0,148,0,0,866,0,134,0,0,866,0,134,0,0,867,0,133,0,0,854,0,146,0,0,866,0,134,0,0,856,0,144,0,0,868,1,131,0,0,868,0,132,0,0,863,0,137,0,0,862,0,138,0,0,863,0,137,0,0,867,0,133,0,0,868,0,132,0,0,863,0,137,0,0,871,0,129,0,0,853,0,147,0,0,864,0,136,0,0,859,0,141,0,0,865,0,135,0,0,856,0,144,0,0,868,0,132,0,0,855,0,145,0,0,861,0,139,0,0,869,0,131,0,0,868,0,132,0,0,875,0,125,0,0,867,0,133,0,0,866,0,134,0,0,863,0,137,0,0,868,0,132,0,0,863,0,137,0,0,868,0,132,0,0,858,0,142,0,0,865,0,135,0,0,872,0,128,0,0,860,0,140,0,0,865,0,135,0,0,856,0,144,0,0,866,0,134,0,0,864,0,136,0,0
334,targeted_heterosexual,0.5,859,0,141,0,0,862,0,138,0,0,860,0,140,0,0,866,0,134,0,0,869,0,131,0,0,863,0,137,0,0,862,0,138,0,0,872,0,128,0,0,857,0,143,0,0,852,0,148,0,0,866,0,134,0,0,866,0,134,0,0,867,0,133,0,0,854,0,146,0,0,866,0,134,0,0,856,0,144,0,0,868,1,131,0,0,868,0,132,0,0,863,0,137,0,0,862,0,138,0,0,863,0,137,0,0,867,0,133,0,0,868,0,132,0,0,863,0,137,0,0,871,0,129,0,0,853,0,147,0,0,864,0,136,0,0,859,0,141,0,0,865,0,135,0,0,856,0,144,0,0,868,0,132,0,0,855,0,145,0,0,861,0,139,0,0,869,0,131,0,0,868,0,132,0,0,875,0,125,0,0,867,0,133,0,0,866,0,134,0,0,863,0,137,0,0,868,0,132,0,0,863,0,137,0,0,868,0,132,0,0,858,0,142,0,0,865,0,135,0,0,872,0,128,0,0,860,0,140,0,0,865,0,135,0,0,856,0,144,0,0,866,0,134,0,0,864,0,136,0,0
335,targeted_heterosexual,0.5,859,0,141,0,0,862,0,138,0,0,860,0,140,0,0,866,0,134,0,0,869,0,131,0,0,863,0,137,0,0,862,0,138,0,0,872,0,128,0,0,857,0,143,0,0,852,0,148,0,0,866,0,134,0,0,866,0,134,0,0,867,0,133,0,0,854,0,146,0,0,866,0,134,0,0,856,0,144,0,0,868,1,131,0,0,868,0,132,0,0,863,0,137,0,0,862,0,138,0,0,863,0,137,0,0,867,0,133,0,0,868,0,132,0,0,863,0,137,0,0,871,0,129,0,0,853,0,147,0,0,864,0,136,0,0,859,0,141,0,0,865,0,135,0,0,856,0,144,0,0,868,0,132,0,0,855,0,145,0,0,861,0,139,0,0,869,0,131,0,0,868,0,132,0,0,875,0,125,0,0,867,0,133,0,0,866,0,134,0,0,863,0,137,0,0,868,0,132,0,0,863,0,137,0,0,868,0,132,0,0,858,0,142,0,0,865,0,135,0,0,872,0,128,0,0,860,0,140,0,0,865,0,135,0,0,856,0,144,0,0,866,0,134,0,0,864,0,136,0,0
336,targeted_heterosexual,0.5,859,0,141,0,0,862,0,138,0,0,860,0,140,0,0,866,0,134,0,0,869,0,131,0,0,863,0,137,0,0,862,0,138,0,0,872,0,128,0,0,857,0,143,0,0,852,0,148,0,0,866,0,134,0,0,866,0,134,0,0,867,0,133,0,0,854,0,146,0,0,866,0,134,0,0,856,0,144,0,0,868,1,131,0,0,868,0,132,0,0,863,0,137,0,0,862,0,138,0,0,863,0,137,0,0,867,0,133,0,0,868,0,132,0,0,863,0,137,0,0,871,0,129,0,0,853,0,147,0,0,864,0,136,0,0,859,0,141,0,0,865,0,135,0,0,856,0,144,0,0,868,0,132,0,0,855,0,145,0,0,861,0,139,0,0,869,0,131,0,0,868,0,132,0,0,875,0,125,0,0,867,0,133,0,0,866,0,134,0,0,863,0,137,0,0,868,0,132,0,0,863,0,137,0,0,868,0,132,0,0,858,0,142,0,0,865,0,135,0,0,872,0,128,0,0,860,0,140,0,0,865,0,135,0,0,856,0,144,0,0,866,0,134,0,0,864,0,136,0,0
337,targeted_heterosexual,0.5,859,0,141,0,0,862,0,138,0,0,860,0,140,0,0,866,0,134,0,0,869,0,131,0,0,863,0,137,0,0,862,0,138,0,0,872,0,128,0,0,857,0,143,0,0,852,0,148,0,0,866,0,134,0,0,866,0,134,0,0,867,0,133,0,0,854,0,146,0,0,866,0,134,0,0,856,0,144,0,0,868,1,131,0,0,868,0,132,0,0,863,0,137,0,0,862,0,138,0,0,863,0,137,0,0,867,0,133,0,0,868,0,132,0,0,863,0,137,0,0,871,0,129,0,0,853,0,147,0,0,864,0,136,0,0,859,0,141,0,0,865,0,135,0,0,856,0,144,0,0,868,0,132,0,0,855,0,145,0,0,861,0,139,0,0,869,0,131,0,0,868,0,132,0,0,875,0,125,0,0,867,0,133,0,0,866,0,134,0,0,863,0,137,0,0,868,0,132,0,0,863,0,137,0,0,868,0,132,0,0,858,0,142,0,0,865,0,135,0,0,872,0,128,0,0,860,0,140,0,0,865,0,135,0,0,856,0,144,0,0,866,0,134,0,0,864,0,136,0,0
338,targeted_heterosexual,0.5,859,0,141,0,0,862,0,138,0,0,860,0,140,0,0,866,0,134,0,0,869,0,131,0,0,863,0,137,0,0,862,0,138,0,0,872,0,128,0,0,857,0,143,0,0,852,0,148,0,0,866,0,134,0,0,866,0,134,0,0,867,0,133,0,0,854,0,146,0,0,866,0,134,0,0,856,0,144,0,0,868,1,131,0,0,867,1,132,0,0,863,0,137,0,0,862,0,138,0,0,863,0,137,0,0,867,0,133,0,0,868,0,132,0,0,863,0,137,0,0,871,0,129,0,0,853,0,147,0,0,864,0,136,0,0,859,0,141,0,0,865,0,135,0,0,856,0,144,0,0,868,0,132,0,0,855,0,145,0,0,861,0,139,0,0,869,0,131,0,0,868,0,132,0,0,875,0,125,0,0,867,0,133,0,0,866,0,134,0,0,863,0,137,0,0,868,0,132,0,0,863,0,137,0,0,868,0,132,0,0,858,0,142,0,0,865,0,135,0,0,872,0,128,0,0,860,0,140,0,0,865,0,135,0,0,856,0,144,0,0,866,0,134,0,0,864,0,136,0,0
339,targeted_heterosexual,0.5,859,0,141,0,0,862,0,138,0,0,860,0,140,0,0,866,0,134,0,0,869,0,131,0,0,863,0,137,0,0,862,0,138,0,0,872,0,128,0,0,857,0,143,0,0,852,0,148,0,0,866,0,134,0,0,866,0,134,0,0,867,0,133,0,0,854,0,146,0,0,866,0,134,0,0,856,0,144,0,0,868,1,131,0,0,867,1,132,0,0,863,0,137,0,0,862,0,138,0,0,863,0,137,0,0,867,0,133,0,0,868,0,132,0,0,863,0,137,0,0,871,0,129,0,0,853,0,147,0,0,864,0,136,0,0,859,0,141,0,0,865,0,135,0,0,856,0,144,0,0,868,0,132,0,0,855,0,145,0,0,861,0,139,0,0,869,0,131,0,0,868,0,132,0,0,875,0,125,0,0,867,0,133,0,0,866,0,134,0,0,863,0,137,0,0,868,0,132,0,0,863,0,137,0,0,868,0,132,0,0,858,0,142,0,0,865,0,135,0,0,872,0,128,0,0,860,0,140,0,0,865,0,135,0,0,856,0,144,0,0,866,0,134,0,0,864,0,136,0,0
340,targeted_heterosexual,0.5,859,0,141,0,0,862,0,138,0,0,860,0,140,0,0,866,0,134,0,0,869,0,131,0,0,863,0,137,0,0,862,0,138,0,0,872,0,128,0,0,857,0,143,0,0,852,0,148,0,0,866,0,134,0,0,866,0,134,0,0,867,0,133,0,0,854,0,146,0,0,866,0,134,0,0,856,0,144,0,0,868,1,131,0,0,867,1,132,0,0,863,0,137,0,0,862,0,138,0,0,863,0,137,0,0,867,0,133,0,0,868,0,132,0,0,863,0,137,0,0,871,0,129,0,0,853,0,147,0,0,864,0,136,0,0,859,0,141,0,0,864,1,135,0,0,856,0,144,0,0,868,0,132,0,0,855,0,145,0,0,861,0,139,0,0,869,0,131,0,0,868,0,132,0,0,875,0,125,0,0,867,0,133,0,0,866,0,134,0,0,863,0,137,0,0,868,0,132,0,0,863,0,137,0,0,868,0,132,0,0,858,0,142,0,0,865,0,135,0,0,872,0,128,0,0,860,0,140,0,0,865,0,135,0,0,856,0,144,0,0,866,0,134,0,0,864,0,136,0,0
341,targeted_heterosexual,0.5,859,0,141,0,0,862,0,138,0,0,860,0,140,0,0,866,0,134,0,0,869,0,131,0,0,863,0,137,0,0,862,0,138,0,0,872,0,128,0,0,857,0,143,0,0,852,0,148,0,0,866,0,134,0,0,866,0,134,0,0,867,0,133,0,0,854,0,146,0,0,866,0,134,0,0,856,0,144,0,0,868,1,131,0,0,867,1,132,0,0,863,0,137,0,0,862,0,138,0,0,863,0,137,0,0,867,0,133,0,0,868,0,132,0,0,863,0,137,0,0,871,0,129,0,0,853,0,147,0,0,864,0,136,0,0,859,0,141,0,0,864,1,135,0,0,856,0,144,0,0,868,0,132,0,0,855,0,145,0,0,861,0,139,0,0,869,0,131,0,0,868,0,132,0,0,875,0,125,0,0,867,0,133,0,0,866,0,134,0,0,863,0,137,0,0,868,0,132,0,0,863,0,137,0,0,868,0,132,0,0,858,0,142,0,0,865,0,135,0,0,872,0,128,0,0,860,0,140,0,0,865,0,135,0,0,856,0,144,0,0,866,0,134,0,0,864,0,136,0,0
342,targeted_heterosexual,0.5,859,0,141,0,0,862,0,138,0,0,860,0,140,0,0,866,0,134,0,0,869,0,131,0,0,863,0,137,0,0,862,0,138,0,0,872,0,128,0,0,857,0,143,0,0,852,0,148,0,0,866,0,134,0,0,866,0,134,0,0,867,0,133,0,0,854,0,146,0,0,866,0,134,0,0,856,0,144,0,0,868,1,131,0,0,867,1,132,0,0,863,0,137,0,0,862,0,138,0,0,863,0,137,0,0,867,0,133,0,0,868,0,132,0,0,863,0,137,0,0,871,0,129,0,0,853,0,147,0,0,864,0,136,0,0,859,0,141,0,0,864,1,135,0,0,856,0,144,0,0,868,0,132,0,0,855,0,145,0,0,861,0,139,0,0,869,0,131,0,0,868,0,132,0,0,875,0,125,0,0,867,0,133,0,0,866,0,134,0,0,863,0,137,0,0,868,0,132,0,0,863,0,137,0,0,868,0,132,0,0,858,0,142,0,0,865,0,135,0,0,872,0,128,0,0,860,0,140,0,0,865,0,135,0,0,856,0,144,0,0,866,0,134,0,0,864,0,136,0,0
343,targeted_heterosexual,0.5,859,0,141,0,0,862,0,138,0,0,860,0,140,0,0,866,0,134,0,0,869,0,131,0,0,863,0,137,0,0,862,0,138,0,0,872,0,128,0,0,857,0,143,0,0,852,0,148,0,0,866,0,134,0,0,866,0,134,0,0,867,0,133,0,0,854,0,146,0,0,866,0,134,0,0,856,0,144,0,0,868,1,131,0,0,867,1,132,0,0,863,0,137,0,0,862,0,138,0,0,863,0,137,0,0,867,0,133,0,0,868,0,132,0,0,863,0,137,0,0,871,0,129,0,0,853,0,147,0,0,864,0,136,0,0,859,0,141,0,0,864,1,135,0,0,856,0,144,0,0,868,0,132,0,0,855,0,145,0,0,861,0,139,0,0,869,0,131,0,0,868,0,132,0,0,875,0,125,0,0,867,0,133,0,0,866,0,134,0,0,863,0,137,0,0,868,0,132,0,0,863,0,137,0,0,868,0,132,0,0,858,0,142,0,0,865,0,135,0,0,872,0,128,0,0,860,0,140,0,0,865,0,135,0,0,856,0,144,0,0,866,0,134,0,0,864,0,136,0,0
344,targeted_heterosexual,0.5,859,0,141,0,0,862,0,138,0,0,860,0,140,0,0,866,0,134,0,0,869,0,131,0,0,863,0,137,0,0,862,0,138,0,0,872,0,128,0,0,857,0,143,0,0,852,0,148,0,0,866,0,134,0,0,866,0,134,0,0,867,0,133,0,0,854,0,146,0,0,866,0,134,0,0,856,0,144,0,0,868,0,132,0,0,867,1,132,0,0,863,0,137,0,0,862,0,138,0,0,863,0,137,0,0,867,0,133,0,0,868,0,132,0,0,863,0,137,0,0,871,0,129,0,0,853,0,147,0,0,864,0,136,0,0,859,0,141,0,0,864,1,135,0,0,856,0,144,0,0,868,0,132,0,0,855,0,145,0,0,861,0,139,0,0,869,0,131,0,0,868,0,132,0,0,875,0,125,0,0,867,0,133,0,0,866,0,134,0,0,863,0,137,0,0,868,0,132,0,0,863,0,137,0,0,868,0,132,0,0,858,0,142,0,0,865,0,135,0,0,872,0,128,0,0,860,0,140,0,0,865,0,135,0,0,856,0,144,0,0,866,0,134,0,0,864,0,136,0,0
345,targeted_heterosexual,0.5,859,0,141,0,0,862,0,138,0,0,860,0,140,0,0,866,0,134,0,0,869,0,131,0,0,863,0,137,0,0,862,0,138,0,0,872,0,128,0,0,857,0,143,0,0,852,0,148,0,0,866,0,134,0,0,866,0,134,0,0,867,0,133,0,0,854,0,146,0,0,866,0,134,0,0,856,0,144,0,0,868,0,132,0,0,867,1,132,0,0,863,0,137,0,0,862,0,138,0,0,863,0,137,0,0,867,0,133,0,0,868,0,132,0,0,863,0,137,0,0,871,0,129,0,0,853,0,147,0,0,864,0,136,0,0,859,0,141,0,0,864,1,135,0,0,856,0,144,0,0,868,0,132,0,0,855,0,145,0,0,861,0,139,0,0,869,0,131,0,0,868,0,132,0,0,875,0,125,0,0,867,0,133,0,0,866,0,134,0,0,863,0,137,0,0,868,0,132,0,0,863,0,137,0,0,868,0,132,0,0,858,0,142,0,0,865,0,135,0,0,872,0,128,0,0,860,0,140,0,0,865,0,135,0,0,856,0,144,0,0,866,0,134,0,0,864,0,136,0,0
346,targeted_heterosexual,0.5,859,0,141,0,0,861,1,138,0,0,860,0,140,0,0,866,0,134,0,0,869,0,131,0,0,863,0,137,0,0,862,0,138,0,0,872,0,128,0,0,857,0,143,0,0,852,0,148,0,0,866,0,134,0,0,866,0,134,0,0,867,0,133,0,0,854,0,146,0,0,866,0,134,0,0,856,0,144,0,0,868,0,132,0,0,867,1,132,0,0,863,0,137,0,0,862,0,138,0,0,863,0,137,0,0,867,0,133,0,0,868,0,132,0,0,863,0,137,0,0,871,0,129,0,0,853,0,147,0,0,864,0,136,0,0,859,0,141,0,0,864,1,135,0,0,856,0,144,0,0,868,0,132,0,0,855,0,145,0,0,861,0,139,0,0,869,0,131,0,0,868,0,132,0,0,875,0,125,0,0,867,0,133,0,0,866,0,134,0,0,863,0,137,0,0,868,0,132,0,0,863,0,137,0,0,868,0,132,0,0,858,0,142,0,0,865,0,135,0,0,872,0,128,0,0,860,0,140,0,0,865,0,135,0,0,856,0,144,0,0,866,0,134,0,0,864,0,136,0,0
347,targeted_heterosexual,0.5,859,0,141,0,0,861,1,138,0,0,860,0,140,0,0,866,0,134,0,0,869,0,131,0,0,863,0,137,0,0,862,0,138,0,0,872,0,128,0,0,857,0,143,0,0,852,0,148,0,0,866,0,134,0,0,866,0,134,0,0,867,0,133,0,0,854,0,146,0,0,866,0,134,0,0,856,0,144,0,0,868,0,132,0,0,867,1,132,0,0,863,0,137,0,0,862,0,138,0,0,863,0,137,0,0,867,0,133,0,0,868,0,132,0,0,863,0,137,0,0,871,0,129,0,0,853,0,147,0,0,864,0,136,0,0,859,0,141,0,0,864,1,135,0,0,856,0,144,0,0,868,0,132,0,0,855,0,145,0,0,861,0,139,0,0,869,0,131,0,0,868,0,132,0,0,875,0,125,0,0,867,0,133,0,0,866,0,134,0,0,863,0,137,0,0,868,0,132,0,0,863,0,137,0,0,868,0,132,0,0,858,0,142,0,0,865,0,135,0,0,872,0,128,0,0,860,0,140,0,0,865,0,135,0,0,856,0,144,0,0,866,0,134,0,0,864,0,136,0,0
348,targeted_heterosexual,0.5,859,0,141,0,0,861,1,138,0,0,860,0,140,0,0,866,0,134,0,0,869,0,131,0,0,863,0,137,0,0,862,0,138,0,0,872,0,128,0,0,857,0,143,0,0,852,0,148,0,0,866,0,134,0,0,866,0,134,0,0,867,0,133,0,0,854,0,146,0,0,866,0,134,0,0,856,0,144,0,0,868,0,132,0,0,867,1,132,0,0,863,0,137,0,0,862,0,138,0,0,863,0,137,0,0,867,0,133,0,0,868,0,132,0,0,863,0,137,0,0,871,0,129,0,0,853,0,147,0,0,864,0,136,0,0,859,0,141,0,0,864,1,135,0,0,856,0,144,0,0,868,0,132,0,0,855,0,145,0,0,861,0,139,0,0,869,0,131,0,0,868,0,132,0,0,875,0,125,0,0,867,0,133,0,0,866,0,134,0,0,863,0,137,0,0,868,0,132,0,0,863,0,137,0,0,868,0,132,0,0,858,0,142,0,0,865,0,135,0,0,872,0,128,0,0,860,0,140,0,0,865,0,135,0,0,856,0,144,0,0,866,0,134,0,0,864,0,136,0,0
349,targeted_heterosexual,0.5,859,0,141,0,0,861,1,138,0,0,860,0,140,0,0,866,0,134,0,0,869,0,131,0,0,863,0,137,0,0,862,0,138,0,0,872,0,128,0,0,857,0,143,0,0,852,0,148,0,0,866,0,134,0,0,866,0,134,0,0,867,0,133,0,0,854,0,146,0,0,866,0,134,0,0,856,0,144,0,0,868,0,132,0,0,867,1,132,0,0,863,0,137,0,0,862,0,138,0,0,863,0,137,0,0,867,0,133,0,0,868,0,132,0,0,863,0,137,0,0,871,0,129,0,0,853,0,147,0,0,864,0,136,0,0,859,0,141,0,0,864,1,135,0,0,856,0,144,0,0,868,0,132,0,0,855,0,145,0,0,861,0,139,0,0,869,0,131,0,0,868,0,132,0,0,875,0,125,0,0,867,0,133,0,0,866,0,134,0,0,863,0,137,0,0,868,0,132,0,0,863,0,137,0,0,868,0,132,0,0,858,0,142,0,0,865,0,135,0,0,872,0,128,0,0,860,0,140,0,0,865,0,135,0,0,856,0,144,0,0,866,0,134,0,0,864,0,136,0,0
350,targeted_heterosexual,0.5,859,0,141,0,0,861,1,138,0,0,860,0,140,0,0,866,0,134,0,0,869,0,131,0,0,863,0,137,0,0,862,0,138,0,0,872,0,128,0,0,857,0,143,0,0,852,0,148,0,0,866,0,134,0,0,866,0,134,0,0,867,0,133,0,0,854,0,146,0,0,866,0,134,0,0,856,0,144,0,0,868,0,132,0,0,867,1,132,0,0,863,0,137,0,0,862,0,138,0,0,863,0,137,0,0,867,0,133,0,0,868,0,132,0,0,863,0,137,0,0,871,0,129,0,0,853,0,147,0,0,864,0,136,0,0,859,0,141,0,0,864,1,135,0,0,856,0,144,0,0,868,0,132,0,0,855,0,145,0,0,861,0,139,0,0,869,0,131,0,0,868,0,132,0,0,875,0,125,0,0,867,0,133,0,0,866,0,134,0,0,863,0,137,0,0,868,0,132,0,0,863,0,137,0,0,868,0,132,0,0,858,0,142,0,0,865,0,135,0,0,872,0,128,0,0,860,0,140,0,0,865,0,135,0,0,856,0,144,0,0,866,0,134,0,0,864,0,136,0,0
351,targeted_heterosexual,0.5,859,0,141,0,0,861,1,138,0,0,860,0,140,0,0,866,0,134,0,0,869,0,131,0,0,863,0,137,0,0,862,0,138,0,0,872,0,128,0,0,857,0,143,0,0,852,0,148,0,0,866,0,134,0,0,866,0,134,0,0,867,0,133,0,0,854,0,146,0,0,866,0,134,0,0,856,0,144,0,0,868,0,132,0,0,867,0,133,0,0,863,0,137,0,0,862,0,138,0,0,863,0,137,0,0,867,0,133,0,0,868,0,132,0,0,863,0,137,0,0,871,0,129,0,0,853,0,147,0,0,864,0,136,0,0,859,0,141,0,0,864,1,135,0,0,856,0,144,0,0,868,0,132,0,0,855,0,145,0,0,861,0,139,0,0,869,0,131,0,0,868,0,132,0,0,875,0,125,0,0,867,0,133,0,0,866,0,134,0,0,863,0,137,0,0,868,0,132,0,0,863,0,137,0,0,868,0,132,0,0,858,0,142,0,0,865,0,135,0,0,872,0,128,0,0,860,0,140,0,0,864,1,135,0,0,856,0,144,0,0,866,0,134,0,0,864,0,136,0,0
352,targeted_heterosexual,0.5,859,0,141,0,0,861,1,138,0,0,860,0,140,0,0,866,0,134,0,0,869,0,131,0,0,863,0,137,0,0,862,0,138,0,0,872,0,128,0,0,857,0,143,0,0,852,0,148,0,0,866,0,134,0,0,866,0,134,0,0,867,0,133,0,0,854,0,146,0,0,866,0,134,0,0,856,0,144,0,0,868,0,132,0,0,867,0,133,0,0,863,0,137,0,0,862,0,138,0,0,863,0,137,0,0,867,0,133,0,0,868,0,132,0,0,863,0,137,0,0,871,0,129,0,0,853,0,147,0,0,864,0,136,0,0,859,0,141,0,0,864,1,135,0,0,856,0,144,0,0,868,0,132,0,0,855,0,145,0,0,861,0,139,0,0,869,0,131,0,0,868,0,132,0,0,875,0,125,0,0,867,0,133,0,0,866,0,134,0,0,863,0,137,0,0,868,0,132,0,0,863,0,137,0,0,868,0,132,0,0,858,0,142,0,0,865,0,135,0,0,872,0,128,0,0,860,0,140,0,0,864,1,135,0,0,856,0,144,0,0,866,0,134,0,0,864,0,136,0,0
353,targeted_heterosexual,0.5,859,0,141,0,0,861,1,138,0,0,860,0,140,0,0,866,0,134,0,0,869,0,131,0,0,863,0,137,0,0,862,0,138,0,0,872,0,128,0,0,857,0,143,0,0,852,0,148,0,0,866,0,134,0,0,866,0,134,0,0,867,0,133,0,0,854,0,146,0,0,866,0,134,0,0,856,0,144,0,0,868,0,132,0,0,867,0,133,0,0,863,0,137,0,0,862,0,138,0,0,863,0,137,0,0,867,0,133,0,0,868,0,132,0,0,863,0,137,0,0,871,0,129,0,0,853,0,147,0,0,864,0,136,0,0,859,0,141,0,0,864,0,136,0,0,856,0,144,0,0,868,0,132,0,0,855,0,145,0,0,861,0,139,0,0,869,0,131,0,0,868,0,132,0,0,875,0,125,0,0,867,0,133,0,0,866,0,134,0,0,863,0,137,0,0,868,0,132,0,0,863,0,137,0,0,868,0,132,0,0,858,0,142,0,0,865,0,135,0,0,872,0,128,0,0,860,0,140,0,0,864,1,135,0,0,856,0,144,0,0,866,0,134,0,0,864,0,136,0,0
354,targeted_heterosexual,0.5,859,0,141,0,0,861,1,138,0,0,860,0,140,0,0,866,0,134,0,0,869,0,131,0,0,863,0,137,0,0,862,0,138,0,0,872,0,128,0,0,857,0,143,0,0,852,0,148,0,0,866,0,134,0,0,866,0,134,0,0,867,0,133,0,0,854,0,146,0,0,866,0,134,0,0,856,0,144,0,0,868,0,132,0,0,867,0,133,0,0,863,0,137,0,0,861,1,138,0,0,863,0,137,0,0,867,0,133,0,0,868,0,132,0,0,863,0,137,0,0,871,0,129,0,0,853,0,147,0,0,864,0,136,0,0,859,0,141,0,0,864,0,136,0,0,856,0,144,0,0,868,0,132,0,0,855,0,145,0,0,861,0,139,0,0,869,0,131,0,0,868,0,132,0,0,875,0,125,0,0,867,0,133,0,0,866,0,134,0,0,863,0,137,0,0,868,0,132,0,0,863,0,137,0,0,868,0,132,0,0,858,0,142,0,0,865,0,135,0,0,872,0,128,0,0,860,0,140,0,0,864,1,135,0,0,856,0,144,0,0,866,0,134,0,0,864,0,136,0,0
355,targeted_heterosexual,0.5,859,0,141,0,0,861,1,138,0,0,860,0,140,0,0,866,0,134,0,0,869,0,131,0,0,863,0,137,0,0,862,0,138,0,0,872,0,128,0,0,857,0,143,0,0,852,0,148,0,0,866,0,134,0,0,866,0,134,0,0,867,0,133,0,0,854,0,146,0,0,866,0,134,0,0,856,0,144,0,0,868,0,132,0,0,867,0,133,0,0,863,0,137,0,0,861,1,138,0,0,863,0,137,0,0,867,0,133,0,0,868,0,132,0,0,863,0,137,0,0,871,0,129,0,0,853,0,147,0,0,864,0,136,0,0,859,0,141,0,0,864,0,136,0,0,856,0,144,0,0,868,0,132,0,0,855,0,145,0,0,861,0,139,0,0,869,0,131,0,0,868,0,132,0,0,875,0,125,0,0,867,0,133,0,0,866,0,134,0,0,863,0,137,0,0,868,0,132,0,0,863,0,137,0,0,868,0,132,0,0,858,0,142,0,0,865,0,135,0,0,872,0,128,0,0,860,0,140,0,0,864,1,135,0,0,856,0,144,0,0,866,0,134,0,0,864,0,136,0,0
356,targeted_heterosexual,0.5,859,0,141,0,0,861,1,138,0,0,860,0,140,0,0,866,0,134,0,0,869,0,131,0,0,863,0,137,0,0,862,0,138,0,0,872,0,128,0,0,857,0,143,0,0,852,0,148,0,0,866,0,134,0,0,866,0,134,0,0,867,0,133,0,0,854,0,146,0,0,866,0,134,0,0,856,0,144,0,0,868,0,132,0,0,867,0,133,0,0,863,0,137,0,0,861,1,138,0,0,863,0,137,0,0,867,0,133,0,0,868,0,132,0,0,863,0,137,0,0,871,0,129,0,0,853,0,147,0,0,864,0,136,0,0,859,0,141,0,0,864,0,136,0,0,856,0,144,0,0,868,0,132,0,0,855,0,145,0,0,861,0,139,0,0,869,0,131,0,0,868,0,132,0,0,875,0,125,0,0,867,0,133,0,0,866,0,134,0,0,863,0,137,0,0,868,0,132,0,0,863,0,137,0,0,868,0,132,0,0,858,0,142,0,0,865,0,135,0,0,872,0,128,0,0,860,0,140,0,0,864,1,135,0,0,856,0,144,0,0,866,0,134,0,0,864,0,136,0,0
357,targeted_heterosexual,0.5,859,0,141,0,0,861,1,138,0,0,860,0,140,0,0,866,0,134,0,0,869,0,131,0,0,863,0,137,0,0,862,0,138,0,0,872,0,128,0,0,857,0,143,0,0,852,0,148,0,0,866,0,134,0,0,866,0,134,0,0,867,0,133,0,0,854,0,146,0,0,866,0,134,0,0,856,0,144,0,0,868,0,132,0,0,867,0,133,0,0,863,0,137,0,0,861,1,138,0,0,863,0,137,0,0,867,0,133,0,0,868,0,132,0,0,863,0,137,0,0,871,0,129,0,0,853,0,147,0,0,864,0,136,0,0,859,0,141,0,0,864,0,136,0,0,856,0,144,0,0,868,0,132,0,0,855,0,145,0,0,861,0,139,0,0,869,0,131,0,0,868,0,132,0,0,875,0,125,0,0,867,0,133,0,0,866,0,134,0,0,863,0,137,0,0,868,0,132,0,0,863,0,137,0,0,868,0,132,0,0,858,0,142,0,0,865,0,135,0,0,872,0,128,0,0,860,0,140,0,0,864,1,135,0,0,856,0,144,0,0,866,0,134,0,0,864,0,136,0,0
358,targeted_heterosexual,0.5,859,0,141,0,0,861,1,138,0,0,860,0,140,0,0,866,0,134,0,0,869,0,131,0,0,863,0,137,0,0,862,0,138,0,0,872,0,128,0,0,857,0,143,0,0,852,0,148,0,0,866,0,134,0,0,866,0,134,0,0,867,0,133,0,0,854,0,146,0,0,866,0,134,0,0,856,0,144,0,0,868,0,132,0,0,867,0,133,0,0,863,0,137,0,0,861,1,138,0,0,863,0,137,0,0,867,0,133,0,0,868,0,132,0,0,863,0,137,0,0,871,0,129,0,0,853,0,147,0,0,864,0,136,0,0,859,0,141,0,0,864,0,136,0,0,856,0,144,0,0,868,0,132,0,0,855,0,145,0,0,861,0,139,0,0,869,0,131,0,0,868,0,132,0,0,875,0,125,0,0,867,0,133,0,0,866,0,134,0,0,863,0,137,0,0,868,0,132,0,0,863,0,137,0,0,868,0,132,0,0,858,0,142,0,0,865,0,135,0,0,872,0,128,0,0,860,0,140,0,0,864,1,135,0,0,856,0,144,0,0,866,0,134,0,0,864,0,136,0,0
359,targeted_heterosexual,0.5,859,0,141,0,0,861,0,139,0,0,860,0,140,0,0,866,0,134,0,0,869,0,131,0,0,863,0,137,0,0,862,0,138,0,0,872,0,128,0,0,857,0,143,0,0,852,0,148,0,0,866,0,134,0,0,866,0,134,0,0,867,0,133,0,0,854,0,146,0,0,866,0,134,0,0,856,0,144,0,0,868,0,132,0,0,867,0,133,0,0,863,0,137,0,0,861,1,138,0,0,863,0,137,0,0,867,0,133,0,0,868,0,132,0,0,863,0,137,0,0,871,0,129,0,0,853,0,147,0,0,864,0,136,0,0,859,0,141,0,0,864,0,136,0,0,856,0,144,0,0,868,0,132,0,0,855,0,145,0,0,861,0,139,0,0,869,0,131,0,0,868,0,132,0,0,875,0,125,0,0,867,0,133,0,0,866,0,134,0,0,863,0,137,0,0,868,0,132,0,0,863,0,137,0,0,868,0,132,0,0,858,0,142,0,0,865,0,135,0,0,872,0,128,0,0,860,0,140,0,0,864,1,135,0,0,856,0,144,0,0,866,0,134,0,0,864,0,136,0,0
360,targeted_heterosexual,0.5,859,0,141,0,0,861,0,139,0,0,860,0,140,0,0,866,0,134,0,0,869,0,131,0,0,863,0,137,0,0,862,0,138,0,0,872,0,128,0,0,857,0,143,0,0,852,0,148,0,0,866,0,134,0,0,866,0,134,0,0,867,0,133,0,0,854,0,146,0,0,866,0,134,0,0,856,0,144,0,0,868,0,132,0,0,867,0,133,0,0,863,0,137,0,0,861,1,138,0,0,863,0,137,0,0,867,0,133,0,0,868,0,132,0,0,863,0,137,0,0,871,0,129,0,0,853,0,147,0,0,864,0,136,0,0,859,0,141,0,0,864,0,136,0,0,856,0,144,0,0,868,0,132,0,0,855,0,145,0,0,861,0,139,0,0,869,0,131,0,0,868,0,132,0,0,875,0,125,0,0,867,0,133,0,0,866,0,134,0,0,863,0,137,0,0,868,0,132,0,0,863,0,137,0,0,868,0,132,0,0,858,0,142,0,0,865,0,135,0,0,872,0,128,0,0,860,0,140,0,0,864,1,135,0,0,856,0,144,0,0,866,0,134,0,0,864,0,136,0,0
361,targeted_heterosexual,0.5,859,0,141,0,0,861,0,139,0,0,860,0,140,0,0,866,0,134,0,0,869,0,131,0,0,863,0,137,0,0,862,0,138,0,0,872,0,128,0,0,857,0,143,0,0,852,0,148,0,0,866,0,134,0,0,866,0,134,0,0,867,0,133,0,0,854,0,146,0,0,866,0,134,0,0,856,0,144,0,0,868,0,132,0,0,867,0,133,0,0,863,0,137,0,0,861,1,138,0,0,863,0,137,0,0,867,0,133,0,0,868,0,132,0,0,863,0,137,0,0,871,0,129,0,0,853,0,147,0,0,864,0,136,0,0,859,0,141,0,0,864,0,136,0,0,856,0,144,0,0,868,0,132,0,0,855,0,145,0,0,861,0,139,0,0,869,0,131,0,0,868,0,132,0,0,875,0,125,0,0,867,0,133,0,0,866,0,134,0,0,863,0,137,0,0,868,0,132,0,0,863,0,137,0,0,868,0,132,0,0,858,0,142,0,0,865,0,135,0,0,872,0,128,0,0,860,0,140,0,0,864,1,135,0,0,856,0,144,0,0,866,0,134,0,0,864,0,136,0,0
362,targeted_heterosexual,0.5,859,0,141,0,0,861,0,139,0,0,860,0,140,0,0,866,0,134,0,0,869,0,131,0,0,863,0,137,0,0,862,0,138,0,0,872,0,128,0,0,857,0,143,0,0,852,0,148,0,0,866,0,134,0,0,866,0,134,0,0,867,0,133,0,0,854,0,146,0,0,866,0,134,0,0,856,0,144,0,0,868,0,132,0,0,867,0,133,0,0,863,0,137,0,0,861,1,138,0,0,863,0,137,0,0,867,0,133,0,0,868,0,132,0,0,863,0,137,0,0,871,0,129,0,0,853,0,147,0,0,864,0,136,0,0,859,0,141,0,0,864,0,136,0,0,856,0,144,0,0,868,0,132,0,0,855,0,145,0,0,861,0,139,0,0,869,0,131,0,0,868,0,132,0,0,875,0,125,0,0,867,0,133,0,0,866,0,134,0,0,863,0,137,0,0,868,0,132,0,0,863,0,137,0,0,868,0,132,0,0,858,0,142,0,0,865,0,135,0,0,872,0,128,0,0,860,0,140,0,0,864,1,135,0,0,856,0,144,0,0,866,0,134,0,0,864,0,136,0,0
363,targeted_heterosexual,0.5,859,0,141,0,0,861,0,139,0,0,860,0,140,0,0,866,0,134,0,0,869,0,131,0,0,863,0,137,0,0,862,0,138,0,0,872,0,128,0,0,857,0,143,0,0,852,0,148,0,0,866,0,134,0,0,866,0,134,0,0,867,0,133,0,0,854,0,146,0,0,866,0,134,0,0,856,0,144,0,0,868,0,132,0,0,867,0,133,0,0,863,0,137,0,0,861,1,138,0,0,863,0,137,0,0,867,0,133,0,0,868,0,132,0,0,863,0,137,0,0,871,0,129,0,0,853,0,147,0,0,864,0,136,0,0,859,0,141,0,0,864,0,136,0,0,856,0,144,0,0,868,0,132,0,0,855,0,145,0,0,861,0,139,0,0,869,0,131,0,0,868,0,132,0,0,874,1,125,0,0,867,0,133,0,0,866,0,134,0,0,863,0,137,0,0,868,0,132,0,0,863,0,137,0,0,868,0,132,0,0,858,0,142,0,0,865,0,135,0,0,872,0,128,0,0,860,0,140,0,0,864,1,135,0,0,856,0,144,0,0,866,0,134,0,0,864,0,136,0,0
364,targeted_heterosexual,0.5,859,0,141,0,0,861,0,139,0,0,860,0,140,0,0,866,0,134,0,0,869,0,131,0,0,863,0,137,0,0,862,0,138,0,0,872,0,128,0,0,857,0,143,0,0,852,0,148,0,0,866,0,134,0,0,866,0,134,0,0,867,0,133,0,0,854,0,146,0,0,866,0,134,0,0,856,0,144,0,0,868,0,132,0,0,867,0,133,0,0,863,0,137,0,0,861,1,138,0,0,863,0,137,0,0,867,0,133,0,0,868,0,132,0,0,863,0,137,0,0,871,0,129,0,0,853,0,147,0,0,864,0,136,0,0,859,0,141,0,0,864,0,136,0,0,856,0,144,0,0,868,0,132,0,0,855,0,145,0,0,861,0,139,0,0,869,0,131,0,0,868,0,132,0,0,874,1,125,0,0,867,0,133,0,0,866,0,134,0,0,863,0,137,0,0,868,0,132,0,0,863,0,137,0,0,868,0,132,0,0,858,0,142,0,0,865,0,135,0,0,872,0,128,0,0,860,0,140,0,0,864,0,136,0,0,856,0,144,0,0,866,0,134,0,0,864,0,136,0,0
365,targeted_heterosexual,0.5,859,0,141,0,0,861,0,139,0,0,860,0,140,0,0,866,0,134,0,0,869,0,131,0,0,863,0,137,0,0,862,0,138,0,0,872,0,128,0,0,857,0,143,0,0,852,0,148,0,0,866,0,134,0,0,866,0,134,0,0,867,0,133,0,0,854,0,146,0,0,866,0,134,0,0,856,0,144,0,0,868,0,132,0,0,867,0,133,0,0,863,0,137,0,0,861,1,138,0,0,863,0,137,0,0,867,0,133,0,0,868,0,132,0,0,863,0,137,0,0,871,0,129,0,0,853,0,147,0,0,864,0,136,0,0,859,0,141,0,0,864,0,136,0,0,856,0,144,0,0,868,0,132,0,0,855,0,145,0,0,861,0,139,0,0,869,0,131,0,0,868,0,132,0,0,874,1,125,0,0,867,0,133,0,0,866,0,134,0,0,863,0,137,0,0,868,0,132,0,0,863,0,137,0,0,868,0,132,0,0,858,0,142,0,0,865,0,135,0,0,872,0,128,0,0,860,0,140,0,0,864,0,136,0,0,856,0,144,0,0,866,0,134,0,0,864,0,136,0,0
366,targeted_heterosexual,0.5,859,0,141,0,0,861,0,139,0,0,860,0,140,0,0,866,0,134,0,0,869,0,131,0,0,863,0,137,0,0,862,0,138,0,0,872,0,128,0,0,857,0,143,0,0,852,0,148,0,0,866,0,134,0,0,866,0,134,0,0,867,0,133,0,0,854,0,146,0,0,866,0,134,0,0,856,0,144,0,0,868,0,132,0,0,867,0,133,0,0,863,0,137,0,0,861,1,138,0,0,863,0,137,0,0,867,0,133,0,0,868,0,132,0,0,863,0,137,0,0,871,0,129,0,0,853,0,147,0,0,864,0,136,0,0,859,0,141,0,0,864,0,136,0,0,856,0,144,0,0,868,0,132,0,0,855,0,145,0,0,861,0,139,0,0,869,0,131,0,0,868,0,132,0,0,874,1,125,0,0,867,0,133,0,0,866,0,134,0,0,863,0,137,0,0,868,0,132,0,0,863,0,137,0,0,868,0,132,0,0,858,0,142,0,0,865,0,135,0,0,872,0,128,0,0,860,0,140,0,0,864,0,136,0,0,856,0,144,0,0,866,0,134,0,0,864,0,136,0,0
367,targeted_heterosexual,0.5,859,0,141,0,0,861,0,139,0,0,860,0,140,0,0,866,0,134,0,0,869,0,131,0,0,863,0,137,0,0,862,0,138,0,0,872,0,128,0,0,857,0,143,0,0,852,0,148,0,0,866,0,134,0,0,866,0,134,0,0,867,0,133,0,0,854,0,146,0,0,866,0,134,0,0,856,0,144,0,0,868,0,132,0,0,867,0,133,0,0,863,0,137,0,0,861,0,139,0,0,863,0,137,0,0,867,0,133,0,0,868,0,132,0,0,863,0,137,0,0,871,0,129,0,0,853,0,147,0,0,864,0,136,0,0,859,0,141,0,0,864,0,136,0,0,856,0,144,0,0,868,0,132,0,0,855,0,145,0,0,861,0,139,0,0,869,0,131,0,0,868,0,132,0,0,874,1,125,0,0,867,0,133,0,0,866,0,134,0,0,863,0,137,0,0,868,0,132,0,0,863,0,137,0,0,868,0,132,0,0,858,0,142,0,0,865,0,135,0,0,871,1,128,0,0,860,0,140,0,0,864,0,136,0,0,856,0,144,0,0,866,0,134,0,0,864,0,136,0,0
368,targeted_heterosexual,0.5,859,0,141,0,0,861,0,139,0,0,860,0,140,0,0,866,0,134,0,0,869,0,131,0,0,863,0,137,0,0,862,0,138,0,0,872,0,128,0,0,857,0,143,0,0,852,0,148,0,0,866,0,134,0,0,866,0,134,0,0,867,0,133,0,0,854,0,146,0,0,866,0,134,0,0,856,0,144,0,0,868,0,132,0,0,867,0,133,0,0,863,0,137,0,0,861,0,139,0,0,863,0,137,0,0,867,0,133,0,0,868,0,132,0,0,863,0,137,0,0,871,0,129,0,0,853,0,147,0,0,864,0,136,0,0,859,0,141,0,0,864,0,136,0,0,856,0,144,0,0,868,0,132,0,0,855,0,145,0,0,861,0,139,0,0,869,0,131,0,0,868,0,132,0,0,874,1,125,0,0,867,0,133,0,0,866,0,134,0,0,863,0,137,0,0,868,0,132,0,0,863,0,137,0,0,868,0,132,0,0,858,0,142,0,0,865,0,135,0,0,871,1,128,0,0,860,0,140,0,0,864,0,136,0,0,856,0,144,0,0,866,0,134,0,0,864,0,136,0,0
369,targeted_heterosexual,0.5,859,0,141,0,0,861,0,139,0,0,860,0,140,0,0,866,0,134,0,0,869,0,131,0,0,863,0,137,0,0,862,0,138,0,0,872,0,128,0,0,857,0,143,0,0,852,0,148,0,0,866,0,134,0,0,866,0,134,0,0,867,0,133,0,0,854,0,146,0,0,866,0,134,0,0,856,0,144,0,0,868,0,132,0,0,867,0,133,0,0,863,0,137,0,0,861,0,139,0,0,863,0,137,0,0,867,0,133,0,0,868,0,132,0,0,863,0,137,0,0,871,0,129,0,0,853,0,147,0,0,864,0,136,0,0,859,0,141,0,0,864,0,136,0,0,856,0,144,0,0,868,0,132,0,0,855,0,145,0,0,861,0,139,0,0,869,0,131,0,0,868,0,132,0,0,874,1,125,0,0,867,0,133,0,0,866,0,134,0,0,863,0,137,0,0,868,0,132,0,0,863,0,137,0,0,868,0,132,0,0,858,0,142,0,0,865,0,135,0,0,871,1,128,0,0,860,0,140,0,0,864,0,136,0,0,856,0,144,0,0,866,0,134,0,0,864,0,136,0,0
370,targeted_heterosexual,0.5,859,0,141,0,0,861,0,139,0,0,860,0,140,0,0,866,0,134,0,0,869,0,131,0,0,863,0,137,0,0,862,0,138,0,0,872,0,128,0,0,857,0,143,0,0,852,0,148,0,0,866,0,134,0,0,866,0,134,0,0,867,0,133,0,0,854,0,146,0,0,866,0,134,0,0,856,0,144,0,0,868,0,132,0,0,867,0,133,0,0,863,0,137,0,0,861,0,139,0,0,863,0,137,0,0,867,0,133,0,0,868,0,132,0,0,863,0,137,0,0,871,0,129,0,0,853,0,147,0,0,864,0,136,0,0,859,0,141,0,0,864,0,136,0,0,856,0,144,0,0,868,0,132,0,0,855,0,145,0,0,861,0,139,0,0,869,0,131,0,0,868,0,132,0,0,874,1,125,0,0,867,0,133,0,0,866,0,134,0,0,863,0,137,0,0,868,0,132,0,0,863,0,137,0,0,868,0,132,0,0,858,0,142,0,0,865,0,135,0,0,871,1,128,0,0,860,0,140,0,0,864,0,136,0,0,856,0,144,0,0,866,0,134,0,0,864,0,136,0,0
371,targeted_heterosexual,0.5,859,0,141,0,0,861,0,139,0,0,860,0,140,0,0,866,0,134,0,0,869,0,131,0,0,863,0,137,0,0,862,0,138,0,0,872,0,128,0,0,857,0,143,0,0,852,0,148,0,0,866,0,134,0,0,866,0,134,0,0,867,0,133,0,0,854,0,146,0,0,866,0,134,0,0,856,0,144,0,0,868,0,132,0,0,867,0,133,0,0,863,0,137,0,0,861,0,139,0,0,863,0,137,0,0,867,0,133,0,0,868,0,132,0,0,863,0,137,0,0,871,0,129,0,0,853,0,147,0,0,864,0,136,0,0,859,0,141,0,0,864,0,136,0,0,856,0,144,0,0,868,0,132,0,0,855,0,145,0,0,861,0,139,0,0,869,0,131,0,0,868,0,132,0,0,874,1,125,0,0,867,0,133,0,0,866,0,134,0,0,863,0,137,0,0,868,0,132,0,0,863,0,137,0,0,868,0,132,0,0,858,0,142,0,0,865,0,135,0,0,871,1,128,0,0,860,0,140,0,0,864,0,136,0,0,856,0,144,0,0,866,0,134,0,0,864,0,136,0,0
372,targeted_heterosexual,0.5,859,0,141,0,0,861,0,139,0,0,860,0,140,0,0,866,0,134,0,0,869,0,131,0,0,863,0,137,0,0,862,0,138,0,0,872,0,128,0,0,857,0,143,0,0,852,0,148,0,0,866,0,134,0,0,866,0,134,0,0,867,0,133,0,0,854,0,146,0,0,866,0,134,0,0,856,0,144,0,0,868,0,132,0,0,867,0,133,0,0,863,0,137,0,0,861,0,139,0,0,863,0,137,0,0,867,0,133,0,0,868,0,132,0,0,863,0,137,0,0,871,0,129,0,0,853,0,147,0,0,864,0,136,0,0,859,0,141,0,0,864,0,136,0,0,856,0,144,0,0,868,0,132,0,0,855,0,145,0,0,861,0,139,0,0,869,0,131,0,0,868,0,132,0,0,874,1,125,0,0,867,0,133,0,0,866,0,134,0,0,863,0,137,0,0,868,0,132,0,0,863,0,137,0,0,868,0,132,0,0,858,0,142,0,0,865,0,135,0,0,871,1,128,0,0,860,0,140,0,0,864,0,136,0,0,856,0,144,0,0,866,0,134,0,0,864,0,136,0,0
373,targeted_heterosexual,0.5,859,0,141,0,0,861,0,139,0,0,860,0,140,0,0,866,0,134,0,0,869,0,131,0,0,863,0,137,0,0,862,0,138,0,0,872,0,128,0,0,857,0,143,0,0,852,0,148,0,0,866,0,134,0,0,866,0,134,0,0,867,0,133,0,0,854,0,146,0,0,866,0,134,0,0,856,0,144,0,0,868,0,132,0,0,867,0,133,0,0,863,0,137,0,0,861,0,139,0,0,863,0,137,0,0,867,0,133,0,0,868,0,132,0,0,863,0,137,0,0,871,0,129,0,0,853,0,147,0,0,864,0,136,0,0,859,0,141,0,0,864,0,136,0,0,856,0,144,0,0,868,0,132,0,0,855,0,145,0,0,861,0,139,0,0,869,0,131,0,0,868,0,132,0,0,874,1,125,0,0,867,0,133,0,0,866,0,134,0,0,863,0,137,0,0,868,0,132,0,0,863,0,137,0,0,868,0,132,0,0,858,0,142,0,0,865,0,135,0,0,871,1,128,0,0,860,0,140,0,0,864,0,136,0,0,856,0,144,0,0,866,0,134,0,0,864,0,136,0,0
374,targeted_heterosexual,0.5,859,0,141,0,0,861,0,139,0,0,860,0,140,0,0,866,0,134,0,0,869,0,131,0,0,863,0,137,0,0,862,0,138,0,0,872,0,128,0,0,857,0,143,0,0,852,0,148,0,0,866,0,134,0,0,866,0,134,0,0,867,0,133,0,0,854,0,146,0,0,866,0,134,0,0,856,0,144,0,0,868,0,132,0,0,867,0,133,0,0,863,0,137,0,0,861,0,139,0,0,863,0,137,0,0,867,0,133,0,0,868,0,132,0,0,863,0,137,0,0,871,0,129,0,0,853,0,147,0,0,864,0,136,0,0,859,0,141,0,0,864,0,136,0,0,856,0,144,0,0,868,0,132,0,0,855,0,145,0,0,861,0,139,0,0,869,0,131,0,0,868,0,132,0,0,874,1,125,0,0,867,0,133,0,0,866,0,134,0,0,863,0,137,0,0,868,0,132,0,0,863,0,137,0,0,868,0,132,0,0,858,0,142,0,0,865,0,135,0,0,871,1,128,0,0,860,0,140,0,0,864,0,136,0,0,856,0,144,0,0,866,0,134,0,0,864,0,136,0,0
375,targeted_heterosexual,0.5,859,0,141,0,0,861,0,139,0,0,860,0,140,0,0,866,0,134,0,0,869,0,131,0,0,863,0,137,0,0,862,0,138,0,0,872,0,128,0,0,857,0,143,0,0,852,0,148,0,0,866,0,134,0,0,866,0,134,0,0,867,0,133,0,0,854,0,146,0,0,866,0,134,0,0,856,0,144,0,0,868,0,132,0,0,867,0,133,0,0,863,0,137,0,0,861,0,139,0,0,863,0,137,0,0,867,0,133,0,0,868,0,132,0,0,863,0,137,0,0,871,0,129,0,0,853,0,147,0,0,864,0,136,0,0,859,0,141,0,0,864,0,136,0,0,856,0,144,0,0,868,0,132,0,0,855,0,145,0,0,861,0,139,0,0,869,0,131,0,0,868,0,132,0,0,874,1,125,0,0,867,0,133,0,0,866,0,134,0,0,863,0,137,0,0,868,0,132,0,0,863,0,137,0,0,868,0,132,0,0,858,0,142,0,0,865,0,135,0,0,871,1,128,0,0,860,0,140,0,0,864,0,136,0,0,856,0,144,0,0,866,0,134,0,0,864,0,136,0,0
376,targeted_heterosexual,0.5,859,0,141,0,0,861,0,139,0,0,860,0,140,0,0,866,0,134,0,0,869,0,131,0,0,863,0,137,0,0,862,0,138,0,0,872,0,128,0,0,857,0,143,0,0,852,0,148,0,0,866,0,134,0,0,866,0,134,0,0,867,0,133,0,0,854,0,146,0,0,866,0,134,0,0,856,0,144,0,0,868,0,132,0,0,867,0,133,0,0,863,0,137,0,0,861,0,139,0,0,863,0,137,0,0,867,0,133,0,0,868,0,132,0,0,863,0,137,0,0,871,0,129,0,0,853,0,147,0,0,864,0,136,0,0,859,0,141,0,0,864,0,136,0,0,856,0,144,0,0,868,0,132,0,0,855,0,145,0,0,861,0,139,0,0,869,0,131,0,0,868,0,132,0,0,874,0,126,0,0,867,0,133,0,0,866,0,134,0,0,863,0,137,0,0,868,0,132,0,0,863,0,137,0,0,868,0,132,0,0,858,0,142,0,0,865,0,135,0,0,871,1,128,0,0,860,0,140,0,0,864,0,136,0,0,856,0,144,0,0,866,0,134,0,0,864,0,136,0,0
377,targeted_heterosexual,0.5,859,0,141,0,0,861,0,139,0,0,860,0,140,0,0,866,0,134,0,0,869,0,131,0,0,863,0,137,0,0,862,0,138,0,0,872,0,128,0,0,857,0,143,0,0,852,0,148,0,0,866,0,134,0,0,866,0,134,0,0,867,0,133,0,0,854,0,146,0,0,866,0,134,0,0,856,0,144,0,0,868,0,132,0,0,867,0,133,0,0,863,0,137,0,0,861,0,139,0,0,863,0,137,0,0,867,0,133,0,0,868,0,132,0,0,863,0,137,0,0,871,0,129,0,0,853,0,147,0,0,864,0,136,0,0,859,0,141,0,0,864,0,136,0,0,856,0,144,0,0,868,0,132,0,0,855,0,145,0,0,861,0,139,0,0,869,0,131,0,0,868,0,132,0,0,874,0,126,0,0,867,0,133,0,0,866,0,134,0,0,863,0,137,0,0,868,0,132,0,0,863,0,137,0,0,868,0,132,0,0,858,0,142,0,0,865,0,135,0,0,871,1,128,0,0,860,0,140,0,0,864,0,136,0,0,856,0,144,0,0,866,0,134,0,0,864,0,136,0,0
378,targeted_heterosexual,0.5,859,0,141,0,0,861,0,139,0,0,860,0,140,0,0,866,0,134,0,0,869,0,131,0,0,863,0,137,0,0,862,0,138,0,0,872,0,128,0,0,857,0,143,0,0,852,0,148,0,0,866,0,134,0,0,866,0,134,0,0,867,0,133,0,0,854,0,146,0,0,866,0,134,0,0,856,0,144,0,0,868,0,132,0,0,867,0,133,0,0,863,0,137,0,0,861,0,139,0,0,863,0,137,0,0,867,0,133,0,0,868,0,132,0,0,863,0,137,0,0,871,0,129,0,0,853,0,147,0,0,864,0,136,0,0,859,0,141,0,0,864,0,136,0,0,856,0,144,0,0,868,0,132,0,0,855,0,145,0,0,861,0,139,0,0,869,0,131,0,0,868,0,132,0,0,874,0,126,0,0,867,0,133,0,0,866,0,134,0,0,863,0,137,0,0,868,0,132,0,0,863,0,137,0,0,868,0,132,0,0,858,0,142,0,0,865,0,135,0,0,871,1,128,0,0,860,0,140,0,0,864,0,136,0,0,856,0,144,0,0,866,0,134,0,0,864,0,136,0,0
379,targeted_heterosexual,0.5,859,0,141,0,0,861,0,139,0,0,860,0,140,0,0,866,0,134,0,0,869,0,131,0,0,863,0,137,0,0,862,0,138,0,0,872,0,128,0,0,857,0,143,0,0,852,0,148,0,0,866,0,134,0,0,866,0,134,0,0,867,0,133,0,0,854,0,146,0,0,866,0,134,0,0,856,0,144,0,0,868,0,132,0,0,867,0,133,0,0,863,0,137,0,0,861,0,139,0,0,863,0,137,0,0,867,0,133,0,0,868,0,132,0,0,863,0,137,0,0,871,0,129,0,0,853,0,147,0,0,864,0,136,0,0,859,0,141,0,0,864,0,136,0,0,856,0,144,0,0,868,0,132,0,0,855,0,145,0,0,861,0,139,0,0,869,0,131,0,0,868,0,132,0,0,874,0,126,0,0,867,0,133,0,0,866,0,134,0,0,863,0,137,0,0,868,0,132,0,0,863,0,137,0,0,868,0,132,0,0,858,0,142,0,0,865,0,135,0,0,871,1,128,0,0,860,0,140,0,0,864,0,136,0,0,856,0,144,0,0,866,0,134,0,0,864,0,136,0,0
380,targeted_heterosexual,0.5,859,0,141,0,0,861,0,139,0,0,860,0,140,0,0,866,0,134,0,0,869,0,131,0,0,863,0,137,0,0,862,0,138,0,0,872,0,128,0,0,857,0,143,0,0,852,0,148,0,0,866,0,134,0,0,866,0,134,0,0,867,0,133,0,0,854,0,146,0,0,866,0,134,0,0,856,0,144,0,0,868,0,132,0,0,867,0,133,0,0,863,0,137,0,0,861,0,139,0,0,863,0,137,0,0,867,0,133,0,0,868,0,132,0,0,863,0,137,0,0,871,0,129,0,0,853,0,147,0,0,864,0,136,0,0,859,0,141,0,0,864,0,136,0,0,856,0,144,0,0,868,0,132,0,0,855,0,145,0,0,861,0,139,0,0,869,0,131,0,0,868,0,132,0,0,874,0,126,0,0,867,0,133,0,0,866,0,134,0,0,863,0,137,0,0,868,0,132,0,0,863,0,137,0,0,868,0,132,0,0,857,1,142,0,0,865,0,135,0,0,871,0,129,0,0,860,0,140,0,0,864,0,136,0,0,856,0,144,0,0,866,0,134,0,0,864,0,136,0,0
381,targeted_heterosexual,0.5,859,0,141,0,0,861,0,139,0,0,860,0,140,0,0,866,0,134,0,0,869,0,131,0,0,863,0,137,0,0,862,0,138,0,0,872,0,128,0,0,857,0,143,0,0,852,0,148,0,0,866,0,134,0,0,866,0,134,0,0,867,0,133,0,0,854,0,146,0,0,866,0,134,0,0,856,0,144,0,0,868,0,132,0,0,867,0,133,0,0,863,0,137,0,0,861,0,139,0,0,863,0,137,0,0,867,0,133,0,0,868,0,132,0,0,863,0,137,0,0,871,0,129,0,0,853,0,147,0,0,864,0,136,0,0,859,0,141,0,0,864,0,136,0,0,856,0,144,0,0,868,0,132,0,0,855,0,145,0,0,861,0,139,0,0,869,0,131,0,0,868,0,132,0,0,874,0,126,0,0,867,0,133,0,0,866,0,134,0,0,863,0,137,0,0,868,0,132,0,0,863,0,137,0,0,868,0,132,0,0,857,1,142,0,0,865,0,135,0,0,871,0,129,0,0,860,0,140,0,0,864,0,136,0,0,856,0,144,0,0,866,0,134,0,0,864,0,136,0,0
382,targeted_heterosexual,0.5,859,0,141,0,0,861,0,139,0,0,860,0,140,0,0,866,0,134,0,0,869,0,131,0,0,863,0,137,0,0,862,0,138,0,0,872,0,128,0,0,857,0,143,0,0,852,0,148,0,0,866,0,134,0,0,866,0,134,0,0,867,0,133,0,0,854,0,146,0,0,866,0,134,0,0,856,0,144,0,0,868,0,132,0,0,867,0,133,0,0,863,0,137,0,0,861,0,139,0,0,863,0,137,0,0,867,0,133,0,0,868,0,132,0,0,863,0,137,0,0,871,0,129,0,0,853,0,147,0,0,864,0,136,0,0,859,0,141,0,0,864,0,136,0,0,856,0,144,0,0,868,0,132,0,0,855,0,145,0,0,861,0,139,0,0,869,0,131,0,0,868,0,132,0,0,874,0,126,0,0,867,0,133,0,0,866,0,134,0,0,863,0,137,0,0,868,0,132,0,0,863,0,137,0,0,868,0,132,0,0,857,1,142,0,0,865,0,135,0,0,871,0,129,0,0,860,0,140,0,0,864,0,136,0,0,856,0,144,0,0,866,0,134,0,0,864,0,136,0,0
383,targeted_heterosexual,0.5,859,0,141,0,0,861,0,139,0,0,860,0,140,0,0,866,0,134,0,0,869,0,131,0,0,863,0,137,0,0,862,0,138,0,0,872,0,128,0,0,857,0,143,0,0,852,0,148,0,0,866,0,134,0,0,866,0,134,0,0,867,0,133,0,0,854,0,146,0,0,866,0,134,0,0,856,0,144,0,0,868,0,132,0,0,867,0,133,0,0,863,0,137,0,0,861,0,139,0,0,863,0,137,0,0,867,0,133,0,0,868,0,132,0,0,863,0,137,0,0,871,0,129,0,0,853,0,147,0,0,864,0,136,0,0,859,0,141,0,0,864,0,136,0,0,856,0,144,0,0,868,0,132,0,0,855,0,145,0,0,861,0,139,0,0,869,0,131,0,0,868,0,132,0,0,874,0,126,0,0,867,0,133,0,0,866,0,134,0,0,863,0,137,0,0,868,0,132,0,0,863,0,137,0,0,868,0,132,0,0,857,1,142,0,0,865,0,135,0,0,871,0,129,0,0,860,0,140,0,0,864,0,136,0,0,856,0,144,0,0,866,0,134,0,0,864,0,136,0,0
384,targeted_heterosexual,0.5,859,0,141,0,0,861,0,139,0,0,860,0,140,0,0,866,0,134,0,0,869,0,131,0,0,863,0,137,0,0,862,0,138,0,0,872,0,128,0,0,857,0,143,0,0,852,0,148,0,0,866,0,134,0,0,866,0,134,0,0,867,0,133,0,0,854,0,146,0,0,866,0,134,0,0,856,0,144,0,0,868,0,132,0,0,867,0,133,0,0,863,0,137,0,0,861,0,139,0,0,863,0,137,0,0,867,0,133,0,0,868,0,132,0,0,863,0,137,0,0,871,0,129,0,0,853,0,147,0,0,864,0,136,0,0,859,0,141,0,0,864,0,136,0,0,856,0,144,0,0,868,0,132,0,0,855,0,145,0,0,861,0,139,0,0,869,0,131,0,0,868,0,132,0,0,874,0,126,0,0,867,0,133,0,0,866,0,134,0,0,863,0,137,0,0,868,0,132,0,0,863,0,137,0,0,868,0,132,0,0,857,1,142,0,0,865,0,135,0,0,871,0,129,0,0,860,0,140,0,0,864,0,136,0,0,856,0,144,0,0,866,0,134,0,0,864,0,136,0,0
385,targeted_heterosexual,0.5,859,0,141,0,0,861,0,139,0,0,860,0,140,0,0,866,0,134,0,0,869,0,131,0,0,863,0,137,0,0,862,0,138,0,0,872,0,128,0,0,857,0,143,0,0,852,0,148,0,0,866,0,134,0,0,866,0,134,0,0,867,0,133,0,0,854,0,146,0,0,866,0,134,0,0,856,0,144,0,0,868,0,132,0,0,867,0,133,0,0,863,0,137,0,0,861,0,139,0,0,863,0,137,0,0,867,0,133,0,0,868,0,132,0,0,863,0,137,0,0,871,0,129,0,0,853,0,147,0,0,864,0,136,0,0,859,0,141,0,0,864,0,136,0,0,856,0,144,0,0,868,0,132,0,0,855,0,145,0,0,861,0,139,0,0,869,0,131,0,0,868,0,132,0,0,874,0,126,0,0,867,0,133,0,0,866,0,134,0,0,863,0,137,0,0,868,0,132,0,0,863,0,137,0,0,868,0,132,0,0,857,1,142,0,0,865,0,135,0,0,871,0,129,0,0,860,0,140,0,0,864,0,136,0,0,856,0,144,0,0,866,0,134,0,0,864,0,136,0,0
386,targeted_heterosexual,0.5,859,0,141,0,0,861,0,139,0,0,860,0,140,0,0,866,0,134,0,0,869,0,131,0,0,863,0,137,0,0,862,0,138,0,0,872,0,128,0,0,857,0,143,0,0,852,0,148,0,0,866,0,134,0,0,866,0,134,0,0,867,0,133,0,0,854,0,146,0,0,866,0,134,0,0,856,0,144,0,0,868,0,132,0,0,867,0,133,0,0,863,0,137,0,0,861,0,139,0,0,863,0,137,0,0,867,0,133,0,0,868,0,132,0,0,863,0,137,0,0,871,0,129,0,0,853,0,147,0,0,864,0,136,0,0,859,0,141,0,0,864,0,136,0,0,856,0,144,0,0,868,0,132,0,0,855,0,145,0,0,861,0,139,0,0,869,0,131,0,0,868,0,132,0,0,874,0,126,0,0,867,0,133,0,0,866,0,134,0,0,863,0,137,0,0,868,0,132,0,0,863,0,137,0,0,868,0,132,0,0,857,1,142,0,0,865,0,135,0,0,871,0,129,0,0,860,0,140,0,0,864,0,136,0,0,856,0,144,0,0,866,0,134,0,0,864,0,136,0,0
387,targeted_heterosexual,0.5,859,0,141,0,0,861,0,139,0,0,860,0,140,0,0,866,0,134,0,0,869,0,131,0,0,863,0,137,0,0,862,0,138,0,0,872,0,128,0,0,857,0,143,0,0,852,0,148,0,0,866,0,134,0,0,866,0,134,0,0,867,0,133,0,0,854,0,146,0,0,866,0,134,0,0,856,0,144,0,0,868,0,132,0,0,867,0,133,0,0,863,0,137,0,0,861,0,139,0,0,863,0,137,0,0,867,0,133,0,0,868,0,132,0,0,863,0,137,0,0,871,0,129,0,0,853,0,147,0,0,864,0,136,0,0,859,0,141,0,0,864,0,136,0,0,856,0,144,0,0,868,0,132,0,0,855,0,145,0,0,861,0,139,0,0,869,0,131,0,0,868,0,132,0,0,874,0,126,0,0,867,0,133,0,0,866,0,134,0,0,863,0,137,0,0,868,0,132,0,0,863,0,137,0,0,868,0,132,0,0,857,1,142,0,0,865,0,135,0,0,871,0,129,0,0,860,0,140,0,0,864,0,136,0,0,856,0,144,0,0,866,0,134,0,0,864,0,136,0,0
388,targeted_heterosexual,0.5,859,0,141,0,0,861,0,139,0,0,860,0,140,0,0,866,0,134,0,0,869,0,131,0,0,863,0,137,0,0,862,0,138,0,0,872,0,128,0,0,857,0,143,0,0,852,0,148,0,0,866,0,134,0,0,866,0,134,0,0,867,0,133,0,0,854,0,146,0,0,866,0,134,0,0,856,0,144,0,0,868,0,132,0,0,867,0,133,0,0,863,0,137,0,0,861,0,139,0,0,863,0,137,0,0,867,0,133,0,0,868,0,132,0,0,863,0,137,0,0,871,0,129,0,0,853,0,147,0,0,864,0,136,0,0,859,0,141,0,0,864,0,136,0,0,856,0,144,0,0,868,0,132,0,0,855,0,145,0,0,861,0,139,0,0,869,0,131,0,0,868,0,132,0,0,874,0,126,0,0,867,0,133,0,0,866,0,134,0,0,863,0,137,0,0,868,0,132,0,0,863,0,137,0,0,868,0,132,0,0,857,1,142,0,0,865,0,135,0,0,871,0,129,0,0,860,0,140,0,0,864,0,136,0,0,856,0,144,0,0,866,0,134,0,0,864,0,136,0,0
389,targeted_heterosexual,0.5,859,0,141,0,0,861,0,139,0,0,860,0,140,0,0,866,0,134,0,0,869,0,131,0,0,863,0,137,0,0,862,0,138,0,0,872,0,128,0,0,857,0,143,0,0,852,0,148,0,0,866,0,134,0,0,866,0,134,0,0,867,0,133,0,0,854,0,146,0,0,866,0,134,0,0,856,0,144,0,0,868,0,132,0,0,867,0,133,0,0,863,0,137,0,0,861,0,139,0,0,863,0,137,0,0,867,0,133,0,0,868,0,132,0,0,863,0,137,0,0,871,0,129,0,0,853,0,147,0,0,864,0,136,0,0,859,0,141,0,0,864,0,136,0,0,856,0,144,0,0,868,0,132,0,0,855,0,145,0,0,861,0,139,0,0,869,0,131,0,0,868,0,132,0,0,874,0,126,0,0,867,0,133,0,0,866,0,134,0,0,863,0,137,0,0,868,0,132,0,0,863,0,137,0,0,868,0,132,0,0,857,1,142,0,0,865,0,135,0,0,871,0,129,0,0,860,0,140,0,0,864,0,136,0,0,856,0,144,0,0,866,0,134,0,0,864,0,136,0,0
390,targeted_heterosexual,0.5,859,0,141,0,0,861,0,139,0,0,860,0,140,0,0,866,0,134,0,0,869,0,131,0,0,863,0,137,0,0,862,0,138,0,0,872,0,128,0,0,857,0,143,0,0,852,0,148,0,0,866,0,134,0,0,866,0,134,0,0,867,0,133,0,0,854,0,146,0,0,866,0,134,0,0,856,0,144,0,0,868,0,132,0,0,867,0,133,0,0,863,0,137,0,0,861,0,139,0,0,863,0,137,0,0,867,0,133,0,0,868,0,132,0,0,863,0,137,0,0,871,0,129,0,0,852,1,147,0,0,864,0,136,0,0,859,0,141,0,0,864,0,136,0,0,856,0,144,0,0,868,0,132,0,0,855,0,145,0,0,861,0,139,0,0,869,0,131,0,0,868,0,132,0,0,874,0,126,0,0,867,0,133,0,0,866,0,134,0,0,863,0,137,0,0,868,0,132,0,0,863,0,137,0,0,868,0,132,0,0,857,1,142,0,0,865,0,135,0,0,871,0,129,0,0,860,0,140,0,0,864,0,136,0,0,856,0,144,0,0,866,0,134,0,0,864,0,136,0,0
391,targeted_heterosexual,0.5,859,0,141,0,0,861,0,139,0,0,860,0,140,0,0,866,0,134,0,0,869,0,131,0,0,863,0,137,0,0,862,0,138,0,0,872,0,128,0,0,857,0,143,0,0,852,0,148,0,0,866,0,134,0,0,866,0,134,0,0,867,0,133,0,0,854,0,146,0,0,866,0,134,0,0,856,0,144,0,0,868,0,132,0,0,867,0,133,0,0,863,0,137,0,0,861,0,139,0,0,863,0,137,0,0,867,0,133,0,0,868,0,132,0,0,863,0,137,0,0,871,0,129,0,0,852,1,147,0,0,864,0,136,0,0,859,0,141,0,0,864,0,136,0,0,856,0,144,0,0,868,0,132,0,0,855,0,145,0,0,861,0,139,0,0,869,0,131,0,0,868,0,132,0,0,874,0,126,0,0,867,0,133,0,0,866,0,134,0,0,863,0,137,0,0,868,0,132,0,0,863,0,137,0,0,868,0,132,0,0,857,1,142,0,0,865,0,135,0,0,871,0,129,0,0,860,0,140,0,0,864,0,136,0,0,856,0,144,0,0,866,0,134,0,0,864,0,136,0,0
392,targeted_heterosexual,0.5,859,0,141,0,0,861,0,139,0,0,860,0,140,0,0,866,0,134,0,0,869,0,131,0,0,863,0,137,0,0,862,0,138,0,0,872,0,128,0,0,857,0,143,0,0,852,0,148,0,0,866,0,134,0,0,866,0,134,0,0,867,0,133,0,0,854,0,146,0,0,866,0,134,0,0,856,0,144,0,0,868,0,132,0,0,867,0,133,0,0,863,0,137,0,0,861,0,139,0,0,863,0,137,0,0,867,0,133,0,0,868,0,132,0,0,863,0,137,0,0,871,0,129,0,0,852,1,147,0,0,864,0,136,0,0,859,0,141,0,0,864,0,136,0,0,856,0,144,0,0,868,0,132,0,0,855,0,145,0,0,861,0,139,0,0,869,0,131,0,0,868,0,132,0,0,874,0,126,0,0,867,0,133,0,0,866,0,134,0,0,863,0,137,0,0,868,0,132,0,0,862,1,137,0,0,868,0,132,0,0,857,1,142,0,0,865,0,135,0,0,871,0,129,0,0,860,0,140,0,0,864,0,136,0,0,856,0,144,0,0,866,0,134,0,0,864,0,136,0,0
393,targeted_heterosexual,0.5,859,0,141,0,0,861,0,139,0,0,860,0,140,0,0,866,0,134,0,0,869,0,131,0,0,863,0,137,0,0,862,0,138,0,0,872,0,128,0,0,857,0,143,0,0,852,0,148,0,0,866,0,134,0,0,866,0,134,0,0,867,0,133,0,0,854,0,146,0,0,866,0,134,0,0,855,1,144,0,0,868,0,132,0,0,867,0,133,0,0,863,0,137,0,0,861,0,139,0,0,863,0,137,0,0,867,0,133,0,0,868,0,132,0,0,863,0,137,0,0,871,0,129,0,0,852,1,147,0,0,864,0,136,0,0,858,1,141,0,0,864,0,136,0,0,856,0,144,0,0,868,0,132,0,0,855,0,145,0,0,861,0,139,0,0,869,0,131,0,0,868,0,132,0,0,874,0,126,0,0,867,0,133,0,0,866,0,134,0,0,863,0,137,0,0,868,0,132,0,0,862,1,137,0,0,868,0,132,0,0,857,0,143,0,0,865,0,135,0,0,871,0,129,0,0,860,0,140,0,0,864,0,136,0,0,856,0,144,0,0,866,0,134,0,0,864,0,136,0,0
394,targeted_heterosexual,0.5,859,0,141,0,0,861,0,139,0,0,860,0,140,0,0,866,0,134,0,0,869,0,131,0,0,863,0,137,0,0,862,0,138,0,0,872,0,128,0,0,857,0,143,0,0,852,0,148,0,0,866,0,134,0,0,866,0,134,0,0,867,0,133,0,0,854,0,146,0,0,866,0,134,0,0,855,1,144,0,0,868,0,132,0,0,867,0,133,0,0,863,0,137,0,0,861,0,139,0,0,863,0,137,0,0,867,0,133,0,0,868,0,132,0,0,863,0,137,0,0,871,0,129,0,0,852,1,147,0,0,864,0,136,0,0,858,1,141,0,0,864,0,136,0,0,856,0,144,0,0,868,0,132,0,0,855,0,145,0,0,861,0,139,0,0,869,0,131,0,0,868,0,132,0,0,874,0,126,0,0,867,0,133,0,0,866,0,134,0,0,863,0,137,0,0,868,0,132,0,0,862,1,137,0,0,868,0,132,0,0,857,0,143,0,0,865,0,135,0,0,871,0,129,0,0,860,0,140,0,0,864,0,136,0,0,856,0,144,0,0,866,0,134,0,0,864,0,136,0,0
395,targeted_heterosexual,0.5,859,0,141,0,0,861,0,139,0,0,860,0,140,0,0,866,0,134,0,0,869,0,131,0,0,863,0,137,0,0,862,0,138,0,0,872,0,128,0,0,857,0,143,0,0,852,0,148,0,0,866,0,134,0,0,866,0,134,0,0,867,0,133,0,0,854,0,146,0,0,866,0,134,0,0,855,1,144,0,0,868,0,132,0,0,867,0,133,0,0,863,0,137,0,0,861,0,139,0,0,863,0,137,0,0,867,0,133,0,0,868,0,132,0,0,863,0,137,0,0,871,0,129,0,0,852,1,147,0,0,864,0,136,0,0,858,1,141,0,0,864,0,136,0,0,856,0,144,0,0,868,0,132,0,0,855,0,145,0,0,861,0,139,0,0,869,0,131,0,0,868,0,132,0,0,874,0,126,0,0,867,0,133,0,0,866,0,134,0,0,863,0,137,0,0,868,0,132,0,0,862,1,137,0,0,868,0,132,0,0,857,0,143,0,0,865,0,135,0,0,871,0,129,0,0,860,0,140,0,0,864,0,136,0,0,856,0,144,0,0,866,0,134,0,0,864,0,136,0,0
396,targeted_heterosexual,0.5,859,0,141,0,0,861,0,139,0,0,860,0,140,0,0,866,0,134,0,0,869,0,131,0,0,863,0,137,0,0,862,0,138,0,0,872,0,128,0,0,857,0,143,0,0,852,0,148,0,0,866,0,134,0,0,866,0,134,0,0,867,0,133,0,0,854,0,146,0,0,866,0,134,0,0,855,1,144,0,0,868,0,132,0,0,867,0,133,0,0,863,0,137,0,0,861,0,139,0,0,863,0,137,0,0,867,0,133,0,0,868,0,132,0,0,863,0,137,0,0,871,0,129,0,0,852,1,147,0,0,864,0,136,0,0,858,1,141,0,0,864,0,136,0,0,856,0,144,0,0,868,0,132,0,0,855,0,145,0,0,861,0,139,0,0,869,0,131,0,0,868,0,132,0,0,874,0,126,0,0,867,0,133,0,0,866,0,134,0,0,863,0,137,0,0,868,0,132,0,0,862,1,137,0,0,868,0,132,0,0,857,0,143,0,0,865,0,135,0,0,871,0,129,0,0,860,0,140,0,0,864,0,136,0,0,856,0,144,0,0,866,0,134,0,0,864,0,136,0,0
397,targeted_heterosexual,0.5,859,0,141,0,0,861,0,139,0,0,860,0,140,0,0,866,0,134,0,0,869,0,131,0,0,863,0,137,0,0,862,0,138,0,0,872,0,128,0,0,857,0,143,0,0,852,0,148,0,0,866,0,134,0,0,866,0,134,0,0,867,0,133,0,0,854,0,146,0,0,866,0,134,0,0,855,1,144,0,0,868,0,132,0,0,867,0,133,0,0,863,0,137,0,0,861,0,139,0,0,863,0,137,0,0,867,0,133,0,0,868,0,132,0,0,863,0,137,0,0,871,0,129,0,0,852,1,147,0,0,864,0,136,0,0,858,1,141,0,0,864,0,136,0,0,856,0,144,0,0,868,0,132,0,0,855,0,145,0,0,861,0,139,0,0,869,0,131,0,0,868,0,132,0,0,874,0,126,0,0,867,0,133,0,0,866,0,134,0,0,863,0,137,0,0,868,0,132,0,0,862,1,137,0,0,868,0,132,0,0,857,0,143,0,0,865,0,135,0,0,871,0,129,0,0,860,0,140,0,0,864,0,136,0,0,856,0,144,0,0,866,0,134,0,0,864,0,136,0,0
398,targeted_heterosexual,0.5,859,0,141,0,0,861,0,139,0,0,860,0,140,0,0,866,0,134,0,0,869,0,131,0,0,863,0,137,0,0,862,0,138,0,0,872,0,128,0,0,857,0,143,0,0,852,0,148,0,0,866,0,134,0,0,866,0,134,0,0,867,0,133,0,0,854,0,146,0,0,866,0,134,0,0,855,1,144,0,0,868,0,132,0,0,867,0,133,0,0,863,0,137,0,0,861,0,139,0,0,863,0,137,0,0,867,0,133,0,0,868,0,132,0,0,863,0,137,0,0,871,0,129,0,0,852,1,147,0,0,864,0,136,0,0,858,1,141,0,0,864,0,136,0,0,856,0,144,0,0,868,0,132,0,0,855,0,145,0,0,861,0,139,0,0,869,0,131,0,0,868,0,132,0,0,874,0,126,0,0,867,0,133,0,0,866,0,134,0,0,863,0,137,0,0,868,0,132,0,0,862,1,137,0,0,868,0,132,0,0,857,0,143,0,0,865,0,135,0,0,871,0,129,0,0,860,0,140,0,0,864,0,136,0,0,856,0,144,0,0,866,0,134,0,0,864,0,136,0,0
399,targeted_heterosexual,0.5,859,0,141,0,0,861,0,139,0,0,860,0,140,0,0,866,0,134,0,0,869,0,131,0,0,863,0,137,0,0,862,0,138,0,0,872,0,128,0,0,857,0,143,0,0,852,0,148,0,0,866,0,134,0,0,866,0,134,0,0,867,0,133,0,0,854,0,146,0,0,866,0,134,0,0,855,1,144,0,0,868,0,132,0,0,867,0,133,0,0,863,0,137,0,0,861,0,139,0,0,863,0,137,0,0,867,0,133,0,0,868,0,132,0,0,863,0,137,0,0,871,0,129,0,0,852,1,147,0,0,864,0,136,0,0,858,1,141,0,0,864,0,136,0,0,856,0,144,0,0,868,0,132,0,0,855,0,145,0,0,861,0,139,0,0,869,0,131,0,0,868,0,132,0,0,874,0,126,0,0,867,0,133,0,0,866,0,134,0,0,863,0,137,0,0,868,0,132,0,0,862,1,137,0,0,868,0,132,0,0,857,0,143,0,0,865,0,135,0,0,871,0,129,0,0,860,0,140,0,0,864,0,136,0,0,856,0,144,0,0,866,0,134,0,0,864,0,136,0,0
400,targeted_heterosexual,0.5,859,0,141,0,0,861,0,139,0,0,860,0,140,0,0,866,0,134,0,0,869,0,131,0,0,863,0,137,0,0,862,0,138,0,0,872,0,128,0,0,857,0,143,0,0,852,0,148,0,0,866,0,134,0,0,866,0,134,0,0,867,0,133,0,0,854,0,146,0,0,866,0,134,0,0,855,1,144,0,0,868,0,132,0,0,867,0,133,0,0,863,0,137,0,0,861,0,139,0,0,863,0,137,0,0,867,0,133,0,0,868,0,132,0,0,863,0,137,0,0,871,0,129,0,0,852,1,147,0,0,864,0,136,0,0,858,1,141,0,0,864,0,136,0,0,856,0,144,0,0,868,0,132,0,0,855,0,145,0,0,861,0,139,0,0,869,0,131,0,0,868,0,132,0,0,874,0,126,0,0,867,0,133,0,0,866,0,134,0,0,863,0,137,0,0,868,0,132,0,0,862,1,137,0,0,868,0,132,0,0,857,0,143,0,0,865,0,135,0,0,871,0,129,0,0,860,0,140,0,0,864,0,136,0,0,856,0,144,0,0,866,0,134,0,0,864,0,136,0,0
401,targeted_heterosexual,0.5,859,0,141,0,0,861,0,139,0,0,860,0,140,0,0,866,0,134,0,0,869,0,131,0,0,863,0,137,0,0,862,0,138,0,0,872,0,128,0,0,857,0,143,0,0,852,0,148,0,0,866,0,134,0,0,866,0,134,0,0,867,0,133,0,0,854,0,146,0,0,866,0,134,0,0,855,1,144,0,0,868,0,132,0,0,866,1,133,0,0,863,0,137,0,0,861,0,139,0,0,863,0,137,0,0,867,0,133,0,0,868,0,132,0,0,863,0,137,0,0,871,0,129,0,0,852,1,147,0,0,864,0,136,0,0,858,1,141,0,0,864,0,136,0,0,856,0,144,0,0,868,0,132,0,0,855,0,145,0,0,861,0,139,0,0,869,0,131,0,0,868,0,132,0,0,874,0,126,0,0,867,0,133,0,0,866,0,134,0,0,863,0,137,0,0,868,0,132,0,0,862,1,137,0,0,868,0,132,0,0,857,0,143,0,0,865,0,135,0,0,871,0,129,0,0,860,0,140,0,0,864,0,136,0,0,856,0,144,0,0,866,0,134,0,0,864,0,136,0,0
402,targeted_heterosexual,0.5,859,0,141,0,0,861,0,139,0,0,860,0,140,0,0,866,0,134,0,0,869,0,131,0,0,863,0,137,0,0,862,0,138,0,0,872,0,128,0,0,857,0,143,0,0,852,0,148,0,0,866,0,134,0,0,866,0,134,0,0,867,0,133,0,0,854,0,146,0,0,866,0,134,0,0,855,1,144,0,0,868,0,132,0,0,866,1,133,0,0,863,0,137,0,0,861,0,139,0,0,863,0,137,0,0,867,0,133,0,0,868,0,132,0,0,863,0,137,0,0,871,0,129,0,0,852,1,147,0,0,864,0,136,0,0,858,1,141,0,0,864,0,136,0,0,856,0,144,0,0,868,0,132,0,0,855,0,145,0,0,861,0,139,0,0,869,0,131,0,0,868,0,132,0,0,874,0,126,0,0,867,0,133,0,0,866,0,134,0,0,863,0,137,0,0,868,0,132,0,0,862,1,137,0,0,868,0,132,0,0,857,0,143,0,0,865,0,135,0,0,871,0,129,0,0,860,0,140,0,0,864,0,136,0,0,856,0,144,0,0,866,0,134,0,0,864,0,136,0,0
403,targeted_heterosexual,0.5,859,0,141,0,0,861,0,139,0,0,860,0,140,0,0,866,0,134,0,0,869,0,131,0,0,863,0,137,0,0,862,0,138,0,0,872,0,128,0,0,857,0,143,0,0,852,0,148,0,0,866,0,134,0,0,866,0,134,0,0,867,0,133,0,0,854,0,146,0,0,866,0,134,0,0,855,1,144,0,0,868,0,132,0,0,866,1,133,0,0,863,0,137,0,0,861,0,139,0,0,863,0,137,0,0,867,0,133,0,0,868,0,132,0,0,863,0,137,0,0,871,0,129,0,0,852,0,148,0,0,864,0,136,0,0,858,1,141,0,0,864,0,136,0,0,856,0,144,0,0,868,0,132,0,0,855,0,145,0,0,861,0,139,0,0,869,0,131,0,0,868,0,132,0,0,874,0,126,0,0,867,0,133,0,0,866,0,134,0,0,863,0,137,0,0,868,0,132,0,0,862,1,137,0,0,868,0,132,0,0,857,0,143,0,0,865,0,135,0,0,871,0,129,0,0,860,0,140,0,0,864,0,136,0,0,856,0,144,0,0,866,0,134,0,0,864,0,136,0,0
404,targeted_heterosexual,0.5,859,0,141,0,0,861,0,139,0,0,860,0,140,0,0,866,0,134,0,0,869,0,131,0,0,863,0,137,0,0,862,0,138,0,0,872,0,128,0,0,857,0,143,0,0,852,0,148,0,0,866,0,134,0,0,866,0,134,0,0,867,0,133,0,0,854,0,146,0,0,866,0,134,0,0,855,1,144,0,0,868,0,132,0,0,866,1,133,0,0,863,0,137,0,0,861,0,139,0,0,863,0,137,0,0,867,0,133,0,0,868,0,132,0,0,863,0,137,0,0,871,0,129,0,0,852,0,148,0,0,864,0,136,0,0,858,1,141,0,0,864,0,136,0,0,856,0,144,0,0,868,0,132,0,0,855,0,145,0,0,861,0,139,0,0,869,0,131,0,0,868,0,132,0,0,874,0,126,0,0,867,0,133,0,0,866,0,134,0,0,863,0,137,0,0,868,0,132,0,0,862,1,137,0,0,868,0,132,0,0,857,0,143,0,0,865,0,135,0,0,871,0,129,0,0,860,0,140,0,0,864,0,136,0,0,856,0,144,0,0,866,0,134,0,0,864,0,136,0,0
405,targeted_heterosexual,0.5,859,0,141,0,0,861,0,139,0,0,860,0,140,0,0,866,0,134,0,0,869,0,131,0,0,863,0,137,0,0,862,0,138,0,0,872,0,128,0,0,857,0,143,0,0,852,0,148,0,0,866,0,134,0,0,866,0,134,0,0,867,0,133,0,0,854,0,146,0,0,866,0,134,0,0,855,1,144,0,0,868,0,132,0,0,866,1,133,0,0,863,0,137,0,0,861,0,139,0,0,863,0,137,0,0,867,0,133,0,0,868,0,132,0,0,863,0,137,0,0,871,0,129,0,0,852,0,148,0,0,864,0,136,0,0,858,1,141,0,0,864,0,136,0,0,856,0,144,0,0,868,0,132,0,0,855,0,145,0,0,861,0,139,0,0,869,0,131,0,0,868,0,132,0,0,874,0,126,0,0,867,0,133,0,0,866,0,134,0,0,863,0,137,0,0,868,0,132,0,0,862,0,138,0,0,868,0,132,0,0,857,0,143,0,0,865,0,135,0,0,871,0,129,0,0,860,0,140,0,0,864,0,136,0,0,856,0,144,0,0,866,0,134,0,0,864,0,136,0,0
406,targeted_heterosexual,0.5,859,0,141,0,0,861,0,139,0,0,860,0,140,0,0,866,0,134,0,0,869,0,131,0,0,863,0,137,0,0,862,0,138,0,0,872,0,128,0,0,857,0,143,0,0,852,0,148,0,0,866,0,134,0,0,866,0,134,0,0,867,0,133,0,0,854,0,146,0,0,866,0,134,0,0,855,0,145,0,0,868,0,132,0,0,866,1,133,0,0,863,0,137,0,0,861,0,139,0,0,863,0,137,0,0,867,0,133,0,0,868,0,132,0,0,863,0,137,0,0,871,0,129,0,0,852,0,148,0,0,864,0,136,0,0,858,0,142,0,0,864,0,136,0,0,856,0,144,0,0,868,0,132,0,0,855,0,145,0,0,861,0,139,0,0,869,0,131,0,0,868,0,132,0,0,874,0,126,0,0,867,0,133,0,0,866,0,134,0,0,863,0,137,0,0,868,0,132,0,0,862,0,138,0,0,868,0,132,0,0,857,0,143,0,0,865,0,135,0,0,871,0,129,0,0,860,0,140,0,0,864,0,136,0,0,856,0,144,0,0,866,0,134,0,0,864,0,136,0,0
407,targeted_heterosexual,0.5,859,0,141,0,0,861,0,139,0,0,860,0,140,0,0,866,0,134,0,0,869,0,131,0,0,863,0,137,0,0,862,0,138,0,0,872,0,128,0,0,857,0,143,0,0,852,0,148,0,0,866,0,134,0,0,866,0,134,0,0,867,0,133,0,0,854,0,146,0,0,866,0,134,0,0,855,0,145,0,0,868,0,132,0,0,866,1,133,0,0,863,0,137,0,0,861,0,139,0,0,863,0,137,0,0,867,0,133,0,0,868,0,132,0,0,862,1,137,0,0,871,0,129,0,0,852,0,148,0,0,864,0,136,0,0,858,0,142,0,0,864,0,136,0,0,856,0,144,0,0,868,0,132,0,0,855,0,145,0,0,861,0,139,0,0,869,0,131,0,0,868,0,132,0,0,874,0,126,0,0,867,0,133,0,0,866,0,134,0,0,863,0,137,0,0,868,0,132,0,0,862,0,138,0,0,868,0,132,0,0,857,0,143,0,0,865,0,135,0,0,871,0,129,0,0,860,0,140,0,0,864,0,136,0,0,856,0,144,0,0,866,0,134,0,0,864,0,136,0,0
408,targeted_heterosexual,0.5,859,0,141,0,0,861,0,139,0,0,860,0,140,0,0,866,0,134,0,0,869,0,131,0,0,863,0,137,0,0,862,0,138,0,0,872,0,128,0,0,857,0,143,0,0,852,0,148,0,0,866,0,134,0,0,866,0,134,0,0,867,0,133,0,0,854,0,146,0,0,866,0,134,0,0,855,0,145,0,0,868,0,132,0,0,866,1,133,0,0,863,0,137,0,0,861,0,139,0,0,863,0,137,0,0,867,0,133,0,0,868,0,132,0,0,862,1,137,0,0,871,0,129,0,0,852,0,148,0,0,864,0,136,0,0,858,0,142,0,0,864,0,136,0,0,856,0,144,0,0,868,0,132,0,0,855,0,145,0,0,861,0,139,0,0,869,0,131,0,0,868,0,132,0,0,874,0,126,0,0,867,0,133,0,0,866,0,134,0,0,863,0,137,0,0,868,0,132,0,0,862,0,138,0,0,868,0,132,0,0,857,0,143,0,0,865,0,135,0,0,871,0,129,0,0,860,0,140,0,0,864,0,136,0,0,856,0,144,0,0,866,0,134,0,0,864,0,136,0,0
409,targeted_heterosexual,0.5,859,0,141,0,0,861,0,139,0,0,860,0,140,0,0,866,0,134,0,0,869,0,131,0,0,863,0,137,0,0,862,0,138,0,0,872,0,128,0,0,857,0,143,0,0,852,0,148,0,0,866,0,134,0,0,866,0,134,0,0,867,0,133,0,0,854,0,146,0,0,866,0,134,0,0,855,0,145,0,0,868,0,132,0,0,866,1,133,0,0,863,0,137,0,0,861,0,139,0,0,863,0,137,0,0,867,0,133,0,0,868,0,132,0,0,862,1,137,0,0,871,0,129,0,0,852,0,148,0,0,864,0,136,0,0,858,0,142,0,0,864,0,136,0,0,856,0,144,0,0,868,0,132,0,0,855,0,145,0,0,861,0,139,0,0,869,0,131,0,0,868,0,132,0,0,874,0,126,0,0,867,0,133,0,0,866,0,134,0,0,863,0,137,0,0,868,0,132,0,0,862,0,138,0,0,868,0,132,0,0,857,0,143,0,0,865,0,135,0,0,871,0,129,0,0,860,0,140,0,0,864,0,136,0,0,856,0,144,0,0,866,0,134,0,0,864,0,136,0,0
410,targeted_heterosexual,0.5,859,0,141,0,0,861,0,139,0,0,860,0,140,0,0,866,0,134,0,0,869,0,131,0,0,863,0,137,0,0,862,0,138,0,0,872,0,128,0,0,857,0,143,0,0,852,0,148,0,0,866,0,134,0,0,866,0,134,0,0,867,0,133,0,0,854,0,146,0,0,866,0,134,0,0,855,0,145,0,0,868,0,132,0,0,866,1,133,0,0,863,0,137,0,0,861,0,139,0,0,863,0,137,0,0,867,0,133,0,0,868,0,132,0,0,862,1,137,0,0,871,0,129,0,0,852,0,148,0,0,864,0,136,0,0,858,0,142,0,0,864,0,136,0,0,856,0,144,0,0,868,0,132,0,0,855,0,145,0,0,861,0,139,0,0,869,0,131,0,0,868,0,132,0,0,874,0,126,0,0,867,0,133,0,0,866,0,134,0,0,863,0,137,0,0,868,0,132,0,0,862,0,138,0,0,868,0,132,0,0,857,0,143,0,0,865,0,135,0,0,871,0,129,0,0,860,0,140,0,0,864,0,136,0,0,856,0,144,0,0,866,0,134,0,0,864,0,136,0,0
411,targeted_heterosexual,0.5,859,0,141,0,0,861,0,139,0,0,860,0,140,0,0,866,0,134,0,0,869,0,131,0,0,863,0,137,0,0,862,0,138,0,0,872,0,128,0,0,857,0,143,0,0,852,0,148,0,0,866,0,134,0,0,866,0,134,0,0,867,0,133,0,0,854,0,146,0,0,866,0,134,0,0,855,0,145,0,0,868,0,132,0,0,866,1,133,0,0,863,0,137,0,0,861,0,139,0,0,863,0,137,0,0,867,0,133,0,0,868,0,132,0,0,862,1,137,0,0,871,0,129,0,0,852,0,148,0,0,864,0,136,0,0,858,0,142,0,0,864,0,136,0,0,856,0,144,0,0,868,0,132,0,0,855,0,145,0,0,861,0,139,0,0,869,0,131,0,0,868,0,132,0,0,874,0,126,0,0,867,0,133,0,0,866,0,134,0,0,863,0,137,0,0,868,0,132,0,0,862,0,138,0,0,868,0,132,0,0,857,0,143,0,0,865,0,135,0,0,871,0,129,0,0,860,0,140,0,0,864,0,136,0,0,856,0,144,0,0,866,0,134,0,0,864,0,136,0,0
412,targeted_heterosexual,0.5,859,0,141,0,0,861,0,139,0,0,860,0,140,0,0,866,0,134,0,0,869,0,131,0,0,863,0,137,0,0,861,1,138,0,0,872,0,128,0,0,857,0,143,0,0,852,0,148,0,0,866,0,134,0,0,866,0,134,0,0,867,0,133,0,0,854,0,146,0,0,866,0,134,0,0,855,0,145,0,0,868,0,132,0,0,866,1,133,0,0,863,0,137,0,0,861,0,139,0,0,863,0,137,0,0,867,0,133,0,0,868,0,132,0,0,862,1,137,0,0,871,0,129,0,0,852,0,148,0,0,864,0,136,0,0,858,0,142,0,0,864,0,136,0,0,856,0,144,0,0,868,0,132,0,0,855,0,145,0,0,861,0,139,0,0,869,0,131,0,0,868,0,132,0,0,874,0,126,0,0,867,0,133,0,0,866,0,134,0,0,863,0,137,0,0,868,0,132,0,0,862,0,138,0,0,868,0,132,0,0,857,0,143,0,0,865,0,135,0,0,871,0,129,0,0,860,0,140,0,0,864,0,136,0,0,856,0,144,0,0,866,0,134,0,0,864,0,136,0,0
413,targeted_heterosexual,0.5,859,0,141,0,0,861,0,139,0,0,860,0,140,0,0,866,0,134,0,0,869,0,131,0,0,863,0,137,0,0,861,1,138,0,0,872,0,128,0,0,857,0,143,0,0,852,0,148,0,0,866,0,134,0,0,866,0,134,0,0,867,0,133,0,0,854,0,146,0,0,866,0,134,0,0,855,0,145,0,0,868,0,132,0,0,866,1,133,0,0,863,0,137,0,0,861,0,139,0,0,863,0,137,0,0,867,0,133,0,0,868,0,132,0,0,862,1,137,0,0,871,0,129,0,0,852,0,148,0,0,864,0,136,0,0,858,0,142,0,0,864,0,136,0,0,856,0,144,0,0,868,0,132,0,0,855,0,145,0,0,861,0,139,0,0,869,0,131,0,0,868,0,132,0,0,874,0,126,0,0,867,0,133,0,0,866,0,134,0,0,863,0,137,0,0,868,0,132,0,0,862,0,138,0,0,868,0,132,0,0,857,0,143,0,0,865,0,135,0,0,871,0,129,0,0,860,0,140,0,0,864,0,136,0,0,856,0,144,0,0,866,0,134,0,0,864,0,136,0,0
414,targeted_heterosexual,0.5,859,0,141,0,0,861,0,139,0,0,860,0,140,0,0,866,0,134,0,0,869,0,131,0,0,863,0,137,0,0,861,1,138,0,0,872,0,128,0,0,857,0,143,0,0,852,0,148,0,0,866,0,134,0,0,866,0,134,0,0,867,0,133,0,0,854,0,146,0,0,866,0,134,0,0,855,0,145,0,0,868,0,132,0,0,866,0,134,0,0,863,0,137,0,0,861,0,139,0,0,863,0,137,0,0,867,0,133,0,0,868,0,132,0,0,862,1,137,0,0,871,0,129,0,0,852,0,148,0,0,864,0,136,0,0,858,0,142,0,0,864,0,136,0,0,856,0,144,0,0,868,0,132,0,0,855,0,145,0,0,861,0,139,0,0,869,0,131,0,0,868,0,132,0,0,874,0,126,0,0,867,0,133,0,0,866,0,134,0,0,863,0,137,0,0,868,0,132,0,0,862,0,138,0,0,868,0,132,0,0,857,0,143,0,0,865,0,135,0,0,871,0,129,0,0,860,0,140,0,0,864,0,136,0,0,856,0,144,0,0,866,0,134,0,0,864,0,136,0,0
415,targeted_heterosexual,0.5,859,0,141,0,0,861,0,139,0,0,860,0,140,0,0,866,0,134,0,0,869,0,131,0,0,863,0,137,0,0,861,1,138,0,0,872,0,128,0,0,857,0,143,0,0,852,0,148,0,0,866,0,134,0,0,866,0,134,0,0,867,0,133,0,0,854,0,146,0,0,866,0,134,0,0,855,0,145,0,0,868,0,132,0,0,866,0,134,0,0,863,0,137,0,0,861,0,139,0,0,863,0,137,0,0,867,0,133,0,0,868,0,132,0,0,862,1,137,0,0,871,0,129,0,0,852,0,148,0,0,864,0,136,0,0,858,0,142,0,0,864,0,136,0,0,856,0,144,0,0,868,0,132,0,0,855,0,145,0,0,861,0,139,0,0,869,0,131,0,0,868,0,132,0,0,874,0,126,0,0,867,0,133,0,0,866,0,134,0,0,863,0,137,0,0,868,0,132,0,0,862,0,138,0,0,868,0,132,0,0,857,0,143,0,0,865,0,135,0,0,871,0,129,0,0,860,0,140,0,0,864,0,136,0,0,856,0,144,0,0,866,0,134,0,0,864,0,136,0,0
416,targeted_heterosexual,0.5,859,0,141,0,0,861,0,139,0,0,860,0,140,0,0,866,0,134,0,0,869,0,131,0,0,863,0,137,0,0,861,1,138,0,0,872,0,128,0,0,857,0,143,0,0,852,0,148,0,0,866,0,134,0,0,866,0,134,0,0,867,0,133,0,0,854,0,146,0,0,866,0,134,0,0,855,0,145,0,0,868,0,132,0,0,866,0,134,0,0,863,0,137,0,0,861,0,139,0,0,863,0,137,0,0,867,0,133,0,0,868,0,132,0,0,862,1,137,0,0,871,0,129,0,0,852,0,148,0,0,864,0,136,0,0,858,0,142,0,0,863,1,136,0,0,856,0,144,0,0,868,0,132,0,0,855,0,145,0,0,861,0,139,0,0,869,0,131,0,0,868,0,132,0,0,874,0,126,0,0,867,0,133,0,0,866,0,134,0,0,863,0,137,0,0,868,0,132,0,0,862,0,138,0,0,868,0,132,0,0,857,0,143,0,0,865,0,135,0,0,871,0,129,0,0,860,0,140,0,0,864,0,136,0,0,856,0,144,0,0,866,0,134,0,0,864,0,136,0,0
417,targeted_heterosexual,0.5,859,0,141,0,0,861,0,139,0,0,860,0,140,0,0,866,0,134,0,0,869,0,131,0,0,863,0,137,0,0,861,1,138,0,0,872,0,128,0,0,857,0,143,0,0,852,0,148,0,0,866,0,134,0,0,866,0,134,0,0,867,0,133,0,0,854,0,146,0,0,866,0,134,0,0,855,0,145,0,0,868,0,132,0,0,866,0,134,0,0,863,0,137,0,0,861,0,139,0,0,863,0,137,0,0,867,0,133,0,0,868,0,132,0,0,862,1,137,0,0,871,0,129,0,0,852,0,148,0,0,864,0,136,0,0,858,0,142,0,0,863,1,136,0,0,856,0,144,0,0,868,0,132,0,0,855,0,145,0,0,861,0,139,0,0,869,0,131,0,0,868,0,132,0,0,874,0,126,0,0,867,0,133,0,0,866,0,134,0,0,863,0,137,0,0,868,0,132,0,0,862,0,138,0,0,868,0,132,0,0,857,0,143,0,0,865,0,135,0,0,871,0,129,0,0,860,0,140,0,0,864,0,136,0,0,856,0,144,0,0,866,0,134,0,0,864,0,136,0,0
418,targeted_heterosexual,0.5,859,0,141,0,0,861,0,139,0,0,860,0,140,0,0,866,0,134,0,0,869,0,131,0,0,863,0,137,0,0,861,1,138,0,0,872,0,128,0,0,857,0,143,0,0,852,0,148,0,0,866,0,134,0,0,866,0,134,0,0,867,0,133,0,0,854,0,146,0,0,866,0,134,0,0,855,0,145,0,0,868,0,132,0,0,866,0,134,0,0,863,0,137,0,0,861,0,139,0,0,863,0,137,0,0,867,0,133,0,0,868,0,132,0,0,862,1,137,0,0,871,0,129,0,0,852,0,148,0,0,864,0,136,0,0,858,0,142,0,0,863,1,136,0,0,856,0,144,0,0,868,0,132,0,0,855,0,145,0,0,861,0,139,0,0,869,0,131,0,0,868,0,132,0,0,874,0,126,0,0,867,0,133,0,0,866,0,134,0,0,863,0,137,0,0,868,0,132,0,0,862,0,138,0,0,868,0,132,0,0,857,0,143,0,0,865,0,135,0,0,871,0,129,0,0,860,0,140,0,0,864,0,136,0,0,856,0,144,0,0,866,0,134,0,0,864,0,136,0,0
419,targeted_heterosexual,0.5,859,0,141,0,0,861,0,139,0,0,860,0,140,0,0,866,0,134,0,0,869,0,131,0,0,863,0,137,0,0,861,1,138,0,0,872,0,128,0,0,857,0,143,0,0,852,0,148,0,0,866,0,134,0,0,866,0,134,0,0,867,0,133,0,0,854,0,146,0,0,866,0,134,0,0,855,0,145,0,0,868,0,132,0,0,866,0,134,0,0,863,0,137,0,0,861,0,139,0,0,863,0,137,0,0,867,0,133,0,0,868,0,132,0,0,862,1,137,0,0,871,0,129,0,0,852,0,148,0,0,864,0,136,0,0,858,0,142,0,0,863,1,136,0,0,856,0,144,0,0,868,0,132,0,0,855,0,145,0,0,861,0,139,0,0,869,0,131,0,0,868,0,132,0,0,874,0,126,0,0,867,0,133,0,0,866,0,134,0,0,863,0,137,0,0,868,0,132,0,0,862,0,138,0,0,868,0,132,0,0,857,0,143,0,0,865,0,135,0,0,871,0,129,0,0,860,0,140,0,0,864,0,136,0,0,856,0,144,0,0,866,0,134,0,0,864,0,136,0,0
420,targeted_heterosexual,0.5,859,0,141,0,0,861,0,139,0,0,860,0,140,0,0,866,0,134,0,0,869,0,131,0,0,863,0,137,0,0,861,1,138,0,0,872,0,128,0,0,857,0,143,0,0,852,0,148,0,0,866,0,134,0,0,866,0,134,0,0,867,0,133,0,0,854,0,146,0,0,866,0,134,0,0,855,0,145,0,0,868,0,132,0,0,866,0,134,0,0,863,0,137,0,0,861,0,139,0,0,863,0,137,0,0,867,0,133,0,0,868,0,132,0,0,862,0,138,0,0,871,0,129,0,0,852,0,148,0,0,864,0,136,0,0,858,0,142,0,0,863,1,136,0,0,856,0,144,0,0,868,0,132,0,0,855,0,145,0,0,861,0,139,0,0,869,0,131,0,0,868,0,132,0,0,874,0,126,0,0,867,0,133,0,0,866,0,134,0,0,863,0,137,0,0,868,0,132,0,0,862,0,138,0,0,868,0,132,0,0,857,0,143,0,0,865,0,135,0,0,871,0,129,0,0,860,0,140,0,0,864,0,136,0,0,856,0,144,0,0,866,0,134,0,0,864,0,136,0,0
421,targeted_heterosexual,0.5,859,0,141,0,0,861,0,139,0,0,860,0,140,0,0,866,0,134,0,0,869,0,131,0,0,863,0,137,0,0,861,1,138,0,0,872,0,128,0,0,857,0,143,0,0,852,0,148,0,0,866,0,134,0,0,866,0,134,0,0,867,0,133,0,0,854,0,146,0,0,866,0,134,0,0,855,0,145,0,0,868,0,132,0,0,866,0,134,0,0,863,0,137,0,0,861,0,139,0,0,863,0,137,0,0,867,0,133,0,0,868,0,132,0,0,862,0,138,0,0,871,0,129,0,0,852,0,148,0,0,864,0,136,0,0,858,0,142,0,0,863,1,136,0,0,856,0,144,0,0,868,0,132,0,0,855,0,145,0,0,861,0,139,0,0,869,0,131,0,0,868,0,132,0,0,874,0,126,0,0,867,0,133,0,0,866,0,134,0,0,863,0,137,0,0,868,0,132,0,0,862,0,138,0,0,868,0,132,0,0,857,0,143,0,0,865,0,135,0,0,871,0,129,0,0,860,0,140,0,0,864,0,136,0,0,856,0,144,0,0,866,0,134,0,0,864,0,136,0,0
422,targeted_heterosexual,0.5,859,0,141,0,0,861,0,139,0,0,860,0,140,0,0,866,0,134,0,0,869,0,131,0,0,863,0,137,0,0,861,1,138,0,0,872,0,128,0,0,857,0,143,0,0,852,0,148,0,0,866,0,134,0,0,866,0,134,0,0,867,0,133,0,0,854,0,146,0,0,866,0,134,0,0,855,0,145,0,0,868,0,132,0,0,866,0,134,0,0,863,0,137,0,0,861,0,139,0,0,863,0,137,0,0,867,0,133,0,0,868,0,132,0,0,862,0,138,0,0,871,0,129,0,0,852,0,148,0,0,864,0,136,0,0,858,0,142,0,0,863,1,136,0,0,856,0,144,0,0,868,0,132,0,0,855,0,145,0,0,861,0,139,0,0,869,0,131,0,0,868,0,132,0,0,874,0,126,0,0,867,0,133,0,0,866,0,134,0,0,863,0,137,0,0,868,0,132,0,0,862,0,138,0,0,868,0,132,0,0,857,0,143,0,0,865,0,135,0,0,871,0,129,0,0,860,0,140,0,0,864,0,136,0,0,856,0,144,0,0,866,0,134,0,0,864,0,136,0,0
423,targeted_heterosexual,0.5,859,0,141,0,0,861,0,139,0,0,860,0,140,0,0,866,0,134,0,0,869,0,131,0,0,863,0,137,0,0,861,1,138,0,0,872,0,128,0,0,856,1,143,0,0,852,0,148,0,0,866,0,134,0,0,866,0,134,0,0,867,0,133,0,0,854,0,146,0,0,866,0,134,0,0,855,0,145,0,0,868,0,132,0,0,866,0,134,0,0,863,0,137,0,0,861,0,139,0,0,863,0,137,0,0,867,0,133,0,0,868,0,132,0,0,862,0,138,0,0,871,0,129,0,0,852,0,148,0,0,864,0,136,0,0,858,0,142,0,0,863,1,136,0,0,856,0,144,0,0,868,0,132,0,0,855,0,145,0,0,861,0,139,0,0,869,0,131,0,0,868,0,132,0,0,874,0,126,0,0,867,0,133,0,0,866,0,134,0,0,863,0,137,0,0,868,0,132,0,0,862,0,138,0,0,868,0,132,0,0,857,0,143,0,0,865,0,135,0,0,871,0,129,0,0,860,0,140,0,0,864,0,136,0,0,856,0,144,0,0,866,0,134,0,0,864,0,136,0,0
424,targeted_heterosexual,0.5,859,0,141,0,0,861,0,139,0,0,860,0,140,0,0,866,0,134,0,0,869,0,131,0,0,863,0,137,0,0,861,1,138,0,0,872,0,128,0,0,856,1,143,0,0,852,0,148,0,0,866,0,134,0,0,866,0,134,0,0,867,0,133,0,0,854,0,146,0,0,866,0,134,0,0,855,0,145,0,0,868,0,132,0,0,866,0,134,0,0,863,0,137,0,0,861,0,139,0,0,863,0,137,0,0,867,0,133,0,0,868,0,132,0,0,862,0,138,0,0,871,0,129,0,0,852,0,148,0,0,864,0,136,0,0,858,0,142,0,0,863,1,136,0,0,856,0,144,0,0,868,0,132,0,0,855,0,145,0,0,861,0,139,0,0,869,0,131,0,0,868,0,132,0,0,874,0,126,0,0,867,0,133,0,0,866,0,134,0,0,863,0,137,0,0,868,0,132,0,0,862,0,138,0,0,868,0,132,0,0,857,0,143,0,0,865,0,135,0,0,871,0,129,0,0,860,0,140,0,0,864,0,136,0,0,856,0,144,0,0,866,0,134,0,0,864,0,136,0,0
425,targeted_heterosexual,0.5,859,0,141,0,0,861,0,139,0,0,860,0,140,0,0,866,0,134,0,0,869,0,131,0,0,863,0,137,0,0,861,0,139,0,0,872,0,128,0,0,856,1,143,0,0,852,0,148,0,0,866,0,134,0,0,866,0,134,0,0,867,0,133,0,0,854,0,146,0,0,866,0,134,0,0,855,0,145,0,0,868,0,132,0,0,866,0,134,0,0,863,0,137,0,0,861,0,139,0,0,863,0,137,0,0,867,0,133,0,0,868,0,132,0,0,862,0,138,0,0,871,0,129,0,0,852,0,148,0,0,864,0,136,0,0,858,0,142,0,0,863,1,136,0,0,856,0,144,0,0,868,0,132,0,0,855,0,145,0,0,861,0,139,0,0,869,0,131,0,0,868,0,132,0,0,874,0,126,0,0,867,0,133,0,0,866,0,134,0,0,863,0,137,0,0,868,0,132,0,0,862,0,138,0,0,868,0,132,0,0,857,0,143,0,0,865,0,135,0,0,871,0,129,0,0,860,0,140,0,0,864,0,136,0,0,856,0,144,0,0,866,0,134,0,0,864,0,136,0,0
426,targeted_heterosexual,0.5,859,0,141,0,0,861,0,139,0,0,860,0,140,0,0,866,0,134,0,0,869,0,131,0,0,863,0,137,0,0,861,0,139,0,0,872,0,128,0,0,856,1,143,0,0,852,0,148,0,0,866,0,134,0,0,866,0,134,0,0,867,0,133,0,0,854,0,146,0,0,866,0,134,0,0,855,0,145,0,0,868,0,132,0,0,866,0,134,0,0,863,0,137,0,0,861,0,139,0,0,863,0,137,0,0,867,0,133,0,0,868,0,132,0,0,862,0,138,0,0,871,0,129,0,0,852,0,148,0,0,864,0,136,0,0,858,0,142,0,0,863,1,136,0,0,856,0,144,0,0,868,0,132,0,0,855,0,145,0,0,861,0,139,0,0,869,0,131,0,0,868,0,132,0,0,874,0,126,0,0,867,0,133,0,0,866,0,134,0,0,863,0,137,0,0,868,0,132,0,0,862,0,138,0,0,868,0,132,0,0,857,0,143,0,0,865,0,135,0,0,871,0,129,0,0,860,0,140,0,0,864,0,136,0,0,856,0,144,0,0,866,0,134,0,0,864,0,136,0,0
427,targeted_heterosexual,0.5,859,0,141,0,0,861,0,139,0,0,860,0,140,0,0,866,0,134,0,0,869,0,131,0,0,863,0,137,0,0,861,0,139,0,0,872,0,128,0,0,856,1,143,0,0,852,0,148,0,0,866,0,134,0,0,866,0,134,0,0,867,0,133,0,0,854,0,146,0,0,866,0,134,0,0,855,0,145,0,0,868,0,132,0,0,866,0,134,0,0,863,0,137,0,0,861,0,139,0,0,863,0,137,0,0,867,0,133,0,0,868,0,132,0,0,862,0,138,0,0,871,0,129,0,0,852,0,148,0,0,864,0,136,0,0,858,0,142,0,0,863,1,136,0,0,856,0,144,0,0,868,0,132,0,0,855,0,145,0,0,861,0,139,0,0,869,0,131,0,0,868,0,132,0,0,874,0,126,0,0,867,0,133,0,0,866,0,134,0,0,863,0,137,0,0,868,0,132,0,0,862,0,138,0,0,868,0,132,0,0,857,0,143,0,0,865,0,135,0,0,871,0,129,0,0,860,0,140,0,0,864,0,136,0,0,856,0,144,0,0,866,0,134,0,0,864,0,136,0,0
428,targeted_heterosexual,0.5,859,0,141,0,0,861,0,139,0,0,860,0,140,0,0,866,0,134,0,0,869,0,131,0,0,863,0,137,0,0,861,0,139,0,0,872,0,128,0,0,856,1,143,0,0,852,0,148,0,0,866,0,134,0,0,866,0,134,0,0,867,0,133,0,0,854,0,146,0,0,866,0,134,0,0,855,0,145,0,0,868,0,132,0,0,866,0,134,0,0,863,0,137,0,0,861,0,139,0,0,863,0,137,0,0,867,0,133,0,0,868,0,132,0,0,862,0,138,0,0,871,0,129,0,0,852,0,148,0,0,864,0,136,0,0,858,0,142,0,0,863,1,136,0,0,856,0,144,0,0,868,0,132,0,0,855,0,145,0,0,861,0,139,0,0,869,0,131,0,0,868,0,132,0,0,874,0,126,0,0,867,0,133,0,0,866,0,134,0,0,863,0,137,0,0,868,0,132,0,0,862,0,138,0,0,868,0,132,0,0,857,0,143,0,0,865,0,135,0,0,871,0,129,0,0,860,0,140,0,0,864,0,136,0,0,856,0,144,0,0,866,0,134,0,0,864,0,136,0,0
429,targeted_heterosexual,0.5,859,0,141,0,0,861,0,139,0,0,860,0,140,0,0,866,0,134,0,0,869,0,131,0,0,863,0,137,0,0,861,0,139,0,0,872,0,128,0,0,856,1,143,0,0,852,0,148,0,0,866,0,134,0,0,866,0,134,0,0,867,0,133,0,0,854,0,146,0,0,866,0,134,0,0,855,0,145,0,0,868,0,132,0,0,866,0,134,0,0,863,0,137,0,0,861,0,139,0,0,863,0,137,0,0,867,0,133,0,0,868,0,132,0,0,862,0,138,0,0,871,0,129,0,0,852,0,148,0,0,864,0,136,0,0,858,0,142,0,0,863,0,137,0,0,856,0,144,0,0,868,0,132,0,0,855,0,145,0,0,861,0,139,0,0,869,0,131,0,0,868,0,132,0,0,874,0,126,0,0,867,0,133,0,0,866,0,134,0,0,863,0,137,0,0,868,0,132,0,0,862,0,138,0,0,868,0,132,0,0,857,0,143,0,0,865,0,135,0,0,871,0,129,0,0,860,0,140,0,0,864,0,136,0,0,856,0,144,0,0,866,0,134,0,0,864,0,136,0,0
430,targeted_heterosexual,0.5,859,0,141,0,0,861,0,139,0,0,860,0,140,0,0,866,0,134,0,0,869,0,131,0,0,863,0,137,0,0,861,0,139,0,0,872,0,128,0,0,856,1,143,0,0,852,0,148,0,0,866,0,134,0,0,866,0,134,0,0,867,0,133,0,0,854,0,146,0,0,866,0,134,0,0,855,0,145,0,0,868,0,132,0,0,866,0,134,0,0,863,0,137,0,0,861,0,139,0,0,863,0,137,0,0,867,0,133,0,0,868,0,132,0,0,862,0,138,0,0,871,0,129,0,0,852,0,148,0,0,864,0,136,0,0,858,0,142,0,0,863,0,137,0,0,856,0,144,0,0,868,0,132,0,0,855,0,145,0,0,861,0,139,0,0,869,0,131,0,0,868,0,132,0,0,874,0,126,0,0,867,0,133,0,0,866,0,134,0,0,863,0,137,0,0,868,0,132,0,0,862,0,138,0,0,868,0,132,0,0,857,0,143,0,0,865,0,135,0,0,871,0,129,0,0,860,0,140,0,0,864,0,136,0,0,856,0,144,0,0,866,0,134,0,0,864,0,136,0,0
431,targeted_heterosexual,0.5,859,0,141,0,0,861,0,139,0,0,860,0,140,0,0,866,0,134,0,0,869,0,131,0,0,863,0,137,0,0,861,0,139,0,0,872,0,128,0,0,856,1,143,0,0,852,0,148,0,0,866,0,134,0,0,866,0,134,0,0,867,0,133,0,0,854,0,146,0,0,866,0,134,0,0,855,0,145,0,0,868,0,132,0,0,866,0,134,0,0,863,0,137,0,0,861,0,139,0,0,863,0,137,0,0,867,0,133,0,0,868,0,132,0,0,862,0,138,0,0,871,0,129,0,0,852,0,148,0,0,864,0,136,0,0,858,0,142,0,0,863,0,137,0,0,856,0,144,0,0,868,0,132,0,0,855,0,145,0,0,861,0,139,0,0,869,0,131,0,0,868,0,132,0,0,874,0,126,0,0,867,0,133,0,0,866,0,134,0,0,863,0,137,0,0,868,0,132,0,0,862,0,138,0,0,868,0,132,0,0,857,0,143,0,0,865,0,135,0,0,871,0,129,0,0,860,0,140,0,0,864,0,136,0,0,856,0,144,0,0,866,0,134,0,0,864,0,136,0,0
432,targeted_heterosexual,0.5,859,0,141,0,0,861,0,139,0,0,860,0,140,0,0,866,0,134,0,0,869,0,131,0,0,863,0,137,0,0,861,0,139,0,0,872,0,128,0,0,856,1,143,0,0,852,0,148,0,0,866,0,134,0,0,866,0,134,0,0,867,0,133,0,0,854,0,146,0,0,866,0,134,0,0,855,0,145,0,0,868,0,132,0,0,866,0,134,0,0,863,0,137,0,0,861,0,139,0,0,863,0,137,0,0,867,0,133,0,0,868,0,132,0,0,862,0,138,0,0,871,0,129,0,0,852,0,148,0,0,864,0,136,0,0,858,0,142,0,0,863,0,137,0,0,856,0,144,0,0,868,0,132,0,0,855,0,145,0,0,861,0,139,0,0,869,0,131,0,0,868,0,132,0,0,874,0,126,0,0,867,0,133,0,0,866,0,134,0,0,863,0,137,0,0,868,0,132,0,0,862,0,138,0,0,868,0,132,0,0,857,0,143,0,0,865,0,135,0,0,871,0,129,0,0,860,0,140,0,0,864,0,136,0,0,856,0,144,0,0,866,0,134,0,0,864,0,136,0,0
433,targeted_heterosexual,0.5,859,0,141,0,0,861,0,139,0,0,860,0,140,0,0,866,0,134,0,0,869,0,131,0,0,863,0,137,0,0,861,0,139,0,0,872,0,128,0,0,856,1,143,0,0,852,0,148,0,0,866,0,134,0,0,866,0,134,0,0,867,0,133,0,0,854,0,146,0,0,866,0,134,0,0,855,0,145,0,0,868,0,132,0,0,866,0,134,0,0,863,0,137,0,0,861,0,139,0,0,863,0,137,0,0,867,0,133,0,0,868,0,132,0,0,862,0,138,0,0,871,0,129,0,0,852,0,148,0,0,864,0,136,0,0,858,0,142,0,0,863,0,137,0,0,856,0,144,0,0,868,0,132,0,0,855,0,145,0,0,861,0,139,0,0,869,0,131,0,0,868,0,132,0,0,874,0,126,0,0,867,0,133,0,0,866,0,134,0,0,863,0,137,0,0,868,0,132,0,0,862,0,138,0,0,868,0,132,0,0,857,0,143,0,0,865,0,135,0,0,871,0,129,0,0,860,0,140,0,0,864,0,136,0,0,856,0,144,0,0,866,0,134,0,0,864,0,136,0,0
434,targeted_heterosexual,0.5,859,0,141,0,0,861,0,139,0,0,860,0,140,0,0,866,0,134,0,0,869,0,131,0,0,863,0,137,0,0,861,0,139,0,0,872,0,128,0,0,856,1,143,0,0,852,0,148,0,0,866,0,134,0,0,866,0,134,0,0,867,0,133,0,0,854,0,146,0,0,866,0,134,0,0,855,0,145,0,0,868,0,132,0,0,866,0,134,0,0,863,0,137,0,0,861,0,139,0,0,863,0,137,0,0,867,0,133,0,0,868,0,132,0,0,862,0,138,0,0,871,0,129,0,0,852,0,148,0,0,864,0,136,0,0,858,0,142,0,0,863,0,137,0,0,856,0,144,0,0,868,0,132,0,0,855,0,145,0,0,861,0,139,0,0,869,0,131,0,0,868,0,132,0,0,874,0,126,0,0,867,0,133,0,0,866,0,134,0,0,863,0,137,0,0,868,0,132,0,0,862,0,138,0,0,868,0,132,0,0,857,0,143,0,0,865,0,135,0,0,871,0,129,0,0,860,0,140,0,0,864,0,136,0,0,856,0,144,0,0,866,0,134,0,0,864,0,136,0,0
435,targeted_heterosexual,0.5,859,0,141,0,0,861,0,139,0,0,860,0,140,0,0,866,0,134,0,0,869,0,131,0,0,863,0,137,0,0,861,0,139,0,0,872,0,128,0,0,856,1,143,0,0,852,0,148,0,0,866,0,134,0,0,866,0,134,0,0,867,0,133,0,0,854,0,146,0,0,866,0,134,0,0,855,0,145,0,0,868,0,132,0,0,866,0,134,0,0,863,0,137,0,0,861,0,139,0,0,863,0,137,0,0,867,0,133,0,0,868,0,132,0,0,862,0,138,0,0,871,0,129,0,0,852,0,148,0,0,864,0,136,0,0,858,0,142,0,0,863,0,137,0,0,856,0,144,0,0,868,0,132,0,0,855,0,145,0,0,861,0,139,0,0,869,0,131,0,0,868,0,132,0,0,874,0,126,0,0,867,0,133,0,0,866,0,134,0,0,863,0,137,0,0,868,0,132,0,0,862,0,138,0,0,868,0,132,0,0,857,0,143,0,0,865,0,135,0,0,871,0,129,0,0,860,0,140,0,0,864,0,136,0,0,856,0,144,0,0,866,0,134,0,0,864,0,136,0,0
436,targeted_heterosexual,0.5,859,0,141,0,0,861,0,139,0,0,860,0,140,0,0,866,0,134,0,0,869,0,131,0,0,863,0,137,0,0,861,0,139,0,0,872,0,128,0,0,856,0,144,0,0,852,0,148,0,0,866,0,134,0,0,866,0,134,0,0,867,0,133,0,0,854,0,146,0,0,866,0,134,0,0,855,0,145,0,0,868,0,132,0,0,866,0,134,0,0,863,0,137,0,0,861,0,139,0,0,863,0,137,0,0,867,0,133,0,0,868,0,132,0,0,862,0,138,0,0,871,0,129,0,0,852,0,148,0,0,864,0,136,0,0,858,0,142,0,0,863,0,137,0,0,856,0,144,0,0,868,0,132,0,0,855,0,145,0,0,861,0,139,0,0,869,0,131,0,0,868,0,132,0,0,874,0,126,0,0,867,0,133,0,0,866,0,134,0,0,863,0,137,0,0,868,0,132,0,0,862,0,138,0,0,868,0,132,0,0,857,0,143,0,0,865,0,135,0,0,871,0,129,0,0,860,0,140,0,0,864,0,136,0,0,856,0,144,0,0,866,0,134,0,0,864,0,136,0,0
437,targeted_heterosexual,0.5,859,0,141,0,0,861,0,139,0,0,860,0,140,0,0,866,0,134,0,0,869,0,131,0,0,863,0,137,0,0,861,0,139,0,0,872,0,128,0,0,856,0,144,0,0,852,0,148,0,0,866,0,134,0,0,866,0,134,0,0,867,0,133,0,0,854,0,146,0,0,866,0,134,0,0,855,0,145,0,0,868,0,132,0,0,866,0,134,0,0,863,0,137,0,0,861,0,139,0,0,863,0,137,0,0,867,0,133,0,0,868,0,132,0,0,862,0,138,0,0,871,0,129,0,0,852,0,148,0,0,864,0,136,0,0,858,0,142,0,0,863,0,137,0,0,856,0,144,0,0,868,0,132,0,0,855,0,145,0,0,861,0,139,0,0,869,0,131,0,0,868,0,132,0,0,874,0,126,0,0,867,0,133,0,0,866,0,134,0,0,863,0,137,0,0,868,0,132,0,0,862,0,138,0,0,868,0,132,0,0,857,0,143,0,0,865,0,135,0,0,871,0,129,0,0,860,0,140,0,0,864,0,136,0,0,856,0,144,0,0,866,0,134,0,0,864,0,136,0,0
438,targeted_heterosexual,0.5,859,0,141,0,0,861,0,139,0,0,860,0,140,0,0,866,0,134,0,0,869,0,131,0,0,863,0,137,0,0,861,0,139,0,0,872,0,128,0,0,856,0,144,0,0,852,0,148,0,0,866,0,134,0,0,866,0,134,0,0,867,0,133,0,0,854,0,146,0,0,866,0,134,0,0,855,0,145,0,0,868,0,132,0,0,866,0,134,0,0,863,0,137,0,0,861,0,139,0,0,863,0,137,0,0,867,0,133,0,0,868,0,132,0,0,862,0,138,0,0,871,0,129,0,0,852,0,148,0,0,864,0,136,0,0,858,0,142,0,0,863,0,137,0,0,856,0,144,0,0,868,0,132,0,0,855,0,145,0,0,861,0,139,0,0,869,0,131,0,0,868,0,132,0,0,874,0,126,0,0,867,0,133,0,0,866,0,134,0,0,863,0,137,0,0,868,0,132,0,0,862,0,138,0,0,868,0,132,0,0,857,0,143,0,0,865,0,135,0,0,871,0,129,0,0,860,0,140,0,0,864,0,136,0,0,856,0,144,0,0,866,0,134,0,0,864,0,136,0,0
439,targeted_heterosexual,0.5,859,0,141,0,0,861,0,139,0,0,860,0,140,0,0,866,0,134,0,0,869,0,131,0,0,863,0,137,0,0,861,0,139,0,0,872,0,128,0,0,856,0,144,0,0,852,0,148,0,0,866,0,134,0,0,866,0,134,0,0,867,0,133,0,0,854,0,146,0,0,866,0,134,0,0,855,0,145,0,0,868,0,132,0,0,866,0,134,0,0,863,0,137,0,0,861,0,139,0,0,863,0,137,0,0,867,0,133,0,0,868,0,132,0,0,862,0,138,0,0,871,0,129,0,0,852,0,148,0,0,864,0,136,0,0,858,0,142,0,0,863,0,137,0,0,856,0,144,0,0,868,0,132,0,0,855,0,145,0,0,861,0,139,0,0,869,0,131,0,0,868,0,132,0,0,874,0,126,0,0,867,0,133,0,0,866,0,134,0,0,863,0,137,0,0,868,0,132,0,0,862,0,138,0,0,868,0,132,0,0,857,0,143,0,0,865,0,135,0,0,871,0,129,0,0,860,0,140,0,0,864,0,136,0,0,856,0,144,0,0,866,0,134,0,0,864,0,136,0,0
440,targeted_heterosexual,0.5,859,0,141,0,0,861,0,139,0,0,860,0,140,0,0,866,0,134,0,0,869,0,131,0,0,863,0,137,0,0,861,0,139,0,0,872,0,128,0,0,856,0,144,0,0,852,0,148,0,0,866,0,134,0,0,866,0,134,0,0,867,0,133,0,0,854,0,146,0,0,866,0,134,0,0,855,0,145,0,0,868,0,132,0,0,866,0,134,0,0,863,0,137,0,0,861,0,139,0,0,863,0,137,0,0,867,0,133,0,0,868,0,132,0,0,862,0,138,0,0,871,0,129,0,0,852,0,148,0,0,864,0,136,0,0,858,0,142,0,0,863,0,137,0,0,856,0,144,0,0,868,0,132,0,0,855,0,145,0,0,861,0,139,0,0,869,0,131,0,0,868,0,132,0,0,874,0,126,0,0,867,0,133,0,0,866,0,134,0,0,863,0,137,0,0,868,0,132,0,0,862,0,138,0,0,868,0,132,0,0,857,0,143,0,0,865,0,135,0,0,871,0,129,0,0,860,0,140,0,0,864,0,136,0,0,856,0,144,0,0,866,0,134,0,0,864,0,136,0,0
441,targeted_heterosexual,0.5,859,0,141,0,0,861,0,139,0,0,860,0,140,0,0,866,0,134,0,0,869,0,131,0,0,863,0,137,0,0,861,0,139,0,0,872,0,128,0,0,856,0,144,0,0,852,0,148,0,0,866,0,134,0,0,866,0,134,0,0,867,0,133,0,0,854,0,146,0,0,866,0,134,0,0,855,0,145,0,0,868,0,132,0,0,866,0,134,0,0,863,0,137,0,0,861,0,139,0,0,863,0,137,0,0,867,0,133,0,0,868,0,132,0,0,862,0,138,0,0,871,0,129,0,0,852,0,148,0,0,864,0,136,0,0,858,0,142,0,0,863,0,137,0,0,856,0,144,0,0,868,0,132,0,0,855,0,145,0,0,861,0,139,0,0,869,0,131,0,0,868,0,132,0,0,874,0,126,0,0,867,0,133,0,0,866,0,134,0,0,863,0,137,0,0,868,0,132,0,0,862,0,138,0,0,868,0,132,0,0,857,0,143,0,0,865,0,135,0,0,871,0,129,0,0,860,0,140,0,0,864,0,136,0,0,856,0,144,0,0,866,0,134,0,0,864,0,136,0,0
442,targeted_heterosexual,0.5,859,0,141,0,0,861,0,139,0,0,860,0,140,0,0,866,0,134,0,0,869,0,131,0,0,863,0,137,0,0,861,0,139,0,0,872,0,128,0,0,856,0,144,0,0,852,0,148,0,0,866,0,134,0,0,866,0,134,0,0,867,0,133,0,0,854,0,146,0,0,866,0,134,0,0,855,0,145,0,0,868,0,132,0,0,866,0,134,0,0,863,0,137,0,0,861,0,139,0,0,863,0,137,0,0,867,0,133,0,0,868,0,132,0,0,862,0,138,0,0,871,0,129,0,0,852,0,148,0,0,864,0,136,0,0,858,0,142,0,0,863,0,137,0,0,856,0,144,0,0,868,0,132,0,0,855,0,145,0,0,861,0,139,0,0,869,0,131,0,0,868,0,132,0,0,874,0,126,0,0,867,0,133,0,0,866,0,134,0,0,863,0,137,0,0,868,0,132,0,0,862,0,138,0,0,868,0,132,0,0,857,0,143,0,0,865,0,135,0,0,871,0,129,0,0,860,0,140,0,0,864,0,136,0,0,856,0,144,0,0,866,0,134,0,0,864,0,136,0,0
443,targeted_heterosexual,0.5,859,0,131,10,0,861,0,135,4,0,860,0,134,6,0,866,0,127,7,0,869,0,124,7,0,863,0,132,5,0,861,0,132,7,0,872,0,122,6,0,856,0,139,5,0,852,0,144,4,0,866,0,126,8,0,866,0,127,7,0,867,0,126,7,0,854,0,139,7,0,866,0,126,8,0,855,0,140,5,0,868,0,129,3,0,866,0,124,10,0,863,0,131,6,0,861,0,130,9,0,863,0,130,7,0,867,0,128,5,0,868,0,128,4,0,862,0,133,5,0,871,0,122,7,0,852,0,136,12,0,864,0,127,9,0,858,0,137,5,0,863,0,129,8,0,856,0,135,9,0,868,0,123,9,0,855,0,138,7,0,861,0,132,7,0,869,0,127,4,0,868,0,126,6,0,874,0,118,8,0,867,0,126,7,0,866,0,130,4,0,863,0,124,13,0,868,0,124,8,0,862,0,133,5,0,868,0,127,5,0,857,0,135,8,0,865,0,132,3,0,871,0,122,7,0,860,0,133,7,0,864,0,130,6,0,856,0,137,7,0,866,0,129,5,0,864,0,131,5,0
444,targeted_heterosexual,0.5,859,0,131,10,0,861,0,135,4,0,860,0,134,6,0,866,0,127,7,0,869,0,124,7,0,863,0,132,5,0,861,0,132,7,0,872,0,122,6,0,856,0,139,5,0,852,0,143,5,0,866,0,126,8,0,866,0,127,7,0,867,0,126,7,0,854,0,138,8,0,866,0,126,8,0,855,0,140,5,0,868,0,129,3,0,866,0,124,10,0,863,0,131,6,0,861,0,130,9,0,863,0,130,7,0,867,0,128,5,0,868,0,128,4,0,862,0,133,5,0,871,0,122,7,0,852,0,136,12,0,864,0,127,9,0,858,0,137,5,0,863,0,129,8,0,856,0,135,9,0,868,0,123,9,0,855,0,138,7,0,861,0,132,7,0,869,0,127,4,0,868,0,126,6,0,874,0,118,8,0,867,0,126,7,0,866,0,130,4,0,863,0,124,13,0,868,0,124,8,0,862,0,133,5,0,868,0,127,5,0,857,0,135,8,0,865,0,132,3,0,871,0,122,7,0,860,0,133,7,0,864,0,130,6,0,856,0,137,7,0,866,0,129,5,0,864,0,131,5,0
445,targeted_heterosexual,0.5,859,0,131,10,0,861,0,135,4,0,860,0,134,6,0,866,0,127,7,0,869,0,124,7,0,863,0,132,5,0,861,0,132,7,0,872,0,122,6,0,856,0,139,5,0,852,0,143,5,0,866,0,126,8,0,866,0,127,7,0,867,0,126,7,0,854,0,138,8,0,866,0,126,8,0,855,0,140,5,0,868,0,129,3,0,866,0,124,10,0,863,0,130,7,0,861,0,130,9,0,863,0,130,7,0,867,0,128,5,0,868,0,127,5,0,862,0,133,5,0,871,0,122,7,0,852,0,136,12,0,864,0,127,9,0,858,0,137,5,0,863,0,129,8,0,856,0,135,9,0,868,0,123,9,0,855,0,137,8,0,861,0,132,7,0,869,0,127,4,0,868,0,125,7,0,874,0,118,8,0,867,0,126,7,0,866,0,130,4,0,863,0,124,13,0,868,0,124,8,0,862,0,133,5,0,868,0,127,5,0,857,0,135,8,0,865,0,131,4,0,871,0,122,7,0,860,0,133,7,0,864,0,130,6,0,856,0,137,7,0,866,0,129,5,0,864,0,131,5,0
446,targeted_heterosexual,0.5,859,0,131,10,0,861,0,135,4,0,860,0,134,6,0,866,0,127,7,0,869,0,124,7,0,863,0,132,5,0,861,0,132,7,0,872,0,122,6,0,856,0,139,5,0,852,0,143,5,0,866,0,126,8,0,866,0,127,7,0,867,0,126,7,0,854,0,138,8,0,866,0,126,8,0,855,0,140,5,0,868,0,129,3,0,866,0,124,10,0,863,0,130,7,0,861,0,130,9,0,863,0,130,7,0,867,0,127,6,0,868,0,127,5,0,862,0,133,5,0,871,0,122,7,0,852,0,135,13,0,864,0,127,9,0,858,0,136,6,0,863,0,128,9,0,856,0,135,9,0,868,0,123,9,0,855,0,137,8,0,861,0,132,7,0,869,0,127,4,0,868,0,125,7,0,874,0,118,8,0,867,0,126,7,0,866,0,130,4,0,863,0,124,13,0,868,0,124,8,0,862,0,133,5,0,868,0,127,5,0,857,0,135,8,0,865,0,131,4,0,871,0,122,7,0,860,0,133,7,0,864,0,130,6,0,856,0,136,8,0,866,0,129,5,0,864,0,131,5,0
447,targeted_heterosexual,0.5,859,0,131,10,0,861,0,135,4,0,860,0,134,6,0,866,0,127,7,0,869,0,124,7,0,863,0,132,5,0,861,0,131,8,0,872,0,122,6,0,856,0,139,5,0,852,0,143,5,0,866,0,126,8,0,866,0,127,7,0,867,0,126,7,0,854,0,138,8,0,866,0,126,8,0,855,0,140,5,0,868,0,129,3,0,866,0,123,11,0,863,0,130,7,0,861,0,130,9,0,863,0,130,7,0,867,0,127,6,0,868,0,127,5,0,862,0,133,5,0,871,0,122,7,0,852,0,135,13,0,864,0,127,9,0,858,0,136,6,0,863,0,127,10,0,856,0,135,9,0,868,0,123,9,0,855,0,137,8,0,861,0,132,7,0,869,0,127,4,0,868,0,125,7,0,874,0,118,8,0,867,0,126,7,0,866,0,130,4,0,863,0,124,13,0,868,0,124,8,0,862,0,133,5,0,868,0,127,5,0,857,0,134,9,0,865,0,131,4,0,871,0,122,7,0,860,0,133,7,0,864,0,130,6,0,856,0,136,8,0,866,0,129,5,0,864,0,131,5,0
448,targeted_heterosexual,0.5,859,0,131,10,0,861,0,135,4,0,860,0,134,6,0,866,0,127,7,0,869,0,124,7,0,863,0,132,5,0,861,0,131,8,0,872,0,122,6,0,856,0,139,5,0,852,0,143,5,0,866,0,126,8,0,866,0,127,7,0,867,0,126,7,0,854,0,138,8,0,866,0,126,8,0,855,0,140,5,0,868,0,129,3,0,866,0,123,11,0,863,0,130,7,0,861,0,130,9,0,863,0,130,7,0,867,0,127,6,0,868,0,127,5,0,862,0,133,5,0,871,0,122,7,0,852,0,135,13,0,864,0,127,9,0,858,0,136,6,0,863,0,127,10,0,856,0,135,9,0,868,0,123,9,0,855,0,137,8,0,861,0,132,7,0,869,0,127,4,0,868,0,124,8,0,874,0,118,8,0,867,0,126,7,0,866,0,130,4,0,863,0,124,13,0,868,0,124,8,0,862,0,133,5,0,868,0,127,5,0,857,0,134,9,0,865,0,131,4,0,871,0,122,7,0,860,0,133,7,0,864,0,130,6,0,856,0,135,9,0,866,0,129,5,0,864,0,131,5,0
449,targeted_heterosexual,0.5,859,0,131,10,0,861,0,135,4,0,860,0,134,6,0,866,0,127,7,0,869,0,123,8,0,863,0,132,5,0,861,0,131,8,0,872,0,122,6,0,856,0,139,5,0,852,0,143,5,0,866,0,126,8,0,866,0,127,7,0,867,0,126,7,0,854,0,138,8,0,866,0,126,8,0,855,0,140,5,0,868,0,129,3,0,866,0,123,11,0,863,0,130,7,0,861,0,130,9,0,863,0,130,7,0,867,0,127,6,0,868,0,127,5,0,862,0,133,5,0,871,0,122,7,0,852,0,135,13,0,864,0,127,9,0,858,0,136,6,0,863,0,127,10,0,856,0,135,9,0,868,0,123,9,0,855,0,137,8,0,861,0,132,7,0,869,0,127,4,0,868,0,124,8,0,874,0,118,8,0,867,0,126,7,0,866,0,130,4,0,863,0,124,13,0,868,0,124,8,0,862,0,133,5,0,868,0,127,5,0,857,0,134,9,0,865,0,131,4,0,871,0,122,7,0,860,0,133,7,0,864,0,130,6,0,856,0,135,9,0,866,0,129,5,0,864,0,131,5,0
450,targeted_heterosexual,0.5,859,0,131,10,0,861,0,135,4,0,860,0,134,6,0,866,0,127,7,0,869,0,122,9,0,863,0,132,5,0,861,0,131,8,0,872,0,122,6,0,856,0,139,5,0,852,0,143,5,0,866,0,126,8,0,866,0,127,7,0,867,0,126,7,0,854,0,138,8,0,866,0,126,8,0,855,0,140,5,0,868,0,129,3,0,866,0,123,11,0,863,0,130,7,0,861,0,130,9,0,863,0,130,7,0,867,0,127,6,0,868,0,127,5,0,862,0,133,5,0,871,0,122,7,0,852,0,134,14,0,864,0,127,9,0,858,0,136,6,0,863,0,127,10,0,856,0,135,9,0,868,0,123,9,0,855,0,136,9,0,861,0,132,7,0,869,0,127,4,0,868,0,124,8,0,874,0,118,8,0,867,0,126,7,0,866,0,130,4,0,863,0,124,13,0,868,0,124,8,0,862,0,133,5,0,868,0,127,5,0,857,0,134,9,0,865,0,131,4,0,871,0,122,7,0,860,0,132,8,0,864,0,130,6,0,856,0,135,9,0,866,0,129,5,0,864,0,131,5,0
451,targeted_heterosexual,0.5,859,0,131,10,0,861,0,135,4,0,860,0,134,6,0,866,0,127,7,0,869,0,122,9,0,863,0,132,5,0,861,0,131,8,0,872,0,122,6,0,856,0,139,5,0,852,0,143,5,0,866,0,126,8,0,866,0,127,7,0,867,0,126,7,0,854,0,138,8,0,866,0,126,8,0,855,0,140,5,0,868,0,129,3,0,866,0,123,11,0,863,0,129,8,0,861,0,130,9,0,863,0,130,7,0,867,0,127,6,0,868,0,127,5,0,862,0,133,5,0,871,0,122,7,0,852,0,134,14,0,864,0,127,9,0,858,0,136,6,0,863,0,127,10,0,856,0,135,9,0,868,0,123,9,0,855,0,136,9,0,861,0,132,7,0,869,0,127,4,0,868,0,124,8,0,874,0,118,8,0,867,0,126,7,0,866,0,130,4,0,863,0,124,13,0,868,0,124,8,0,862,0,133,5,0,868,0,127,5,0,857,0,134,9,0,865,0,131,4,0,871,0,121,8,0,860,0,132,8,0,864,0,130,6,0,856,0,135,9,0,866,0,129,5,0,864,0,131,5,0
452,targeted_heterosexual,0.5,859,0,131,10,0,861,0,135,4,0,860,0,134,6,0,866,0,127,7,0,869,0,122,9,0,863,0,132,5,0,861,0,131,8,0,872,0,122,6,0,856,0,139,5,0,852,0,143,5,0,866,0,126,8,0,866,0,127,7,0,867,0,126,7,0,854,0,138,8,0,866,0,126,8,0,855,0,140,5,0,868,0,129,3,0,866,0,123,11,0,863,0,128,9,0,861,0,130,9,0,863,0,130,7,0,867,0,127,6,0,868,0,126,6,0,862,0,133,5,0,871,0,122,7,0,852,0,134,14,0,864,0,127,9,0,858,0,136,6,0,863,0,127,10,0,856,0,135,9,0,868,0,123,9,0,855,0,136,9,0,861,0,132,7,0,869,0,127,4,0,868,0,124,8,0,874,0,118,8,0,867,0,126,7,0,866,0,130,4,0,863,0,124,13,0,868,0,124,8,0,862,0,133,5,0,868,0,127,5,0,857,0,134,9,0,865,0,131,4,0,871,0,121,8,0,860,0,132,8,0,864,0,130,6,0,856,0,135,9,0,866,0,129,5,0,864,0,131,5,0
453,targeted_heterosexual,0.5,859,0,131,10,0,861,0,135,4,0,860,0,134,6,0,866,0,127,7,0,869,0,122,9,0,863,0,132,5,0,861,0,131,8,0,872,0,122,6,0,856,0,139,5,0,852,0,143,5,0,866,0,126,8,0,866,0,127,7,0,867,0,126,7,0,854,0,138,8,0,866,0,126,8,0,855,0,140,5,0,868,0,129,3,0,866,0,123,11,0,863,0,128,9,0,861,0,130,9,0,863,0,130,7,0,867,0,127,6,0,868,0,126,6,0,862,0,133,5,0,871,0,122,7,0,852,0,134,14,0,864,0,127,9,0,858,0,136,6,0,863,0,126,11,0,856,0,135,9,0,868,0,123,9,0,855,0,136,9,0,861,0,132,7,0,869,0,127,4,0,868,0,124,8,0,874,0,118,8,0,867,0,126,7,0,866,0,130,4,0,863,0,124,13,0,868,0,124,8,0,862,0,133,5,0,868,0,127,5,0,857,0,134,9,0,865,0,131,4,0,871,0,121,8,0,860,0,132,8,0,864,0,130,6,0,856,0,135,9,0,866,0,129,5,0,864,0,131,5,0
454,targeted_heterosexual,0.5,859,0,131,10,0,861,0,135,4,0,860,0,134,6,0,866,0,127,7,0,869,0,122,9,0,863,0,132,5,0,861,0,131,8,0,872,0,122,6,0,856,0,139,5,0,852,0,143,5,0,866,0,126,8,0,866,0,127,7,0,867,0,126,7,0,854,0,137,9,0,866,0,126,8,0,855,0,140,5,0,868,0,129,3,0,866,0,123,11,0,863,0,128,9,0,861,0,130,9,0,863,0,130,7,0,867,0,127,6,0,868,0,126,6,0,862,0,132,6,0,871,0,122,7,0,852,0,134,14,0,864,0,127,9,0,858,0,136,6,0,863,0,126,11,0,856,0,135,9,0,868,0,123,9,0,855,0,136,9,0,861,0,132,7,0,869,0,127,4,0,868,0,124,8,0,874,0,118,8,0,867,0,126,7,0,866,0,130,4,0,863,0,124,13,0,868,0,124,8,0,862,0,133,5,0,868,0,127,5,0,857,0,134,9,0,865,0,131,4,0,871,0,121,8,0,860,0,132,8,0,864,0,130,6,0,856,0,135,9,0,866,0,129,5,0,864,0,131,5,0
455,targeted_heterosexual,0.5,859,0,131,10,0,861,0,133,6,0,860,0,134,6,0,866,0,127,7,0,869,0,122,9,0,863,0,132,5,0,861,0,131,8,0,872,0,122,6,0,856,0,138,6,0,852,0,143,5,0,866,0,126,8,0,866,0,127,7,0,867,0,126,7,0,854,0,137,9,0,866,0,126,8,0,855,0,140,5,0,868,0,129,3,0,866,0,123,11,0,863,0,128,9,0,861,0,130,9,0,863,0,130,7,0,867,0,127,6,0,868,0,126,6,0,862,0,132,6,0,871,0,122,7,0,852,0,134,14,0,864,0,127,9,0,858,0,136,6,0,863,0,126,11,0,856,0,135,9,0,868,0,123,9,0,855,0,136,9,0,861,0,132,7,0,869,0,127,4,0,868,0,124,8,0,874,0,117,9,0,867,0,126,7,0,866,0,130,4,0,863,0,124,13,0,868,0,124,8,0,862,0,133,5,0,868,0,127,5,0,857,0,134,9,0,865,0,131,4,0,871,0,121,8,0,860,0,132,8,0,864,0,130,6,0,856,0,135,9,0,866,0,129,5,0,864,0,130,6,0
456,targeted_heterosexual,0.5,859,0,131,10,0,861,0,133,6,0,860,0,134,6,0,866,0,127,7,0,869,0,121,10,0,863,0,132,5,0,861,0,131,8,0,872,0,122,6,0,856,0,138,6,0,852,0,143,5,0,866,0,126,8,0,866,0,127,7,0,867,0,126,7,0,854,0,137,9,0,866,0,126,8,0,855,0,140,5,0,868,0,129,3,0,866,0,123,11,0,863,0,128,9,0,861,0,130,9,0,863,0,130,7,0,867,0,127,6,0,868,0,126,6,0,862,0,132,6,0,871,0,122,7,0,852,0,134,14,0,864,0,127,9,0,858,0,136,6,0,863,0,126,11,0,856,0,135,9,0,868,0,123,9,0,855,0,136,9,0,861,0,132,7,0,869,0,127,4,0,868,0,124,8,0,874,0,117,9,0,867,0,126,7,0,866,0,130,4,0,863,0,124,13,0,868,0,124,8,0,862,0,133,5,0,868,0,127,5,0,857,0,134,9,0,865,0,131,4,0,871,0,121,8,0,860,0,132,8,0,864,0,130,6,0,856,0,135,9,0,866,0,129,5,0,864,0,130,6,0
457,targeted_heterosexual,0.5,859,0,131,10,0,861,0,133,6,0,860,0,134,6,0,866,0,127,7,0,869,0,121,10,0,863,0,132,5,0,861,0,131,8,0,872,0,122,6,0,856,0,138,6,0,852,0,143,5,0,866,0,126,8,0,866,0,127,7,0,867,0,126,7,0,854,0,137,9,0,866,0,126,8,0,855,0,140,5,0,868,0,129,3,0,866,0,123,11,0,863,0,128,9,0,861,0,130,9,0,863,0,130,7,0,867,0,127,6,0,868,0,126,6,0,862,0,132,6,0,871,0,122,7,0,852,0,134,14,0,864,0,127,9,0,858,0,136,6,0,863,0,126,11,0,856,0,135,9,0,868,0,123,9,0,855,0,136,9,0,861,0,132,7,0,869,0,127,4,0,868,0,124,8,0,874,0,117,9,0,867,0,126,7,0,866,0,130,4,0,863,0,124,13,0,868,0,124,8,0,862,0,133,5,0,868,0,127,5,0,857,0,134,9,0,865,0,131,4,0,871,0,121,8,0,859,1,132,8,0,864,0,130,6,0,856,0,135,9,0,866,0,129,5,0,864,0,130,6,0
458,targeted_heterosexual,0.5,859,0,131,10,0,861,0,133,6,0,860,0,133,7,0,866,0,127,7,0,869,0,121,10,0,863,0,132,5,0,861,0,131,8,0,872,0,122,6,0,856,0,138,6,0,852,0,143,5,0,866,0,126,8,0,866,0,127,7,0,867,0,126,7,0,854,0,137,9,0,866,0,126,8,0,855,0,140,5,0,868,0,129,3,0,866,0,123,11,0,863,0,128,9,0,861,0,130,9,0,863,0,130,7,0,867,0,127,6,0,868,0,126,6,0,862,0,132,6,0,871,0,122,7,0,852,0,134,14,0,864,0,127,9,0,858,0,136,6,0,863,0,126,11,0,856,0,135,9,0,868,0,123,9,0,855,0,136,9,0,861,0,132,7,0,869,0,127,4,0,868,0,124,8,0,874,0,117,9,0,867,0,126,7,0,866,0,130,4,0,863,0,124,13,0,868,0,124,8,0,862,0,133,5,0,868,0,127,5,0,857,0,134,9,0,865,0,131,4,0,871,0,120,9,0,859,1,132,8,0,864,0,130,6,0,856,0,135,9,0,866,0,129,5,0,864,0,130,6,0
459,targeted_heterosexual,0.5,859,0,131,10,0,861,0,133,6,0,860,0,133,7,0,866,0,127,7,0,869,0,121,10,0,863,0,132,5,0,861,0,131,8,0,872,0,122,6,0,856,0,138,6,0,852,0,143,5,0,866,0,126,8,0,866,0,127,7,0,867,0,126,7,0,854,0,137,9,0,866,0,126,8,0,855,0,140,5,0,868,0,129,3,0,866,0,123,11,0,863,0,128,9,0,861,0,130,9,0,863,0,130,7,0,867,0,127,6,0,868,0,126,6,0,862,0,132,6,0,871,0,122,7,0,852,0,134,14,0,864,0,127,9,0,858,0,136,6,0,863,0,126,11,0,856,0,135,9,0,868,0,123,9,0,855,0,136,9,0,861,0,132,7,0,869,0,127,4,0,868,0,124,8,0,874,0,117,9,0,867,0,126,7,0,866,0,130,4,0,863,0,124,13,0,868,0,124,8,0,862,0,133,5,0,868,0,127,5,0,857,0,134,9,0,865,0,131,4,0,871,0,120,9,0,859,1,132,8,0,864,0,130,6,0,856,0,135,9,0,866,0,129,5,0,864,0,130,6,0
460,targeted_heterosexual,0.5,859,0,131,10,0,861,0,133,6,0,860,0,133,7,0,866,0,127,7,0,869,0,121,10,0,863,0,132,5,0,861,0,131,8,0,872,0,122,6,0,856,0,138,6,0,852,0,143,5,0,866,0,126,8,0,866,0,127,7,0,867,0,126,7,0,854,0,137,9,0,866,0,126,8,0,855,0,140,5,0,868,0,129,3,0,866,0,123,11,0,863,0,128,9,0,861,0,130,9,0,863,0,130,7,0,867,0,127,6,0,868,0,126,6,0,862,0,132,6,0,871,0,122,7,0,852,0,134,14,0,864,0,127,9,0,858,0,136,6,0,863,0,126,11,0,856,0,135,9,0,868,0,123,9,0,855,0,136,9,0,861,0,132,7,0,869,0,127,4,0,868,0,124,8,0,874,0,117,9,0,867,0,126,7,0,866,0,130,4,0,863,0,124,13,0,868,0,124,8,0,862,0,133,5,0,868,0,127,5,0,857,0,134,9,0,865,0,131,4,0,871,0,120,9,0,859,1,132,8,0,864,0,130,6,0,856,0,135,9,0,866,0,129,5,0,864,0,130,6,0
461,targeted_heterosexual,0.5,859,0,131,10,0,861,0,133,6,0,860,0,133,7,0,866,0,127,7,0,869,0,121,10,0,863,0,132,5,0,861,0,131,8,0,872,0,122,6,0,856,0,138,6,0,852,0,143,5,0,866,0,126,8,0,866,0,127,7,0,867,0,126,7,0,854,0,137,9,0,866,0,126,8,0,855,0,140,5,0,868,0,129,3,0,866,0,123,11,0,863,0,128,9,0,861,0,130,9,0,863,0,129,8,0,867,0,127,6,0,868,0,126,6,0,862,0,132,6,0,871,0,122,7,0,852,0,134,14,0,864,0,127,9,0,858,0,136,6,0,863,0,126,11,0,856,0,135,9,0,868,0,123,9,0,855,0,136,9,0,861,0,132,7,0,869,0,127,4,0,868,0,124,8,0,874,0,117,9,0,867,0,126,7,0,866,0,130,4,0,863,0,124,13,0,868,0,124,8,0,862,0,133,5,0,868,0,127,5,0,857,0,134,9,0,865,0,131,4,0,871,0,120,9,0,859,1,132,8,0,864,0,130,6,0,856,0,135,9,0,866,0,129,5,0,864,0,130,6,0
462,targeted_heterosexual,0.5,859,0,131,10,0,861,0,133,6,0,860,0,133,7,0,866,0,127,7,0,869,0,121,10,0,863,0,132,5,0,861,0,131,8,0,872,0,122,6,0,856,0,138,6,0,852,0,143,5,0,866,0,126,8,0,866,0,127,7,0,867,0,126,7,0,854,0,137,9,0,866,0,126,8,0,855,0,140,5,0,868,0,129,3,0,866,0,123,11,0,863,0,128,9,0,861,0,130,9,0,863,0,129,8,0,867,0,127,6,0,868,0,126,6,0,862,0,132,6,0,871,0,122,7,0,852,0,134,14,0,864,0,127,9,0,858,0,136,6,0,863,0,126,11,0,856,0,134,10,0,868,0,123,9,0,855,0,136,9,0,861,0,132,7,0,869,0,127,4,0,868,0,124,8,0,874,0,117,9,0,867,0,126,7,0,866,0,130,4,0,863,0,124,13,0,868,0,124,8,0,862,0,133,5,0,868,0,127,5,0,857,0,134,9,0,865,0,131,4,0,871,0,120,9,0,859,1,132,8,0,864,0,130,6,0,856,0,135,9,0,866,0,129,5,0,864,0,130,6,0
463,targeted_heterosexual,0.5,859,0,131,10,0,861,0,133,6,0,860,0,133,7,0,866,0,127,7,0,869,0,121,10,0,863,0,132,5,0,861,0,131,8,0,872,0,122,6,0,856,0,138,6,0,852,0,143,5,0,866,0,126,8,0,866,0,127,7,0,867,0,126,7,0,854,0,137,9,0,866,0,126,8,0,855,0,140,5,0,868,0,129,3,0,866,0,123,11,0,863,0,128,9,0,861,0,130,9,0,863,0,129,8,0,867,0,127,6,0,868,0,126,6,0,862,0,132,6,0,871,0,122,7,0,852,0,134,14,0,864,0,127,9,0,858,0,136,6,0,863,0,126,11,0,856,0,134,10,0,868,0,123,9,0,855,0,136,9,0,861,0,132,7,0,869,0,127,4,0,868,0,124,8,0,874,0,117,9,0,867,0,126,7,0,866,0,130,4,0,863,0,124,13,0,868,0,124,8,0,862,0,133,5,0,868,0,127,5,0,857,0,134,9,0,865,0,131,4,0,871,0,120,9,0,859,1,132,8,0,864,0,130,6,0,856,0,135,9,0,866,0,129,5,0,864,0,130,6,0
464,targeted_heterosexual,0.5,859,0,131,10,0,861,0,133,6,0,860,0,133,7,0,866,0,127,7,0,869,0,121,10,0,863,0,132,5,0,861,0,131,8,0,872,0,122,6,0,856,0,138,6,0,852,0,143,5,0,866,0,126,8,0,866,0,127,7,0,867,0,126,7,0,854,0,137,9,0,866,0,126,8,0,855,0,140,5,0,868,0,129,3,0,866,0,123,11,0,863,0,128,9,0,861,0,130,9,0,863,0,129,8,0,867,0,127,6,0,868,0,126,6,0,862,0,132,6,0,871,0,122,7,0,852,0,134,14,0,864,0,127,9,0,858,0,136,6,0,863,0,126,11,0,856,0,134,10,0,868,0,122,10,0,855,0,136,9,0,861,0,132,7,0,869,0,127,4,0,868,0,124,8,0,874,0,117,9,0,867,0,126,7,0,866,0,130,4,0,863,0,124,13,0,868,0,124,8,0,862,0,133,5,0,868,0,127,5,0,857,0,134,9,0,865,0,131,4,0,871,0,120,9,0,859,1,132,8,0,864,0,130,6,0,856,0,135,9,0,866,0,129,5,0,864,0,130,6,0
465,targeted_heterosexual,0.5,859,0,131,10,0,861,0,133,6,0,860,0,133,7,0,866,0,127,7,0,869,0,121,10,0,863,0,132,5,0,861,0,131,8,0,872,0,122,6,0,856,0,138,6,0,852,0,143,5,0,866,0,126,8,0,866,0,127,7,0,867,0,126,7,0,854,0,137,9,0,866,0,126,8,0,855,0,140,5,0,868,0,129,3,0,866,0,123,11,0,863,0,128,9,0,861,0,130,9,0,863,0,129,8,0,867,0,127,6,0,868,0,126,6,0,862,0,132,6,0,871,0,122,7,0,852,0,134,14,0,864,0,127,9,0,858,0,136,6,0,863,0,126,11,0,856,0,134,10,0,868,0,122,10,0,855,0,136,9,0,861,0,132,7,0,869,0,127,4,0,868,0,124,8,0,874,0,117,9,0,867,0,126,7,0,866,0,130,4,0,863,0,124,13,0,868,0,124,8,0,862,0,133,5,0,868,0,127,5,0,857,0,134,9,0,865,0,131,4,0,871,0,120,9,0,859,1,132,8,0,864,0,130,6,0,856,0,135,9,0,866,0,129,5,0,864,0,130,6,0
466,targeted_heterosexual,0.5,859,0,131,10,0,861,0,133,6,0,860,0,133,7,0,866,0,127,7,0,869,0,121,10,0,863,0,132,5,0,861,0,131,8,0,872,0,122,6,0,856,0,138,6,0,852,0,143,5,0,866,0,126,8,0,866,0,127,7,0,867,0,126,7,0,854,0,137,9,0,866,0,126,8,0,855,0,140,5,0,868,0,129,3,0,866,0,123,11,0,863,0,128,9,0,861,0,130,9,0,863,0,129,8,0,867,0,127,6,0,868,0,126,6,0,862,0,132,6,0,871,0,122,7,0,852,0,134,14,0,864,0,127,9,0,858,0,136,6,0,863,0,126,11,0,856,0,134,10,0,868,0,122,10,0,855,0,136,9,0,861,0,132,7,0,869,0,127,4,0,868,0,124,8,0,874,0,117,9,0,867,0,126,7,0,866,0,130,4,0,863,0,124,13,0,868,0,124,8,0,862,0,133,5,0,868,0,127,5,0,857,0,134,9,0,865,0,131,4,0,871,0,120,9,0,859,1,132,8,0,864,0,130,6,0,856,0,135,9,0,866,0,129,5,0,864,0,130,6,0
467,targeted_heterosexual,0.5,859,0,131,10,0,861,0,133,6,0,860,0,133,7,0,866,0,127,7,0,869,0,121,10,0,863,0,132,5,0,861,0,131,8,0,872,0,122,6,0,856,0,138,6,0,852,0,143,5,0,866,0,126,8,0,866,0,127,7,0,867,0,126,7,0,854,0,137,9,0,866,0,126,8,0,855,0,140,5,0,868,0,129,3,0,866,0,123,11,0,863,0,128,9,0,861,0,130,9,0,863,0,129,8,0,867,0,127,6,0,868,0,126,6,0,862,0,132,6,0,871,0,122,7,0,852,0,134,14,0,864,0,127,9,0,858,0,136,6,0,863,0,126,11,0,856,0,134,10,0,868,0,122,10,0,855,0,136,9,0,861,0,132,7,0,869,0,127,4,0,868,0,124,8,0,874,0,117,9,0,867,0,126,7,0,866,0,130,4,0,863,0,124,13,0,868,0,124,8,0,862,0,133,5,0,868,0,127,5,0,857,0,134,9,0,865,0,131,4,0,871,0,120,9,0,859,1,132,8,0,864,0,130,6,0,856,0,135,9,0,866,0,129,5,0,864,0,130,6,0
468,targeted_heterosexual,0.5,859,0,131,10,0,861,0,133,6,0,860,0,133,7,0,866,0,127,7,0,869,0,121,10,0,863,0,132,5,0,861,0,131,8,0,872,0,122,6,0,856,0,138,6,0,852,0,143,5,0,866,0,126,8,0,866,0,127,7,0,867,0,126,7,0,854,0,137,9,0,866,0,126,8,0,855,0,140,5,0,868,0,129,3,0,866,0,123,11,0,863,0,128,9,0,861,0,130,9,0,863,0,129,8,0,867,0,127,6,0,868,0,126,6,0,862,0,132,6,0,871,0,122,7,0,852,0,134,14,0,864,0,127,9,0,858,0,136,6,0,863,0,126,11,0,856,0,134,10,0,868,0,122,10,0,855,0,136,9,0,861,0,132,7,0,869,0,127,4,0,868,0,124,8,0,874,0,117,9,0,867,0,126,7,0,866,0,130,4,0,863,0,124,13,0,868,0,124,8,0,862,0,133,5,0,868,0,127,5,0,857,0,134,9,0,865,0,131,4,0,871,0,120,9,0,859,1,132,8,0,864,0,130,6,0,856,0,135,9,0,866,0,129,5,0,864,0,130,6,0
469,targeted_heterosexual,0.5,859,0,131,10,0,861,0,133,6,0,860,0,133,7,0,866,0,127,7,0,869,0,121,10,0,863,0,132,5,0,861,0,131,8,0,872,0,122,6,0,856,0,138,6,0,852,0,143,5,0,866,0,126,8,0,866,0,127,7,0,867,0,126,7,0,854,0,137,9,0,866,0,126,8,0,855,0,140,5,0,868,0,129,3,0,866,0,123,11,0,863,0,128,9,0,861,0,130,9,0,863,0,129,8,0,867,0,127,6,0,868,0,126,6,0,862,0,132,6,0,871,0,122,7,0,852,0,134,14,0,864,0,127,9,0,858,0,136,6,0,863,0,126,11,0,856,0,134,10,0,868,0,122,10,0,855,0,136,9,0,861,0,132,7,0,869,0,127,4,0,868,0,124,8,0,874,0,117,9,0,867,0,126,7,0,866,0,130,4,0,863,0,124,13,0,868,0,124,8,0,862,0,133,5,0,868,0,127,5,0,857,0,134,9,0,865,0,131,4,0,871,0,120,9,0,859,1,132,8,0,864,0,130,6,0,856,0,135,9,0,866,0,129,5,0,864,0,130,6,0
470,targeted_heterosexual,0.5,859,0,131,10,0,861,0,133,6,0,860,0,133,7,0,866,0,127,7,0,869,0,121,10,0,863,0,132,5,0,861,0,131,8,0,872,0,122,6,0,856,0,138,6,0,852,0,143,5,0,866,0,126,8,0,866,0,127,7,0,867,0,126,7,0,854,0,137,9,0,866,0,126,8,0,855,0,140,5,0,868,0,129,3,0,866,0,123,11,0,863,0,128,9,0,861,0,130,9,0,863,0,129,8,0,867,0,127,6,0,868,0,126,6,0,862,0,132,6,0,871,0,122,7,0,852,0,134,14,0,864,0,127,9,0,858,0,136,6,0,863,0,126,11,0,856,0,134,10,0,868,0,122,10,0,855,0,136,9,0,861,0,132,7,0,869,0,127,4,0,868,0,124,8,0,874,0,117,9,0,867,0,126,7,0,866,0,130,4,0,863,0,124,13,0,868,0,124,8,0,862,0,133,5,0,868,0,127,5,0,857,0,134,9,0,865,0,131,4,0,871,0,120,9,0,859,0,133,8,0,864,0,130,6,0,856,0,135,9,0,866,0,129,5,0,864,0,130,6,0
471,targeted_heterosexual,0.5,859,0,131,10,0,861,0,133,6,0,860,0,133,7,0,866,0,127,7,0,869,0,121,10,0,863,0,132,5,0,861,0,131,8,0,872,0,122,6,0,856,0,138,6,0,852,0,143,5,0,866,0,126,8,0,866,0,127,7,0,867,0,126,7,0,854,0,137,9,0,866,0,126,8,0,855,0,140,5,0,868,0,129,3,0,866,0,123,11,0,863,0,128,9,0,861,0,130,9,0,863,0,129,8,0,867,0,127,6,0,868,0,126,6,0,862,0,132,6,0,871,0,122,7,0,852,0,134,14,0,864,0,127,9,0,858,0,136,6,0,863,0,126,11,0,856,0,134,10,0,868,0,122,10,0,855,0,136,9,0,861,0,132,7,0,869,0,127,4,0,868,0,124,8,0,874,0,117,9,0,867,0,126,7,0,866,0,130,4,0,863,0,124,13,0,868,0,124,8,0,862,0,133,5,0,868,0,127,5,0,857,0,134,9,0,865,0,131,4,0,871,0,120,9,0,859,0,133,8,0,864,0,130,6,0,856,0,135,9,0,866,0,129,5,0,864,0,130,6,0
472,targeted_heterosexual,0.5,859,0,131,10,0,861,0,133,6,0,860,0,133,7,0,866,0,127,7,0,869,0,121,10,0,863,0,132,5,0,861,0,131,8,0,872,0,122,6,0,856,0,138,6,0,852,0,143,5,0,866,0,126,8,0,866,0,127,7,0,867,0,126,7,0,854,0,137,9,0,866,0,126,8,0,855,0,140,5,0,868,0,129,3,0,866,0,123,11,0,863,0,128,9,0,861,0,130,9,0,863,0,129,8,0,867,0,127,6,0,868,0,126,6,0,862,0,132,6,0,871,0,122,7,0,852,0,134,14,0,864,0,127,9,0,858,0,136,6,0,863,0,126,11,0,856,0,134,10,0,868,0,122,10,0,855,0,136,9,0,861,0,132,7,0,869,0,127,4,0,868,0,124,8,0,874,0,117,9,0,867,0,126,7,0,866,0,130,4,0,863,0,124,13,0,868,0,124,8,0,862,0,133,5,0,868,0,127,5,0,857,0,134,9,0,865,0,131,4,0,871,0,120,9,0,859,0,133,8,0,864,0,130,6,0,856,0,135,9,0,866,0,129,5,0,864,0,130,6,0
473,targeted_heterosexual,0.5,859,0,131,10,0,861,0,133,6,0,860,0,133,7,0,866,0,127,7,0,869,0,121,10,0,863,0,132,5,0,861,0,131,8,0,872,0,122,6,0,856,0,138,6,0,852,0,143,5,0,866,0,126,8,0,866,0,127,7,0,867,0,126,7,0,854,0,137,9,0,866,0,126,8,0,855,0,140,5,0,868,0,129,3,0,866,0,123,11,0,863,0,128,9,0,861,0,130,9,0,863,0,129,8,0,867,0,127,6,0,868,0,126,6,0,862,0,132,6,0,871,0,122,7,0,852,0,134,14,0,864,0,127,9,0,858,0,136,6,0,863,0,126,11,0,856,0,134,10,0,868,0,122,10,0,855,0,136,9,0,861,0,132,7,0,869,0,127,4,0,868,0,124,8,0,874,0,117,9,0,867,0,126,7,0,866,0,130,4,0,863,0,124,13,0,868,0,124,8,0,862,0,133,5,0,868,0,127,5,0,857,0,134,9,0,865,0,131,4,0,871,0,120,9,0,859,0,133,8,0,864,0,130,6,0,856,0,135,9,0,866,0,129,5,0,864,0,130,6,0
474,targeted_heterosexual,0.5,859,0,131,10,0,861,0,133,6,0,860,0,133,7,0,866,0,127,7,0,869,0,121,10,0,863,0,132,5,0,861,0,131,8,0,872,0,122,6,0,856,0,138,6,0,852,0,143,5,0,866,0,126,8,0,866,0,127,7,0,867,0,126,7,0,854,0,137,9,0,866,0,126,8,0,855,0,140,5,0,868,0,129,3,0,866,0,123,11,0,863,0,128,9,0,861,0,130,9,0,863,0,129,8,0,867,0,127,6,0,868,0,126,6,0,862,0,132,6,0,871,0,122,7,0,852,0,134,14,0,864,0,127,9,0,858,0,136,6,0,863,0,126,11,0,856,0,134,10,0,868,0,122,10,0,855,0,136,9,0,861,0,132,7,0,869,0,127,4,0,868,0,124,8,0,874,0,117,9,0,867,0,126,7,0,866,0,130,4,0,863,0,124,13,0,868,0,124,8,0,862,0,133,5,0,868,0,127,5,0,857,0,134,9,0,865,0,131,4,0,871,0,120,9,0,859,0,133,8,0,864,0,130,6,0,856,0,135,9,0,866,0,129,5,0,864,0,130,6,0
475,targeted_heterosexual,0.5,859,0,131,10,0,861,0,133,6,0,860,0,133,7,0,866,0,127,7,0,869,0,121,10,0,863,0,132,5,0,861,0,131,8,0,872,0,122,6,0,856,0,138,6,0,852,0,143,5,0,866,0,126,8,0,866,0,127,7,0,867,0,126,7,0,854,0,137,9,0,866,0,126,8,0,855,0,140,5,0,868,0,129,3,0,866,0,123,11,0,863,0,128,9,0,861,0,130,9,0,863,0,129,8,0,867,0,127,6,0,868,0,126,6,0,862,0,132,6,0,871,0,122,7,0,852,0,134,14,0,864,0,127,9,0,858,0,136,6,0,863,0,126,11,0,856,0,134,10,0,868,0,122,10,0,855,0,136,9,0,861,0,132,7,0,869,0,127,4,0,868,0,124,8,0,874,0,117,9,0,867,0,126,7,0,866,0,130,4,0,863,0,124,13,0,868,0,124,8,0,862,0,133,5,0,868,0,127,5,0,857,0,134,9,0,865,0,131,4,0,871,0,120,9,0,859,0,133,8,0,864,0,130,6,0,856,0,135,9,0,866,0,129,5,0,864,0,130,6,0
476,targeted_heterosexual,0.5,859,0,131,10,0,861,0,133,6,0,860,0,133,7,0,866,0,127,7,0,869,0,121,10,0,863,0,132,5,0,861,0,131,8,0,872,0,122,6,0,856,0,138,6,0,852,0,143,5,0,866,0,126,8,0,866,0,127,7,0,867,0,126,7,0,854,0,137,9,0,866,0,126,8,0,855,0,140,5,0,868,0,129,3,0,866,0,123,11,0,863,0,128,9,0,861,0,130,9,0,863,0,129,8,0,867,0,127,6,0,868,0,126,6,0,862,0,132,6,0,871,0,122,7,0,852,0,134,14,0,864,0,127,9,0,858,0,136,6,0,863,0,126,11,0,856,0,134,10,0,868,0,122,10,0,855,0,136,9,0,861,0,132,7,0,869,0,127,4,0,868,0,124,8,0,874,0,117,9,0,867,0,126,7,0,866,0,130,4,0,863,0,124,13,0,868,0,124,8,0,862,0,133,5,0,868,0,127,5,0,857,0,134,9,0,865,0,131,4,0,871,0,120,9,0,859,0,133,8,0,864,0,130,6,0,856,0,135,9,0,866,0,129,5,0,864,0,130,6,0
477,targeted_heterosexual,0.5,859,0,131,10,0,861,0,133,6,0,860,0,133,7,0,866,0,127,7,0,869,0,121,10,0,863,0,132,5,0,861,0,131,8,0,872,0,122,6,0,856,0,138,6,0,852,0,143,5,0,866,0,126,8,0,866,0,127,7,0,867,0,126,7,0,854,0,137,9,0,866,0,126,8,0,855,0,140,5,0,868,0,129,3,0,866,0,123,11,0,863,0,128,9,0,861,0,130,9,0,863,0,129,8,0,867,0,127,6,0,868,0,126,6,0,862,0,132,6,0,871,0,122,7,0,852,0,134,14,0,864,0,127,9,0,858,0,136,6,0,863,0,126,11,0,856,0,134,10,0,868,0,122,10,0,855,0,136,9,0,861,0,132,7,0,869,0,127,4,0,868,0,124,8,0,874,0,117,9,0,867,0,126,7,0,866,0,130,4,0,863,0,124,13,0,868,0,124,8,0,862,0,133,5,0,868,0,127,5,0,857,0,134,9,0,865,0,131,4,0,871,0,120,9,0,859,0,133,8,0,864,0,130,6,0,856,0,135,9,0,866,0,129,5,0,864,0,130,6,0
478,targeted_heterosexual,0.5,859,0,131,10,0,861,0,133,6,0,860,0,133,7,0,866,0,127,7,0,869,0,121,10,0,863,0,132,5,0,861,0,131,8,0,872,0,122,6,0,856,0,138,6,0,852,0,143,5,0,866,0,126,8,0,866,0,127,7,0,867,0,126,7,0,854,0,137,9,0,866,0,126,8,0,855,0,140,5,0,868,0,129,3,0,866,0,123,11,0,863,0,128,9,0,861,0,130,9,0,863,0,129,8,0,867,0,127,6,0,868,0,126,6,0,862,0,132,6,0,871,0,122,7,0,852,0,134,14,0,864,0,127,9,0,858,0,136,6,0,863,0,126,11,0,856,0,134,10,0,868,0,122,10,0,855,0,136,9,0,861,0,132,7,0,869,0,127,4,0,868,0,124,8,0,874,0,117,9,0,867,0,126,7,0,866,0,130,4,0,863,0,124,13,0,868,0,124,8,0,862,0,133,5,0,868,0,127,5,0,857,0,134,9,0,865,0,131,4,0,871,0,120,9,0,859,0,133,8,0,864,0,130,6,0,856,0,135,9,0,866,0,129,5,0,864,0,130,6,0
479,targeted_heterosexual,0.5,859,0,131,10,0,861,0,133,6,0,860,0,133,7,0,866,0,127,7,0,869,0,121,10,0,863,0,132,5,0,861,0,131,8,0,872,0,122,6,0,856,0,138,6,0,852,0,143,5,0,866,0,126,8,0,866,0,127,7,0,867,0,126,7,0,854,0,137,9,0,866,0,126,8,0,855,0,140,5,0,868,0,129,3,0,866,0,123,11,0,863,0,128,9,0,861,0,130,9,0,863,0,129,8,0,867,0,127,6,0,868,0,126,6,0,862,0,132,6,0,871,0,122,7,0,852,0,134,14,0,864,0,127,9,0,858,0,136,6,0,863,0,126,11,0,856,0,134,10,0,868,0,122,10,0,855,0,136,9,0,861,0,132,7,0,869,0,127,4,0,868,0,124,8,0,874,0,117,9,0,867,0,126,7,0,866,0,130,4,0,863,0,124,13,0,868,0,124,8,0,862,0,133,5,0,868,0,127,5,0,857,0,134,9,0,865,0,131,4,0,871,0,120,9,0,859,0,133,8,0,864,0,130,6,0,856,0,135,9,0,866,0,129,5,0,864,0,130,6,0
480,targeted_heterosexual,0.5,859,0,131,10,0,861,0,133,6,0,860,0,133,7,0,866,0,127,7,0,869,0,121,10,0,863,0,132,5,0,861,0,131,8,0,872,0,122,6,0,856,0,138,6,0,852,0,143,5,0,866,0,126,8,0,866,0,127,7,0,867,0,126,7,0,854,0,137,9,0,866,0,126,8,0,855,0,140,5,0,868,0,129,3,0,866,0,123,11,0,863,0,128,9,0,861,0,130,9,0,863,0,129,8,0,867,0,127,6,0,868,0,126,6,0,862,0,132,6,0,871,0,122,7,0,852,0,134,14,0,864,0,127,9,0,858,0,136,6,0,863,0,126,11,0,856,0,133,11,0,868,0,122,10,0,855,0,136,9,0,861,0,132,7,0,869,0,127,4,0,868,0,124,8,0,874,0,117,9,0,867,0,126,7,0,866,0,130,4,0,863,0,124,13,0,868,0,124,8,0,862,0,133,5,0,868,0,127,5,0,857,0,134,9,0,865,0,131,4,0,871,0,120,9,0,859,0,133,8,0,864,0,130,6,0,856,0,135,9,0,866,0,129,5,0,864,0,130,6,0
481,targeted_heterosexual,0.5,859,0,131,10,0,861,0,133,6,0,860,0,133,7,0,866,0,127,7,0,869,0,121,10,0,863,0,132,5,0,861,0,131,8,0,872,0,122,6,0,856,0,138,6,0,852,0,143,5,0,866,0,126,8,0,866,0,127,7,0,867,0,126,7,0,854,0,137,9,0,866,0,126,8,0,855,0,140,5,0,868,0,129,3,0,866,0,123,11,0,863,0,128,9,0,861,0,130,9,0,863,0,129,8,0,867,0,127,6,0,868,0,126,6,0,862,0,132,6,0,871,0,122,7,0,852,0,134,14,0,864,0,127,9,0,858,0,136,6,0,863,0,126,11,0,856,0,133,11,0,868,0,122,10,0,855,0,136,9,0,861,0,132,7,0,869,0,127,4,0,868,0,124,8,0,874,0,117,9,0,867,0,126,7,0,866,0,130,4,0,863,0,124,13,0,868,0,124,8,0,862,0,133,5,0,868,0,127,5,0,857,0,134,9,0,865,0,131,4,0,871,0,120,9,0,859,0,133,8,0,864,0,130,6,0,856,0,135,9,0,866,0,129,5,0,864,0,130,6,0
482,targeted_heterosexual,0.5,859,0,131,10,0,861,0,133,6,0,860,0,133,7,0,866,0,127,7,0,869,0,121,10,0,863,0,132,5,0,861,0,131,8,0,872,0,122,6,0,856,0,138,6,0,852,0,143,5,0,866,0,126,8,0,866,0,127,7,0,867,0,126,7,0,854,0,137,9,0,866,0,126,8,0,855,0,140,5,0,868,0,129,3,0,866,0,123,11,0,863,0,128,9,0,861,0,130,9,0,863,0,129,8,0,867,0,127,6,0,868,0,126,6,0,862,0,132,6,0,871,0,122,7,0,852,0,134,14,0,864,0,127,9,0,858,0,136,6,0,863,0,126,11,0,856,0,133,11,0,868,0,122,10,0,855,0,136,9,0,861,0,132,7,0,869,0,127,4,0,868,0,124,8,0,874,0,117,9,0,867,0,126,7,0,866,0,130,4,0,863,0,124,13,0,868,0,124,8,0,862,0,133,5,0,868,0,127,5,0,857,0,134,9,0,865,0,131,4,0,871,0,120,9,0,859,0,133,8,0,864,0,130,6,0,856,0,135,9,0,866,0,129,5,0,864,0,130,6,0
483,targeted_heterosexual,0.5,859,0,131,10,0,861,0,133,6,0,860,0,133,7,0,866,0,127,7,0,869,0,121,10,0,863,0,132,5,0,861,0,131,8,0,872,0,122,6,0,856,0,138,6,0,852,0,143,5,0,866,0,126,8,0,866,0,127,7,0,867,0,126,7,0,854,0,137,9,0,866,0,126,8,0,855,0,140,5,0,868,0,129,3,0,866,0,123,11,0,863,0,128,9,0,861,0,130,9,0,863,0,129,8,0,867,0,127,6,0,868,0,126,6,0,862,0,132,6,0,871,0,122,7,0,852,0,134,14,0,864,0,127,9,0,858,0,136,6,0,863,0,126,11,0,856,0,133,11,0,868,0,122,10,0,855,0,136,9,0,861,0,132,7,0,869,0,127,4,0,868,0,124,8,0,874,0,117,9,0,867,0,126,7,0,866,0,130,4,0,863,0,124,13,0,868,0,124,8,0,862,0,133,5,0,868,0,127,5,0,857,0,134,9,0,865,0,131,4,0,871,0,120,9,0,859,0,133,8,0,864,0,130,6,0,856,0,135,9,0,866,0,129,5,0,864,0,130,6,0
484,targeted_heterosexual,0.5,859,0,131,10,0,861,0,133,6,0,860,0,133,7,0,866,0,127,7,0,869,0,121,10,0,863,0,132,5,0,861,0,131,8,0,872,0,122,6,0,856,0,138,6,0,852,0,143,5,0,866,0,126,8,0,866,0,127,7,0,867,0,126,7,0,854,0,137,9,0,866,0,126,8,0,855,0,140,5,0,868,0,129,3,0,866,0,123,11,0,863,0,128,9,0,861,0,130,9,0,863,0,129,8,0,867,0,127,6,0,868,0,126,6,0,862,0,132,6,0,871,0,122,7,0,852,0,134,14,0,864,0,127,9,0,858,0,136,6,0,863,0,126,11,0,856,0,133,11,0,868,0,122,10,0,855,0,136,9,0,861,0,132,7,0,869,0,127,4,0,868,0,124,8,0,874,0,117,9,0,867,0,126,7,0,866,0,130,4,0,863,0,124,13,0,868,0,124,8,0,862,0,133,5,0,868,0,127,5,0,857,0,134,9,0,865,0,131,4,0,871,0,120,9,0,859,0,133,8,0,864,0,130,6,0,856,0,135,9,0,866,0,129,5,0,864,0,130,6,0
485,targeted_heterosexual,0.5,859,0,131,10,0,861,0,133,6,0,860,0,133,7,0,866,0,127,7,0,869,0,121,10,0,863,0,132,5,0,861,0,131,8,0,872,0,122,6,0,856,0,138,6,0,852,0,143,5,0,866,0,126,8,0,866,0,127,7,0,867,0,126,7,0,854,0,137,9,0,866,0,126,8,0,855,0,140,5,0,868,0,129,3,0,866,0,123,11,0,863,0,128,9,0,861,0,130,9,0,863,0,129,8,0,867,0,127,6,0,868,0,126,6,0,862,0,132,6,0,871,0,122,7,0,852,0,134,14,0,864,0,127,9,0,858,0,136,6,0,863,0,126,11,0,856,0,133,11,0,868,0,122,10,0,855,0,136,9,0,861,0,132,7,0,869,0,127,4,0,868,0,124,8,0,874,0,117,9,0,867,0,126,7,0,866,0,130,4,0,863,0,124,13,0,868,0,124,8,0,862,0,133,5,0,868,0,127,5,0,857,0,134,9,0,865,0,131,4,0,871,0,120,9,0,859,0,133,8,0,864,0,130,6,0,856,0,135,9,0,866,0,129,5,0,864,0,130,6,0
486,targeted_heterosexual,0.5,859,0,131,10,0,861,0,133,6,0,860,0,133,7,0,866,0,127,7,0,869,0,121,10,0,863,0,132,5,0,861,0,131,8,0,872,0,122,6,0,856,0,138,6,0,852,0,143,5,0,866,0,126,8,0,866,0,127,7,0,867,0,126,7,0,854,0,137,9,0,866,0,126,8,0,855,0,140,5,0,868,0,129,3,0,866,0,123,11,0,863,0,128,9,0,861,0,130,9,0,863,0,129,8,0,867,0,127,6,0,868,0,126,6,0,862,0,132,6,0,871,0,122,7,0,852,0,134,14,0,864,0,127,9,0,858,0,136,6,0,863,0,126,11,0,856,0,133,11,0,868,0,122,10,0,855,0,136,9,0,861,0,132,7,0,869,0,127,4,0,868,0,124,8,0,874,0,117,9,0,867,0,126,7,0,866,0,130,4,0,863,0,124,13,0,868,0,124,8,0,862,0,133,5,0,868,0,127,5,0,857,0,134,9,0,865,0,131,4,0,871,0,120,9,0,859,0,133,8,0,864,0,130,6,0,856,0,135,9,0,866,0,129,5,0,864,0,130,6,0
487,targeted_heterosexual,0.5,859,0,131,10,0,861,0,133,6,0,860,0,133,7,0,866,0,127,7,0,869,0,121,10,0,863,0,132,5,0,861,0,131,8,0,872,0,122,6,0,856,0,138,6,0,852,0,143,5,0,866,0,126,8,0,866,0,127,7,0,867,0,126,7,0,854,0,137,9,0,866,0,126,8,0,855,0,140,5,0,868,0,129,3,0,866,0,123,11,0,863,0,128,9,0,861,0,130,9,0,863,0,129,8,0,867,0,127,6,0,868,0,126,6,0,862,0,132,6,0,871,0,122,7,0,852,0,134,14,0,864,0,127,9,0,858,0,136,6,0,863,0,126,11,0,856,0,133,11,0,868,0,122,10,0,855,0,136,9,0,861,0,132,7,0,869,0,127,4,0,868,0,124,8,0,874,0,117,9,0,867,0,126,7,0,866,0,130,4,0,863,0,124,13,0,868,0,124,8,0,862,0,133,5,0,868,0,127,5,0,857,0,134,9,0,865,0,131,4,0,871,0,120,9,0,859,0,133,8,0,864,0,130,6,0,856,0,135,9,0,866,0,129,5,0,864,0,130,6,0
488,targeted_heterosexual,0.5,859,0,131,10,0,861,0,133,6,0,860,0,133,7,0,866,0,127,7,0,869,0,121,10,0,863,0,132,5,0,861,0,131,8,0,872,0,122,6,0,856,0,138,6,0,852,0,143,5,0,866,0,126,8,0,866,0,127,7,0,867,0,126,7,0,854,0,137,9,0,866,0,126,8,0,855,0,140,5,0,868,0,129,3,0,866,0,123,11,0,863,0,128,9,0,861,0,130,9,0,863,0,129,8,0,867,0,127,6,0,868,0,126,6,0,862,0,132,6,0,871,0,122,7,0,852,0,134,14,0,864,0,127,9,0,858,0,136,6,0,863,0,126,11,0,856,0,133,11,0,868,0,122,10,0,855,0,136,9,0,861,0,132,7,0,869,0,127,4,0,868,0,124,8,0,874,0,117,9,0,867,0,126,7,0,866,0,130,4,0,863,0,124,13,0,868,0,124,8,0,862,0,133,5,0,868,0,127,5,0,857,0,134,9,0,865,0,131,4,0,871,0,120,9,0,859,0,133,8,0,864,0,130,6,0,856,0,135,9,0,866,0,129,5,0,864,0,130,6,0
489,targeted_heterosexual,0.5,859,0,131,10,0,861,0,133,6,0,860,0,133,7,0,866,0,127,7,0,869,0,121,10,0,863,0,132,5,0,861,0,131,8,0,872,0,122,6,0,856,0,138,6,0,852,0,143,5,0,866,0,126,8,0,866,0,127,7,0,867,0,126,7,0,854,0,137,9,0,866,0,126,8,0,855,0,140,5,0,868,0,129,3,0,866,0,123,11,0,863,0,128,9,0,861,0,130,9,0,863,0,129,8,0,867,0,127,6,0,868,0,126,6,0,862,0,132,6,0,871,0,122,7,0,852,0,134,14,0,864,0,127,9,0,858,0,136,6,0,863,0,126,11,0,856,0,133,11,0,868,0,122,10,0,855,0,136,9,0,861,0,132,7,0,869,0,127,4,0,868,0,124,8,0,874,0,117,9,0,867,0,126,7,0,866,0,130,4,0,863,0,124,13,0,868,0,124,8,0,862,0,133,5,0,868,0,127,5,0,857,0,134,9,0,865,0,131,4,0,871,0,120,9,0,859,0,133,8,0,864,0,130,6,0,856,0,135,9,0,866,0,129,5,0,864,0,130,6,0
490,targeted_heterosexual,0.5,859,0,131,10,0,861,0,133,6,0,860,0,133,7,0,866,0,127,7,0,869,0,121,10,0,863,0,132,5,0,861,0,131,8,0,872,0,122,6,0,856,0,138,6,0,852,0,143,5,0,866,0,126,8,0,866,0,127,7,0,867,0,126,7,0,854,0,137,9,0,866,0,126,8,0,855,0,140,5,0,868,0,129,3,0,866,0,123,11,0,863,0,128,9,0,861,0,130,9,0,863,0,129,8,0,867,0,127,6,0,868,0,126,6,0,862,0,132,6,0,871,0,122,7,0,852,0,134,14,0,864,0,127,9,0,858,0,136,6,0,863,0,126,11,0,856,0,133,11,0,868,0,122,10,0,855,0,136,9,0,861,0,132,7,0,869,0,127,4,0,868,0,124,8,0,874,0,117,9,0,867,0,126,7,0,866,0,130,4,0,863,0,124,13,0,868,0,124,8,0,862,0,133,5,0,868,0,127,5,0,857,0,134,9,0,865,0,131,4,0,871,0,120,9,0,859,0,133,8,0,864,0,130,6,0,856,0,135,9,0,866,0,129,5,0,864,0,130,6,0
491,targeted_heterosexual,0.5,859,0,131,10,0,861,0,133,6,0,860,0,133,7,0,866,0,127,7,0,869,0,121,10,0,863,0,132,5,0,861,0,131,8,0,872,0,122,6,0,856,0,138,6,0,852,0,143,5,0,866,0,126,8,0,866,0,127,7,0,867,0,126,7,0,854,0,137,9,0,866,0,126,8,0,855,0,140,5,0,868,0,129,3,0,866,0,123,11,0,863,0,128,9,0,861,0,130,9,0,863,0,129,8,0,867,0,127,6,0,868,0,126,6,0,862,0,132,6,0,871,0,122,7,0,852,0,134,14,0,864,0,127,9,0,858,0,136,6,0,863,0,126,11,0,856,0,133,11,0,868,0,122,10,0,855,0,136,9,0,861,0,132,7,0,869,0,127,4,0,868,0,124,8,0,874,0,117,9,0,867,0,126,7,0,866,0,130,4,0,863,0,124,13,0,868,0,124,8,0,862,0,133,5,0,868,0,127,5,0,857,0,134,9,0,865,0,131,4,0,871,0,120,9,0,859,0,133,8,0,864,0,130,6,0,856,0,135,9,0,866,0,129,5,0,864,0,130,6,0
492,targeted_heterosexual,0.5,859,0,131,10,0,861,0,133,6,0,860,0,133,7,0,866,0,127,7,0,869,0,121,10,0,863,0,132,5,0,861,0,131,8,0,872,0,122,6,0,856,0,138,6,0,852,0,143,5,0,866,0,126,8,0,866,0,127,7,0,867,0,126,7,0,854,0,137,9,0,866,0,126,8,0,855,0,140,5,0,868,0,129,3,0,866,0,123,11,0,863,0,128,9,0,861,0,130,9,0,863,0,129,8,0,867,0,127,6,0,868,0,126,6,0,862,0,132,6,0,871,0,122,7,0,852,0,134,14,0,864,0,127,9,0,858,0,136,6,0,863,0,126,11,0,856,0,133,11,0,868,0,122,10,0,855,0,136,9,0,861,0,132,7,0,869,0,127,4,0,868,0,124,8,0,874,0,117,9,0,867,0,126,7,0,866,0,130,4,0,863,0,124,13,0,868,0,124,8,0,862,0,133,5,0,868,0,127,5,0,857,0,134,9,0,865,0,131,4,0,871,0,120,9,0,859,0,133,8,0,864,0,130,6,0,856,0,135,9,0,866,0,129,5,0,864,0,130,6,0
493,targeted_heterosexual,0.5,859,0,131,10,0,861,0,133,6,0,860,0,133,7,0,866,0,127,7,0,869,0,121,10,0,863,0,132,5,0,861,0,131,8,0,872,0,122,6,0,856,0,138,6,0,852,0,143,5,0,866,0,126,8,0,866,0,127,7,0,867,0,126,7,0,854,0,137,9,0,866,0,126,8,0,855,0,140,5,0,868,0,129,3,0,866,0,123,11,0,863,0,128,9,0,861,0,130,9,0,863,0,129,8,0,867,0,127,6,0,868,0,126,6,0,862,0,132,6,0,871,0,122,7,0,852,0,134,14,0,864,0,127,9,0,858,0,136,6,0,863,0,126,11,0,856,0,133,11,0,868,0,122,10,0,855,0,136,9,0,861,0,132,7,0,869,0,127,4,0,868,0,124,8,0,874,0,117,9,0,867,0,126,7,0,866,0,130,4,0,863,0,124,13,0,868,0,124,8,0,862,0,133,5,0,868,0,127,5,0,857,0,134,9,0,865,0,131,4,0,871,0,120,9,0,859,0,133,8,0,864,0,130,6,0,856,0,135,9,0,866,0,129,5,0,864,0,130,6,0
494,targeted_heterosexual,0.5,859,0,131,6,4,861,0,133,4,2,860,0,133,4,3,866,0,127,5,2,869,0,121,8,2,863,0,132,3,2,861,0,131,8,0,872,0,122,4,2,856,0,138,6,0,852,0,143,2,3,866,0,126,7,1,866,0,127,5,2,867,0,126,4,3,854,0,137,9,0,866,0,126,4,4,855,0,140,3,2,868,0,129,2,1,866,0,123,5,6,863,0,128,8,1,861,0,130,5,4,863,0,129,7,1,867,0,127,6,0,868,0,126,4,2,862,0,132,4,2,871,0,122,4,3,852,0,134,11,3,864,0,127,4,5,858,0,136,6,0,863,0,126,6,5,856,0,133,10,1,868,0,122,8,2,855,0,136,5,4,861,0,132,3,4,869,0,127,4,0,868,0,124,7,1,874,0,117,5,4,867,0,126,4,3,866,0,130,2,2,863,0,124,8,5,868,0,124,6,2,862,0,133,4,1,868,0,127,4,1,857,0,134,7,2,865,0,131,2,2,871,0,120,7,2,859,0,133,6,2,864,0,130,5,1,856,0,135,9,0,866,0,129,3,2,864,0,130,2,4
495,targeted_heterosexual,0.5,859,0,131,6,4,861,0,133,4,2,860,0,133,4,3,866,0,127,5,2,869,0,121,8,2,863,0,132,3,2,861,0,131,8,0,872,0,122,4,2,856,0,138,6,0,852,0,143,1,4,866,0,126,7,1,866,0,127,5,2,867,0,126,4,3,854,0,137,9,0,866,0,126,4,4,855,0,140,3,2,868,0,129,2,1,866,0,123,5,6,863,0,128,8,1,861,0,130,5,4,863,0,129,7,1,867,0,127,6,0,868,0,126,4,2,862,0,131,5,2,871,0,122,4,3,852,0,134,11,3,864,0,127,4,5,858,0,136,6,0,863,0,126,6,5,856,0,133,10,1,868,0,122,8,2,855,0,136,5,4,861,0,132,3,4,869,0,127,4,0,868,0,124,7,1,874,0,117,5,4,867,0,126,4,3,866,0,130,2,2,863,0,124,8,5,868,0,124,6,2,862,0,133,4,1,868,0,127,4,1,857,0,134,7,2,865,0,131,2,2,871,0,120,7,2,859,0,133,6,2,864,0,130,5,1,856,0,135,9,0,866,0,129,3,2,864,0,130,2,4
496,targeted_heterosexual,0.5,859,0,131,6,4,861,0,133,4,2,860,0,133,4,3,866,0,127,5,2,869,0,121,8,2,863,0,132,3,2,861,0,131,8,0,872,0,122,4,2,856,0,138,6,0,852,0,143,1,4,866,0,126,7,1,866,0,127,5,2,867,0,126,4,3,854,0,137,9,0,866,0,126,4,4,855,0,140,3,2,868,0,129,2,1,866,0,123,5,6,863,0,128,7,2,861,0,130,5,4,863,0,129,7,1,867,0,127,6,0,868,0,126,4,2,862,0,131,5,2,871,0,122,4,3,852,0,134,11,3,864,0,127,4,5,858,0,136,6,0,863,0,126,6,5,856,0,133,10,1,868,0,122,8,2,855,0,136,4,5,861,0,132,3,4,869,0,127,4,0,868,0,124,7,1,874,0,117,5,4,867,0,126,4,3,866,0,130,2,2,863,0,124,8,5,868,0,124,6,2,862,0,133,4,1,868,0,127,4,1,857,0,134,7,2,865,0,131,2,2,871,0,120,7,2,859,0,133,6,2,864,0,130,5,1,856,0,135,9,0,866,0,129,3,2,864,0,130,2,4
497,targeted_heterosexual,0.5,859,0,131,6,4,861,0,133,4,2,860,0,133,4,3,866,0,127,5,2,869,0,121,8,2,863,0,132,3,2,861,0,131,8,0,872,0,122,4,2,856,0,138,6,0,852,0,143,1,4,866,0,126,7,1,866,0,127,5,2,867,0,126,4,3,854,0,137,9,0,866,0,126,4,4,855,0,140,3,2,868,0,129,2,1,866,0,123,5,6,863,0,128,7,2,861,0,130,5,4,863,0,129,7,1,867,0,127,5,1,868,0,126,4,2,862,0,131,5,2,871,0,122,4,3,852,0,134,11,3,864,0,127,4,5,858,0,136,5,1,863,0,126,6,5,856,0,133,10,1,868,0,122,8,2,855,0,136,4,5,861,0,132,3,4,869,0,127,4,0,868,0,124,7,1,874,0,117,5,4,867,0,126,4,3,866,0,130,2,2,863,0,124,8,5,868,0,124,6,2,862,0,133,4,1,868,0,127,4,1,857,0,134,7,2,865,0,131,2,2,871,0,120,7,2,859,0,133,6,2,864,0,130,5,1,856,0,135,9,0,866,0,129,3,2,864,0,130,2,4
498,targeted_heterosexual,0.5,859,0,131,6,4,861,0,133,4,2,860,0,133,4,3,866,0,127,5,2,869,0,121,8,2,863,0,132,3,2,861,0,131,8,0,872,0,122,4,2,856,0,138,6,0,852,0,143,1,4,866,0,126,7,1,866,0,127,5,2,867,0,126,4,3,854,0,137,9,0,866,0,126,4,4,855,0,140,3,2,868,0,129,2,1,866,0,123,5,6,863,0,128,7,2,861,0,130,5,4,863,0,129,7,1,867,0,127,5,1,868,0,126,4,2,862,0,131,5,2,871,0,122,4,3,852,0,134,11,3,864,0,127,4,5,858,0,136,5,1,863,0,126,6,5,856,0,133,10,1,868,0,122,8,2,855,0,136,4,5,861,0,132,3,4,869,0,127,4,0,867,1,124,7,1,874,0,117,5,4,867,0,126,4,3,866,0,130,2,2,863,0,124,8,5,868,0,124,6,2,862,0,133,4,1,868,0,127,4,1,857,0,134,6,3,865,0,131,2,2,871,0,119,8,2,859,0,133,6,2,864,0,130,5,1,856,0,135,9,0,866,0,129,3,2,864,0,130,2,4
499,targeted_heterosexual,0.5,859,0,131,6,4,861,0,133,4,2,860,0,133,4,3,866,0,127,5,2,869,0,121,8,2,863,0,132,3,2,861,0,131,8,0,872,0,122,4,2,856,0,138,6,0,852,0,143,1,4,866,0,126,7,1,866,0,127,5,2,867,0,126,4,3,854,0,137,9,0,866,0,126,4,4,855,0,140,3,2,868,0,129,2,1,866,0,123,5,6,863,0,128,7,2,861,0,130,5,4,863,0,129,7,1,867,0,127,5,1,868,0,126,4,2,862,0,131,5,2,871,0,122,4,3,852,0,134,11,3,864,0,127,4,5,858,0,136,5,1,863,0,126,6,5,856,0,133,10,1,868,0,122,8,2,855,0,136,4,5,861,0,132,3,4,869,0,127,4,0,867,1,124,7,1,874,0,117,5,4,867,0,126,4,3,866,0,130,2,2,863,0,124,8,5,868,0,124,6,2,862,0,133,4,1,868,0,127,4,1,857,0,134,6,3,865,0,131,2,2,871,0,119,8,2,859,0,133,6,2,864,0,130,5,1,856,0,135,9,0,866,0,129,3,2,864,0,130,2,4
500,targeted_heterosexual,0.5,859,0,131,6,4,861,0,133,4,2,860,0,133,4,3,866,0,127,5,2,869,0,121,8,2,863,0,132,3,2,861,0,131,8,0,872,0,122,4,2,856,0,138,6,0,852,0,143,1,4,866,0,126,7,1,866,0,127,5,2,867,0,126,4,3,854,0,137,9,0,866,0,126,4,4,855,0,140,3,2,868,0,129,2,1,866,0,123,5,6,863,0,128,7,2,861,0,130,5,4,863,0,129,7,1,867,0,127,5,1,868,0,126,4,2,862,0,131,5,2,871,0,122,4,3,852,0,134,11,3,864,0,127,4,5,858,0,136,5,1,863,0,126,6,5,856,0,133,10,1,868,0,122,8,2,855,0,136,4,5,861,0,132,3,4,869,0,127,4,0,866,2,124,7,1,874,0,117,5,4,867,0,126,4,3,866,0,130,2,2,863,0,124,8,5,868,0,124,6,2,862,0,133,4,1,868,0,127,4,1,857,0,134,6,3,865,0,131,2,2,871,0,119,8,2,859,0,133,6,2,864,0,130,5,1,856,0,135,9,0,866,0,129,3,2,864,0,130,2,4
501,targeted_heterosexual,0.5,859,0,131,6,4,861,0,133,4,2,860,0,133,4,3,866,0,127,5,2,869,0,121,7,3,863,0,132,3,2,861,0,131,8,0,872,0,122,4,2,856,0,138,6,0,852,0,143,1,4,866,0,126,7,1,866,0,127,5,2,867,0,126,4,3,854,0,137,9,0,866,0,126,4,4,855,0,140,3,2,868,0,129,2,1,866,0,123,5,6,863,0,128,7,2,861,0,130,5,4,863,0,129,7,1,867,0,127,5,1,868,0,126,4,2,862,0,131,5,2,871,0,122,4,3,852,0,134,11,3,864,0,127,4,5,858,0,136,5,1,863,0,126,6,5,856,0,133,10,1,868,0,122,8,2,855,0,136,4,5,861,0,132,3,4,869,0,127,4,0,866,2,124,7,1,874,0,117,5,4,867,0,126,4,3,866,0,130,2,2,863,0,124,8,5,868,0,124,6,2,862,0,133,4,1,868,0,127,4,1,857,0,134,6,3,865,0,131,2,2,871,0,119,8,2,859,0,133,6,2,864,0,130,5,1,856,0,135,9,0,866,0,129,3,2,864,0,130,2,4
502,targeted_heterosexual,0.5,859,0,131,6,4,861,0,133,4,2,860,0,133,4,3,866,0,127,5,2,869,0,121,7,3,863,0,132,3,2,861,0,131,8,0,872,0,122,4,2,856,0,138,6,0,852,0,143,1,4,866,0,126,7,1,866,0,127,5,2,867,0,126,4,3,854,0,137,9,0,866,0,126,4,4,855,0,140,3,2,868,0,129,2,1,866,0,123,5,6,863,0,128,7,2,861,0,130,5,4,863,0,129,7,1,867,0,127,5,1,868,0,126,4,2,862,0,131,5,2,871,0,122,4,3,852,0,134,11,3,864,0,127,4,5,858,0,136,5,1,863,0,126,6,5,856,0,133,10,1,868,0,122,8,2,855,0,136,4,5,861,0,132,3,4,869,0,127,4,0,866,2,124,7,1,874,0,117,5,4,867,0,126,4,3,866,0,130,2,2,863,0,124,8,5,868,0,124,6,2,862,0,133,4,1,868,0,127,4,1,857,0,134,6,3,865,0,131,2,2,871,0,119,8,2,858,1,133,6,2,864,0,130,5,1,856,0,135,9,0,866,0,129,3,2,864,0,130,2,4
503,targeted_heterosexual,0.5,859,0,131,6,4,861,0,133,4,2,860,0,133,4,3,866,0,127,5,2,869,0,121,7,3,863,0,132,3,2,861,0,131,8,0,872,0,122,4,2,856,0,138,6,0,852,0,143,1,4,866,0,126,7,1,866,0,127,5,2,867,0,126,4,3,854,0,137,9,0,866,0,126,4,4,855,0,140,3,2,868,0,129,2,1,866,0,123,5,6,863,0,128,7,2,861,0,130,5,4,863,0,129,7,1,867,0,127,5,1,868,0,126,4,2,862,0,131,5,2,871,0,122,4,3,852,0,134,11,3,864,0,127,4,5,858,0,136,5,1,863,0,126,6,5,856,0,133,10,1,868,0,122,8,2,855,0,136,4,5,861,0,132,3,4,869,0,127,4,0,866,2,124,7,1,874,0,117,5,4,867,0,126,4,3,866,0,130,2,2,863,0,124,8,5,868,0,124,6,2,862,0,133,4,1,868,0,127,4,1,857,0,134,6,3,865,0,131,2,2,871,0,119,8,2,858,1,133,6,2,864,0,130,5,1,856,0,135,9,0,866,0,129,3,2,864,0,130,2,4
504,targeted_heterosexual,0.5,859,0,131,6,4,861,0,133,4,2,860,0,133,4,3,866,0,127,5,2,869,0,121,7,3,863,0,132,3,2,861,0,131,8,0,872,0,122,4,2,856,0,138,6,0,852,0,143,1,4,866,0,126,7,1,866,0,127,5,2,867,0,126,4,3,854,0,137,9,0,866,0,126,4,4,855,0,140,3,2,868,0,129,2,1,866,0,123,5,6,863,0,128,7,2,861,0,130,5,4,863,0,129,7,1,867,0,127,5,1,868,0,126,4,2,862,0,131,5,2,871,0,122,4,3,852,0,134,11,3,864,0,127,4,5,858,0,136,5,1,863,0,126,6,5,856,0,133,10,1,868,0,122,8,2,855,0,136,4,5,861,0,132,3,4,869,0,127,4,0,866,2,124,7,1,874,0,117,5,4,867,0,126,4,3,866,0,130,2,2,863,0,124,8,5,868,0,124,6,2,862,0,133,4,1,868,0,127,4,1,857,0,134,6,3,865,0,131,2,2,871,0,119,8,2,858,1,133,6,2,864,0,130,5,1,856,0,135,9,0,866,0,129,3,2,864,0,130,2,4
505,targeted_heterosexual,0.5,859,0,131,6,4,861,0,133,4,2,860,0,133,4,3,866,0,127,5,2,869,0,121,7,3,863,0,132,3,2,861,0,131,8,0,872,0,122,4,2,856,0,138,6,0,852,0,143,1,4,866,0,126,7,1,866,0,127,5,2,867,0,126,4,3,854,0,137,9,0,866,0,126,4,4,855,0,140,3,2,868,0,129,2,1,866,0,123,5,6,863,0,128,7,2,861,0,130,5,4,863,0,129,7,1,867,0,127,5,1,868,0,126,4,2,862,0,131,5,2,871,0,122,4,3,852,0,134,11,3,864,0,127,4,5,858,0,136,5,1,863,0,126,6,5,856,0,133,10,1,868,0,122,8,2,855,0,136,4,5,861,0,132,3,4,869,0,127,4,0,866,2,124,7,1,874,0,117,5,4,867,0,126,4,3,866,0,130,2,2,863,0,124,8,5,868,0,124,6,2,862,0,133,4,1,868,0,127,4,1,857,0,134,6,3,865,0,131,2,2,871,0,119,8,2,858,1,133,6,2,864,0,130,5,1,856,0,135,9,0,866,0,129,3,2,864,0,130,2,4
506,targeted_heterosexual,0.5,859,0,131,6,4,861,0,133,4,2,860,0,133,4,3,866,0,127,5,2,869,0,121,7,3,863,0,132,3,2,861,0,131,8,0,872,0,122,4,2,856,0,138,6,0,852,0,143,1,4,866,0,126,7,1,866,0,127,5,2,867,0,126,4,3,854,0,137,9,0,866,0,126,4,4,855,0,140,3,2,868,0,129,2,1,866,0,123,5,6,863,0,128,7,2,861,0,130,5,4,863,0,129,7,1,867,0,127,5,1,867,1,126,4,2,862,0,131,5,2,871,0,122,4,3,852,0,134,11,3,864,0,127,4,5,858,0,136,5,1,863,0,126,6,5,856,0,133,10,1,868,0,122,8,2,855,0,136,4,5,861,0,132,3,4,869,0,127,4,0,866,2,124,7,1,874,0,117,5,4,867,0,126,4,3,866,0,130,2,2,863,0,124,8,5,868,0,124,6,2,862,0,133,4,1,868,0,127,4,1,857,0,134,6,3,865,0,131,2,2,871,0,119,8,2,858,1,133,6,2,864,0,130,5,1,856,0,135,9,0,866,0,129,3,2,864,0,130,2,4
507,targeted_heterosexual,0.5,859,0,131,6,4,861,0,133,4,2,860,0,133,4,3,866,0,127,5,2,869,0,121,7,3,863,0,132,3,2,861,0,131,8,0,872,0,122,4,2,856,0,138,6,0,852,0,143,1,4,866,0,126,7,1,866,0,127,5,2,867,0,126,4,3,854,0,137,9,0,866,0,126,4,4,855,0,140,3,2,868,0,129,2,1,866,0,123,5,6,863,0,128,7,2,861,0,130,5,4,863,0,129,7,1,867,0,127,5,1,867,1,126,4,2,862,0,131,5,2,871,0,122,4,3,852,0,134,11,3,864,0,127,4,5,858,0,136,5,1,863,0,126,6,5,855,1,133,10,1,868,0,122,8,2,855,0,136,4,5,861,0,132,3,4,869,0,127,4,0,866,2,124,7,1,874,0,117,5,4,867,0,126,4,3,866,0,130,2,2,863,0,124,8,5,868,0,124,6,2,862,0,133,4,1,868,0,127,4,1,857,0,134,6,3,865,0,131,2,2,871,0,119,8,2,858,1,133,6,2,864,0,130,5,1,856,0,135,9,0,866,0,129,3,2,864,0,130,2,4
508,targeted_heterosexual,0.5,859,0,131,6,4,861,0,133,4,2,860,0,133,4,3,866,0,127,5,2,869,0,121,7,3,863,0,132,3,2,861,0,131,8,0,872,0,122,4,2,856,0,138,6,0,852,0,143,1,4,866,0,126,7,1,866,0,127,5,2,867,0,126,4,3,854,0,137,9,0,866,0,126,4,4,855,0,140,3,2,868,0,129,2,1,866,0,123,5,6,863,0,128,7,2,861,0,130,5,4,863,0,129,7,1,867,0,127,5,1,867,1,126,4,2,862,0,131,5,2,871,0,122,4,3,852,0,134,11,3,864,0,127,4,5,858,0,136,5,1,863,0,126,6,5,855,1,133,10,1,868,0,122,8,2,855,0,136,4,5,861,0,132,3,4,869,0,127,4,0,866,2,124,7,1,874,0,117,5,4,867,0,126,4,3,866,0,130,2,2,863,0,124,8,5,868,0,124,6,2,862,0,133,4,1,868,0,127,4,1,857,0,134,6,3,865,0,131,2,2,871,0,119,8,2,858,1,133,6,2,864,0,130,5,1,856,0,135,9,0,866,0,129,3,2,864,0,130,2,4
509,targeted_heterosexual,0.5,859,0,131,6,4,861,0,133,4,2,860,0,133,4,3,866,0,127,5,2,869,0,121,7,3,863,0,132,3,2,861,0,131,8,0,872,0,122,4,2,856,0,138,6,0,852,0,143,1,4,866,0,126,7,1,866,0,127,5,2,867,0,126,4,3,854,0,137,9,0,866,0,126,4,4,855,0,140,3,2,868,0,129,2,1,866,0,123,5,6,863,0,128,7,2,861,0,130,5,4,863,0,129,7,1,867,0,127,5,1,867,1,126,4,2,862,0,131,5,2,871,0,122,4,3,852,0,134,11,3,864,0,127,4,5,858,0,136,5,1,863,0,126,6,5,855,1,133,10,1,868,0,122,8,2,855,0,136,4,5,861,0,132,3,4,869,0,127,4,0,866,2,124,7,1,874,0,117,5,4,867,0,126,4,3,866,0,130,2,2,863,0,124,8,5,868,0,124,6,2,862,0,133,4,1,868,0,127,4,1,857,0,134,6,3,865,0,131,2,2,871,0,119,8,2,858,1,133,6,2,864,0,130,5,1,856,0,135,9,0,866,0,129,3,2,864,0,130,2,4
510,targeted_heterosexual,0.5,859,0,131,6,4,861,0,133,4,2,860,0,133,4,3,866,0,127,5,2,869,0,121,7,3,863,0,132,3,2,861,0,131,8,0,872,0,122,4,2,856,0,138,6,0,852,0,143,1,4,866,0,126,7,1,866,0,127,5,2,867,0,126,4,3,854,0,137,9,0,866,0,126,4,4,855,0,140,3,2,868,0,129,2,1,866,0,123,5,6,863,0,128,7,2,861,0,130,5,4,863,0,129,7,1,867,0,127,5,1,867,1,126,4,2,862,0,131,5,2,871,0,122,4,3,852,0,134,11,3,864,0,127,4,5,858,0,136,5,1,863,0,126,6,5,855,1,133,10,1,868,0,122,8,2,855,0,136,4,5,861,0,132,3,4,869,0,127,4,0,866,2,124,7,1,874,0,117,5,4,867,0,126,4,3,866,0,130,2,2,863,0,124,8,5,868,0,124,6,2,862,0,133,4,1,868,0,127,4,1,857,0,134,6,3,865,0,131,2,2,871,0,119,8,2,858,1,133,6,2,864,0,130,5,1,856,0,135,9,0,866,0,129,3,2,864,0,130,2,4
511,targeted_heterosexual,0.5,859,0,131,6,4,861,0,133,4,2,860,0,133,4,3,866,0,127,5,2,869,0,121,7,3,863,0,132,3,2,861,0,131,8,0,872,0,122,4,2,856,0,138,6,0,852,0,143,1,4,866,0,126,7,1,866,0,127,5,2,867,0,126,4,3,854,0,137,9,0,866,0,126,4,4,855,0,140,3,2,868,0,129,2,1,866,0,123,5,6,863,0,128,7,2,861,0,130,5,4,863,0,129,7,1,867,0,127,5,1,867,1,126,4,2,862,0,131,5,2,871,0,122,4,3,852,0,134,11,3,864,0,127,4,5,858,0,136,5,1,863,0,126,6,5,855,1,133,10,1,868,0,122,8,2,855,0,136,4,5,861,0,132,3,4,869,0,127,4,0,866,1,125,7,1,874,0,117,5,4,867,0,126,4,3,866,0,130,2,2,863,0,124,8,5,868,0,124,6,2,862,0,133,4,1,868,0,127,4,1,857,0,134,6,3,865,0,131,2,2,871,0,119,8,2,858,1,133,6,2,864,0,130,5,1,856,0,135,9,0,866,0,129,3,2,864,0,130,2,4
512,targeted_heterosexual,0.5,859,0,131,6,4,861,0,133,4,2,859,1,133,4,3,866,0,127,5,2,869,0,121,7,3,863,0,132,3,2,861,0,131,8,0,872,0,122,4,2,856,0,138,6,0,852,0,143,1,4,866,0,126,7,1,866,0,127,5,2,867,0,126,4,3,854,0,137,9,0,866,0,126,4,4,855,0,140,3,2,868,0,129,2,1,866,0,123,5,6,863,0,128,7,2,861,0,130,5,4,863,0,129,7,1,867,0,127,5,1,867,1,126,4,2,862,0,131,5,2,871,0,122,4,3,852,0,134,11,3,864,0,127,4,5,858,0,136,5,1,863,0,126,6,5,855,1,133,10,1,868,0,122,8,2,855,0,136,4,5,861,0,132,3,4,869,0,127,4,0,866,1,125,7,1,874,0,117,5,4,867,0,126,4,3,866,0,130,2,2,863,0,124,8,5,868,0,124,6,2,862,0,133,4,1,868,0,127,4,1,857,0,134,6,3,865,0,131,2,2,871,0,119,8,2,858,1,133,6,2,864,0,130,5,1,856,0,135,9,0,866,0,129,3,2,864,0,130,2,4
513,targeted_heterosexual,0.5,859,0,131,6,4,861,0,133,4,2,859,1,133,4,3,866,0,127,5,2,869,0,121,7,3,863,0,132,3,2,861,0,131,8,0,872,0,122,4,2,856,0,138,6,0,852,0,143,1,4,866,0,126,7,1,866,0,127,5,2,867,0,126,4,3,854,0,137,9,0,866,0,126,4,4,855,0,140,3,2,868,0,129,2,1,866,0,123,5,6,863,0,128,7,2,861,0,130,5,4,863,0,129,7,1,867,0,127,5,1,867,1,126,4,2,862,0,131,5,2,871,0,122,4,3,852,0,134,11,3,864,0,127,4,5,858,0,136,5,1,863,0,126,6,5,855,1,133,9,2,868,0,122,8,2,855,0,136,4,5,861,0,132,3,4,869,0,127,4,0,866,0,126,7,1,874,0,117,5,4,867,0,126,4,3,866,0,130,2,2,863,0,124,8,5,868,0,124,6,2,862,0,133,4,1,868,0,127,4,1,857,0,134,6,3,865,0,131,2,2,871,0,119,8,2,858,1,133,6,2,864,0,130,5,1,856,0,135,9,0,866,0,129,3,2,864,0,130,2,4
514,targeted_heterosexual,0.5,859,0,131,6,4,861,0,133,4,2,859,1,133,4,3,866,0,127,5,2,869,0,121,7,3,863,0,132,3,2,861,0,131,8,0,872,0,122,4,2,856,0,138,6,0,852,0,143,1,4,866,0,126,7,1,866,0,127,5,2,867,0,126,4,3,854,0,137,9,0,866,0,126,4,4,855,0,140,3,2,868,0,129,2,1,866,0,123,5,6,863,0,128,7,2,861,0,130,5,4,863,0,129,7,1,867,0,127,5,1,867,1,126,4,2,862,0,131,5,2,871,0,122,4,3,852,0,134,11,3,864,0,127,4,5,858,0,136,5,1,863,0,126,6,5,855,1,133,9,2,868,0,122,8,2,855,0,136,4,5,861,0,132,3,4,869,0,127,4,0,866,0,126,7,1,874,0,117,5,4,867,0,126,4,3,866,0,130,2,2,863,0,124,8,5,868,0,124,6,2,862,0,133,4,1,868,0,127,4,1,857,0,134,6,3,865,0,131,2,2,871,0,119,8,2,858,1,133,6,2,864,0,130,5,1,856,0,135,9,0,866,0,129,3,2,864,0,130,2,4
515,targeted_heterosexual,0.5,859,0,131,6,4,861,0,133,4,2,859,1,133,4,3,866,0,127,5,2,869,0,121,7,3,863,0,132,3,2,861,0,131,8,0,872,0,122,4,2,856,0,138,6,0,852,0,143,1,4,866,0,126,7,1,866,0,127,5,2,867,0,126,4,3,854,0,137,9,0,866,0,126,4,4,855,0,140,3,2,868,0,129,2,1,866,0,123,5,6,863,0,128,7,2,861,0,130,5,4,863,0,129,7,1,867,0,127,5,1,867,1,126,4,2,862,0,131,5,2,871,0,122,4,3,852,0,134,11,3,864,0,127,4,5,858,0,136,5,1,863,0,126,6,5,855,1,133,9,2,868,0,122,8,2,855,0,136,4,5,861,0,132,3,4,869,0,127,4,0,866,0,126,7,1,874,0,117,5,4,867,0,126,4,3,866,0,130,2,2,863,0,124,8,5,868,0,124,6,2,862,0,133,4,1,868,0,127,4,1,857,0,134,6,3,865,0,131,2,2,871,0,119,8,2,858,0,134,6,2,864,0,130,5,1,856,0,135,9,0,866,0,129,3,2,864,0,130,2,4
516,targeted_heterosexual,0.5,859,0,131,6,4,861,0,133,4,2,859,1,133,4,3,866,0,127,5,2,869,0,121,7,3,863,0,132,3,2,861,0,131,8,0,872,0,122,4,2,856,0,138,6,0,852,0,143,1,4,866,0,126,7,1,866,0,127,5,2,867,0,126,4,3,854,0,137,9,0,866,0,126,4,4,855,0,140,3,2,868,0,129,2,1,866,0,123,5,6,863,0,128,7,2,861,0,130,5,4,863,0,129,7,1,867,0,127,5,1,867,1,126,4,2,862,0,131,5,2,871,0,122,4,3,852,0,134,11,3,864,0,127,4,5,858,0,136,5,1,863,0,126,6,5,855,1,133,9,2,868,0,122,8,2,855,0,136,4,5,861,0,132,3,4,869,0,127,4,0,866,0,126,7,1,874,0,117,5,4,867,0,126,4,3,866,0,130,2,2,863,0,124,8,5,868,0,124,6,2,862,0,133,4,1,868,0,127,4,1,857,0,134,6,3,865,0,131,2,2,871,0,119,8,2,858,0,134,6,2,864,0,130,5,1,856,0,135,9,0,866,0,129,3,2,864,0,130,2,4
517,targeted_heterosexual,0.5,859,0,131,6,4,861,0,133,4,2,859,1,133,4,3,866,0,127,5,2,869,0,121,7,3,863,0,132,3,2,861,0,131,8,0,872,0,122,4,2,856,0,138,6,0,852,0,143,1,4,866,0,126,7,1,866,0,127,5,2,867,0,126,4,3,854,0,137,9,0,866,0,126,4,4,855,0,140,3,2,868,0,129,2,1,866,0,123,5,6,863,0,128,7,2,861,0,130,5,4,863,0,129,7,1,867,0,127,5,1,867,1,126,4,2,862,0,131,5,2,871,0,122,4,3,852,0,134,11,3,864,0,127,4,5,858,0,136,5,1,863,0,126,6,5,855,1,133,9,2,868,0,122,8,2,855,0,136,4,5,861,0,132,3,4,869,0,127,4,0,866,0,126,7,1,874,0,117,5,4,867,0,126,4,3,866,0,130,2,2,863,0,124,8,5,868,0,124,6,2,862,0,133,4,1,868,0,127,4,1,857,0,134,6,3,865,0,131,2,2,871,0,119,8,2,858,0,134,6,2,864,0,130,5,1,856,0,135,9,0,866,0,129,3,2,864,0,130,2,4
518,targeted_heterosexual,0.5,859,0,131,6,4,861,0,133,4,2,859,1,133,4,3,866,0,127,5,2,869,0,121,7,3,863,0,132,3,2,861,0,131,8,0,872,0,122,4,2,856,0,138,6,0,852,0,143,1,4,866,0,126,7,1,866,0,127,5,2,867,0,126,4,3,854,0,137,9,0,866,0,126,4,4,855,0,140,3,2,868,0,129,2,1,866,0,123,5,6,863,0,128,7,2,861,0,130,5,4,863,0,129,7,1,867,0,127,5,1,867,1,126,4,2,862,0,131,5,2,871,0,122,4,3,852,0,134,11,3,864,0,127,4,5,858,0,136,5,1,863,0,126,6,5,855,1,133,9,2,868,0,122,8,2,855,0,136,4,5,861,0,132,3,4,869,0,127,4,0,866,0,126,7,1,874,0,117,5,4,867,0,126,4,3,866,0,130,2,2,863,0,124,8,5,868,0,124,6,2,862,0,133,4,1,868,0,127,4,1,857,0,134,6,3,865,0,131,2,2,871,0,119,8,2,858,0,134,6,2,864,0,130,5,1,856,0,135,9,0,866,0,129,3,2,864,0,130,2,4
519,targeted_heterosexual,0.5,859,0,131,6,4,861,0,133,4,2,859,1,133,4,3,866,0,127,5,2,869,0,121,7,3,863,0,132,3,2,861,0,131,8,0,872,0,122,4,2,856,0,138,6,0,852,0,143,1,4,866,0,126,7,1,866,0,127,5,2,867,0,126,4,3,854,0,137,9,0,866,0,126,4,4,855,0,140,3,2,868,0,129,2,1,866,0,123,5,6,863,0,128,7,2,861,0,130,5,4,863,0,129,7,1,867,0,127,5,1,867,0,127,4,2,862,0,131,5,2,871,0,122,4,3,852,0,134,11,3,864,0,127,4,5,858,0,136,5,1,863,0,126,6,5,855,1,133,9,2,868,0,122,8,2,855,0,136,4,5,861,0,132,3,4,869,0,127,4,0,866,0,126,7,1,874,0,117,5,4,867,0,126,4,3,866,0,130,2,2,863,0,124,8,5,868,0,124,6,2,862,0,133,4,1,868,0,127,4,1,857,0,134,6,3,865,0,131,2,2,871,0,119,8,2,858,0,134,6,2,864,0,130,5,1,856,0,135,9,0,866,0,129,3,2,864,0,130,2,4
520,targeted_heterosexual,0.5,859,0,131,6,4,861,0,133,4,2,859,1,133,4,3,866,0,127,5,2,869,0,121,7,3,863,0,132,3,2,861,0,131,8,0,872,0,122,4,2,856,0,138,6,0,852,0,143,1,4,866,0,126,7,1,866,0,127,5,2,867,0,126,4,3,854,0,137,9,0,866,0,126,4,4,855,0,140,3,2,868,0,129,2,1,866,0,123,5,6,863,0,128,7,2,861,0,130,5,4,863,0,129,7,1,867,0,127,5,1,867,0,127,4,2,862,0,131,5,2,871,0,122,4,3,852,0,134,11,3,864,0,127,4,5,858,0,136,5,1,863,0,126,6,5,855,0,134,9,2,868,0,122,8,2,855,0,136,4,5,861,0,132,3,4,869,0,127,4,0,866,0,126,7,1,874,0,117,5,4,867,0,126,4,3,866,0,130,2,2,863,0,124,8,5,868,0,124,6,2,862,0,133,4,1,868,0,127,4,1,857,0,134,6,3,865,0,131,2,2,871,0,119,8,2,858,0,134,6,2,864,0,130,5,1,856,0,135,9,0,866,0,129,3,2,864,0,130,2,4
